"Time stamp","Estimate rec. thermal power TO HTF | (MWt)","Resource Solar Azimuth | (deg)","Resource Solar Zenith | (deg)","Field optical efficiency before defocus"
"Jan 1, 12:00 am",0,98.058,129.733,0
"Jan 1, 01:00 am",0,103.382,116.666,0
"Jan 1, 02:00 am",0,108.957,103.892,0
"Jan 1, 03:00 am",0,115.225,91.5642,0
"Jan 1, 04:00 am",0,122.656,79.8288,0.278088
"Jan 1, 05:00 am",0,131.831,69.2688,0.678104
"Jan 1, 06:00 am",0,143.421,60.2915,0.658218
"Jan 1, 07:00 am",161.965,157.925,53.747,0.639054
"Jan 1, 08:00 am",190.276,174.961,50.6043,0.627937
"Jan 1, 09:00 am",204.458,192.693,51.4953,0.630955
"Jan 1, 10:00 am",205.693,208.77,56.2274,0.646578
"Jan 1, 11:00 am",187.336,221.985,63.9467,0.66696
"Jan 1, 12:00 pm",91.6829,232.447,73.7039,0.58509
"Jan 1, 01:00 pm",39.9785,240.789,84.7192,0
"Jan 1, 02:00 pm",28.2596,247.657,96.8525,0
"Jan 1, 03:00 pm",15.2626,253.58,109.398,0
"Jan 1, 04:00 pm",0,259.003,122.317,0
"Jan 1, 05:00 pm",0,264.406,135.473,0
"Jan 1, 06:00 pm",0,270.62,148.753,0
"Jan 1, 07:00 pm",0,280.372,161.99,0
"Jan 1, 08:00 pm",0,318.703,174.011,0
"Jan 1, 09:00 pm",0,67.1126,169.295,0
"Jan 1, 10:00 pm",0,84.6169,156.345,0
"Jan 1, 11:00 pm",0,92.1978,143.055,0
"Jan 2, 12:00 am",0,97.9088,129.81,0
"Jan 2, 01:00 am",0,103.249,116.738,0
"Jan 2, 02:00 am",0,108.83,103.955,0
"Jan 2, 03:00 am",0,115.096,91.6158,0
"Jan 2, 04:00 am",0,122.52,79.8645,0.275797
"Jan 2, 05:00 am",0,131.683,69.285,0.678478
"Jan 2, 06:00 am",0,143.261,60.2813,0.658709
"Jan 2, 07:00 am",181.773,157.761,53.7037,0.639655
"Jan 2, 08:00 am",213.275,174.812,50.5251,0.628453
"Jan 2, 09:00 am",224.01,192.582,51.3855,0.631331
"Jan 2, 10:00 am",229.573,208.704,56.0984,0.646802
"Jan 2, 11:00 am",219.325,221.957,63.8089,0.667082
"Jan 2, 12:00 pm",132.42,232.446,73.564,0.589594
"Jan 2, 01:00 pm",39.9375,240.806,84.5827,0
"Jan 2, 02:00 pm",28.2832,247.689,96.7155,0
"Jan 2, 03:00 pm",15.4302,253.626,109.264,0
"Jan 2, 04:00 pm",0,259.064,122.185,0
"Jan 2, 05:00 pm",0,264.488,135.344,0
"Jan 2, 06:00 pm",0,270.735,148.625,0
"Jan 2, 07:00 pm",0,280.542,161.858,0
"Jan 2, 08:00 pm",0,318.478,173.871,0
"Jan 2, 09:00 pm",0,66.3999,169.347,0
"Jan 2, 10:00 pm",0,84.3177,156.421,0
"Jan 2, 11:00 pm",0,91.9995,143.132,0
"Jan 3, 12:00 am",0,97.7505,129.884,0
"Jan 3, 01:00 am",0,103.108,116.805,0
"Jan 3, 02:00 am",0,108.696,104.013,0
"Jan 3, 03:00 am",0,114.961,91.6626,0
"Jan 3, 04:00 am",0,122.379,79.8957,0.273714
"Jan 3, 05:00 am",0,131.53,69.2956,0.678867
"Jan 3, 06:00 am",0,143.097,60.2646,0.659193
"Jan 3, 07:00 am",191.714,157.594,53.6533,0.639977
"Jan 3, 08:00 am",216.535,174.664,50.4385,0.629008
"Jan 3, 09:00 am",223.29,192.475,51.2688,0.631747
"Jan 3, 10:00 am",229.528,208.645,55.9633,0.647062
"Jan 3, 11:00 am",220.893,221.936,63.666,0.667231
"Jan 3, 12:00 pm",134.308,232.452,73.42,0.594184
"Jan 3, 01:00 pm",39.9335,240.831,84.4427,0
"Jan 3, 02:00 pm",28.1298,247.729,96.5764,0
"Jan 3, 03:00 pm",15.1301,253.679,109.128,0
"Jan 3, 04:00 pm",0,259.133,122.053,0
"Jan 3, 05:00 pm",0,264.579,135.214,0
"Jan 3, 06:00 pm",0,270.863,148.496,0
"Jan 3, 07:00 pm",0,280.734,161.726,0
"Jan 3, 08:00 pm",0,318.317,173.727,0
"Jan 3, 09:00 pm",0,65.6485,169.392,0
"Jan 3, 10:00 pm",0,83.9998,156.493,0
"Jan 3, 11:00 pm",0,91.789,143.206,0
"Jan 4, 12:00 am",0,97.583,129.954,0
"Jan 4, 01:00 am",0,102.96,116.868,0
"Jan 4, 02:00 am",0,108.555,104.067,0
"Jan 4, 03:00 am",0,114.821,91.7045,0
"Jan 4, 04:00 am",0,122.232,79.9209,0.271839
"Jan 4, 05:00 am",0,131.373,69.2999,0.67927
"Jan 4, 06:00 am",0,142.93,60.2412,0.659725
"Jan 4, 07:00 am",205.075,157.426,53.5956,0.640956
"Jan 4, 08:00 am",218.648,174.516,50.3446,0.629598
"Jan 4, 09:00 am",252.425,192.371,51.1452,0.632202
"Jan 4, 10:00 am",254.475,208.59,55.8222,0.647356
"Jan 4, 11:00 am",245.281,221.922,63.5184,0.667406
"Jan 4, 12:00 pm",154.917,232.465,73.2723,0.598857
"Jan 4, 01:00 pm",39.9747,240.863,84.2998,0
"Jan 4, 02:00 pm",28.1287,247.775,96.4351,0
"Jan 4, 03:00 pm",15.1288,253.74,108.991,0
"Jan 4, 04:00 pm",0,259.211,121.919,0
"Jan 4, 05:00 pm",0,264.681,135.083,0
"Jan 4, 06:00 pm",0,271.004,148.367,0
"Jan 4, 07:00 pm",0,280.947,161.592,0
"Jan 4, 08:00 pm",0,318.216,173.577,0
"Jan 4, 09:00 pm",0,64.8595,169.43,0
"Jan 4, 10:00 pm",0,83.6633,156.56,0
"Jan 4, 11:00 pm",0,91.5667,143.276,0
"Jan 5, 12:00 am",0,97.4065,130.02,0
"Jan 5, 01:00 am",0,102.805,116.928,0
"Jan 5, 02:00 am",0,108.408,104.117,0
"Jan 5, 03:00 am",0,114.674,91.7415,0
"Jan 5, 04:00 am",0,122.08,79.9406,0.270173
"Jan 5, 05:00 am",0,131.211,69.298,0.679686
"Jan 5, 06:00 am",0,142.759,60.2109,0.660236
"Jan 5, 07:00 am",242.669,157.255,53.5307,0.641599
"Jan 5, 08:00 am",258.521,174.368,50.2433,0.630224
"Jan 5, 09:00 am",266.524,192.27,51.0147,0.632694
"Jan 5, 10:00 am",279.944,208.542,55.6754,0.647685
"Jan 5, 11:00 am",280.211,221.914,63.3662,0.667608
"Jan 5, 12:00 pm",193.11,232.485,73.1212,0.603606
"Jan 5, 01:00 pm",39.9425,240.902,84.1544,0
"Jan 5, 02:00 pm",28.0226,247.83,96.2918,0
"Jan 5, 03:00 pm",14.9749,253.809,108.852,0
"Jan 5, 04:00 pm",0,259.298,121.784,0
"Jan 5, 05:00 pm",0,264.793,134.951,0
"Jan 5, 06:00 pm",0,271.159,148.236,0
"Jan 5, 07:00 pm",0,281.18,161.457,0
"Jan 5, 08:00 pm",0,318.171,173.423,0
"Jan 5, 09:00 pm",0,64.0345,169.461,0
"Jan 5, 10:00 pm",0,83.3084,156.623,0
"Jan 5, 11:00 pm",0,91.3325,143.342,0
"Jan 6, 12:00 am",0,97.2212,130.082,0
"Jan 6, 01:00 am",0,102.642,116.983,0
"Jan 6, 02:00 am",0,108.255,104.162,0
"Jan 6, 03:00 am",0,114.522,91.7735,0
"Jan 6, 04:00 am",0,121.922,79.9549,0.268716
"Jan 6, 05:00 am",0,131.045,69.2903,0.680115
"Jan 6, 06:00 am",258.875,142.584,60.1742,0.660852
"Jan 6, 07:00 am",325.386,157.083,53.4588,0.642268
"Jan 6, 08:00 am",313.23,174.222,50.1349,0.630884
"Jan 6, 09:00 am",316.251,192.173,50.8776,0.633225
"Jan 6, 10:00 am",330.272,208.499,55.5229,0.648047
"Jan 6, 11:00 am",333.348,221.913,63.2096,0.667836
"Jan 6, 12:00 pm",283.194,232.511,72.9668,0.608429
"Jan 6, 01:00 pm",40.088,240.948,84.0071,0
"Jan 6, 02:00 pm",28.965,247.891,96.1466,0
"Jan 6, 03:00 pm",15.3477,253.885,108.712,0
"Jan 6, 04:00 pm",0,259.393,121.649,0
"Jan 6, 05:00 pm",0,264.916,134.819,0
"Jan 6, 06:00 pm",0,271.327,148.105,0
"Jan 6, 07:00 pm",0,281.434,161.321,0
"Jan 6, 08:00 pm",0,318.179,173.265,0
"Jan 6, 09:00 pm",0,63.1752,169.485,0
"Jan 6, 10:00 pm",0,82.9354,156.682,0
"Jan 6, 11:00 pm",0,91.0865,143.403,0
"Jan 7, 12:00 am",0,97.0271,130.14,0
"Jan 7, 01:00 am",0,102.472,117.033,0
"Jan 7, 02:00 am",0,108.096,104.202,0
"Jan 7, 03:00 am",0,114.364,91.8004,0
"Jan 7, 04:00 am",0,121.76,79.9649,0.26747
"Jan 7, 05:00 am",0,130.874,69.277,0.680556
"Jan 7, 06:00 am",0,142.406,60.1311,0.661421
"Jan 7, 07:00 am",246.693,156.909,53.3799,0.642963
"Jan 7, 08:00 am",239.702,174.076,50.0194,0.631577
"Jan 7, 09:00 am",281.986,192.08,50.7339,0.633792
"Jan 7, 10:00 am",291.546,208.461,55.3649,0.648442
"Jan 7, 11:00 am",289.497,221.918,63.0487,0.66809
"Jan 7, 12:00 pm",208.681,232.545,72.8094,0.613322
"Jan 7, 01:00 pm",40.1571,241.001,83.8583,0
"Jan 7, 02:00 pm",28.5217,247.959,95.9996,0
"Jan 7, 03:00 pm",15.7555,253.969,108.571,0
"Jan 7, 04:00 pm",0,259.496,121.513,0
"Jan 7, 05:00 pm",0,265.048,134.686,0
"Jan 7, 06:00 pm",0,271.508,147.973,0
"Jan 7, 07:00 pm",0,281.707,161.184,0
"Jan 7, 08:00 pm",0,318.237,173.102,0
"Jan 7, 09:00 pm",0,62.2835,169.502,0
"Jan 7, 10:00 pm",0,82.5446,156.736,0
"Jan 7, 11:00 pm",0,90.8291,143.461,0
"Jan 8, 12:00 am",0,96.8243,130.194,0
"Jan 8, 01:00 am",0,102.295,117.079,0
"Jan 8, 02:00 am",0,107.93,104.238,0
"Jan 8, 03:00 am",0,114.201,91.8222,0
"Jan 8, 04:00 am",0,121.593,79.9688,0.266436
"Jan 8, 05:00 am",0,130.699,69.2572,0.681008
"Jan 8, 06:00 am",220.851,142.225,60.0811,0.662049
"Jan 8, 07:00 am",290.943,156.733,53.2937,0.643683
"Jan 8, 08:00 am",283.6,173.932,49.8966,0.632302
"Jan 8, 09:00 am",268.552,191.991,50.5835,0.634395
"Jan 8, 10:00 am",276.37,208.43,55.2013,0.648871
"Jan 8, 11:00 am",273.6,221.931,62.8834,0.66837
"Jan 8, 12:00 pm",195.983,232.586,72.6485,0.61828
"Jan 8, 01:00 pm",39.97,241.062,83.7064,0
"Jan 8, 02:00 pm",28.3275,248.035,95.8509,0
"Jan 8, 03:00 pm",15.517,254.061,108.429,0
"Jan 8, 04:00 pm",0,259.608,121.375,0
"Jan 8, 05:00 pm",0,265.19,134.553,0
"Jan 8, 06:00 pm",0,271.701,147.841,0
"Jan 8, 07:00 pm",0,281.999,161.045,0
"Jan 8, 08:00 pm",0,318.341,172.934,0
"Jan 8, 09:00 pm",0,61.3616,169.51,0
"Jan 8, 10:00 pm",0,82.1363,156.784,0
"Jan 8, 11:00 pm",0,90.5602,143.514,0
"Jan 9, 12:00 am",0,96.613,130.243,0
"Jan 9, 01:00 am",0,102.112,117.121,0
"Jan 9, 02:00 am",0,107.759,104.269,0
"Jan 9, 03:00 am",0,114.032,91.8389,0
"Jan 9, 04:00 am",0,121.421,79.9675,0
"Jan 9, 05:00 am",0,130.52,69.2315,0.681472
"Jan 9, 06:00 am",0,142.04,60.0245,0.662866
"Jan 9, 07:00 am",0,156.555,53.2005,0.644426
"Jan 9, 08:00 am",0,173.788,49.7667,0.633059
"Jan 9, 09:00 am",0,191.905,50.4266,0.634618
"Jan 9, 10:00 am",132.773,208.405,55.0323,0.648881
"Jan 9, 11:00 am",39.2699,221.95,62.7139,0.668674
"Jan 9, 12:00 pm",31.9823,232.634,72.4847,0.623298
"Jan 9, 01:00 pm",21.1123,241.129,83.5531,0.0978202
"Jan 9, 02:00 pm",9.82621,248.118,95.7006,0
"Jan 9, 03:00 pm",0,254.16,108.285,0
"Jan 9, 04:00 pm",0,259.728,121.237,0
"Jan 9, 05:00 pm",0,265.342,134.419,0
"Jan 9, 06:00 pm",0,271.907,147.708,0
"Jan 9, 07:00 pm",0,282.309,160.905,0
"Jan 9, 08:00 pm",0,318.489,172.763,0
"Jan 9, 09:00 pm",0,60.4117,169.51,0
"Jan 9, 10:00 pm",0,81.7107,156.828,0
"Jan 9, 11:00 pm",0,90.2802,143.562,0
"Jan 10, 12:00 am",0,96.3933,130.288,0
"Jan 10, 01:00 am",0,101.921,117.158,0
"Jan 10, 02:00 am",0,107.581,104.295,0
"Jan 10, 03:00 am",0,113.858,91.8503,0
"Jan 10, 04:00 am",0,121.244,79.9598,0.265005
"Jan 10, 05:00 am",0,130.337,69.1992,0.681946
"Jan 10, 06:00 am",0,141.852,59.9609,0.663501
"Jan 10, 07:00 am",0,156.377,53.0998,0.644634
"Jan 10, 08:00 am",136.672,173.645,49.6293,0.633266
"Jan 10, 09:00 am",183.5,191.823,50.2627,0.635704
"Jan 10, 10:00 am",182.71,208.385,54.8571,0.649824
"Jan 10, 11:00 am",162.679,221.976,62.5392,0.669004
"Jan 10, 12:00 pm",85.6003,232.69,72.3163,0.628373
"Jan 10, 01:00 pm",40.2426,241.204,83.3932,0.102892
"Jan 10, 02:00 pm",28.7771,248.209,95.5489,0
"Jan 10, 03:00 pm",15.8984,254.267,108.14,0
"Jan 10, 04:00 pm",0,259.857,121.099,0
"Jan 10, 05:00 pm",0,265.503,134.285,0
"Jan 10, 06:00 pm",0,272.125,147.575,0
"Jan 10, 07:00 pm",0,282.638,160.764,0
"Jan 10, 08:00 pm",0,318.676,172.587,0
"Jan 10, 09:00 pm",0,59.4365,169.501,0
"Jan 10, 10:00 pm",0,81.2684,156.866,0
"Jan 10, 11:00 pm",0,89.9891,143.606,0
"Jan 11, 12:00 am",0,96.1653,130.328,0
"Jan 11, 01:00 am",0,101.723,117.191,0
"Jan 11, 02:00 am",0,107.398,104.316,0
"Jan 11, 03:00 am",0,113.679,91.8566,0
"Jan 11, 04:00 am",0,121.062,79.9465,0
"Jan 11, 05:00 am",0,130.149,69.1609,0.682429
"Jan 11, 06:00 am",0,141.661,59.8908,0.664042
"Jan 11, 07:00 am",107.128,156.196,52.9924,0.645526
"Jan 11, 08:00 am",175.135,173.504,49.4851,0.63466
"Jan 11, 09:00 am",188.667,191.746,50.0926,0.636409
"Jan 11, 10:00 am",192.684,208.372,54.6771,0.650347
"Jan 11, 11:00 am",178.272,222.009,62.3612,0.669358
"Jan 11, 12:00 pm",108.993,232.752,72.1459,0.633501
"Jan 11, 01:00 pm",40.3172,241.285,83.2339,0.108087
"Jan 11, 02:00 pm",29.0208,248.306,95.3957,0
"Jan 11, 03:00 pm",16.2147,254.381,107.995,0
"Jan 11, 04:00 pm",0,259.993,120.96,0
"Jan 11, 05:00 pm",0,265.674,134.15,0
"Jan 11, 06:00 pm",0,272.356,147.441,0
"Jan 11, 07:00 pm",0,282.984,160.622,0
"Jan 11, 08:00 pm",0,318.901,172.406,0
"Jan 11, 09:00 pm",0,58.4385,169.484,0
"Jan 11, 10:00 pm",0,80.8097,156.898,0
"Jan 11, 11:00 pm",0,89.6872,143.645,0
"Jan 12, 12:00 am",0,95.9292,130.364,0
"Jan 12, 01:00 am",0,101.519,117.218,0
"Jan 12, 02:00 am",0,107.209,104.332,0
"Jan 12, 03:00 am",0,113.495,91.8576,0
"Jan 12, 04:00 am",0,120.876,79.9276,0.264432
"Jan 12, 05:00 am",0,129.957,69.1165,0.682921
"Jan 12, 06:00 am",0,141.466,59.8141,0.664631
"Jan 12, 07:00 am",234.718,156.014,52.878,0.646624
"Jan 12, 08:00 am",254.778,173.363,49.3339,0.635502
"Jan 12, 09:00 am",273.892,191.672,49.9162,0.637145
"Jan 12, 10:00 am",284.175,208.365,54.4918,0.650899
"Jan 12, 11:00 am",279.553,222.049,62.1791,0.669736
"Jan 12, 12:00 pm",204.446,232.821,71.9727,0.638677
"Jan 12, 01:00 pm",40.8799,241.374,83.0728,0.113402
"Jan 12, 02:00 pm",30.2029,248.411,95.2412,0
"Jan 12, 03:00 pm",17.589,254.503,107.849,0
"Jan 12, 04:00 pm",0,260.138,120.82,0
"Jan 12, 05:00 pm",0,265.854,134.015,0
"Jan 12, 06:00 pm",0,272.598,147.307,0
"Jan 12, 07:00 pm",0,283.346,160.479,0
"Jan 12, 08:00 pm",0,319.159,172.222,0
"Jan 12, 09:00 pm",0,57.4206,169.458,0
"Jan 12, 10:00 pm",0,80.335,156.925,0
"Jan 12, 11:00 pm",0,89.3747,143.679,0
"Jan 13, 12:00 am",0,95.6852,130.395,0
"Jan 13, 01:00 am",0,101.309,117.241,0
"Jan 13, 02:00 am",0,107.014,104.344,0
"Jan 13, 03:00 am",0,113.306,91.8533,0
"Jan 13, 04:00 am",0,120.685,79.9035,0
"Jan 13, 05:00 am",0,129.762,69.0661,0.683422
"Jan 13, 06:00 am",0,141.269,59.7309,0.665491
"Jan 13, 07:00 am",0,155.831,52.7565,0.64707
"Jan 13, 08:00 am",210.7,173.224,49.1758,0.636002
"Jan 13, 09:00 am",131.345,191.603,49.7333,0.637912
"Jan 13, 10:00 am",266.742,208.364,54.3014,0.651481
"Jan 13, 11:00 am",266.414,222.096,61.9931,0.670137
"Jan 13, 12:00 pm",195.501,232.898,71.7965,0.643898
"Jan 13, 01:00 pm",40.7687,241.47,82.9092,0.118836
"Jan 13, 02:00 pm",30.1132,248.523,95.0854,0
"Jan 13, 03:00 pm",17.5474,254.632,107.702,0
"Jan 13, 04:00 pm",0,260.291,120.68,0
"Jan 13, 05:00 pm",0,266.043,133.88,0
"Jan 13, 06:00 pm",0,272.851,147.172,0
"Jan 13, 07:00 pm",0,283.725,160.334,0
"Jan 13, 08:00 pm",0,319.449,172.033,0
"Jan 13, 09:00 pm",0,56.3858,169.422,0
"Jan 13, 10:00 pm",0,79.8449,156.946,0
"Jan 13, 11:00 pm",0,89.0518,143.708,0
"Jan 14, 12:00 am",0,95.4332,130.421,0
"Jan 14, 01:00 am",0,101.091,117.259,0
"Jan 14, 02:00 am",0,106.814,104.35,0
"Jan 14, 03:00 am",0,113.112,91.8437,0
"Jan 14, 04:00 am",0,120.49,79.8732,0.264723
"Jan 14, 05:00 am",0,129.563,69.0096,0.683931
"Jan 14, 06:00 am",226.31,141.069,59.6411,0.666002
"Jan 14, 07:00 am",290.251,155.646,52.6282,0.648455
"Jan 14, 08:00 am",277.013,173.086,49.0107,0.637265
"Jan 14, 09:00 am",287.843,191.538,49.5443,0.638708
"Jan 14, 10:00 am",303.911,208.369,54.1057,0.652092
"Jan 14, 11:00 am",311.557,222.15,61.8031,0.670561
"Jan 14, 12:00 pm",259.332,232.982,71.6174,0.649158
"Jan 14, 01:00 pm",41.4766,241.573,82.7432,0.124386
"Jan 14, 02:00 pm",31.8846,248.642,94.9285,0
"Jan 14, 03:00 pm",19.7217,254.769,107.554,0
"Jan 14, 04:00 pm",0,260.451,120.54,0
"Jan 14, 05:00 pm",0,266.242,133.744,0
"Jan 14, 06:00 pm",0,273.116,147.037,0
"Jan 14, 07:00 pm",0,284.12,160.188,0
"Jan 14, 08:00 pm",0,319.768,171.841,0
"Jan 14, 09:00 pm",0,55.337,169.377,0
"Jan 14, 10:00 pm",0,79.3398,156.961,0
"Jan 14, 11:00 pm",0,88.7188,143.732,0
"Jan 15, 12:00 am",0,95.1737,130.442,0
"Jan 15, 01:00 am",0,100.868,117.272,0
"Jan 15, 02:00 am",0,106.608,104.351,0
"Jan 15, 03:00 am",0,112.913,91.8288,0
"Jan 15, 04:00 am",0,120.291,79.8378,0
"Jan 15, 05:00 am",0,129.359,68.9471,0.684447
"Jan 15, 06:00 am",0,140.866,59.5449,0.666721
"Jan 15, 07:00 am",299.99,155.46,52.4932,0.649013
"Jan 15, 08:00 am",302.992,172.95,48.8389,0.638182
"Jan 15, 09:00 am",291.927,191.478,49.3492,0.639532
"Jan 15, 10:00 am",282.177,208.381,53.9054,0.652729
"Jan 15, 11:00 am",255.492,222.212,61.6099,0.671007
"Jan 15, 12:00 pm",263.181,233.073,71.4364,0.654454
"Jan 15, 01:00 pm",41.629,241.683,82.5771,0.130051
"Jan 15, 02:00 pm",32.1034,248.767,94.7705,0
"Jan 15, 03:00 pm",20.0218,254.912,107.406,0
"Jan 15, 04:00 pm",8.37983,260.62,120.399,0
"Jan 15, 05:00 pm",0,266.449,133.609,0
"Jan 15, 06:00 pm",0,273.392,146.901,0
"Jan 15, 07:00 pm",0,284.53,160.041,0
"Jan 15, 08:00 pm",0,320.114,171.644,0
"Jan 15, 09:00 pm",0,54.2775,169.323,0
"Jan 15, 10:00 pm",0,78.8204,156.969,0
"Jan 15, 11:00 pm",0,88.376,143.75,0
"Jan 16, 12:00 am",0,94.9066,130.458,0
"Jan 16, 01:00 am",0,100.639,117.281,0
"Jan 16, 02:00 am",0,106.398,104.347,0
"Jan 16, 03:00 am",0,112.71,91.8085,0
"Jan 16, 04:00 am",0,120.087,79.7968,0.265889
"Jan 16, 05:00 am",0,129.153,68.8786,0.684969
"Jan 16, 06:00 am",0,140.66,59.4423,0.667591
"Jan 16, 07:00 am",0,155.273,52.3514,0.649742
"Jan 16, 08:00 am",191.587,172.814,48.6604,0.639122
"Jan 16, 09:00 am",215.677,191.421,49.1481,0.640384
"Jan 16, 10:00 am",228.229,208.399,53.7002,0.653393
"Jan 16, 11:00 am",228.215,222.28,61.413,0.671474
"Jan 16, 12:00 pm",177.698,233.171,71.2528,0.659782
"Jan 16, 01:00 pm",41.0475,241.8,82.4086,0.135829
"Jan 16, 02:00 pm",30.644,248.9,94.6115,0
"Jan 16, 03:00 pm",18.1123,255.063,107.257,0
"Jan 16, 04:00 pm",0,260.796,120.258,0
"Jan 16, 05:00 pm",0,266.665,133.473,0
"Jan 16, 06:00 pm",0,273.679,146.765,0
"Jan 16, 07:00 pm",0,284.955,159.893,0
"Jan 16, 08:00 pm",0,320.483,171.443,0
"Jan 16, 09:00 pm",0,53.2103,169.259,0
"Jan 16, 10:00 pm",0,78.2872,156.971,0
"Jan 16, 11:00 pm",0,88.0235,143.764,0
"Jan 17, 12:00 am",0,94.6323,130.469,0
"Jan 17, 01:00 am",0,100.403,117.284,0
"Jan 17, 02:00 am",0,106.182,104.338,0
"Jan 17, 03:00 am",0,112.501,91.7829,0
"Jan 17, 04:00 am",0,119.88,79.7497,0
"Jan 17, 05:00 am",0,128.942,68.8039,0.685498
"Jan 17, 06:00 am",0,140.451,59.3331,0.668125
"Jan 17, 07:00 am",332.586,155.085,52.2027,0.651087
"Jan 17, 08:00 am",325.892,172.681,48.475,0.640084
"Jan 17, 09:00 am",332.967,191.37,48.9408,0.641261
"Jan 17, 10:00 am",344.776,208.424,53.4898,0.654082
"Jan 17, 11:00 am",40.3064,222.356,61.2122,0.671962
"Jan 17, 12:00 pm",65.9908,233.276,71.0661,0.665138
"Jan 17, 01:00 pm",35.9802,241.924,82.2372,0.141715
"Jan 17, 02:00 pm",26.9778,249.04,94.4516,0
"Jan 17, 03:00 pm",15.5592,255.221,107.107,0
"Jan 17, 04:00 pm",0,260.979,120.117,0
"Jan 17, 05:00 pm",0,266.89,133.336,0
"Jan 17, 06:00 pm",0,273.976,146.628,0
"Jan 17, 07:00 pm",0,285.394,159.743,0
"Jan 17, 08:00 pm",0,320.874,171.238,0
"Jan 17, 09:00 pm",0,52.1387,169.185,0
"Jan 17, 10:00 pm",0,77.7408,156.967,0
"Jan 17, 11:00 pm",0,87.6616,143.771,0
"Jan 18, 12:00 am",0,94.3508,130.475,0
"Jan 18, 01:00 am",0,100.162,117.282,0
"Jan 18, 02:00 am",0,105.961,104.324,0
"Jan 18, 03:00 am",0,112.289,91.752,0
"Jan 18, 04:00 am",0,119.668,79.6975,0.267938
"Jan 18, 05:00 am",0,128.728,68.7234,0.686032
"Jan 18, 06:00 am",0,140.239,59.2177,0.668944
"Jan 18, 07:00 am",125.349,154.895,52.0474,0.651492
"Jan 18, 08:00 am",39.3846,172.548,48.2832,0.641065
"Jan 18, 09:00 am",189.014,191.322,48.7277,0.641477
"Jan 18, 10:00 am",213.601,208.455,53.2751,0.654795
"Jan 18, 11:00 am",189.906,222.439,61.0084,0.67247
"Jan 18, 12:00 pm",41.6745,233.389,70.8778,0.670518
"Jan 18, 01:00 pm",32.8995,242.055,82.0658,0.147709
"Jan 18, 02:00 pm",21.7017,249.187,94.2909,0
"Jan 18, 03:00 pm",10.3584,255.386,106.958,0
"Jan 18, 04:00 pm",0,261.17,119.976,0
"Jan 18, 05:00 pm",0,267.123,133.2,0
"Jan 18, 06:00 pm",0,274.284,146.491,0
"Jan 18, 07:00 pm",0,285.846,159.591,0
"Jan 18, 08:00 pm",0,321.285,171.029,0
"Jan 18, 09:00 pm",0,51.0656,169.101,0
"Jan 18, 10:00 pm",0,77.182,156.956,0
"Jan 18, 11:00 pm",0,87.2908,143.773,0
"Jan 19, 12:00 am",0,94.0624,130.476,0
"Jan 19, 01:00 am",0,99.9151,117.275,0
"Jan 19, 02:00 am",0,105.735,104.304,0
"Jan 19, 03:00 am",0,112.071,91.7157,0
"Jan 19, 04:00 am",0,119.452,79.6402,0
"Jan 19, 05:00 am",0,128.51,68.6372,0.686571
"Jan 19, 06:00 am",0,140.025,59.0962,0.669778
"Jan 19, 07:00 am",0,154.705,51.8858,0.652913
"Jan 19, 08:00 am",0,172.418,48.085,0.642066
"Jan 19, 09:00 am",0,191.28,48.509,0.643088
"Jan 19, 10:00 am",0,208.493,53.0561,0.655532
"Jan 19, 11:00 am",0,222.529,60.8017,0
"Jan 19, 12:00 pm",0,233.509,70.6878,0.675918
"Jan 19, 01:00 pm",0,242.193,81.8938,0
"Jan 19, 02:00 pm",0,249.34,94.1295,0
"Jan 19, 03:00 pm",0,255.558,106.808,0
"Jan 19, 04:00 pm",0,261.369,119.834,0
"Jan 19, 05:00 pm",0,267.365,133.063,0
"Jan 19, 06:00 pm",0,274.602,146.354,0
"Jan 19, 07:00 pm",0,286.312,159.438,0
"Jan 19, 08:00 pm",0,321.715,170.815,0
"Jan 19, 09:00 pm",0,49.9943,169.008,0
"Jan 19, 10:00 pm",0,76.6114,156.938,0
"Jan 19, 11:00 pm",0,86.9112,143.77,0
"Jan 20, 12:00 am",0,93.7672,130.471,0
"Jan 20, 01:00 am",0,99.6626,117.263,0
"Jan 20, 02:00 am",0,105.504,104.279,0
"Jan 20, 03:00 am",0,111.85,91.6741,0
"Jan 20, 04:00 am",0,119.232,79.5774,0.270883
"Jan 20, 05:00 am",0,128.289,68.5452,0.687115
"Jan 20, 06:00 am",0,139.808,58.9683,0.670523
"Jan 20, 07:00 am",0,154.513,51.7175,0.653297
"Jan 20, 08:00 am",199.699,172.288,47.8802,0.643084
"Jan 20, 09:00 am",205.029,191.242,48.2845,0.644036
"Jan 20, 10:00 am",210.17,208.537,52.8323,0.65629
"Jan 20, 11:00 am",207.654,222.627,60.5916,0.673542
"Jan 20, 12:00 pm",162.34,233.635,70.4952,0.681333
"Jan 20, 01:00 pm",40.9835,242.338,81.7194,0.160005
"Jan 20, 02:00 pm",30.4764,249.5,93.9674,0
"Jan 20, 03:00 pm",17.8739,255.736,106.657,0
"Jan 20, 04:00 pm",0,261.575,119.692,0
"Jan 20, 05:00 pm",0,267.615,132.927,0
"Jan 20, 06:00 pm",0,274.93,146.216,0
"Jan 20, 07:00 pm",0,286.79,159.284,0
"Jan 20, 08:00 pm",0,322.16,170.598,0
"Jan 20, 09:00 pm",0,48.9276,168.904,0
"Jan 20, 10:00 pm",0,76.0298,156.913,0
"Jan 20, 11:00 pm",0,86.5232,143.76,0
"Jan 21, 12:00 am",0,93.4655,130.461,0
"Jan 21, 01:00 am",0,99.4047,117.245,0
"Jan 21, 02:00 am",0,105.268,104.25,0
"Jan 21, 03:00 am",0,111.624,91.6271,0
"Jan 21, 04:00 am",0,119.009,79.5077,0
"Jan 21, 05:00 am",0,128.065,68.4467,0.687662
"Jan 21, 06:00 am",0,139.589,58.8339,0.671275
"Jan 21, 07:00 am",0,154.32,51.5425,0.654787
"Jan 21, 08:00 am",0,172.161,47.6689,0.644118
"Jan 21, 09:00 am",0,191.209,48.054,0
"Jan 21, 10:00 am",0,208.589,52.604,0.65707
"Jan 21, 11:00 am",14.7542,222.731,60.3781,0.674105
"Jan 21, 12:00 pm",13.3163,233.77,70.3002,0.68676
"Jan 21, 01:00 pm",0,242.49,81.5428,0
"Jan 21, 02:00 pm",0,249.667,93.8047,0
"Jan 21, 03:00 pm",0,255.922,106.507,0
"Jan 21, 04:00 pm",0,261.788,119.551,0
"Jan 21, 05:00 pm",0,267.873,132.79,0
"Jan 21, 06:00 pm",0,275.268,146.077,0
"Jan 21, 07:00 pm",0,287.281,159.128,0
"Jan 21, 08:00 pm",0,322.619,170.377,0
"Jan 21, 09:00 pm",0,47.8685,168.791,0
"Jan 21, 10:00 pm",0,75.4379,156.881,0
"Jan 21, 11:00 pm",0,86.1271,143.745,0
"Jan 22, 12:00 am",0,93.1574,130.446,0
"Jan 22, 01:00 am",0,99.1415,117.222,0
"Jan 22, 02:00 am",0,105.028,104.214,0
"Jan 22, 03:00 am",0,111.395,91.5747,0
"Jan 22, 04:00 am",0,118.781,79.4336,0
"Jan 22, 05:00 am",0,127.837,68.3428,0
"Jan 22, 06:00 am",0,139.367,58.6936,0
"Jan 22, 07:00 am",0,154.126,51.3612,0.655739
"Jan 22, 08:00 am",0,172.035,47.4514,0.645168
"Jan 22, 09:00 am",0,191.181,47.8183,0.645991
"Jan 22, 10:00 am",0,208.647,52.3719,0.65787
"Jan 22, 11:00 am",0,222.844,60.1623,0
"Jan 22, 12:00 pm",0,233.911,70.1043,0
"Jan 22, 01:00 pm",0,242.648,81.3669,0
"Jan 22, 02:00 pm",0,249.841,93.6416,0
"Jan 22, 03:00 pm",0,256.114,106.356,0
"Jan 22, 04:00 pm",0,262.008,119.409,0
"Jan 22, 05:00 pm",0,268.139,132.653,0
"Jan 22, 06:00 pm",0,275.615,145.939,0
"Jan 22, 07:00 pm",0,287.783,158.97,0
"Jan 22, 08:00 pm",0,323.092,170.151,0
"Jan 22, 09:00 pm",0,46.8197,168.667,0
"Jan 22, 10:00 pm",0,74.8364,156.842,0
"Jan 22, 11:00 pm",0,85.7233,143.724,0
"Jan 23, 12:00 am",0,92.8433,130.425,0
"Jan 23, 01:00 am",0,98.8732,117.194,0
"Jan 23, 02:00 am",0,104.784,104.174,0
"Jan 23, 03:00 am",0,111.161,91.517,0
"Jan 23, 04:00 am",0,118.55,79.3528,0
"Jan 23, 05:00 am",0,127.606,68.2326,0.688766
"Jan 23, 06:00 am",0,139.142,58.5469,0.672795
"Jan 23, 07:00 am",0,153.931,51.1735,0.6567
"Jan 23, 08:00 am",0,171.911,47.2275,0.646231
"Jan 23, 09:00 am",0,191.157,47.577,0.646997
"Jan 23, 10:00 am",0,208.712,52.1352,0.658689
"Jan 23, 11:00 am",0,222.963,59.9431,0.67528
"Jan 23, 12:00 pm",0,234.059,69.9056,0.691077
"Jan 23, 01:00 pm",0,242.814,81.1878,0.179175
"Jan 23, 02:00 pm",0,250.021,93.4781,0
"Jan 23, 03:00 pm",0,256.313,106.205,0
"Jan 23, 04:00 pm",0,262.235,119.267,0
"Jan 23, 05:00 pm",0,268.413,132.516,0
"Jan 23, 06:00 pm",0,275.972,145.799,0
"Jan 23, 07:00 pm",0,288.296,158.811,0
"Jan 23, 08:00 pm",0,323.576,169.922,0
"Jan 23, 09:00 pm",0,45.7837,168.533,0
"Jan 23, 10:00 pm",0,74.2263,156.795,0
"Jan 23, 11:00 pm",0,85.3122,143.696,0
"Jan 24, 12:00 am",0,92.5233,130.399,0
"Jan 24, 01:00 am",0,98.6,117.161,0
"Jan 24, 02:00 am",0,104.535,104.128,0
"Jan 24, 03:00 am",0,110.923,91.4539,0
"Jan 24, 04:00 am",0,118.316,79.2668,0.279508
"Jan 24, 05:00 am",0,127.373,68.1169,0.689321
"Jan 24, 06:00 am",0,138.916,58.3944,0.673396
"Jan 24, 07:00 am",301.372,153.736,50.9796,0.657669
"Jan 24, 08:00 am",299.175,171.789,46.9976,0.647307
"Jan 24, 09:00 am",325.079,191.139,47.3305,0.64802
"Jan 24, 10:00 am",334.361,208.785,51.8948,0.659526
"Jan 24, 11:00 am",333.227,223.09,59.7217,0.675891
"Jan 24, 12:00 pm",288.616,234.215,69.7061,0.691493
"Jan 24, 01:00 pm",42.4659,242.986,81.0092,0.185745
"Jan 24, 02:00 pm",34.7325,250.207,93.3143,0
"Jan 24, 03:00 pm",22.1682,256.518,106.054,0
"Jan 24, 04:00 pm",10.0823,262.469,119.126,0
"Jan 24, 05:00 pm",0,268.694,132.379,0
"Jan 24, 06:00 pm",0,276.338,145.659,0
"Jan 24, 07:00 pm",0,288.82,158.65,0
"Jan 24, 08:00 pm",0,324.07,169.688,0
"Jan 24, 09:00 pm",0,44.763,168.39,0
"Jan 24, 10:00 pm",0,73.6083,156.741,0
"Jan 24, 11:00 pm",0,84.8941,143.663,0
"Jan 25, 12:00 am",0,92.1976,130.367,0
"Jan 25, 01:00 am",0,98.3221,117.122,0
"Jan 25, 02:00 am",0,104.282,104.077,0
"Jan 25, 03:00 am",0,110.682,91.3854,0
"Jan 25, 04:00 am",0,118.078,79.1756,0.282243
"Jan 25, 05:00 am",0,127.136,67.9956,0.689878
"Jan 25, 06:00 am",0,138.686,58.236,0.67417
"Jan 25, 07:00 am",292.08,153.539,50.7796,0.658645
"Jan 25, 08:00 am",291.97,171.669,46.7618,0.648395
"Jan 25, 09:00 am",330.415,191.126,47.0788,0.649059
"Jan 25, 10:00 am",343.026,208.864,51.6507,0.66038
"Jan 25, 11:00 am",346.592,223.225,59.4979,0.676517
"Jan 25, 12:00 pm",318.788,234.377,69.5051,0.69192
"Jan 25, 01:00 pm",40.0923,243.165,80.8301,0.192399
"Jan 25, 02:00 pm",29.0216,250.4,93.1503,0
"Jan 25, 03:00 pm",15.443,256.73,105.903,0
"Jan 25, 04:00 pm",0,262.71,118.984,0
"Jan 25, 05:00 pm",0,268.983,132.242,0
"Jan 25, 06:00 pm",0,276.712,145.519,0
"Jan 25, 07:00 pm",0,289.354,158.487,0
"Jan 25, 08:00 pm",0,324.573,169.451,0
"Jan 25, 09:00 pm",0,43.7596,168.237,0
"Jan 25, 10:00 pm",0,72.9834,156.679,0
"Jan 25, 11:00 pm",0,84.4693,143.623,0
"Jan 26, 12:00 am",0,91.8665,130.329,0
"Jan 26, 01:00 am",0,98.0396,117.078,0
"Jan 26, 02:00 am",0,104.025,104.021,0
"Jan 26, 03:00 am",0,110.437,91.3116,0
"Jan 26, 04:00 am",0,117.837,79.0795,0
"Jan 26, 05:00 am",0,126.896,67.8688,0.690436
"Jan 26, 06:00 am",0,138.455,58.0717,0.674974
"Jan 26, 07:00 am",246.959,153.342,50.5736,0.659231
"Jan 26, 08:00 am",203.169,171.551,46.5201,0.649493
"Jan 26, 09:00 am",162.82,191.119,46.8222,0.650112
"Jan 26, 10:00 am",93.3213,208.951,51.403,0.661249
"Jan 26, 11:00 am",40.6285,223.367,59.272,0.677155
"Jan 26, 12:00 pm",29.8758,234.547,69.3035,0.692357
"Jan 26, 01:00 pm",17.2845,243.35,80.6517,0.199133
"Jan 26, 02:00 pm",0,250.6,92.9862,0
"Jan 26, 03:00 pm",0,256.948,105.753,0
"Jan 26, 04:00 pm",0,262.957,118.843,0
"Jan 26, 05:00 pm",0,269.279,132.106,0
"Jan 26, 06:00 pm",0,277.095,145.378,0
"Jan 26, 07:00 pm",0,289.898,158.323,0
"Jan 26, 08:00 pm",0,325.084,169.21,0
"Jan 26, 09:00 pm",0,42.7757,168.074,0
"Jan 26, 10:00 pm",0,72.3522,156.609,0
"Jan 26, 11:00 pm",0,84.0384,143.576,0
"Jan 27, 12:00 am",0,91.5302,130.286,0
"Jan 27, 01:00 am",0,97.7526,117.029,0
"Jan 27, 02:00 am",0,103.764,103.959,0
"Jan 27, 03:00 am",0,110.189,91.2324,0
"Jan 27, 04:00 am",0,117.593,78.9787,0
"Jan 27, 05:00 am",0,126.653,67.7369,0.690995
"Jan 27, 06:00 am",0,138.221,57.902,0.675882
"Jan 27, 07:00 am",0,153.144,50.3618,0.660613
"Jan 27, 08:00 am",0,171.435,46.2727,0.6506
"Jan 27, 09:00 am",0,191.116,46.5608,0.651178
"Jan 27, 10:00 am",0,209.045,51.152,0.662133
"Jan 27, 11:00 am",0,223.517,59.0441,0.677807
"Jan 27, 12:00 pm",0,234.724,69.1009,0.692803
"Jan 27, 01:00 pm",0,243.542,80.4729,0
"Jan 27, 02:00 pm",0,250.805,92.8221,0
"Jan 27, 03:00 pm",0,257.172,105.602,0
"Jan 27, 04:00 pm",0,263.211,118.702,0
"Jan 27, 05:00 pm",0,269.582,131.969,0
"Jan 27, 06:00 pm",0,277.486,145.237,0
"Jan 27, 07:00 pm",0,290.451,158.156,0
"Jan 27, 08:00 pm",0,325.602,168.964,0
"Jan 27, 09:00 pm",0,41.813,167.901,0
"Jan 27, 10:00 pm",0,71.7158,156.532,0
"Jan 27, 11:00 pm",0,83.6016,143.524,0
"Jan 28, 12:00 am",0,91.189,130.237,0
"Jan 28, 01:00 am",0,97.4615,116.973,0
"Jan 28, 02:00 am",0,103.5,103.892,0
"Jan 28, 03:00 am",0,109.937,91.1478,0
"Jan 28, 04:00 am",0,117.345,78.8723,0
"Jan 28, 05:00 am",0,126.407,67.599,0.691554
"Jan 28, 06:00 am",0,137.986,57.726,0.676659
"Jan 28, 07:00 am",0,152.946,50.1436,0.661604
"Jan 28, 08:00 am",0,171.321,46.0191,0.651715
"Jan 28, 09:00 am",0,191.12,46.2939,0.652256
"Jan 28, 10:00 am",0,209.146,50.8967,0.66303
"Jan 28, 11:00 am",0,223.674,58.8132,0.678418
"Jan 28, 12:00 pm",19.5502,234.908,68.8957,0.693258
"Jan 28, 01:00 pm",21.1598,243.741,80.291,0.212825
"Jan 28, 02:00 pm",16.6924,251.017,92.6581,0
"Jan 28, 03:00 pm",0,257.403,105.452,0
"Jan 28, 04:00 pm",0,263.471,118.562,0
"Jan 28, 05:00 pm",0,269.893,131.832,0
"Jan 28, 06:00 pm",0,277.886,145.095,0
"Jan 28, 07:00 pm",0,291.013,157.988,0
"Jan 28, 08:00 pm",0,326.125,168.715,0
"Jan 28, 09:00 pm",0,40.8729,167.719,0
"Jan 28, 10:00 pm",0,71.075,156.447,0
"Jan 28, 11:00 pm",0,83.1594,143.465,0
"Jan 29, 12:00 am",0,90.8431,130.182,0
"Jan 29, 01:00 am",0,97.1663,116.913,0
"Jan 29, 02:00 am",0,103.232,103.82,0
"Jan 29, 03:00 am",0,109.682,91.0579,0
"Jan 29, 04:00 am",0,117.095,78.7588,0.295557
"Jan 29, 05:00 am",0,126.159,67.455,0.692113
"Jan 29, 06:00 am",0,137.748,57.544,0.677287
"Jan 29, 07:00 am",265.322,152.746,49.9194,0.662599
"Jan 29, 08:00 am",287.788,171.209,45.7597,0.652837
"Jan 29, 09:00 am",263.177,191.128,46.0223,0.653345
"Jan 29, 10:00 am",278.145,209.255,50.6382,0.66394
"Jan 29, 11:00 am",280.389,223.839,58.5803,0.679145
"Jan 29, 12:00 pm",199.989,235.099,68.6897,0.693721
"Jan 29, 01:00 pm",42.0171,243.946,80.1086,0.219776
"Jan 29, 02:00 pm",32.8143,251.235,92.4943,0
"Jan 29, 03:00 pm",20.638,257.639,105.303,0
"Jan 29, 04:00 pm",8.62895,263.738,118.422,0
"Jan 29, 05:00 pm",0,270.21,131.696,0
"Jan 29, 06:00 pm",0,278.293,144.953,0
"Jan 29, 07:00 pm",0,291.583,157.818,0
"Jan 29, 08:00 pm",0,326.653,168.462,0
"Jan 29, 09:00 pm",0,39.9569,167.528,0
"Jan 29, 10:00 pm",0,70.4306,156.354,0
"Jan 29, 11:00 pm",0,82.7122,143.399,0
"Jan 30, 12:00 am",0,90.4928,130.121,0
"Jan 30, 01:00 am",0,96.8673,116.847,0
"Jan 30, 02:00 am",0,102.96,103.742,0
"Jan 30, 03:00 am",0,109.423,90.9628,0
"Jan 30, 04:00 am",0,116.842,78.6399,0.299488
"Jan 30, 05:00 am",0,125.908,67.3055,0.692688
"Jan 30, 06:00 am",326.54,137.508,57.3564,0.678147
"Jan 30, 07:00 am",353.338,152.547,49.6894,0.663595
"Jan 30, 08:00 am",344.492,171.1,45.4948,0.653964
"Jan 30, 09:00 am",344.587,191.143,45.7461,0.654444
"Jan 30, 10:00 am",355.482,209.372,50.3766,0.664861
"Jan 30, 11:00 am",128.945,224.012,58.3459,0.679829
"Jan 30, 12:00 pm",331.928,235.297,68.4832,0.694191
"Jan 30, 01:00 pm",44.1183,244.158,79.9266,0.226791
"Jan 30, 02:00 pm",38.7973,251.46,92.3307,0
"Jan 30, 03:00 pm",27.0124,257.882,105.153,0
"Jan 30, 04:00 pm",14.4129,264.01,118.282,0
"Jan 30, 05:00 pm",0,270.534,131.559,0
"Jan 30, 06:00 pm",0,278.708,144.81,0
"Jan 30, 07:00 pm",0,292.161,157.646,0
"Jan 30, 08:00 pm",0,327.184,168.205,0
"Jan 30, 09:00 pm",0,39.066,167.328,0
"Jan 30, 10:00 pm",0,69.7836,156.253,0
"Jan 30, 11:00 pm",0,82.2604,143.326,0
"Jan 31, 12:00 am",0,90.1383,130.054,0
"Jan 31, 01:00 am",0,96.5645,116.775,0
"Jan 31, 02:00 am",0,102.685,103.659,0
"Jan 31, 03:00 am",0,109.162,90.8623,0
"Jan 31, 04:00 am",0,116.585,78.5169,0
"Jan 31, 05:00 am",0,125.655,67.1512,0.693228
"Jan 31, 06:00 am",0,137.266,57.1637,0.678995
"Jan 31, 07:00 am",0,152.346,49.4542,0.664106
"Jan 31, 08:00 am",207.315,170.993,45.2248,0.655097
"Jan 31, 09:00 am",201.458,191.163,45.4658,0.655551
"Jan 31, 10:00 am",173.875,209.496,50.1125,0.665792
"Jan 31, 11:00 am",127.783,224.192,58.1106,0.680523
"Jan 31, 12:00 pm",104.805,235.502,68.2773,0.694668
"Jan 31, 01:00 pm",40.5118,244.376,79.7474,0.233866
"Jan 31, 02:00 pm",29.4552,251.69,92.1674,0
"Jan 31, 03:00 pm",16.6418,258.13,105.005,0
"Jan 31, 04:00 pm",0,264.289,118.142,0
"Jan 31, 05:00 pm",0,270.865,131.423,0
"Jan 31, 06:00 pm",0,279.13,144.666,0
"Jan 31, 07:00 pm",0,292.746,157.472,0
"Jan 31, 08:00 pm",0,327.719,167.944,0
"Jan 31, 09:00 pm",0,38.201,167.119,0
"Jan 31, 10:00 pm",0,69.1348,156.144,0
"Jan 31, 11:00 pm",0,81.8044,143.247,0
"Feb 1, 12:00 am",0,89.7798,129.981,0
"Feb 1, 01:00 am",0,96.2583,116.698,0
"Feb 1, 02:00 am",0,102.407,103.57,0
"Feb 1, 03:00 am",0,108.898,90.1597,0
"Feb 1, 04:00 am",0,116.327,78.3894,0
"Feb 1, 05:00 am",0,125.399,66.9918,0
"Feb 1, 06:00 am",0,137.022,56.9655,0.679772
"Feb 1, 07:00 am",0,152.145,49.2132,0.665592
"Feb 1, 08:00 am",0,170.888,44.9492,0.656233
"Feb 1, 09:00 am",0,191.19,45.1809,0.656666
"Feb 1, 10:00 am",0,209.628,49.8452,0.666732
"Feb 1, 11:00 am",0,224.38,57.8731,0.681225
"Feb 1, 12:00 pm",0,235.715,68.0698,0
"Feb 1, 01:00 pm",0,244.6,79.5659,0
"Feb 1, 02:00 pm",0,251.926,92.0045,0
"Feb 1, 03:00 pm",0,258.384,104.856,0
"Feb 1, 04:00 pm",0,264.574,118.003,0
"Feb 1, 05:00 pm",0,271.202,131.287,0
"Feb 1, 06:00 pm",0,279.559,144.522,0
"Feb 1, 07:00 pm",0,293.338,157.297,0
"Feb 1, 08:00 pm",0,328.256,167.679,0
"Feb 1, 09:00 pm",0,37.3627,166.901,0
"Feb 1, 10:00 pm",0,68.4849,156.027,0
"Feb 1, 11:00 pm",0,81.3446,143.162,0
"Feb 2, 12:00 am",0,89.4177,129.902,0
"Feb 2, 01:00 am",0,95.9487,116.615,0
"Feb 2, 02:00 am",0,102.126,103.476,0
"Feb 2, 03:00 am",0,108.631,90.0593,0
"Feb 2, 04:00 am",0,116.065,78.2547,0.312758
"Feb 2, 05:00 am",0,125.141,66.826,0.694336
"Feb 2, 06:00 am",0,136.777,56.7612,0.680438
"Feb 2, 07:00 am",217.256,151.944,48.9662,0.66659
"Feb 2, 08:00 am",242.09,170.786,44.668,0.657372
"Feb 2, 09:00 am",215.655,191.222,44.8912,0.657786
"Feb 2, 10:00 am",190.615,209.767,49.5746,0.667681
"Feb 2, 11:00 am",139.586,224.576,57.6337,0.681934
"Feb 2, 12:00 pm",64.2308,235.934,67.861,0.69564
"Feb 2, 01:00 pm",40.4022,244.831,79.3826,0.248209
"Feb 2, 02:00 pm",29.0169,252.168,91.8422,0
"Feb 2, 03:00 pm",16.0401,258.644,104.709,0
"Feb 2, 04:00 pm",0,264.864,117.865,0
"Feb 2, 05:00 pm",0,271.545,131.151,0
"Feb 2, 06:00 pm",0,279.996,144.378,0
"Feb 2, 07:00 pm",0,293.936,157.119,0
"Feb 2, 08:00 pm",0,328.795,167.411,0
"Feb 2, 09:00 pm",0,36.5515,166.675,0
"Feb 2, 10:00 pm",0,67.8349,155.902,0
"Feb 2, 11:00 pm",0,80.8814,143.069,0
"Feb 3, 12:00 am",0,89.0521,129.817,0
"Feb 3, 01:00 am",0,95.636,116.526,0
"Feb 3, 02:00 am",0,101.842,103.377,0
"Feb 3, 03:00 am",0,108.361,89.9477,0
"Feb 3, 04:00 am",0,115.801,78.114,0.31768
"Feb 3, 05:00 am",0,124.88,66.6549,0.694887
"Feb 3, 06:00 am",0,136.529,56.5516,0.681183
"Feb 3, 07:00 am",303.969,151.742,48.7139,0.667588
"Feb 3, 08:00 am",296.837,170.686,44.3816,0.658512
"Feb 3, 09:00 am",252.63,191.261,44.5976,0.658912
"Feb 3, 10:00 am",279.64,209.915,49.3017,0.668636
"Feb 3, 11:00 am",299.378,224.779,57.3934,0.68265
"Feb 3, 12:00 pm",269.129,236.16,67.6524,0.696134
"Feb 3, 01:00 pm",43.5425,245.068,79.201,0.255458
"Feb 3, 02:00 pm",36.371,252.416,91.6803,0
"Feb 3, 03:00 pm",24.8871,258.91,104.562,0
"Feb 3, 04:00 pm",12.4017,265.161,117.727,0
"Feb 3, 05:00 pm",0,271.895,131.015,0
"Feb 3, 06:00 pm",0,280.439,144.233,0
"Feb 3, 07:00 pm",0,294.541,156.939,0
"Feb 3, 08:00 pm",0,329.334,167.139,0
"Feb 3, 09:00 pm",0,35.7678,166.44,0
"Feb 3, 10:00 pm",0,67.1855,155.769,0
"Feb 3, 11:00 pm",0,80.4152,142.97,0
"Feb 4, 12:00 am",0,88.6833,129.727,0
"Feb 4, 01:00 am",0,95.3203,116.433,0
"Feb 4, 02:00 am",0,101.555,103.272,0
"Feb 4, 03:00 am",0,108.089,89.8521,0
"Feb 4, 04:00 am",0,115.534,77.971,0.32287
"Feb 4, 05:00 am",0,124.617,66.48,0.69545
"Feb 4, 06:00 am",398.704,136.28,56.3376,0.68203
"Feb 4, 07:00 am",405.954,151.54,48.4568,0.668584
"Feb 4, 08:00 am",393.301,170.589,44.0907,0.659654
"Feb 4, 09:00 am",407.282,191.305,44.3003,0.660041
"Feb 4, 10:00 am",419.73,210.07,49.0267,0.669597
"Feb 4, 11:00 am",433.465,224.99,57.1526,0.683371
"Feb 4, 12:00 pm",414.289,236.393,67.4445,0.696631
"Feb 4, 01:00 pm",83.8111,245.311,79.0212,0.262751
"Feb 4, 02:00 pm",40.1523,252.669,91.5191,0
"Feb 4, 03:00 pm",29.1893,259.18,104.415,0
"Feb 4, 04:00 pm",16.3405,265.462,117.59,0
"Feb 4, 05:00 pm",0,272.25,130.88,0
"Feb 4, 06:00 pm",0,280.889,144.087,0
"Feb 4, 07:00 pm",0,295.151,156.757,0
"Feb 4, 08:00 pm",0,329.874,166.863,0
"Feb 4, 09:00 pm",0,35.0115,166.197,0
"Feb 4, 10:00 pm",0,66.5375,155.628,0
"Feb 4, 11:00 pm",0,79.9464,142.865,0
"Feb 5, 12:00 am",0,88.3115,129.63,0
"Feb 5, 01:00 am",0,95.0017,116.333,0
"Feb 5, 02:00 am",0,101.266,103.163,0
"Feb 5, 03:00 am",0,107.814,89.7491,0
"Feb 5, 04:00 am",0,115.265,77.8226,0.328327
"Feb 5, 05:00 am",0,124.352,66.2998,0.69598
"Feb 5, 06:00 am",0,136.029,56.1183,0.682862
"Feb 5, 07:00 am",0,151.337,48.1943,0.669168
"Feb 5, 08:00 am",355.95,170.495,43.7947,0.660795
"Feb 5, 09:00 am",368.62,191.356,43.999,0.661174
"Feb 5, 10:00 am",373.323,210.233,48.7492,0.670562
"Feb 5, 11:00 am",43.7911,225.209,56.9106,0.684098
"Feb 5, 12:00 pm",39.0317,236.632,67.2364,0.697132
"Feb 5, 01:00 pm",30.6771,245.559,78.8416,0.270084
"Feb 5, 02:00 pm",21.7555,252.928,91.3586,0
"Feb 5, 03:00 pm",11.8899,259.457,104.27,0
"Feb 5, 04:00 pm",0,265.77,117.453,0
"Feb 5, 05:00 pm",0,272.611,130.744,0
"Feb 5, 06:00 pm",0,281.344,143.94,0
"Feb 5, 07:00 pm",0,295.766,156.573,0
"Feb 5, 08:00 pm",0,330.413,166.584,0
"Feb 5, 09:00 pm",0,34.2827,165.947,0
"Feb 5, 10:00 pm",0,65.8915,155.479,0
"Feb 5, 11:00 pm",0,79.4754,142.752,0
"Feb 6, 12:00 am",0,87.937,129.527,0
"Feb 6, 01:00 am",0,94.6805,116.228,0
"Feb 6, 02:00 am",0,100.974,103.048,0
"Feb 6, 03:00 am",0,107.536,89.6423,0
"Feb 6, 04:00 am",0,114.994,77.6693,0.334041
"Feb 6, 05:00 am",0,124.084,66.1146,0.696522
"Feb 6, 06:00 am",0,135.776,55.8939,0.683628
"Feb 6, 07:00 am",0,151.134,47.9266,0.67057
"Feb 6, 08:00 am",0,170.403,43.4936,0.661935
"Feb 6, 09:00 am",0,191.414,43.6937,0.662308
"Feb 6, 10:00 am",0,210.405,48.4693,0.671532
"Feb 6, 11:00 am",0,225.435,56.6674,0
"Feb 6, 12:00 pm",0,236.879,67.0279,0.697636
"Feb 6, 01:00 pm",0,245.814,78.6618,0.277453
"Feb 6, 02:00 pm",0,253.192,91.1988,0
"Feb 6, 03:00 pm",0,259.738,104.125,0
"Feb 6, 04:00 pm",0,266.082,117.316,0
"Feb 6, 05:00 pm",0,272.978,130.609,0
"Feb 6, 06:00 pm",0,281.806,143.793,0
"Feb 6, 07:00 pm",0,296.386,156.386,0
"Feb 6, 08:00 pm",0,330.951,166.301,0
"Feb 6, 09:00 pm",0,33.5811,165.689,0
"Feb 6, 10:00 pm",0,65.2483,155.322,0
"Feb 6, 11:00 pm",0,79.0025,142.633,0
"Feb 7, 12:00 am",0,87.56,129.419,0
"Feb 7, 01:00 am",0,94.3568,116.118,0
"Feb 7, 02:00 am",0,100.679,102.928,0
"Feb 7, 03:00 am",0,107.257,89.5262,0
"Feb 7, 04:00 am",0,114.72,77.5106,0.340014
"Feb 7, 05:00 am",0,123.815,65.9245,0.69706
"Feb 7, 06:00 am",303.865,135.521,55.6645,0.684271
"Feb 7, 07:00 am",392.094,150.93,47.654,0.671558
"Feb 7, 08:00 am",383.126,170.314,43.188,0.663073
"Feb 7, 09:00 am",381.847,191.477,43.3851,0.663442
"Feb 7, 10:00 am",391.451,210.584,48.1877,0.672504
"Feb 7, 11:00 am",402.172,225.669,56.424,0.685561
"Feb 7, 12:00 pm",381.003,237.132,66.82,0.698143
"Feb 7, 01:00 pm",81.8312,246.075,78.4833,0.284853
"Feb 7, 02:00 pm",40.1229,253.462,91.0397,0
"Feb 7, 03:00 pm",29.2184,260.025,103.98,0
"Feb 7, 04:00 pm",15.7268,266.4,117.181,0
"Feb 7, 05:00 pm",0,273.35,130.473,0
"Feb 7, 06:00 pm",0,282.274,143.645,0
"Feb 7, 07:00 pm",0,297.01,156.197,0
"Feb 7, 08:00 pm",0,331.488,166.014,0
"Feb 7, 09:00 pm",0,32.9065,165.423,0
"Feb 7, 10:00 pm",0,64.6085,155.158,0
"Feb 7, 11:00 pm",0,78.5281,142.507,0
"Feb 8, 12:00 am",0,87.1808,129.304,0
"Feb 8, 01:00 am",0,94.0308,116.002,0
"Feb 8, 02:00 am",0,100.383,102.803,0
"Feb 8, 03:00 am",0,106.975,89.4074,0
"Feb 8, 04:00 am",0,114.444,77.3476,0
"Feb 8, 05:00 am",0,123.543,65.7297,0.697594
"Feb 8, 06:00 am",0,135.264,55.4304,0.685018
"Feb 8, 07:00 am",75.8392,150.726,47.3765,0.672541
"Feb 8, 08:00 am",382.251,170.227,42.8777,0.664209
"Feb 8, 09:00 am",42.751,191.548,43.0727,0.664577
"Feb 8, 10:00 am",381.672,210.772,47.9039,0.673478
"Feb 8, 11:00 am",413.825,225.91,56.1797,0.686297
"Feb 8, 12:00 pm",390.192,237.391,66.612,0.698651
"Feb 8, 01:00 pm",85.8219,246.342,78.3051,0.292282
"Feb 8, 02:00 pm",40.2109,253.737,90.8814,0
"Feb 8, 03:00 pm",28.7561,260.316,103.837,0
"Feb 8, 04:00 pm",16.1383,266.723,117.045,0
"Feb 8, 05:00 pm",0,273.727,130.338,0
"Feb 8, 06:00 pm",0,282.747,143.496,0
"Feb 8, 07:00 pm",0,297.637,156.006,0
"Feb 8, 08:00 pm",0,332.022,165.724,0
"Feb 8, 09:00 pm",0,32.2585,165.151,0
"Feb 8, 10:00 pm",0,63.9728,154.986,0
"Feb 8, 11:00 pm",0,78.0526,142.374,0
"Feb 9, 12:00 am",0,86.7995,129.184,0
"Feb 9, 01:00 am",0,93.7026,115.881,0
"Feb 9, 02:00 am",0,100.084,102.672,0
"Feb 9, 03:00 am",0,106.691,89.285,0
"Feb 9, 04:00 am",0,114.167,77.1801,0
"Feb 9, 05:00 am",0,123.269,65.5304,0.698124
"Feb 9, 06:00 am",0,135.006,55.1916,0.685784
"Feb 9, 07:00 am",288.379,150.521,47.0943,0.673521
"Feb 9, 08:00 am",294.224,170.143,42.5629,0.665341
"Feb 9, 09:00 am",323.372,191.624,42.7569,0.66571
"Feb 9, 10:00 am",323.263,210.968,47.6184,0.674452
"Feb 9, 11:00 am",303.897,226.16,55.935,0.687034
"Feb 9, 12:00 pm",42.1951,237.657,66.4046,0.69916
"Feb 9, 01:00 pm",33.6832,246.614,78.1279,0.299733
"Feb 9, 02:00 pm",21.9403,254.017,90.1379,0
"Feb 9, 03:00 pm",10.1117,260.613,103.694,0
"Feb 9, 04:00 pm",0,267.05,116.91,0
"Feb 9, 05:00 pm",0,274.11,130.202,0
"Feb 9, 06:00 pm",0,283.225,143.346,0
"Feb 9, 07:00 pm",0,298.268,155.813,0
"Feb 9, 08:00 pm",0,332.554,165.43,0
"Feb 9, 09:00 pm",0,31.6365,164.871,0
"Feb 9, 10:00 pm",0,63.3416,154.806,0
"Feb 9, 11:00 pm",0,77.5763,142.235,0
"Feb 10, 12:00 am",0,86.4163,129.058,0
"Feb 10, 01:00 am",0,93.3723,115.754,0
"Feb 10, 02:00 am",0,99.7831,102.537,0
"Feb 10, 03:00 am",0,106.405,89.1558,0
"Feb 10, 04:00 am",0,113.886,77.0078,0.35951
"Feb 10, 05:00 am",0,122.993,65.3264,0.698649
"Feb 10, 06:00 am",0,134.746,54.9482,0.686546
"Feb 10, 07:00 am",209.076,150.316,46.8073,0.674495
"Feb 10, 08:00 am",232.789,170.062,42.2436,0.666469
"Feb 10, 09:00 am",40.0565,191.708,42.4378,0.666841
"Feb 10, 10:00 am",175.187,211.171,47.331,0.675066
"Feb 10, 11:00 am",226.665,226.416,55.6898,0.687772
"Feb 10, 12:00 pm",171.478,237.93,66.1973,0.699669
"Feb 10, 01:00 pm",42.1411,246.891,77.9512,0.307204
"Feb 10, 02:00 pm",33.4239,254.302,90.0089,0
"Feb 10, 03:00 pm",21.5936,260.914,103.552,0
"Feb 10, 04:00 pm",9.8054,267.383,116.776,0
"Feb 10, 05:00 pm",0,274.497,130.067,0
"Feb 10, 06:00 pm",0,283.708,143.196,0
"Feb 10, 07:00 pm",0,298.902,155.617,0
"Feb 10, 08:00 pm",0,333.083,165.133,0
"Feb 10, 09:00 pm",0,31.0399,164.585,0
"Feb 10, 10:00 pm",0,62.7156,154.618,0
"Feb 10, 11:00 pm",0,77.0995,142.09,0
"Feb 11, 12:00 am",0,86.0315,128.926,0
"Feb 11, 01:00 am",0,93.0401,115.623,0
"Feb 11, 02:00 am",0,99.4802,102.397,0
"Feb 11, 03:00 am",0,106.117,89.0184,0
"Feb 11, 04:00 am",0,113.604,76.8304,0
"Feb 11, 05:00 am",0,122.715,65.1176,0.69917
"Feb 11, 06:00 am",0,134.484,54.7,0.687389
"Feb 11, 07:00 am",0,150.11,46.5154,0.675464
"Feb 11, 08:00 am",0,169.984,41.9197,0.667592
"Feb 11, 09:00 am",0,191.798,42.1151,0
"Feb 11, 10:00 am",0,211.384,47.0417,0.676399
"Feb 11, 11:00 am",0,226.68,55.4437,0
"Feb 11, 12:00 pm",0,238.209,65.9897,0.691596
"Feb 11, 01:00 pm",16.0946,247.175,77.774,0.314691
"Feb 11, 02:00 pm",14.2396,254.592,89.8755,0
"Feb 11, 03:00 pm",0,261.22,103.411,0
"Feb 11, 04:00 pm",0,267.72,116.642,0
"Feb 11, 05:00 pm",0,274.89,129.932,0
"Feb 11, 06:00 pm",0,284.196,143.044,0
"Feb 11, 07:00 pm",0,299.538,155.419,0
"Feb 11, 08:00 pm",0,333.609,164.832,0
"Feb 11, 09:00 pm",0,30.4681,164.293,0
"Feb 11, 10:00 pm",0,62.0953,154.424,0
"Feb 11, 11:00 pm",0,76.6226,141.938,0
"Feb 12, 12:00 am",0,85.6452,128.789,0
"Feb 12, 01:00 am",0,92.7062,115.486,0
"Feb 12, 02:00 am",0,99.1755,102.252,0
"Feb 12, 03:00 am",0,105.827,88.8784,0
"Feb 12, 04:00 am",0,113.32,76.6493,0
"Feb 12, 05:00 am",0,122.435,64.905,0.699685
"Feb 12, 06:00 am",0,134.22,54.4478,0.688126
"Feb 12, 07:00 am",0,149.904,46.2195,0.676426
"Feb 12, 08:00 am",0,169.908,41.5919,0.66871
"Feb 12, 09:00 am",0,191.895,41.7897,0.669093
"Feb 12, 10:00 am",0,211.604,46.7513,0.67702
"Feb 12, 11:00 am",200.084,226.952,55.198,0.689246
"Feb 12, 12:00 pm",39.6898,238.494,65.7834,0.700686
"Feb 12, 01:00 pm",29.2249,247.463,77.599,0.322189
"Feb 12, 02:00 pm",17.8979,254.886,89.7499,0
"Feb 12, 03:00 pm",0,261.531,103.271,0
"Feb 12, 04:00 pm",0,268.061,116.509,0
"Feb 12, 05:00 pm",0,275.286,129.796,0
"Feb 12, 06:00 pm",0,284.688,142.891,0
"Feb 12, 07:00 pm",0,300.176,155.218,0
"Feb 12, 08:00 pm",0,334.13,164.528,0
"Feb 12, 09:00 pm",0,29.9205,163.994,0
"Feb 12, 10:00 pm",0,61.481,154.222,0
"Feb 12, 11:00 pm",0,76.1459,141.779,0
"Feb 13, 12:00 am",0,85.2578,128.646,0
"Feb 13, 01:00 am",0,92.3706,115.344,0
"Feb 13, 02:00 am",0,98.869,102.103,0
"Feb 13, 03:00 am",0,105.535,88.7334,0
"Feb 13, 04:00 am",0,113.034,76.4639,0.381403
"Feb 13, 05:00 am",0,122.153,64.6882,0.700196
"Feb 13, 06:00 am",0,133.955,54.1913,0
"Feb 13, 07:00 am",0,149.697,45.9191,0
"Feb 13, 08:00 am",0,169.835,41.2599,0
"Feb 13, 09:00 am",0,191.999,41.4611,0
"Feb 13, 10:00 am",0,211.832,46.4594,0.678338
"Feb 13, 11:00 am",0,227.231,54.952,0.689981
"Feb 13, 12:00 pm",0,238.785,65.5774,0.701193
"Feb 13, 01:00 pm",0,247.757,77.424,0.329694
"Feb 13, 02:00 pm",0,255.186,89.618,0
"Feb 13, 03:00 pm",0,261.845,103.131,0
"Feb 13, 04:00 pm",0,268.407,116.376,0
"Feb 13, 05:00 pm",0,275.688,129.66,0
"Feb 13, 06:00 pm",0,285.185,142.738,0
"Feb 13, 07:00 pm",0,300.816,155.014,0
"Feb 13, 08:00 pm",0,334.648,164.221,0
"Feb 13, 09:00 pm",0,29.3962,163.69,0
"Feb 13, 10:00 pm",0,60.8732,154.012,0
"Feb 13, 11:00 pm",0,75.6696,141.615,0
"Feb 14, 12:00 am",0,84.8692,128.497,0
"Feb 14, 01:00 am",0,92.0336,115.197,0
"Feb 14, 02:00 am",0,98.5609,101.949,0
"Feb 14, 03:00 am",0,105.241,88.5769,0
"Feb 14, 04:00 am",0,112.746,76.2732,0.38924
"Feb 14, 05:00 am",0,121.869,64.4666,0.700706
"Feb 14, 06:00 am",278.981,133.688,53.9303,0.689491
"Feb 14, 07:00 am",42.9329,149.489,45.6143,0.678332
"Feb 14, 08:00 am",220.61,169.764,40.9236,0.670925
"Feb 14, 09:00 am",158.41,192.109,41.1294,0.671326
"Feb 14, 10:00 am",40.0132,212.069,46.1659,0.679302
"Feb 14, 11:00 am",28.3151,227.518,54.7055,0.690713
"Feb 14, 12:00 pm",15.6725,239.083,65.3714,0.701698
"Feb 14, 01:00 pm",0,248.056,77.249,0
"Feb 14, 02:00 pm",0,255.49,89.4799,0
"Feb 14, 03:00 pm",0,262.165,102.992,0
"Feb 14, 04:00 pm",0,268.757,116.244,0
"Feb 14, 05:00 pm",0,276.093,129.524,0
"Feb 14, 06:00 pm",0,285.685,142.583,0
"Feb 14, 07:00 pm",0,301.457,154.808,0
"Feb 14, 08:00 pm",0,335.161,163.91,0
"Feb 14, 09:00 pm",0,28.8945,163.379,0
"Feb 14, 10:00 pm",0,60.2723,153.796,0
"Feb 14, 11:00 pm",0,75.194,141.444,0
"Feb 15, 12:00 am",0,84.4798,128.343,0
"Feb 15, 01:00 am",0,91.6952,115.045,0
"Feb 15, 02:00 am",0,98.2512,101.79,0
"Feb 15, 03:00 am",0,104.946,88.4183,0
"Feb 15, 04:00 am",0,112.457,76.0788,0
"Feb 15, 05:00 am",0,121.583,64.2413,0
"Feb 15, 06:00 am",0,133.418,53.6655,0.690301
"Feb 15, 07:00 am",0,149.281,45.3055,0.679274
"Feb 15, 08:00 am",0,169.696,40.5837,0
"Feb 15, 09:00 am",0,192.227,40.7953,0
"Feb 15, 10:00 am",0,212.314,45.8717,0
"Feb 15, 11:00 am",0,227.811,54.4597,0.691442
"Feb 15, 12:00 pm",0,239.386,65.1671,0
"Feb 15, 01:00 pm",0,248.36,77.0767,0.344714
"Feb 15, 02:00 pm",0,255.798,89.3542,0
"Feb 15, 03:00 pm",0,262.488,102.854,0
"Feb 15, 04:00 pm",0,269.111,116.111,0
"Feb 15, 05:00 pm",0,276.503,129.388,0
"Feb 15, 06:00 pm",0,286.19,142.426,0
"Feb 15, 07:00 pm",0,302.099,154.6,0
"Feb 15, 08:00 pm",0,335.669,163.596,0
"Feb 15, 09:00 pm",0,28.4148,163.064,0
"Feb 15, 10:00 pm",0,59.6786,153.573,0
"Feb 15, 11:00 pm",0,74.7195,141.267,0
"Feb 16, 12:00 am",0,84.0898,128.183,0
"Feb 16, 01:00 am",0,91.3555,114.889,0
"Feb 16, 02:00 am",0,97.94,101.627,0
"Feb 16, 03:00 am",0,104.649,88.2586,0
"Feb 16, 04:00 am",0,112.165,75.8814,0.405731
"Feb 16, 05:00 am",0,121.296,64.0127,0.701695
"Feb 16, 06:00 am",0,133.147,53.3972,0.691012
"Feb 16, 07:00 am",0,149.071,44.993,0.680208
"Feb 16, 08:00 am",0,169.631,40.2401,0.673111
"Feb 16, 09:00 am",0,192.351,40.4586,0.673532
"Feb 16, 10:00 am",0,212.568,45.5765,0
"Feb 16, 11:00 am",0,228.112,54.2139,0
"Feb 16, 12:00 pm",0,239.696,64.9631,0.702699
"Feb 16, 01:00 pm",0,248.669,76.9043,0
"Feb 16, 02:00 pm",0,256.111,89.2205,0
"Feb 16, 03:00 pm",0,262.815,102.717,0
"Feb 16, 04:00 pm",0,269.469,115.98,0
"Feb 16, 05:00 pm",0,276.916,129.252,0
"Feb 16, 06:00 pm",0,286.698,142.269,0
"Feb 16, 07:00 pm",0,302.74,154.388,0
"Feb 16, 08:00 pm",0,336.172,163.279,0
"Feb 16, 09:00 pm",0,27.9561,162.742,0
"Feb 16, 10:00 pm",0,59.0925,153.343,0
"Feb 16, 11:00 pm",0,74.2462,141.084,0
"Feb 17, 12:00 am",0,83.6992,128.019,0
"Feb 17, 01:00 am",0,91.0148,114.727,0
"Feb 17, 02:00 am",0,97.6275,101.46,0
"Feb 17, 03:00 am",0,104.35,88.0928,0
"Feb 17, 04:00 am",0,111.872,75.6798,0
"Feb 17, 05:00 am",0,121.006,63.7801,0.702183
"Feb 17, 06:00 am",0,132.874,53.1249,0.691717
"Feb 17, 07:00 am",0,148.861,44.6764,0.681134
"Feb 17, 08:00 am",0,169.569,39.8927,0.674191
"Feb 17, 09:00 am",0,192.483,40.1192,0.674052
"Feb 17, 10:00 am",314.344,212.829,45.2802,0.682163
"Feb 17, 11:00 am",317.573,228.42,53.9683,0.692888
"Feb 17, 12:00 pm",239.704,240.011,64.7599,0.703195
"Feb 17, 01:00 pm",42.99,248.982,76.7329,0.359721
"Feb 17, 02:00 pm",35.4045,256.428,89.0855,0
"Feb 17, 03:00 pm",23.7759,263.146,102.58,0
"Feb 17, 04:00 pm",11.4495,269.831,115.848,0
"Feb 17, 05:00 pm",0,277.333,129.115,0
"Feb 17, 06:00 pm",0,287.209,142.11,0
"Feb 17, 07:00 pm",0,303.382,154.174,0
"Feb 17, 08:00 pm",0,336.67,162.958,0
"Feb 17, 09:00 pm",0,27.5177,162.416,0
"Feb 17, 10:00 pm",0,58.5142,153.107,0
"Feb 17, 11:00 pm",0,73.7745,140.895,0
"Feb 18, 12:00 am",0,83.3083,127.849,0
"Feb 18, 01:00 am",0,90.6731,114.561,0
"Feb 18, 02:00 am",0,97.3137,101.288,0
"Feb 18, 03:00 am",0,104.05,87.912,0
"Feb 18, 04:00 am",0,111.577,75.4722,0.423316
"Feb 18, 05:00 am",0,120.714,63.5428,0.702674
"Feb 18, 06:00 am",341.856,132.599,52.8483,0.692363
"Feb 18, 07:00 am",356.125,148.65,44.3557,0.682051
"Feb 18, 08:00 am",341.438,169.509,39.5414,0.675261
"Feb 18, 09:00 am",86.129,192.622,39.7771,0.675708
"Feb 18, 10:00 am",71.5048,213.099,44.9828,0.683104
"Feb 18, 11:00 am",66.7011,228.736,53.7226,0.693604
"Feb 18, 12:00 pm",47.6266,240.332,64.5569,0.703687
"Feb 18, 01:00 pm",40.2443,249.301,76.5612,0.367212
"Feb 18, 02:00 pm",30.6177,256.749,88.944,0
"Feb 18, 03:00 pm",19.1389,263.481,102.444,0
"Feb 18, 04:00 pm",0,270.196,115.717,0
"Feb 18, 05:00 pm",0,277.754,128.978,0
"Feb 18, 06:00 pm",0,287.723,141.95,0
"Feb 18, 07:00 pm",0,304.024,153.957,0
"Feb 18, 08:00 pm",0,337.162,162.635,0
"Feb 18, 09:00 pm",0,27.0989,162.085,0
"Feb 18, 10:00 pm",0,57.944,152.864,0
"Feb 18, 11:00 pm",0,73.3046,140.7,0
"Feb 19, 12:00 am",0,82.9173,127.673,0
"Feb 19, 01:00 am",0,90.3305,114.391,0
"Feb 19, 02:00 am",0,96.9987,101.112,0
"Feb 19, 03:00 am",0,103.749,87.7329,0
"Feb 19, 04:00 am",0,111.28,75.2626,0.43252
"Feb 19, 05:00 am",0,120.42,63.3029,0.703153
"Feb 19, 06:00 am",353.073,132.322,52.5689,0.693104
"Feb 19, 07:00 am",382.059,148.438,44.0318,0.682959
"Feb 19, 08:00 am",378.014,169.451,39.187,0.676322
"Feb 19, 09:00 am",268.029,192.767,39.4331,0.676782
"Feb 19, 10:00 am",287.447,213.378,44.6853,0.684038
"Feb 19, 11:00 am",297.006,229.058,53.478,0.694315
"Feb 19, 12:00 pm",271.788,240.658,64.3558,0.704174
"Feb 19, 01:00 pm",66.0603,249.624,76.3924,0.37469
"Feb 19, 02:00 pm",40.1534,257.074,88.8126,0
"Feb 19, 03:00 pm",28.4451,263.82,102.309,0
"Feb 19, 04:00 pm",15.544,270.565,115.586,0
"Feb 19, 05:00 pm",0,278.178,128.84,0
"Feb 19, 06:00 pm",0,288.239,141.788,0
"Feb 19, 07:00 pm",0,304.665,153.737,0
"Feb 19, 08:00 pm",0,337.649,162.308,0
"Feb 19, 09:00 pm",0,26.6989,161.749,0
"Feb 19, 10:00 pm",0,57.3821,152.615,0
"Feb 19, 11:00 pm",0,72.8368,140.5,0
"Feb 20, 12:00 am",0,82.5263,127.493,0
"Feb 20, 01:00 am",0,89.9872,114.215,0
"Feb 20, 02:00 am",0,96.6825,100.932,0
"Feb 20, 03:00 am",0,103.446,87.5543,0
"Feb 20, 04:00 am",0,110.981,75.0503,0.442
"Feb 20, 05:00 am",0,120.124,63.06,0.703621
"Feb 20, 06:00 am",408.043,132.042,52.2864,0.693786
"Feb 20, 07:00 am",410.835,148.224,43.7046,0.683859
"Feb 20, 08:00 am",392.6,169.396,38.8295,0.677373
"Feb 20, 09:00 am",407.775,192.921,39.0871,0.677847
"Feb 20, 10:00 am",408.057,213.664,44.3874,0.684963
"Feb 20, 11:00 am",402.833,229.387,53.2341,0.695019
"Feb 20, 12:00 pm",357.912,240.99,64.156,0.704657
"Feb 20, 01:00 pm",103.895,249.951,76.2252,0.382152
"Feb 20, 02:00 pm",40.1516,257.403,88.6842,0
"Feb 20, 03:00 pm",29.2183,264.162,102.175,0
"Feb 20, 04:00 pm",16.4431,270.937,115.455,0
"Feb 20, 05:00 pm",0,278.606,128.702,0
"Feb 20, 06:00 pm",0,288.759,141.625,0
"Feb 20, 07:00 pm",0,305.304,153.515,0
"Feb 20, 08:00 pm",0,338.129,161.979,0
"Feb 20, 09:00 pm",0,26.317,161.409,0
"Feb 20, 10:00 pm",0,56.8287,152.36,0
"Feb 20, 11:00 pm",0,72.3711,140.294,0
"Feb 21, 12:00 am",0,82.1355,127.308,0
"Feb 21, 01:00 am",0,89.6433,114.036,0
"Feb 21, 02:00 am",0,96.3654,100.748,0
"Feb 21, 03:00 am",0,103.142,87.372,0
"Feb 21, 04:00 am",0,110.681,74.8348,0.451755
"Feb 21, 05:00 am",0,119.827,62.814,0.70408
"Feb 21, 06:00 am",259.696,131.761,52.0007,0.694345
"Feb 21, 07:00 am",303.411,148.01,43.3741,0.684748
"Feb 21, 08:00 am",304.996,169.344,38.4688,0.678414
"Feb 21, 09:00 am",359.856,193.081,38.7391,0.678901
"Feb 21, 10:00 am",359.699,213.96,44.0891,0.685879
"Feb 21, 11:00 am",343.15,229.723,52.991,0.695716
"Feb 21, 12:00 pm",285.56,241.327,63.9574,0.705134
"Feb 21, 01:00 pm",58.351,250.283,76.0592,0.389596
"Feb 21, 02:00 pm",40.2256,257.735,88.5549,0
"Feb 21, 03:00 pm",28.7193,264.507,102.041,0
"Feb 21, 04:00 pm",15.9967,271.313,115.325,0
"Feb 21, 05:00 pm",0,279.036,128.564,0
"Feb 21, 06:00 pm",0,289.28,141.461,0
"Feb 21, 07:00 pm",0,305.942,153.29,0
"Feb 21, 08:00 pm",0,338.604,161.646,0
"Feb 21, 09:00 pm",0,25.9525,161.064,0
"Feb 21, 10:00 pm",0,56.2841,152.098,0
"Feb 21, 11:00 pm",0,71.908,140.082,0
"Feb 22, 12:00 am",0,81.745,127.118,0
"Feb 22, 01:00 am",0,89.2989,113.852,0
"Feb 22, 02:00 am",0,96.0474,100.56,0
"Feb 22, 03:00 am",0,102.836,87.1857,0
"Feb 22, 04:00 am",0,110.38,74.6161,0.461785
"Feb 22, 05:00 am",0,119.527,62.5649,0.704528
"Feb 22, 06:00 am",0,131.478,51.7119,0.695027
"Feb 22, 07:00 am",37.8876,147.794,43.0404,0.685628
"Feb 22, 08:00 am",33.6041,169.294,38.1051,0.679443
"Feb 22, 09:00 am",25.9701,193.249,38.3892,0.679944
"Feb 22, 10:00 am",148.112,214.263,43.7906,0.686657
"Feb 22, 11:00 am",38.0832,230.066,52.7486,0.696406
"Feb 22, 12:00 pm",29.4825,241.67,63.7599,0.705605
"Feb 22, 01:00 pm",18.0848,250.619,75.8943,0.397018
"Feb 22, 02:00 pm",0,258.072,88.426,0
"Feb 22, 03:00 pm",0,264.856,101.908,0
"Feb 22, 04:00 pm",0,271.691,115.195,0
"Feb 22, 05:00 pm",0,279.469,128.425,0
"Feb 22, 06:00 pm",0,289.804,141.295,0
"Feb 22, 07:00 pm",0,306.579,153.062,0
"Feb 22, 08:00 pm",0,339.073,161.311,0
"Feb 22, 09:00 pm",0,25.6047,160.715,0
"Feb 22, 10:00 pm",0,55.7482,151.831,0
"Feb 22, 11:00 pm",0,71.4476,139.865,0
"Feb 23, 12:00 am",0,81.355,126.923,0
"Feb 23, 01:00 am",0,88.9542,113.664,0
"Feb 23, 02:00 am",0,95.7285,100.369,0
"Feb 23, 03:00 am",0,102.53,86.993,0
"Feb 23, 04:00 am",0,110.077,74.3935,0.47209
"Feb 23, 05:00 am",0,119.226,62.3125,0
"Feb 23, 06:00 am",0,131.193,51.4199,0.695783
"Feb 23, 07:00 am",0,147.577,42.7034,0
"Feb 23, 08:00 am",0,169.247,37.7382,0
"Feb 23, 09:00 am",0,193.425,38.0375,0.680975
"Feb 23, 10:00 am",0,214.575,43.4919,0
"Feb 23, 11:00 am",0,230.416,52.5071,0
"Feb 23, 12:00 pm",0,242.017,63.5636,0
"Feb 23, 01:00 pm",0,250.959,75.7305,0
"Feb 23, 02:00 pm",0,258.411,88.296,0
"Feb 23, 03:00 pm",0,265.208,101.776,0
"Feb 23, 04:00 pm",0,272.073,115.065,0
"Feb 23, 05:00 pm",0,279.905,128.286,0
"Feb 23, 06:00 pm",0,290.329,141.127,0
"Feb 23, 07:00 pm",0,307.213,152.831,0
"Feb 23, 08:00 pm",0,339.535,160.973,0
"Feb 23, 09:00 pm",0,25.2729,160.363,0
"Feb 23, 10:00 pm",0,55.2214,151.559,0
"Feb 23, 11:00 pm",0,70.9901,139.643,0
"Feb 24, 12:00 am",0,80.9658,126.724,0
"Feb 24, 01:00 am",0,88.6092,113.472,0
"Feb 24, 02:00 am",0,95.4089,100.173,0
"Feb 24, 03:00 am",0,102.222,86.7947,0
"Feb 24, 04:00 am",0,109.773,74.1677,0.48267
"Feb 24, 05:00 am",0,118.923,62.0571,0.705419
"Feb 24, 06:00 am",0,130.905,51.125,0.696349
"Feb 24, 07:00 am",215.309,147.359,42.3634,0.687063
"Feb 24, 08:00 am",275.425,169.203,37.3684,0.681466
"Feb 24, 09:00 am",310.062,193.608,37.6841,0.681995
"Feb 24, 10:00 am",321.08,214.895,43.1931,0.68857
"Feb 24, 11:00 am",319.391,230.773,52.2663,0.697763
"Feb 24, 12:00 pm",283.565,242.37,63.3682,0.706603
"Feb 24, 01:00 pm",77.8087,251.303,75.5671,0.41179
"Feb 24, 02:00 pm",40.015,258.754,88.1612,0
"Feb 24, 03:00 pm",28.333,265.563,101.644,0
"Feb 24, 04:00 pm",15.4728,272.457,114.935,0
"Feb 24, 05:00 pm",0,280.343,128.146,0
"Feb 24, 06:00 pm",0,290.856,140.958,0
"Feb 24, 07:00 pm",0,307.845,152.597,0
"Feb 24, 08:00 pm",0,339.992,160.633,0
"Feb 24, 09:00 pm",0,24.9564,160.006,0
"Feb 24, 10:00 pm",0,54.7036,151.281,0
"Feb 24, 11:00 pm",0,70.5357,139.415,0
"Feb 25, 12:00 am",0,80.5773,126.52,0
"Feb 25, 01:00 am",0,88.264,113.275,0
"Feb 25, 02:00 am",0,95.0887,99.9746,0
"Feb 25, 03:00 am",0,101.914,86.5929,0
"Feb 25, 04:00 am",0,109.467,73.939,0.493523
"Feb 25, 05:00 am",0,118.618,61.7991,0.705922
"Feb 25, 06:00 am",385.256,130.615,50.8276,0.697071
"Feb 25, 07:00 am",403.273,147.14,42.0207,0.688204
"Feb 25, 08:00 am",399.451,169.161,36.9961,0.682459
"Feb 25, 09:00 am",404.562,193.799,37.3294,0.683003
"Feb 25, 10:00 am",412.169,215.224,42.8947,0.689446
"Feb 25, 11:00 am",411.054,231.136,52.027,0.698428
"Feb 25, 12:00 pm",370.683,242.728,63.1747,0.70713
"Feb 25, 01:00 pm",125.751,251.651,75.4059,0.419135
"Feb 25, 02:00 pm",40.1717,259.101,88.0313,0
"Feb 25, 03:00 pm",29.2877,265.921,101.513,0
"Feb 25, 04:00 pm",16.6124,272.844,114.805,0
"Feb 25, 05:00 pm",0,280.784,128.005,0
"Feb 25, 06:00 pm",0,291.384,140.787,0
"Feb 25, 07:00 pm",0,308.474,152.361,0
"Feb 25, 08:00 pm",0,340.442,160.29,0
"Feb 25, 09:00 pm",0,24.6546,159.646,0
"Feb 25, 10:00 pm",0,54.1949,150.998,0
"Feb 25, 11:00 pm",0,70.0845,139.183,0
"Feb 26, 12:00 am",0,80.1899,126.311,0
"Feb 26, 01:00 am",0,87.9189,113.075,0
"Feb 26, 02:00 am",0,94.7679,99.7722,0
"Feb 26, 03:00 am",0,101.604,86.3892,0
"Feb 26, 04:00 am",0,109.16,73.7078,0.504649
"Feb 26, 05:00 am",0,118.311,61.5386,0.706381
"Feb 26, 06:00 am",360.629,130.324,50.5276,0.697702
"Feb 26, 07:00 am",385.003,146.919,41.6753,0.689041
"Feb 26, 08:00 am",387.622,169.122,36.6212,0.683439
"Feb 26, 09:00 am",400.009,193.997,36.9733,0.683997
"Feb 26, 10:00 am",411.157,215.561,42.5966,0.690311
"Feb 26, 11:00 am",414.566,231.505,51.7889,0.699085
"Feb 26, 12:00 pm",383.614,243.091,62.9827,0.707651
"Feb 26, 01:00 pm",141.958,252.003,75.2462,0.42645
"Feb 26, 02:00 pm",40.159,259.45,87.9018,0
"Feb 26, 03:00 pm",29.2504,266.281,101.383,0
"Feb 26, 04:00 pm",16.5288,273.234,114.676,0
"Feb 26, 05:00 pm",0,281.227,127.864,0
"Feb 26, 06:00 pm",0,291.913,140.615,0
"Feb 26, 07:00 pm",0,309.1,152.122,0
"Feb 26, 08:00 pm",0,340.886,159.944,0
"Feb 26, 09:00 pm",0,24.3669,159.283,0
"Feb 26, 10:00 pm",0,53.6955,150.709,0
"Feb 26, 11:00 pm",0,69.6368,138.945,0
"Feb 27, 12:00 am",0,79.8035,126.099,0
"Feb 27, 01:00 am",0,87.5738,112.871,0
"Feb 27, 02:00 am",0,94.4466,99.5664,0
"Feb 27, 03:00 am",0,101.294,86.1824,0
"Feb 27, 04:00 am",0,108.851,73.474,0.516047
"Feb 27, 05:00 am",0,118.002,61.2756,0.706846
"Feb 27, 06:00 am",426.861,130.03,50.2252,0.698324
"Feb 27, 07:00 am",444.033,146.696,41.3273,0.689866
"Feb 27, 08:00 am",443.593,169.086,36.2438,0.684407
"Feb 27, 09:00 am",457.371,194.204,36.616,0.684979
"Feb 27, 10:00 am",470.074,215.907,42.2989,0.691164
"Feb 27, 11:00 am",473.285,231.881,51.5521,0.699732
"Feb 27, 12:00 pm",444.302,243.458,62.7922,0.708164
"Feb 27, 01:00 pm",187.635,252.358,75.0877,0.433733
"Feb 27, 02:00 pm",40.1255,259.803,87.7724,0
"Feb 27, 03:00 pm",29.1754,266.645,101.254,0
"Feb 27, 04:00 pm",16.4551,273.626,114.547,0
"Feb 27, 05:00 pm",0,281.672,127.722,0
"Feb 27, 06:00 pm",0,292.443,140.441,0
"Feb 27, 07:00 pm",0,309.723,151.881,0
"Feb 27, 08:00 pm",0,341.323,159.596,0
"Feb 27, 09:00 pm",0,24.0927,158.916,0
"Feb 27, 10:00 pm",0,53.2053,150.416,0
"Feb 27, 11:00 pm",0,69.1927,138.703,0
"Feb 28, 12:00 am",0,79.4184,125.882,0
"Feb 28, 01:00 am",0,87.229,112.663,0
"Feb 28, 02:00 am",0,94.125,99.3574,0
"Feb 28, 03:00 am",0,100.982,85.9709,0
"Feb 28, 04:00 am",0,108.541,73.2373,0.523303
"Feb 28, 05:00 am",0,117.692,61.0101,0.707304
"Feb 28, 06:00 am",388.59,129.734,49.9203,0.698936
"Feb 28, 07:00 am",409.46,146.472,40.9767,0.69068
"Feb 28, 08:00 am",410.309,169.052,35.864,0.685361
"Feb 28, 09:00 am",405.309,194.419,36.2576,0.685947
"Feb 28, 10:00 am",408.891,216.261,42.0017,0.692004
"Feb 28, 11:00 am",400.528,232.264,51.3166,0.70037
"Feb 28, 12:00 pm",355.29,243.83,62.6032,0.70867
"Feb 28, 01:00 pm",126.525,252.717,74.9305,0.440983
"Feb 28, 02:00 pm",40.176,260.158,87.6429,0
"Feb 28, 03:00 pm",29.322,267.01,101.125,0
"Feb 28, 04:00 pm",16.6457,274.02,114.418,0
"Feb 28, 05:00 pm",0,282.119,127.58,0
"Feb 28, 06:00 pm",0,292.974,140.266,0
"Feb 28, 07:00 pm",0,310.342,151.637,0
"Feb 28, 08:00 pm",0,341.755,159.246,0
"Feb 28, 09:00 pm",0,23.8314,158.546,0
"Feb 28, 10:00 pm",0,52.7244,150.118,0
"Feb 28, 11:00 pm",0,68.7524,138.456,0
"Mar 1, 12:00 am",0,79.0346,125.66,0
"Mar 1, 01:00 am",0,86.8844,112.452,0
"Mar 1, 02:00 am",0,93.803,99.1452,0
"Mar 1, 03:00 am",0,100.67,85.7558,0
"Mar 1, 04:00 am",0,108.23,72.998,0.529967
"Mar 1, 05:00 am",0,117.38,60.7424,0.70777
"Mar 1, 06:00 am",429.417,129.435,49.6133,0.699538
"Mar 1, 07:00 am",439.781,146.247,40.6239,0.691482
"Mar 1, 08:00 am",271.518,169.021,35.4819,0.686302
"Mar 1, 09:00 am",407.158,194.642,35.8983,0.686901
"Mar 1, 10:00 am",200.631,216.624,41.7053,0.692833
"Mar 1, 11:00 am",182.635,232.653,51.0828,0.700997
"Mar 1, 12:00 pm",40.5364,244.206,62.416,0.709168
"Mar 1, 01:00 pm",30.2889,253.079,74.7751,0.448199
"Mar 1, 02:00 pm",17.1991,260.516,87.5155,0
"Mar 1, 03:00 pm",0,267.378,100.997,0
"Mar 1, 04:00 pm",0,274.416,114.289,0
"Mar 1, 05:00 pm",0,282.568,127.437,0
"Mar 1, 06:00 pm",0,293.505,140.088,0
"Mar 1, 07:00 pm",0,310.958,151.39,0
"Mar 1, 08:00 pm",0,342.18,158.894,0
"Mar 1, 09:00 pm",0,23.5824,158.174,0
"Mar 1, 10:00 pm",0,52.2527,149.815,0
"Mar 1, 11:00 pm",0,68.3159,138.205,0
"Mar 2, 12:00 am",0,78.6524,125.435,0
"Mar 2, 01:00 am",0,86.5402,112.237,0
"Mar 2, 02:00 am",0,93.4809,98.9299,0
"Mar 2, 03:00 am",0,100.357,85.5413,0
"Mar 2, 04:00 am",0,107.918,72.7573,0
"Mar 2, 05:00 am",0,117.066,60.4729,0.708225
"Mar 2, 06:00 am",0,129.135,49.3045,0.700131
"Mar 2, 07:00 am",0,146.02,40.269,0.692272
"Mar 2, 08:00 am",0,168.992,35.0979,0.686983
"Mar 2, 09:00 am",240.774,194.873,35.5382,0.687458
"Mar 2, 10:00 am",243.24,216.995,41.4099,0.693648
"Mar 2, 11:00 am",211.395,233.048,50.8507,0.701614
"Mar 2, 12:00 pm",186.653,244.587,62.2309,0.709658
"Mar 2, 01:00 pm",43.7912,253.445,74.6218,0.455379
"Mar 2, 02:00 pm",37.5811,260.877,87.3905,0
"Mar 2, 03:00 pm",26.4165,267.749,100.87,0
"Mar 2, 04:00 pm",14.6114,274.814,114.16,0
"Mar 2, 05:00 pm",0,283.018,127.294,0
"Mar 2, 06:00 pm",0,294.036,139.91,0
"Mar 2, 07:00 pm",0,311.57,151.141,0
"Mar 2, 08:00 pm",0,342.598,158.539,0
"Mar 2, 09:00 pm",0,23.3451,157.798,0
"Mar 2, 10:00 pm",0,51.7903,149.508,0
"Mar 2, 11:00 pm",0,67.8835,137.949,0
"Mar 3, 12:00 am",0,78.2718,125.206,0
"Mar 3, 01:00 am",0,86.1966,112.019,0
"Mar 3, 02:00 am",0,93.1586,98.7116,0
"Mar 3, 03:00 am",0,100.044,85.3203,0
"Mar 3, 04:00 am",0,107.605,72.5134,0.543521
"Mar 3, 05:00 am",0,116.75,60.2011,0.708683
"Mar 3, 06:00 am",0,128.832,48.9936,0.700624
"Mar 3, 07:00 am",274.369,145.791,39.9119,0.69305
"Mar 3, 08:00 am",276.274,168.966,34.7118,0.688141
"Mar 3, 09:00 am",317.365,195.113,35.1775,0.688766
"Mar 3, 10:00 am",308.093,217.375,41.1153,0.694451
"Mar 3, 11:00 am",271.614,233.448,50.6202,0.702221
"Mar 3, 12:00 pm",181.545,244.972,62.0471,0.71014
"Mar 3, 01:00 pm",42.7574,253.813,74.4689,0.462521
"Mar 3, 02:00 pm",34.9989,261.24,87.2618,0
"Mar 3, 03:00 pm",23.5169,268.121,100.744,0
"Mar 3, 04:00 pm",11.5901,275.214,114.031,0
"Mar 3, 05:00 pm",0,283.469,127.15,0
"Mar 3, 06:00 pm",0,294.568,139.729,0
"Mar 3, 07:00 pm",0,312.177,150.889,0
"Mar 3, 08:00 pm",0,343.01,158.183,0
"Mar 3, 09:00 pm",0,23.119,157.421,0
"Mar 3, 10:00 pm",0,51.3369,149.197,0
"Mar 3, 11:00 pm",0,67.4551,137.689,0
"Mar 4, 12:00 am",0,77.8929,124.973,0
"Mar 4, 01:00 am",0,85.8535,111.797,0
"Mar 4, 02:00 am",0,92.8362,98.4905,0
"Mar 4, 03:00 am",0,99.7302,85.0982,0
"Mar 4, 04:00 am",0,107.291,72.2679,0.550403
"Mar 4, 05:00 am",0,116.433,59.9276,0.709133
"Mar 4, 06:00 am",0,128.526,48.681,0.701239
"Mar 4, 07:00 am",258.812,145.56,39.5529,0.693561
"Mar 4, 08:00 am",43.0889,168.943,34.3237,0.68904
"Mar 4, 09:00 am",41.5513,195.361,34.8162,0.689677
"Mar 4, 10:00 am",37.9578,217.763,40.8218,0.694997
"Mar 4, 11:00 am",30.6495,233.855,50.3914,0.702817
"Mar 4, 12:00 pm",20.5756,245.361,61.8652,0.710613
"Mar 4, 01:00 pm",12.4441,254.185,74.318,0.469627
"Mar 4, 02:00 pm",0,261.606,87.1354,0
"Mar 4, 03:00 pm",0,268.496,100.618,0
"Mar 4, 04:00 pm",0,275.616,113.903,0
"Mar 4, 05:00 pm",0,283.922,127.005,0
"Mar 4, 06:00 pm",0,295.099,139.547,0
"Mar 4, 07:00 pm",0,312.781,150.634,0
"Mar 4, 08:00 pm",0,343.416,157.824,0
"Mar 4, 09:00 pm",0,22.9035,157.04,0
"Mar 4, 10:00 pm",0,50.8927,148.882,0
"Mar 4, 11:00 pm",0,67.0309,137.425,0
"Mar 5, 12:00 am",0,77.5158,124.736,0
"Mar 5, 01:00 am",0,85.511,111.572,0
"Mar 5, 02:00 am",0,92.5137,98.2666,0
"Mar 5, 03:00 am",0,99.4157,84.8718,0
"Mar 5, 04:00 am",0,106.975,72.02,0.55735
"Mar 5, 05:00 am",0,116.114,59.6522,0.709577
"Mar 5, 06:00 am",277.698,128.219,48.3667,0.701782
"Mar 5, 07:00 am",348.473,145.327,39.1921,0.694568
"Mar 5, 08:00 am",358.453,168.923,33.934,0.689924
"Mar 5, 09:00 am",368.241,195.617,34.4545,0.690572
"Mar 5, 10:00 am",369.629,218.159,40.5296,0.696015
"Mar 5, 11:00 am",353.587,234.268,50.1647,0.703401
"Mar 5, 12:00 pm",301.056,245.754,61.6854,0.711077
"Mar 5, 01:00 pm",101.028,254.56,74.1689,0.476694
"Mar 5, 02:00 pm",40.0992,261.974,87.0102,0
"Mar 5, 03:00 pm",29.2701,268.872,100.493,0
"Mar 5, 04:00 pm",15.949,276.019,113.774,0
"Mar 5, 05:00 pm",0,284.375,126.859,0
"Mar 5, 06:00 pm",0,295.629,139.364,0
"Mar 5, 07:00 pm",0,313.379,150.378,0
"Mar 5, 08:00 pm",0,343.815,157.464,0
"Mar 5, 09:00 pm",0,22.6982,156.658,0
"Mar 5, 10:00 pm",0,50.4574,148.563,0
"Mar 5, 11:00 pm",0,66.611,137.157,0
"Mar 6, 12:00 am",0,77.1406,124.496,0
"Mar 6, 01:00 am",0,85.1693,111.344,0
"Mar 6, 02:00 am",0,92.1914,98.0402,0
"Mar 6, 03:00 am",0,99.1007,84.6434,0
"Mar 6, 04:00 am",0,106.659,71.7702,0.564356
"Mar 6, 05:00 am",0,115.794,59.3751,0.710017
"Mar 6, 06:00 am",433.756,127.909,48.0507,0.702401
"Mar 6, 07:00 am",450.061,145.093,38.8295,0.695308
"Mar 6, 08:00 am",440.243,168.905,33.5425,0.690793
"Mar 6, 09:00 am",459.784,195.883,34.0924,0.691453
"Mar 6, 10:00 am",460.754,218.564,40.2385,0.696777
"Mar 6, 11:00 am",449.25,234.686,49.9397,0.703974
"Mar 6, 12:00 pm",403.925,246.15,61.5071,0.711532
"Mar 6, 01:00 pm",174.862,254.937,74.0208,0.483723
"Mar 6, 02:00 pm",40.1623,262.344,86.8837,0
"Mar 6, 03:00 pm",29.1679,269.25,100.369,0
"Mar 6, 04:00 pm",16.3767,276.424,113.646,0
"Mar 6, 05:00 pm",0,284.83,126.713,0
"Mar 6, 06:00 pm",0,296.159,139.179,0
"Mar 6, 07:00 pm",0,313.973,150.118,0
"Mar 6, 08:00 pm",0,344.208,157.102,0
"Mar 6, 09:00 pm",0,22.5024,156.273,0
"Mar 6, 10:00 pm",0,50.0309,148.24,0
"Mar 6, 11:00 pm",0,66.1954,136.885,0
"Mar 7, 12:00 am",0,76.7673,124.253,0
"Mar 7, 01:00 am",0,84.8285,111.114,0
"Mar 7, 02:00 am",0,91.8691,97.8113,0
"Mar 7, 03:00 am",0,98.7853,84.4118,0
"Mar 7, 04:00 am",0,106.342,71.5187,0.571419
"Mar 7, 05:00 am",0,115.471,59.0968,0.710443
"Mar 7, 06:00 am",448.275,127.596,47.7337,0.702943
"Mar 7, 07:00 am",450.707,144.856,38.4656,0.696035
"Mar 7, 08:00 am",442.243,168.889,33.1497,0.691647
"Mar 7, 09:00 am",437.968,196.157,33.7304,0.692318
"Mar 7, 10:00 am",442.182,218.977,39.9492,0.697524
"Mar 7, 11:00 am",433.571,235.11,49.717,0.704536
"Mar 7, 12:00 pm",390.154,246.551,61.3312,0.711977
"Mar 7, 01:00 pm",172.629,255.317,73.8751,0.490712
"Mar 7, 02:00 pm",40.1922,262.715,86.7612,0
"Mar 7, 03:00 pm",29.311,269.63,100.245,0
"Mar 7, 04:00 pm",16.6349,276.83,113.517,0
"Mar 7, 05:00 pm",0,285.285,126.566,0
"Mar 7, 06:00 pm",0,296.688,138.992,0
"Mar 7, 07:00 pm",0,314.561,149.857,0
"Mar 7, 08:00 pm",0,344.594,156.739,0
"Mar 7, 09:00 pm",0,22.3157,155.887,0
"Mar 7, 10:00 pm",0,49.6132,147.914,0
"Mar 7, 11:00 pm",0,65.7841,136.61,0
"Mar 8, 12:00 am",0,76.3962,124.006,0
"Mar 8, 01:00 am",0,84.4884,110.88,0
"Mar 8, 02:00 am",0,91.547,97.5801,0
"Mar 8, 03:00 am",0,98.4695,84.1794,0
"Mar 8, 04:00 am",0,106.023,71.2658,0.578534
"Mar 8, 05:00 am",0,115.147,58.8172,0.710852
"Mar 8, 06:00 am",0,127.281,47.4155,0.703435
"Mar 8, 07:00 am",246.707,144.617,38.1003,0.69651
"Mar 8, 08:00 am",43.5441,168.876,32.7555,0.692486
"Mar 8, 09:00 am",260.143,196.44,33.3683,0.692765
"Mar 8, 10:00 am",254.857,219.398,39.6613,0.698257
"Mar 8, 11:00 am",236.346,235.54,49.4963,0.705085
"Mar 8, 12:00 pm",188.168,246.954,61.1572,0.712414
"Mar 8, 01:00 pm",46.7345,255.699,73.7306,0.497623
"Mar 8, 02:00 pm",39.3945,263.089,86.6382,0
"Mar 8, 03:00 pm",28.6948,270.011,100.122,0
"Mar 8, 04:00 pm",16.9346,277.237,113.389,0
"Mar 8, 05:00 pm",0,285.74,126.418,0
"Mar 8, 06:00 pm",0,297.216,138.803,0
"Mar 8, 07:00 pm",0,315.144,149.593,0
"Mar 8, 08:00 pm",0,344.974,156.374,0
"Mar 8, 09:00 pm",0,22.1375,155.498,0
"Mar 8, 10:00 pm",0,49.204,147.584,0
"Mar 8, 11:00 pm",0,65.3773,136.331,0
"Mar 9, 12:00 am",0,76.0271,123.756,0
"Mar 9, 01:00 am",0,84.1493,110.644,0
"Mar 9, 02:00 am",0,91.2251,97.3466,0
"Mar 9, 03:00 am",0,98.1534,83.9441,0
"Mar 9, 04:00 am",0,105.704,71.0114,0.585696
"Mar 9, 05:00 am",0,114.822,58.5364,0.711269
"Mar 9, 06:00 am",388.424,126.964,47.0962,0.703997
"Mar 9, 07:00 am",415.197,144.375,37.7337,0.69745
"Mar 9, 08:00 am",424.498,168.866,32.3599,0.69331
"Mar 9, 09:00 am",460.417,196.731,33.0063,0.694
"Mar 9, 10:00 am",466.582,219.827,39.3751,0.698976
"Mar 9, 11:00 am",460.141,235.974,49.2777,0.705623
"Mar 9, 12:00 pm",418.247,247.362,60.985,0.71284
"Mar 9, 01:00 pm",194.532,256.083,73.5877,0.504429
"Mar 9, 02:00 pm",39.9705,263.465,86.5153,0
"Mar 9, 03:00 pm",29.0391,270.394,99.9995,0
"Mar 9, 04:00 pm",16.3279,277.645,113.26,0
"Mar 9, 05:00 pm",0,286.196,126.269,0
"Mar 9, 06:00 pm",0,297.743,138.612,0
"Mar 9, 07:00 pm",0,315.722,149.327,0
"Mar 9, 08:00 pm",0,345.347,156.007,0
"Mar 9, 09:00 pm",0,21.9675,155.108,0
"Mar 9, 10:00 pm",0,48.8032,147.252,0
"Mar 9, 11:00 pm",0,64.9749,136.049,0
"Mar 10, 12:00 am",0,75.6602,123.504,0
"Mar 10, 01:00 am",0,83.8112,110.405,0
"Mar 10, 02:00 am",0,90.9034,97.1111,0
"Mar 10, 03:00 am",0,97.8368,83.7068,0
"Mar 10, 04:00 am",0,105.384,70.7556,0.5929
"Mar 10, 05:00 am",0,114.494,58.2546,0.711669
"Mar 10, 06:00 am",503.134,126.643,46.776,0.704508
"Mar 10, 07:00 am",507.752,144.131,37.366,0.698138
"Mar 10, 08:00 am",500.682,168.858,31.9632,0.694119
"Mar 10, 09:00 am",498.318,197.032,32.6446,0.694818
"Mar 10, 10:00 am",481.637,220.265,39.0906,0.699679
"Mar 10, 11:00 am",436.272,236.414,49.0613,0.70616
"Mar 10, 12:00 pm",42.081,247.772,60.815,0.713257
"Mar 10, 01:00 pm",34.0091,256.47,73.4466,0.5112
"Mar 10, 02:00 pm",22.5791,263.842,86.3955,0
"Mar 10, 03:00 pm",11.2161,270.778,99.8775,0
"Mar 10, 04:00 pm",0,278.054,113.131,0
"Mar 10, 05:00 pm",0,286.652,126.12,0
"Mar 10, 06:00 pm",0,298.268,138.42,0
"Mar 10, 07:00 pm",0,316.294,149.058,0
"Mar 10, 08:00 pm",0,345.714,155.639,0
"Mar 10, 09:00 pm",0,21.805,154.717,0
"Mar 10, 10:00 pm",0,48.4107,146.916,0
"Mar 10, 11:00 pm",0,64.5769,135.764,0
"Mar 11, 12:00 am",0,75.2954,123.248,0
"Mar 11, 01:00 am",0,83.474,110.164,0
"Mar 11, 02:00 am",0,90.582,96.8737,0
"Mar 11, 03:00 am",0,97.52,83.4689,0
"Mar 11, 04:00 am",0,105.062,70.4989,0
"Mar 11, 05:00 am",0,114.165,57.972,0
"Mar 11, 06:00 am",0,126.32,46.4551,0.705008
"Mar 11, 07:00 am",0,143.883,36.9974,0.698814
"Mar 11, 08:00 am",0,168.852,31.5655,0.694913
"Mar 11, 09:00 am",0,197.342,32.2832,0.69562
"Mar 11, 10:00 am",0,220.71,38.8081,0.700368
"Mar 11, 11:00 am",0,236.858,48.8473,0.706757
"Mar 11, 12:00 pm",0,248.185,60.647,0.713663
"Mar 11, 01:00 pm",0,256.859,73.3071,0
"Mar 11, 02:00 pm",0,264.221,86.2756,0
"Mar 11, 03:00 pm",0,271.162,99.756,0
"Mar 11, 04:00 pm",0,278.464,113.003,0
"Mar 11, 05:00 pm",0,287.108,125.969,0
"Mar 11, 06:00 pm",0,298.791,138.227,0
"Mar 11, 07:00 pm",0,316.861,148.788,0
"Mar 11, 08:00 pm",0,346.074,155.27,0
"Mar 11, 09:00 pm",0,21.6497,154.324,0
"Mar 11, 10:00 pm",0,48.0261,146.578,0
"Mar 11, 11:00 pm",0,64.1833,135.476,0
"Mar 12, 12:00 am",0,74.933,122.99,0
"Mar 12, 01:00 am",0,83.138,109.921,0
"Mar 12, 02:00 am",0,90.261,96.6345,0
"Mar 12, 03:00 am",0,97.2029,83.2287,0
"Mar 12, 04:00 am",0,104.74,70.2411,0.607421
"Mar 12, 05:00 am",0,113.834,57.6889,0.71244
"Mar 12, 06:00 am",0,125.994,46.1338,0.705499
"Mar 12, 07:00 am",0,143.634,36.6281,0.699198
"Mar 12, 08:00 am",259.738,168.849,31.167,0.695691
"Mar 12, 09:00 am",310.792,197.66,31.9224,0.696405
"Mar 12, 10:00 am",302.197,221.163,38.5276,0.701042
"Mar 12, 11:00 am",271.066,237.308,48.6356,0.707342
"Mar 12, 12:00 pm",197.739,248.602,60.4811,0.71406
"Mar 12, 01:00 pm",44.1244,257.25,73.1691,0.521638
"Mar 12, 02:00 pm",38.5606,264.6,86.1557,0
"Mar 12, 03:00 pm",27.6983,271.548,99.6349,0
"Mar 12, 04:00 pm",15.9803,278.874,112.874,0
"Mar 12, 05:00 pm",0,287.564,125.818,0
"Mar 12, 06:00 pm",0,299.313,138.031,0
"Mar 12, 07:00 pm",0,317.421,148.515,0
"Mar 12, 08:00 pm",0,346.428,154.899,0
"Mar 12, 09:00 pm",0,21.501,153.93,0
"Mar 12, 10:00 pm",0,47.6495,146.238,0
"Mar 12, 11:00 pm",0,63.7941,135.185,0
"Mar 13, 12:00 am",0,74.5728,122.729,0
"Mar 13, 01:00 am",0,82.803,109.676,0
"Mar 13, 02:00 am",0,89.9402,96.3936,0
"Mar 13, 03:00 am",0,96.8856,82.9884,0
"Mar 13, 04:00 am",0,104.417,69.9829,0
"Mar 13, 05:00 am",0,113.501,57.4053,0.712816
"Mar 13, 06:00 am",0,125.665,45.8121,0.705978
"Mar 13, 07:00 am",0,143.38,36.2581,0.700124
"Mar 13, 08:00 am",0,168.847,30.7675,0.696454
"Mar 13, 09:00 am",0,197.988,31.5621,0.697174
"Mar 13, 10:00 am",0,221.625,38.249,0.701701
"Mar 13, 11:00 am",0,237.762,48.4261,0
"Mar 13, 12:00 pm",0,249.021,60.3172,0
"Mar 13, 01:00 pm",0,257.642,73.0328,0
"Mar 13, 02:00 pm",0,264.982,86.0384,0
"Mar 13, 03:00 pm",0,271.935,99.5142,0
"Mar 13, 04:00 pm",0,279.284,112.744,0
"Mar 13, 05:00 pm",0,288.02,125.666,0
"Mar 13, 06:00 pm",0,299.832,137.834,0
"Mar 13, 07:00 pm",0,317.975,148.24,0
"Mar 13, 08:00 pm",0,346.775,154.528,0
"Mar 13, 09:00 pm",0,21.3587,153.535,0
"Mar 13, 10:00 pm",0,47.2804,145.895,0
"Mar 13, 11:00 pm",0,63.4093,134.891,0
"Mar 14, 12:00 am",0,74.2149,122.466,0
"Mar 14, 01:00 am",0,82.4691,109.428,0
"Mar 14, 02:00 am",0,89.6199,96.1513,0
"Mar 14, 03:00 am",0,96.568,82.7436,0.0921606
"Mar 14, 04:00 am",0,104.093,69.7228,0.621846
"Mar 14, 05:00 am",0,113.166,57.1208,0.713183
"Mar 14, 06:00 am",0,125.334,45.4897,0.706507
"Mar 14, 07:00 am",200.665,143.124,35.8874,0.700517
"Mar 14, 08:00 am",303.26,168.848,30.3672,0.697201
"Mar 14, 09:00 am",275.135,198.325,31.2022,0.697926
"Mar 14, 10:00 am",271.953,222.093,37.9721,0.702345
"Mar 14, 11:00 am",257.859,238.22,48.2183,0.708474
"Mar 14, 12:00 pm",210.213,249.442,60.1543,0.714822
"Mar 14, 01:00 pm",63.7141,258.036,72.8963,0.528984
"Mar 14, 02:00 pm",40.0811,265.364,85.9158,0
"Mar 14, 03:00 pm",28.6092,272.322,99.3939,0
"Mar 14, 04:00 pm",15.8774,279.695,112.615,0
"Mar 14, 05:00 pm",0,288.475,125.512,0
"Mar 14, 06:00 pm",0,300.349,137.634,0
"Mar 14, 07:00 pm",0,318.522,147.963,0
"Mar 14, 08:00 pm",0,347.115,154.155,0
"Mar 14, 09:00 pm",0,21.2222,153.139,0
"Mar 14, 10:00 pm",0,46.9188,145.55,0
"Mar 14, 11:00 pm",0,63.0289,134.595,0
"Mar 15, 12:00 am",0,73.8593,122.201,0
"Mar 15, 01:00 am",0,82.1365,109.179,0
"Mar 15, 02:00 am",0,89.3,95.9076,0
"Mar 15, 03:00 am",0,96.2502,82.4997,0.0998892
"Mar 15, 04:00 am",0,103.768,69.463,0.62909
"Mar 15, 05:00 am",0,112.83,56.8365,0.713542
"Mar 15, 06:00 am",0,124.999,45.1676,0.707042
"Mar 15, 07:00 am",0,142.864,35.5165,0.701382
"Mar 15, 08:00 am",0,168.851,29.9665,0
"Mar 15, 09:00 am",0,198.671,30.8434,0.698663
"Mar 15, 10:00 am",0,222.57,37.6978,0.702808
"Mar 15, 11:00 am",34.4941,238.683,48.0135,0.70902
"Mar 15, 12:00 pm",32.7337,249.866,59.9942,0.715195
"Mar 15, 01:00 pm",32.9756,258.431,72.7626,0.5326
"Mar 15, 02:00 pm",25.3209,265.747,85.7989,0
"Mar 15, 03:00 pm",14.456,272.71,99.2739,0
"Mar 15, 04:00 pm",0,280.106,112.485,0
"Mar 15, 05:00 pm",0,288.929,125.358,0
"Mar 15, 06:00 pm",0,300.863,137.434,0
"Mar 15, 07:00 pm",0,319.063,147.684,0
"Mar 15, 08:00 pm",0,347.448,153.782,0
"Mar 15, 09:00 pm",0,21.0911,152.743,0
"Mar 15, 10:00 pm",0,46.5644,145.203,0
"Mar 15, 11:00 pm",0,62.6528,134.297,0
"Mar 16, 12:00 am",0,73.506,121.934,0
"Mar 16, 01:00 am",0,81.805,108.929,0
"Mar 16, 02:00 am",0,88.9805,95.6628,0
"Mar 16, 03:00 am",0,95.9322,82.255,0
"Mar 16, 04:00 am",0,103.443,69.2028,0
"Mar 16, 05:00 am",0,112.492,56.5521,0
"Mar 16, 06:00 am",0,124.661,44.8456,0.707565
"Mar 16, 07:00 am",0,142.601,35.1455,0.701991
"Mar 16, 08:00 am",0,168.855,29.5654,0.698648
"Mar 16, 09:00 am",0,199.027,30.4857,0.699382
"Mar 16, 10:00 am",0,223.053,37.4259,0
"Mar 16, 11:00 am",0,239.15,47.8113,0
"Mar 16, 12:00 pm",0,250.292,59.8366,0
"Mar 16, 01:00 pm",0,258.828,72.6311,0
"Mar 16, 02:00 pm",0,266.131,85.6844,0
"Mar 16, 03:00 pm",0,273.098,99.1541,0
"Mar 16, 04:00 pm",0,280.516,112.354,0
"Mar 16, 05:00 pm",0,289.382,125.202,0
"Mar 16, 06:00 pm",0,301.374,137.231,0
"Mar 16, 07:00 pm",0,319.598,147.403,0
"Mar 16, 08:00 pm",0,347.775,153.408,0
"Mar 16, 09:00 pm",0,20.9652,152.345,0
"Mar 16, 10:00 pm",0,46.217,144.854,0
"Mar 16, 11:00 pm",0,62.2809,133.997,0
"Mar 17, 12:00 am",0,73.1551,121.665,0
"Mar 17, 01:00 am",0,81.4747,108.677,0
"Mar 17, 02:00 am",0,88.6614,95.4169,0
"Mar 17, 03:00 am",0,95.6141,82.0088,0
"Mar 17, 04:00 am",0,103.116,68.9419,0.643633
"Mar 17, 05:00 am",0,112.151,56.2676,0.714236
"Mar 17, 06:00 am",0,124.319,44.5236,0.708079
"Mar 17, 07:00 am",0,142.333,34.7742,0.702587
"Mar 17, 08:00 am",0,168.861,29.1637,0
"Mar 17, 09:00 am",0,199.392,30.1285,0
"Mar 17, 10:00 am",0,223.544,37.1559,0.704184
"Mar 17, 11:00 am",0,239.62,47.6108,0.710074
"Mar 17, 12:00 pm",0,250.721,59.6797,0.715886
"Mar 17, 01:00 pm",0,259.226,72.499,0.539724
"Mar 17, 02:00 pm",0,266.515,85.5646,0
"Mar 17, 03:00 pm",0,273.486,99.0346,0
"Mar 17, 04:00 pm",0,280.927,112.224,0
"Mar 17, 05:00 pm",0,289.835,125.045,0
"Mar 17, 06:00 pm",0,301.882,137.026,0
"Mar 17, 07:00 pm",0,320.125,147.12,0
"Mar 17, 08:00 pm",0,348.096,153.033,0
"Mar 17, 09:00 pm",0,20.844,151.947,0
"Mar 17, 10:00 pm",0,45.8765,144.504,0
"Mar 17, 11:00 pm",0,61.9134,133.695,0
"Mar 18, 12:00 am",0,72.8066,121.394,0
"Mar 18, 01:00 am",0,81.1456,108.423,0
"Mar 18, 02:00 am",0,88.3429,95.1701,0
"Mar 18, 03:00 am",0,95.2958,81.7619,0
"Mar 18, 04:00 am",0,102.788,68.6813,0.650924
"Mar 18, 05:00 am",0,111.809,55.9836,0.71457
"Mar 18, 06:00 am",0,123.975,44.2022,0.708519
"Mar 18, 07:00 am",291.527,142.062,34.4032,0.703169
"Mar 18, 08:00 am",272.137,168.869,28.762,0.700034
"Mar 18, 09:00 am",268.03,199.766,29.7729,0.700772
"Mar 18, 10:00 am",281.656,224.043,36.8887,0.704767
"Mar 18, 11:00 am",273.183,240.095,47.4132,0.710582
"Mar 18, 12:00 pm",173.62,251.151,59.5257,0.716219
"Mar 18, 01:00 pm",44.1205,259.624,72.3698,0.543235
"Mar 18, 02:00 pm",38.4003,266.9,85.4504,0
"Mar 18, 03:00 pm",27.6109,273.875,98.9152,0
"Mar 18, 04:00 pm",16.0301,281.337,112.092,0
"Mar 18, 05:00 pm",0,290.286,124.888,0
"Mar 18, 06:00 pm",0,302.388,136.82,0
"Mar 18, 07:00 pm",0,320.646,146.835,0
"Mar 18, 08:00 pm",0,348.409,152.657,0
"Mar 18, 09:00 pm",0,20.7273,151.549,0
"Mar 18, 10:00 pm",0,45.5426,144.152,0
"Mar 18, 11:00 pm",0,61.55,133.392,0
"Mar 19, 12:00 am",0,72.4604,121.122,0
"Mar 19, 01:00 am",0,80.8179,108.169,0
"Mar 19, 02:00 am",0,88.0249,94.9226,0
"Mar 19, 03:00 am",0,94.9774,81.5164,0
"Mar 19, 04:00 am",0,102.46,68.421,0
"Mar 19, 05:00 am",0,111.465,55.7,0
"Mar 19, 06:00 am",0,123.627,43.8814,0.709072
"Mar 19, 07:00 am",0,141.786,34.0324,0
"Mar 19, 08:00 am",0,168.878,28.3601,0
"Mar 19, 09:00 am",0,200.149,29.4184,0.701442
"Mar 19, 10:00 am",0,224.548,36.6239,0.705334
"Mar 19, 11:00 am",0,240.573,47.218,0.711076
"Mar 19, 12:00 pm",0,251.582,59.3734,0.716542
"Mar 19, 01:00 pm",0,260.024,72.2418,0
"Mar 19, 02:00 pm",0,267.285,85.3368,0
"Mar 19, 03:00 pm",0,274.264,98.796,0
"Mar 19, 04:00 pm",0,281.747,111.961,0
"Mar 19, 05:00 pm",0,290.736,124.729,0
"Mar 19, 06:00 pm",0,302.89,136.612,0
"Mar 19, 07:00 pm",0,321.159,146.549,0
"Mar 19, 08:00 pm",0,348.716,152.281,0
"Mar 19, 09:00 pm",0,20.6147,151.151,0
"Mar 19, 10:00 pm",0,45.2152,143.799,0
"Mar 19, 11:00 pm",0,61.1909,133.086,0
"Mar 20, 12:00 am",0,72.1166,120.849,0
"Mar 20, 01:00 am",0,80.4914,107.913,0
"Mar 20, 02:00 am",0,87.7074,94.6745,0
"Mar 20, 03:00 am",0,94.6589,81.269,0
"Mar 20, 04:00 am",0,102.131,68.1605,0
"Mar 20, 05:00 am",0,111.12,55.4169,0
"Mar 20, 06:00 am",0,123.275,43.5612,0.709553
"Mar 20, 07:00 am",0,141.506,33.662,0.704295
"Mar 20, 08:00 am",0,168.889,27.9582,0.701357
"Mar 20, 09:00 am",0,200.542,29.0653,0.702096
"Mar 20, 10:00 am",0,225.06,36.3616,0.705887
"Mar 20, 11:00 am",0,241.054,47.0252,0.711558
"Mar 20, 12:00 pm",0,252.016,59.2229,0
"Mar 20, 01:00 pm",0,260.425,72.1145,0
"Mar 20, 02:00 pm",0,267.671,85.2204,0
"Mar 20, 03:00 pm",0,274.652,98.6769,0
"Mar 20, 04:00 pm",0,282.156,111.828,0
"Mar 20, 05:00 pm",0,291.184,124.568,0
"Mar 20, 06:00 pm",0,303.388,136.403,0
"Mar 20, 07:00 pm",0,321.666,146.26,0
"Mar 20, 08:00 pm",0,349.016,151.904,0
"Mar 20, 09:00 pm",0,20.5059,150.752,0
"Mar 20, 10:00 pm",0,44.894,143.445,0
"Mar 20, 11:00 pm",0,60.8359,132.78,0
"Mar 21, 12:00 am",0,71.7753,120.574,0
"Mar 21, 01:00 am",0,80.1663,107.657,0
"Mar 21, 02:00 am",0,87.3906,94.4258,0
"Mar 21, 03:00 am",0,94.3403,81.0209,0.15016
"Mar 21, 04:00 am",0,101.801,67.9002,0.672821
"Mar 21, 05:00 am",0,110.772,55.1345,0.715522
"Mar 21, 06:00 am",311.478,122.92,43.242,0.709987
"Mar 21, 07:00 am",370.315,141.222,33.2922,0.704837
"Mar 21, 08:00 am",376.18,168.901,27.5565,0.701996
"Mar 21, 09:00 am",460.424,200.945,28.7137,0.702734
"Mar 21, 10:00 am",463.557,225.579,36.102,0.706479
"Mar 21, 11:00 am",453.799,241.538,46.8349,0.712026
"Mar 21, 12:00 pm",411.278,252.451,59.0744,0.717156
"Mar 21, 01:00 pm",218.962,260.826,71.9887,0.553582
"Mar 21, 02:00 pm",40.0634,268.057,85.1061,0
"Mar 21, 03:00 pm",29.0779,275.04,98.5578,0
"Mar 21, 04:00 pm",16.3036,282.565,111.696,0
"Mar 21, 05:00 pm",0,291.63,124.407,0
"Mar 21, 06:00 pm",0,303.883,136.191,0
"Mar 21, 07:00 pm",0,322.165,145.971,0
"Mar 21, 08:00 pm",0,349.31,151.527,0
"Mar 21, 09:00 pm",0,20.4007,150.354,0
"Mar 21, 10:00 pm",0,44.5788,143.09,0
"Mar 21, 11:00 pm",0,60.485,132.472,0
"Mar 22, 12:00 am",0,71.4363,120.298,0
"Mar 22, 01:00 am",0,79.8425,107.4,0
"Mar 22, 02:00 am",0,87.0743,94.1768,0
"Mar 22, 03:00 am",0,94.0218,80.7731,0.159162
"Mar 22, 04:00 am",0,101.47,67.6405,0.680115
"Mar 22, 05:00 am",0,110.423,54.8529,0.715821
"Mar 22, 06:00 am",20.4213,122.561,42.9238,0.710482
"Mar 22, 07:00 am",151.273,140.932,32.9231,0.705234
"Mar 22, 08:00 am",174.695,168.914,27.155,0.702619
"Mar 22, 09:00 am",43.3123,201.357,28.3638,0.703355
"Mar 22, 10:00 am",38.8344,226.104,35.8451,0.707088
"Mar 22, 11:00 am",33.2924,242.026,46.6473,0.712459
"Mar 22, 12:00 pm",26.9115,252.887,58.928,0.717446
"Mar 22, 01:00 pm",17.3633,261.227,71.8646,0.556973
"Mar 22, 02:00 pm",0,268.443,84.9942,0
"Mar 22, 03:00 pm",0,275.428,98.4388,0
"Mar 22, 04:00 pm",0,282.972,111.562,0
"Mar 22, 05:00 pm",0,292.075,124.245,0
"Mar 22, 06:00 pm",0,304.374,135.978,0
"Mar 22, 07:00 pm",0,322.657,145.679,0
"Mar 22, 08:00 pm",0,349.597,151.15,0
"Mar 22, 09:00 pm",0,20.2989,149.955,0
"Mar 22, 10:00 pm",0,44.2696,142.734,0
"Mar 22, 11:00 pm",0,60.1381,132.163,0
"Mar 23, 12:00 am",0,71.0998,120.022,0
"Mar 23, 01:00 am",0,79.5201,107.142,0
"Mar 23, 02:00 am",0,86.7587,93.9277,0
"Mar 23, 03:00 am",0,93.7032,80.5264,0
"Mar 23, 04:00 am",0,101.139,67.3816,0
"Mar 23, 05:00 am",0,110.071,54.5723,0
"Mar 23, 06:00 am",0,122.199,42.6067,0
"Mar 23, 07:00 am",0,140.638,32.5547,0
"Mar 23, 08:00 am",0,168.928,26.7537,0
"Mar 23, 09:00 am",0,201.779,28.0154,0
"Mar 23, 10:00 am",0,226.636,35.5908,0
"Mar 23, 11:00 am",0,242.516,46.4617,0
"Mar 23, 12:00 pm",0,253.324,58.7829,0
"Mar 23, 01:00 pm",0,261.629,71.7408,0
"Mar 23, 02:00 pm",0,268.828,84.8799,0
"Mar 23, 03:00 pm",0,275.816,98.3199,0
"Mar 23, 04:00 pm",0,283.379,111.429,0
"Mar 23, 05:00 pm",0,292.518,124.081,0
"Mar 23, 06:00 pm",0,304.86,135.764,0
"Mar 23, 07:00 pm",0,323.141,145.386,0
"Mar 23, 08:00 pm",0,349.878,150.773,0
"Mar 23, 09:00 pm",0,20.2001,149.557,0
"Mar 23, 10:00 pm",0,43.9661,142.378,0
"Mar 23, 11:00 pm",0,59.7953,131.853,0
"Mar 24, 12:00 am",0,70.7658,119.744,0
"Mar 24, 01:00 am",0,79.1991,106.884,0
"Mar 24, 02:00 am",0,86.4438,93.6784,0
"Mar 24, 03:00 am",0,93.3848,80.2794,0.177669
"Mar 24, 04:00 am",0,100.807,67.1235,0.69467
"Mar 24, 05:00 am",0,109.718,54.293,0.716397
"Mar 24, 06:00 am",0,121.833,42.291,0.711369
"Mar 24, 07:00 am",0,140.338,32.1875,0.70635
"Mar 24, 08:00 am",185.091,168.944,26.3531,0.703522
"Mar 24, 09:00 am",271.809,202.211,27.6691,0.704548
"Mar 24, 10:00 am",267.651,227.174,35.3398,0.708258
"Mar 24, 11:00 am",224.104,243.009,46.2794,0.713353
"Mar 24, 12:00 pm",133.557,253.762,58.6406,0.717992
"Mar 24, 01:00 pm",42.095,262.031,71.6196,0.56368
"Mar 24, 02:00 pm",33.6894,269.214,84.7695,0
"Mar 24, 03:00 pm",21.7627,276.202,98.2009,0
"Mar 24, 04:00 pm",9.69728,283.784,111.294,0
"Mar 24, 05:00 pm",0,292.958,123.916,0
"Mar 24, 06:00 pm",0,305.343,135.547,0
"Mar 24, 07:00 pm",0,323.619,145.092,0
"Mar 24, 08:00 pm",0,350.152,150.395,0
"Mar 24, 09:00 pm",0,20.1042,149.16,0
"Mar 24, 10:00 pm",0,43.6683,142.022,0
"Mar 24, 11:00 pm",0,59.4564,131.542,0
"Mar 25, 12:00 am",0,70.4342,119.466,0
"Mar 25, 01:00 am",0,78.8796,106.625,0
"Mar 25, 02:00 am",0,86.1297,93.4292,0
"Mar 25, 03:00 am",0,93.0664,80.033,0
"Mar 25, 04:00 am",0,100.474,66.8662,0
"Mar 25, 05:00 am",0,109.363,54.0148,0.716672
"Mar 25, 06:00 am",0,121.464,41.9768,0.711796
"Mar 25, 07:00 am",0,140.033,31.8214,0.706945
"Mar 25, 08:00 am",184.144,168.96,25.9529,0.704395
"Mar 25, 09:00 am",39.5084,202.652,27.3247,0.705121
"Mar 25, 10:00 am",29.0073,227.718,35.0914,0.70882
"Mar 25, 11:00 am",17.1569,243.504,46.0992,0.71377
"Mar 25, 12:00 pm",0,254.201,58.4994,0
"Mar 25, 01:00 pm",0,262.433,71.4984,0.566998
"Mar 25, 02:00 pm",0,269.599,84.6565,0
"Mar 25, 03:00 pm",0,276.588,98.082,0
"Mar 25, 04:00 pm",0,284.188,111.159,0
"Mar 25, 05:00 pm",0,293.397,123.75,0
"Mar 25, 06:00 pm",0,305.822,135.33,0
"Mar 25, 07:00 pm",0,324.088,144.797,0
"Mar 25, 08:00 pm",0,350.42,150.018,0
"Mar 25, 09:00 pm",0,20.0111,148.763,0
"Mar 25, 10:00 pm",0,43.3758,141.665,0
"Mar 25, 11:00 pm",0,59.1216,131.231,0
"Mar 26, 12:00 am",0,70.1051,119.187,0
"Mar 26, 01:00 am",0,78.5615,106.367,0
"Mar 26, 02:00 am",0,85.8163,93.1801,0
"Mar 26, 03:00 am",0,92.7482,79.7858,0.196817
"Mar 26, 04:00 am",0,100.141,66.6095,0.709154
"Mar 26, 05:00 am",0,109.006,53.7379,0.71694
"Mar 26, 06:00 am",398.415,121.091,41.6641,0.712212
"Mar 26, 07:00 am",424.98,139.722,31.4564,0.707566
"Mar 26, 08:00 am",434.522,168.977,25.5533,0.704957
"Mar 26, 09:00 am",429.329,203.103,26.9822,0.705677
"Mar 26, 10:00 am",423.661,228.268,34.846,0.709367
"Mar 26, 11:00 am",401.802,244.001,45.9216,0.714173
"Mar 26, 12:00 pm",41.9026,254.641,58.3603,0.718188
"Mar 26, 01:00 pm",129.694,262.835,71.3787,0.570294
"Mar 26, 02:00 pm",38.5775,269.983,84.5445,0
"Mar 26, 03:00 pm",28.5535,276.973,97.963,0
"Mar 26, 04:00 pm",15.6751,284.591,111.023,0
"Mar 26, 05:00 pm",0,293.833,123.583,0
"Mar 26, 06:00 pm",0,306.296,135.11,0
"Mar 26, 07:00 pm",0,324.55,144.5,0
"Mar 26, 08:00 pm",0,350.682,149.641,0
"Mar 26, 09:00 pm",0,19.9204,148.366,0
"Mar 26, 10:00 pm",0,43.0887,141.308,0
"Mar 26, 11:00 pm",0,58.7906,130.919,0
"Mar 27, 12:00 am",0,69.7785,118.908,0
"Mar 27, 01:00 am",0,78.245,106.108,0
"Mar 27, 02:00 am",0,85.5037,92.9313,0
"Mar 27, 03:00 am",0,92.4301,79.5399,0
"Mar 27, 04:00 am",0,99.8068,66.354,0.71636
"Mar 27, 05:00 am",0,108.648,53.4625,0.717198
"Mar 27, 06:00 am",474.847,120.714,41.3532,0.712617
"Mar 27, 07:00 am",495.344,139.406,31.093,0.70811
"Mar 27, 08:00 am",496.944,168.994,25.1546,0.705503
"Mar 27, 09:00 am",488.758,203.564,26.6421,0.70624
"Mar 27, 10:00 am",474.859,228.824,34.6037,0.709899
"Mar 27, 11:00 am",442.219,244.501,45.7467,0.714564
"Mar 27, 12:00 pm",315.785,255.08,58.2231,0.718285
"Mar 27, 01:00 pm",141.111,263.237,71.2602,0.573571
"Mar 27, 02:00 pm",40.0906,270.367,84.4333,0
"Mar 27, 03:00 pm",29.1949,277.358,97.844,0
"Mar 27, 04:00 pm",16.5031,284.992,110.887,0
"Mar 27, 05:00 pm",0,294.266,123.415,0
"Mar 27, 06:00 pm",0,306.765,134.89,0
"Mar 27, 07:00 pm",0,325.005,144.202,0
"Mar 27, 08:00 pm",0,350.937,149.264,0
"Mar 27, 09:00 pm",0,19.8321,147.97,0
"Mar 27, 10:00 pm",0,42.8066,140.951,0
"Mar 27, 11:00 pm",0,58.4635,130.607,0
"Mar 28, 12:00 am",0,69.4544,118.629,0
"Mar 28, 01:00 am",0,77.9301,105.849,0
"Mar 28, 02:00 am",0,85.192,92.683,0
"Mar 28, 03:00 am",0,92.1123,79.2948,0.216566
"Mar 28, 04:00 am",0,99.4723,66.0999,0.719259
"Mar 28, 05:00 am",240.664,108.288,53.1889,0.717448
"Mar 28, 06:00 am",282.049,120.333,41.0442,0.713012
"Mar 28, 07:00 am",282.162,139.084,30.7311,0.708641
"Mar 28, 08:00 am",255.851,169.013,24.7568,0.706035
"Mar 28, 09:00 am",132.142,204.036,26.3042,0.706851
"Mar 28, 10:00 am",400.964,229.386,34.3646,0.710415
"Mar 28, 11:00 am",382.645,245.002,45.5745,0.714943
"Mar 28, 12:00 pm",80.5067,255.521,58.0879,0.718381
"Mar 28, 01:00 pm",41.6738,263.638,71.1432,0.576829
"Mar 28, 02:00 pm",32.742,270.751,84.3236,0
"Mar 28, 03:00 pm",20.8645,277.741,97.725,0
"Mar 28, 04:00 pm",9.21301,285.392,110.75,0
"Mar 28, 05:00 pm",0,294.697,123.246,0
"Mar 28, 06:00 pm",0,307.23,134.668,0
"Mar 28, 07:00 pm",0,325.452,143.904,0
"Mar 28, 08:00 pm",0,351.187,148.888,0
"Mar 28, 09:00 pm",0,19.746,147.576,0
"Mar 28, 10:00 pm",0,42.5296,140.594,0
"Mar 28, 11:00 pm",0,58.1403,130.295,0
"Mar 29, 12:00 am",0,69.1328,118.35,0
"Mar 29, 01:00 am",0,77.6167,105.591,0
"Mar 29, 02:00 am",0,84.8812,92.4351,0
"Mar 29, 03:00 am",0,91.7948,79.051,0
"Mar 29, 04:00 am",0,99.1374,65.8473,0
"Mar 29, 05:00 am",0,107.926,52.9171,0
"Mar 29, 06:00 am",0,119.949,40.7373,0
"Mar 29, 07:00 am",0,138.756,30.3711,0
"Mar 29, 08:00 am",0,169.031,24.3601,0.706629
"Mar 29, 09:00 am",0,204.517,25.9689,0.707447
"Mar 29, 10:00 am",0,229.953,34.1288,0
"Mar 29, 11:00 am",0,245.505,45.4049,0.715309
"Mar 29, 12:00 pm",0,255.961,57.9546,0.718477
"Mar 29, 01:00 pm",0,264.039,71.0274,0.580071
"Mar 29, 02:00 pm",0,271.133,84.2143,0
"Mar 29, 03:00 pm",0,278.122,97.6059,0
"Mar 29, 04:00 pm",0,285.789,110.613,0
"Mar 29, 05:00 pm",0,295.125,123.076,0
"Mar 29, 06:00 pm",0,307.69,134.445,0
"Mar 29, 07:00 pm",0,325.892,143.604,0
"Mar 29, 08:00 pm",0,351.43,148.512,0
"Mar 29, 09:00 pm",0,19.6618,147.182,0
"Mar 29, 10:00 pm",0,42.2575,140.238,0
"Mar 29, 11:00 pm",0,57.8209,129.983,0
"Mar 30, 12:00 am",0,68.8138,118.071,0
"Mar 30, 01:00 am",0,77.305,105.332,0
"Mar 30, 02:00 am",0,84.5714,92.188,0
"Mar 30, 03:00 am",0,91.4776,78.808,0.236869
"Mar 30, 04:00 am",0,98.8021,65.596,0.719415
"Mar 30, 05:00 am",0,107.562,52.6471,0.717924
"Mar 30, 06:00 am",0,119.56,40.4326,0.71377
"Mar 30, 07:00 am",0,138.421,30.0128,0.709663
"Mar 30, 08:00 am",0,169.051,23.9645,0.706848
"Mar 30, 09:00 am",62.4135,205.008,25.636,0.708026
"Mar 30, 10:00 am",333.819,230.525,33.8961,0.711404
"Mar 30, 11:00 am",308.239,246.009,45.2378,0.715662
"Mar 30, 12:00 pm",243.38,256.401,57.823,0.718572
"Mar 30, 01:00 pm",90.5275,264.439,70.9123,0.583297
"Mar 30, 02:00 pm",39.9646,271.514,84.1047,0
"Mar 30, 03:00 pm",28.5478,278.503,97.4868,0
"Mar 30, 04:00 pm",15.7821,286.185,110.475,0
"Mar 30, 05:00 pm",0,295.55,122.904,0
"Mar 30, 06:00 pm",0,308.145,134.22,0
"Mar 30, 07:00 pm",0,326.323,143.304,0
"Mar 30, 08:00 pm",0,351.667,148.137,0
"Mar 30, 09:00 pm",0,19.5796,146.789,0
"Mar 30, 10:00 pm",0,41.9901,139.882,0
"Mar 30, 11:00 pm",0,57.5053,129.671,0
"Mar 31, 12:00 am",0,68.4973,117.792,0
"Mar 31, 01:00 am",0,76.9949,105.074,0
"Mar 31, 02:00 am",0,84.2626,91.9416,0
"Mar 31, 03:00 am",0,91.1608,78.5663,0
"Mar 31, 04:00 am",0,98.4664,65.3463,0
"Mar 31, 05:00 am",0,107.197,52.3792,0
"Mar 31, 06:00 am",0,119.169,40.1301,0.714133
"Mar 31, 07:00 am",0,138.08,29.6566,0.710154
"Mar 31, 08:00 am",0,169.07,23.5701,0.707784
"Mar 31, 09:00 am",0,205.51,25.3058,0.70831
"Mar 31, 10:00 am",181.906,231.102,33.6667,0.711773
"Mar 31, 11:00 am",92.247,246.515,45.0735,0.716003
"Mar 31, 12:00 pm",65.5579,256.842,57.6932,0.718667
"Mar 31, 01:00 pm",39.7785,264.838,70.7984,0.586508
"Mar 31, 02:00 pm",28.4946,271.894,83.9955,0
"Mar 31, 03:00 pm",15.6598,278.882,97.3676,0
"Mar 31, 04:00 pm",0,286.579,110.337,0
"Mar 31, 05:00 pm",0,295.971,122.732,0
"Mar 31, 06:00 pm",0,308.594,133.995,0
"Mar 31, 07:00 pm",0,326.748,143.003,0
"Mar 31, 08:00 pm",0,351.898,147.763,0
"Mar 31, 09:00 pm",0,19.4991,146.398,0
"Mar 31, 10:00 pm",0,41.7272,139.527,0
"Mar 31, 11:00 pm",0,57.1935,129.359,0
"Apr 1, 12:00 am",0,68.1834,117.513,0
"Apr 1, 01:00 am",0,76.6865,104.817,0
"Apr 1, 02:00 am",0,83.9548,91.6961,0
"Apr 1, 03:00 am",0,90.8445,78.3255,0
"Apr 1, 04:00 am",0,98.1304,65.0985,0.719569
"Apr 1, 05:00 am",0,106.831,52.1135,0.718134
"Apr 1, 06:00 am",0,118.773,39.8303,0.714435
"Apr 1, 07:00 am",40.8317,137.733,29.3027,0.710632
"Apr 1, 08:00 am",47.8584,169.09,23.1771,0.70834
"Apr 1, 09:00 am",50.6583,206.022,24.9785,0.708888
"Apr 1, 10:00 am",41.0833,231.683,33.4408,0.712334
"Apr 1, 11:00 am",33.7347,247.021,44.9119,0.716333
"Apr 1, 12:00 pm",27.1727,257.281,57.5655,0.718761
"Apr 1, 01:00 pm",22.8602,265.237,70.6861,0.586093
"Apr 1, 02:00 pm",16.6753,272.273,83.888,0
"Apr 1, 03:00 pm",0,279.259,97.2484,0
"Apr 1, 04:00 pm",0,286.97,110.198,0
"Apr 1, 05:00 pm",0,296.39,122.559,0
"Apr 1, 06:00 pm",0,309.039,133.768,0
"Apr 1, 07:00 pm",0,327.164,142.702,0
"Apr 1, 08:00 pm",0,352.124,147.389,0
"Apr 1, 09:00 pm",0,19.4201,146.008,0
"Apr 1, 10:00 pm",0,41.4689,139.172,0
"Apr 1, 11:00 pm",0,56.8853,129.048,0
"Apr 2, 12:00 am",0,67.8721,117.235,0
"Apr 2, 01:00 am",0,76.3799,104.561,0
"Apr 2, 02:00 am",0,83.6481,91.4516,0
"Apr 2, 03:00 am",0,90.5287,78.0864,0.268257
"Apr 2, 04:00 am",0,97.7942,64.8524,0.719646
"Apr 2, 05:00 am",0,106.463,51.8501,0.718217
"Apr 2, 06:00 am",275.498,118.373,39.533,0.714784
"Apr 2, 07:00 am",356.963,137.379,28.951,0.711097
"Apr 2, 08:00 am",362.562,169.109,22.7856,0.70888
"Apr 2, 09:00 am",131.596,206.544,24.654,0.709668
"Apr 2, 10:00 am",347.1,232.27,33.2183,0.712778
"Apr 2, 11:00 am",318.987,247.528,44.753,0.71665
"Apr 2, 12:00 pm",255.324,257.721,57.4396,0.718855
"Apr 2, 01:00 pm",101.158,265.634,70.5748,0.592896
"Apr 2, 02:00 pm",39.8597,272.651,83.7808,0
"Apr 2, 03:00 pm",28.5503,279.635,97.1291,0
"Apr 2, 04:00 pm",15.7865,287.36,110.058,0
"Apr 2, 05:00 pm",0,296.805,122.385,0
"Apr 2, 06:00 pm",0,309.479,133.54,0
"Apr 2, 07:00 pm",0,327.573,142.4,0
"Apr 2, 08:00 pm",0,352.343,147.017,0
"Apr 2, 09:00 pm",0,19.3426,145.619,0
"Apr 2, 10:00 pm",0,41.2148,138.819,0
"Apr 2, 11:00 pm",0,56.5808,128.737,0
"Apr 3, 12:00 am",0,67.5633,116.957,0
"Apr 3, 01:00 am",0,76.075,104.305,0
"Apr 3, 02:00 am",0,83.3425,91.2082,0
"Apr 3, 03:00 am",0,90.2133,77.8481,0.278941
"Apr 3, 04:00 am",0,97.4577,64.6081,0.719722
"Apr 3, 05:00 am",0,106.093,51.5889,0.718304
"Apr 3, 06:00 am",38.116,117.97,39.2383,0.71516
"Apr 3, 07:00 am",359.184,137.018,28.6017,0.71136
"Apr 3, 08:00 am",408.395,169.129,22.3955,0.709405
"Apr 3, 09:00 am",90.1208,207.076,24.3324,0.710184
"Apr 3, 10:00 am",404.491,232.86,32.999,0.713207
"Apr 3, 11:00 am",367.256,248.036,44.5963,0.716955
"Apr 3, 12:00 pm",297.816,258.159,57.3147,0.718948
"Apr 3, 01:00 pm",159.046,266.031,70.4634,0.596075
"Apr 3, 02:00 pm",40.0027,273.027,83.6706,0
"Apr 3, 03:00 pm",28.9874,280.009,97.0097,0
"Apr 3, 04:00 pm",15.5965,287.747,109.918,0
"Apr 3, 05:00 pm",0,297.217,122.21,0
"Apr 3, 06:00 pm",0,309.913,133.311,0
"Apr 3, 07:00 pm",0,327.975,142.098,0
"Apr 3, 08:00 pm",0,352.557,146.645,0
"Apr 3, 09:00 pm",0,19.2664,145.232,0
"Apr 3, 10:00 pm",0,40.965,138.466,0
"Apr 3, 11:00 pm",0,56.2798,128.428,0
"Apr 4, 12:00 am",0,67.2571,116.68,0
"Apr 4, 01:00 am",0,75.7719,104.05,0
"Apr 4, 02:00 am",0,83.0381,90.9661,0
"Apr 4, 03:00 am",0,89.8986,77.6111,0.289704
"Apr 4, 04:00 am",0,97.1212,64.3657,0.698494
"Apr 4, 05:00 am",473.756,105.723,51.3302,0.718385
"Apr 4, 06:00 am",538.391,117.563,38.9465,0.715481
"Apr 4, 07:00 am",539.276,136.649,28.2551,0.711988
"Apr 4, 08:00 am",530.735,169.148,22.0072,0.709916
"Apr 4, 09:00 am",538.125,207.619,24.0139,0.710685
"Apr 4, 10:00 am",536.297,233.454,32.7832,0.713623
"Apr 4, 11:00 am",506.362,248.544,44.4423,0.717248
"Apr 4, 12:00 pm",439.567,258.597,57.1918,0.71904
"Apr 4, 01:00 pm",240.662,266.426,70.3533,0.599245
"Apr 4, 02:00 pm",39.9209,273.401,83.5619,0
"Apr 4, 03:00 pm",28.9262,280.38,96.8902,0
"Apr 4, 04:00 pm",16.1549,288.131,109.777,0
"Apr 4, 05:00 pm",0,297.625,122.034,0
"Apr 4, 06:00 pm",0,310.341,133.082,0
"Apr 4, 07:00 pm",0,328.368,141.796,0
"Apr 4, 08:00 pm",0,352.765,146.275,0
"Apr 4, 09:00 pm",0,19.1914,144.847,0
"Apr 4, 10:00 pm",0,40.7192,138.115,0
"Apr 4, 11:00 pm",0,55.9825,128.118,0
"Apr 5, 12:00 am",0,66.9535,116.404,0
"Apr 5, 01:00 am",0,75.4706,103.796,0
"Apr 5, 02:00 am",0,82.7349,90.14,0
"Apr 5, 03:00 am",0,89.5846,77.3759,0.300517
"Apr 5, 04:00 am",0,96.7846,64.1255,0.702011
"Apr 5, 05:00 am",502.799,105.351,51.0742,0.718465
"Apr 5, 06:00 am",538.313,117.153,38.6578,0.715793
"Apr 5, 07:00 am",539.194,136.273,27.9113,0.712414
"Apr 5, 08:00 am",539.387,169.166,21.6207,0.710412
"Apr 5, 09:00 am",538.645,208.172,23.6987,0.711171
"Apr 5, 10:00 am",538.595,234.052,32.571,0.714025
"Apr 5, 11:00 am",538.329,249.053,44.2911,0.71753
"Apr 5, 12:00 pm",518.492,259.034,57.0709,0.719132
"Apr 5, 01:00 pm",353.605,266.819,70.2447,0.602409
"Apr 5, 02:00 pm",40.0072,273.774,83.4548,0
"Apr 5, 03:00 pm",29.0532,280.75,96.7706,0
"Apr 5, 04:00 pm",16.3402,288.513,109.636,0
"Apr 5, 05:00 pm",0,298.029,121.857,0
"Apr 5, 06:00 pm",0,310.764,132.851,0
"Apr 5, 07:00 pm",0,328.755,141.493,0
"Apr 5, 08:00 pm",0,352.967,145.906,0
"Apr 5, 09:00 pm",0,19.1174,144.464,0
"Apr 5, 10:00 pm",0,40.4773,137.765,0
"Apr 5, 11:00 pm",0,55.6886,127.81,0
"Apr 6, 12:00 am",0,66.6525,116.129,0
"Apr 6, 01:00 am",0,75.1711,103.544,0
"Apr 6, 02:00 am",0,82.4329,89.9416,0
"Apr 6, 03:00 am",0,89.2712,77.1431,0.311409
"Apr 6, 04:00 am",0,96.448,63.8879,0.71995
"Apr 6, 05:00 am",71.4669,104.978,50.8212,0.71855
"Apr 6, 06:00 am",73.5383,116.739,38.3724,0.716094
"Apr 6, 07:00 am",275.452,135.89,27.5706,0.712828
"Apr 6, 08:00 am",260.722,169.184,21.2362,0.710894
"Apr 6, 09:00 am",344.925,208.735,23.3868,0.711642
"Apr 6, 10:00 am",308.65,234.654,32.3624,0.714413
"Apr 6, 11:00 am",255.008,249.561,44.1426,0.7178
"Apr 6, 12:00 pm",179.114,259.469,56.9518,0.719223
"Apr 6, 01:00 pm",55.6605,267.211,70.1373,0.605567
"Apr 6, 02:00 pm",39.5454,274.145,83.3489,0
"Apr 6, 03:00 pm",28.8852,281.118,96.6509,0
"Apr 6, 04:00 pm",17.0855,288.891,109.494,0
"Apr 6, 05:00 pm",0,298.43,121.68,0
"Apr 6, 06:00 pm",0,311.182,132.62,0
"Apr 6, 07:00 pm",0,329.133,141.191,0
"Apr 6, 08:00 pm",0,353.164,145.539,0
"Apr 6, 09:00 pm",0,19.0443,144.083,0
"Apr 6, 10:00 pm",0,40.2392,137.417,0
"Apr 6, 11:00 pm",0,55.3981,127.503,0
"Apr 7, 12:00 am",0,66.354,115.855,0
"Apr 7, 01:00 am",0,74.8734,103.293,0
"Apr 7, 02:00 am",0,82.1322,89.7452,0
"Apr 7, 03:00 am",0,88.9585,76.9126,0.322372
"Apr 7, 04:00 am",0,96.1114,63.6528,0.720023
"Apr 7, 05:00 am",0,104.603,50.5711,0.718627
"Apr 7, 06:00 am",0,116.321,38.0903,0.716385
"Apr 7, 07:00 am",0,135.499,27.233,0.713055
"Apr 7, 08:00 am",199.224,169.201,20.8538,0.711024
"Apr 7, 09:00 am",175.003,209.308,23.0784,0.712099
"Apr 7, 10:00 am",84.3832,235.258,32.1574,0.714788
"Apr 7, 11:00 am",44.2349,250.069,43.9968,0.718016
"Apr 7, 12:00 pm",71.388,259.903,56.8346,0.719314
"Apr 7, 01:00 pm",39.886,267.601,70.0312,0.60872
"Apr 7, 02:00 pm",28.7262,274.514,83.244,0.0837051
"Apr 7, 03:00 pm",15.9861,281.483,96.531,0
"Apr 7, 04:00 pm",0,289.267,109.352,0
"Apr 7, 05:00 pm",0,298.827,121.502,0
"Apr 7, 06:00 pm",0,311.593,132.389,0
"Apr 7, 07:00 pm",0,329.504,140.889,0
"Apr 7, 08:00 pm",0,353.355,145.173,0
"Apr 7, 09:00 pm",0,18.972,143.704,0
"Apr 7, 10:00 pm",0,40.0048,137.07,0
"Apr 7, 11:00 pm",0,55.111,127.198,0
"Apr 8, 12:00 am",0,66.058,115.582,0
"Apr 8, 01:00 am",0,74.5776,103.043,0
"Apr 8, 02:00 am",0,81.8328,89.5473,0
"Apr 8, 03:00 am",0,88.6467,76.684,0
"Apr 8, 04:00 am",0,95.7749,63.4201,0
"Apr 8, 05:00 am",0,104.228,50.3238,0.718708
"Apr 8, 06:00 am",0,115.899,37.8115,0.716667
"Apr 8, 07:00 am",0,135.1,26.8984,0.713618
"Apr 8, 08:00 am",0,169.217,20.4733,0.711814
"Apr 8, 09:00 am",0,209.891,22.7732,0.712541
"Apr 8, 10:00 am",0,235.866,31.9555,0.715149
"Apr 8, 11:00 am",0,250.577,43.8528,0.71811
"Apr 8, 12:00 pm",0,260.336,56.7181,0.719403
"Apr 8, 01:00 pm",0,267.99,69.9245,0.61187
"Apr 8, 02:00 pm",0,274.881,83.136,0
"Apr 8, 03:00 pm",0,281.846,96.4109,0
"Apr 8, 04:00 pm",0,289.64,109.209,0
"Apr 8, 05:00 pm",0,299.219,121.323,0
"Apr 8, 06:00 pm",0,311.999,132.156,0
"Apr 8, 07:00 pm",0,329.867,140.587,0
"Apr 8, 08:00 pm",0,353.54,144.809,0
"Apr 8, 09:00 pm",0,18.9002,143.327,0
"Apr 8, 10:00 pm",0,39.7738,136.725,0
"Apr 8, 11:00 pm",0,54.8272,126.894,0
"Apr 9, 12:00 am",0,65.7645,115.311,0
"Apr 9, 01:00 am",0,74.2836,102.795,0
"Apr 9, 02:00 am",0,81.5347,89.3411,0
"Apr 9, 03:00 am",0,88.3356,76.4568,0.344477
"Apr 9, 04:00 am",0,95.4385,63.1899,0.720171
"Apr 9, 05:00 am",0,103.851,50.0797,0.718788
"Apr 9, 06:00 am",0,115.474,37.5364,0.716899
"Apr 9, 07:00 am",308.574,134.693,26.5674,0.713995
"Apr 9, 08:00 am",315.28,169.231,20.0951,0.712254
"Apr 9, 09:00 am",340.248,210.484,22.4717,0.712968
"Apr 9, 10:00 am",323.629,236.476,31.7574,0.715498
"Apr 9, 11:00 am",289.791,251.083,43.7117,0.718204
"Apr 9, 12:00 pm",222.448,260.767,56.6035,0.719491
"Apr 9, 01:00 pm",84.0446,268.376,69.8193,0.615018
"Apr 9, 02:00 pm",40.068,275.246,83.0298,0.0906297
"Apr 9, 03:00 pm",28.8458,282.206,96.2907,0
"Apr 9, 04:00 pm",16.1757,290.01,109.066,0
"Apr 9, 05:00 pm",0,299.607,121.143,0
"Apr 9, 06:00 pm",0,312.399,131.923,0
"Apr 9, 07:00 pm",0,330.222,140.285,0
"Apr 9, 08:00 pm",0,353.72,144.446,0
"Apr 9, 09:00 pm",0,18.829,142.952,0
"Apr 9, 10:00 pm",0,39.5462,136.382,0
"Apr 9, 11:00 pm",0,54.5466,126.591,0
"Apr 10, 12:00 am",0,65.4736,115.042,0
"Apr 10, 01:00 am",0,73.9915,102.548,0
"Apr 10, 02:00 am",0,81.238,89.14,0
"Apr 10, 03:00 am",0,88.0254,76.2327,0.355603
"Apr 10, 04:00 am",0,95.1024,62.9627,0.720245
"Apr 10, 05:00 am",0,103.474,49.8391,0.718867
"Apr 10, 06:00 am",0,115.046,37.2651,0.717201
"Apr 10, 07:00 am",0,134.277,26.24,0.71436
"Apr 10, 08:00 am",0,169.243,19.7193,0.712679
"Apr 10, 09:00 am",95.1991,211.087,22.1738,0.713177
"Apr 10, 10:00 am",96.1771,237.088,31.5628,0.715834
"Apr 10, 11:00 am",157.173,251.589,43.5731,0.718297
"Apr 10, 12:00 pm",85.0822,261.196,56.4905,0.719579
"Apr 10, 01:00 pm",41.7877,268.76,69.715,0.618165
"Apr 10, 02:00 pm",33.167,275.608,82.924,0.0941472
"Apr 10, 03:00 pm",21.2396,282.563,96.1702,0
"Apr 10, 04:00 pm",9.3764,290.376,108.922,0
"Apr 10, 05:00 pm",0,299.991,120.963,0
"Apr 10, 06:00 pm",0,312.792,131.69,0
"Apr 10, 07:00 pm",0,330.57,139.983,0
"Apr 10, 08:00 pm",0,353.895,144.086,0
"Apr 10, 09:00 pm",0,18.7581,142.58,0
"Apr 10, 10:00 pm",0,39.3218,136.041,0
"Apr 10, 11:00 pm",0,54.2692,126.291,0
"Apr 11, 12:00 am",0,65.1852,114.774,0
"Apr 11, 01:00 am",0,73.7013,102.304,0
"Apr 11, 02:00 am",0,80.9427,88.937,0
"Apr 11, 03:00 am",0,87.7161,76.0109,0.366765
"Apr 11, 04:00 am",0,94.7665,62.7384,0.720318
"Apr 11, 05:00 am",0,103.095,49.6018,0.718946
"Apr 11, 06:00 am",0,114.614,36.9976,0.717336
"Apr 11, 07:00 am",323.349,133.853,25.9164,0.714713
"Apr 11, 08:00 am",325.529,169.253,19.3459,0.713092
"Apr 11, 09:00 am",318.747,211.7,21.8796,0.713781
"Apr 11, 10:00 am",297.645,237.702,31.3718,0.716157
"Apr 11, 11:00 am",254.604,252.093,43.4369,0.718389
"Apr 11, 12:00 pm",176.945,261.623,56.3792,0.719667
"Apr 11, 01:00 pm",49.2256,269.142,69.6118,0.621312
"Apr 11, 02:00 pm",39.5951,275.968,82.8195,0.097703
"Apr 11, 03:00 pm",28.9649,282.918,96.0495,0
"Apr 11, 04:00 pm",17.011,290.74,108.778,0
"Apr 11, 05:00 pm",0,300.37,120.782,0
"Apr 11, 06:00 pm",0,313.18,131.456,0
"Apr 11, 07:00 pm",0,330.91,139.682,0
"Apr 11, 08:00 pm",0,354.063,143.727,0
"Apr 11, 09:00 pm",0,18.6875,142.21,0
"Apr 11, 10:00 pm",0,39.1005,135.703,0
"Apr 11, 11:00 pm",0,53.9949,125.992,0
"Apr 12, 12:00 am",0,64.8992,114.508,0
"Apr 12, 01:00 am",0,73.413,102.061,0
"Apr 12, 02:00 am",0,80.6488,88.7364,0
"Apr 12, 03:00 am",0,87.4078,75.792,0.377956
"Apr 12, 04:00 am",0,94.431,62.5174,0.72039
"Apr 12, 05:00 am",0,102.716,49.3682,0.719027
"Apr 12, 06:00 am",353.758,114.178,36.7343,0.717698
"Apr 12, 07:00 am",376.661,133.42,25.5967,0.715054
"Apr 12, 08:00 am",379.763,169.261,18.9751,0.713491
"Apr 12, 09:00 am",373.76,212.322,21.5891,0.714167
"Apr 12, 10:00 am",356.292,238.318,31.184,0.716468
"Apr 12, 11:00 am",320.162,252.596,43.3028,0.71848
"Apr 12, 12:00 pm",243.987,262.048,56.269,0.719753
"Apr 12, 01:00 pm",102.153,269.522,69.5091,0.62446
"Apr 12, 02:00 pm",39.9049,276.325,82.7145,0.101298
"Apr 12, 03:00 pm",28.9801,283.27,95.9285,0
"Apr 12, 04:00 pm",16.403,291.099,108.633,0
"Apr 12, 05:00 pm",0,300.745,120.6,0
"Apr 12, 06:00 pm",0,313.561,131.221,0
"Apr 12, 07:00 pm",0,331.243,139.382,0
"Apr 12, 08:00 pm",0,354.227,143.37,0
"Apr 12, 09:00 pm",0,18.617,141.843,0
"Apr 12, 10:00 pm",0,38.8821,135.366,0
"Apr 12, 11:00 pm",0,53.7236,125.695,0
"Apr 13, 12:00 am",0,64.6157,114.244,0
"Apr 13, 01:00 am",0,73.1267,101.821,0
"Apr 13, 02:00 am",0,80.3563,88.5323,0
"Apr 13, 03:00 am",0,87.1004,75.5753,0.389166
"Apr 13, 04:00 am",0,94.0958,62.2991,0.720463
"Apr 13, 05:00 am",0,102.336,49.138,0.719103
"Apr 13, 06:00 am",237.919,113.739,36.4749,0.717731
"Apr 13, 07:00 am",344.683,132.979,25.281,0.715384
"Apr 13, 08:00 am",357.718,169.266,18.6068,0.713876
"Apr 13, 09:00 am",330.317,212.954,21.3024,0.714539
"Apr 13, 10:00 am",320.024,238.935,30.9996,0.716766
"Apr 13, 11:00 am",289.654,253.098,43.1707,0.71857
"Apr 13, 12:00 pm",228.927,262.471,56.1597,0.719839
"Apr 13, 01:00 pm",97.1103,269.899,69.4064,0.627609
"Apr 13, 02:00 pm",39.956,276.679,82.6082,0.104934
"Apr 13, 03:00 pm",28.9463,283.619,95.8072,0
"Apr 13, 04:00 pm",16.2906,291.455,108.487,0
"Apr 13, 05:00 pm",0,301.115,120.417,0
"Apr 13, 06:00 pm",0,313.936,130.987,0
"Apr 13, 07:00 pm",0,331.567,139.082,0
"Apr 13, 08:00 pm",0,354.384,143.015,0
"Apr 13, 09:00 pm",0,18.5466,141.479,0
"Apr 13, 10:00 pm",0,38.6666,135.032,0
"Apr 13, 11:00 pm",0,53.4553,125.4,0
"Apr 14, 12:00 am",0,64.3347,113.982,0
"Apr 14, 01:00 am",0,72.8422,101.583,0
"Apr 14, 02:00 am",0,80.0653,88.3276,0
"Apr 14, 03:00 am",0,86.7941,75.3613,0
"Apr 14, 04:00 am",0,93.7611,62.0841,0.720534
"Apr 14, 05:00 am",0,101.956,48.9116,0.719181
"Apr 14, 06:00 am",367.043,113.297,36.2199,0.717945
"Apr 14, 07:00 am",291.358,132.528,24.9695,0.715702
"Apr 14, 08:00 am",262.009,169.268,18.2413,0.714249
"Apr 14, 09:00 am",88.6598,213.595,21.0196,0.714898
"Apr 14, 10:00 am",193.443,239.552,30.8188,0.717053
"Apr 14, 11:00 am",285.634,253.597,43.0412,0.718659
"Apr 14, 12:00 pm",214.307,262.891,56.0521,0.719924
"Apr 14, 01:00 pm",41.2676,270.273,69.3049,0.630656
"Apr 14, 02:00 pm",32.3982,277.031,82.5032,0.108612
"Apr 14, 03:00 pm",20.5723,283.965,95.6856,0
"Apr 14, 04:00 pm",9.07039,291.807,108.341,0
"Apr 14, 05:00 pm",0,301.481,120.234,0
"Apr 14, 06:00 pm",0,314.304,130.752,0
"Apr 14, 07:00 pm",0,331.885,138.783,0
"Apr 14, 08:00 pm",0,354.536,142.663,0
"Apr 14, 09:00 pm",0,18.476,141.117,0
"Apr 14, 10:00 pm",0,38.4539,134.701,0
"Apr 14, 11:00 pm",0,53.1899,125.108,0
"Apr 15, 12:00 am",0,64.056,113.723,0
"Apr 15, 01:00 am",0,72.5596,101.347,0
"Apr 15, 02:00 am",0,79.7758,88.1254,0
"Apr 15, 03:00 am",0,86.4889,75.1502,0
"Apr 15, 04:00 am",0,93.427,61.8724,0.720606
"Apr 15, 05:00 am",0,101.575,48.6889,0.719257
"Apr 15, 06:00 am",169.191,112.851,35.9691,0.718048
"Apr 15, 07:00 am",255.825,132.067,24.6622,0.716009
"Apr 15, 08:00 am",256.999,169.266,17.8785,0.714609
"Apr 15, 09:00 am",224.316,214.245,20.7405,0.715244
"Apr 15, 10:00 am",46.8776,240.171,30.6409,0.717328
"Apr 15, 11:00 am",42.399,254.095,42.9132,0.718747
"Apr 15, 12:00 pm",37.7972,263.308,55.9449,0.72001
"Apr 15, 01:00 pm",30.1137,270.645,69.2026,0.633668
"Apr 15, 02:00 pm",18.689,277.38,82.3958,0.112332
"Apr 15, 03:00 pm",0,284.307,95.5637,0
"Apr 15, 04:00 pm",0,292.156,108.195,0
"Apr 15, 05:00 pm",0,301.841,120.051,0
"Apr 15, 06:00 pm",0,314.667,130.517,0
"Apr 15, 07:00 pm",0,332.194,138.485,0
"Apr 15, 08:00 pm",0,354.683,142.313,0
"Apr 15, 09:00 pm",0,18.4054,140.759,0
"Apr 15, 10:00 pm",0,38.2437,134.373,0
"Apr 15, 11:00 pm",0,52.9274,124.818,0
"Apr 16, 12:00 am",0,63.7798,113.465,0
"Apr 16, 01:00 am",0,72.2791,101.114,0
"Apr 16, 02:00 am",0,79.4879,87.9219,0
"Apr 16, 03:00 am",0,86.1849,74.9418,0.42282
"Apr 16, 04:00 am",0,93.0934,61.664,0.720677
"Apr 16, 05:00 am",0,101.193,48.4701,0.719331
"Apr 16, 06:00 am",0,112.403,35.7228,0.718219
"Apr 16, 07:00 am",0,131.598,24.3596,0.716148
"Apr 16, 08:00 am",177.605,169.26,17.5187,0.714957
"Apr 16, 09:00 am",152.703,214.903,20.4654,0.715577
"Apr 16, 10:00 am",226.887,240.789,30.4666,0.717592
"Apr 16, 11:00 am",61.0054,254.59,42.7875,0.718834
"Apr 16, 12:00 pm",42.0598,263.723,55.8392,0.720091
"Apr 16, 01:00 pm",34.0142,271.014,69.1013,0.636683
"Apr 16, 02:00 pm",22.4139,277.726,82.2891,0.116097
"Apr 16, 03:00 pm",10.4727,284.646,95.4415,0
"Apr 16, 04:00 pm",0,292.5,108.048,0
"Apr 16, 05:00 pm",0,302.197,119.867,0
"Apr 16, 06:00 pm",0,315.022,130.281,0
"Apr 16, 07:00 pm",0,332.496,138.188,0
"Apr 16, 08:00 pm",0,354.825,141.965,0
"Apr 16, 09:00 pm",0,18.3344,140.403,0
"Apr 16, 10:00 pm",0,38.0361,134.047,0
"Apr 16, 11:00 pm",0,52.6677,124.531,0
"Apr 17, 12:00 am",0,63.506,113.211,0
"Apr 17, 01:00 am",0,72.0005,100.883,0
"Apr 17, 02:00 am",0,79.2016,87.7208,0
"Apr 17, 03:00 am",0,85.8821,74.7368,0.434015
"Apr 17, 04:00 am",0,92.7606,61.4593,0.720747
"Apr 17, 05:00 am",0,100.811,48.2556,0.719406
"Apr 17, 06:00 am",0,111.951,35.4813,0.718301
"Apr 17, 07:00 am",0,131.119,24.0617,0.716591
"Apr 17, 08:00 am",20.38,169.25,17.162,0.715292
"Apr 17, 09:00 am",108.323,215.57,20.1944,0.715681
"Apr 17, 10:00 am",217.444,241.408,30.2956,0.717844
"Apr 17, 11:00 am",42.4252,255.083,42.6639,0.71892
"Apr 17, 12:00 pm",35.6564,264.135,55.7346,0.720174
"Apr 17, 01:00 pm",28.1645,271.379,69.0006,0.6395
"Apr 17, 02:00 pm",21.5294,278.068,82.1827,0.119905
"Apr 17, 03:00 pm",12.7395,284.982,95.3189,0
"Apr 17, 04:00 pm",0,292.84,107.9,0
"Apr 17, 05:00 pm",0,302.547,119.683,0
"Apr 17, 06:00 pm",0,315.371,130.046,0
"Apr 17, 07:00 pm",0,332.79,137.892,0
"Apr 17, 08:00 pm",0,354.961,141.62,0
"Apr 17, 09:00 pm",0,18.2632,140.051,0
"Apr 17, 10:00 pm",0,37.8308,133.724,0
"Apr 17, 11:00 pm",0,52.4107,124.246,0
"Apr 18, 12:00 am",0,63.2346,112.959,0
"Apr 18, 01:00 am",0,71.7238,100.656,0
"Apr 18, 02:00 am",0,78.917,87.5205,0
"Apr 18, 03:00 am",0,85.5806,74.5349,0
"Apr 18, 04:00 am",0,92.4285,61.2583,0.720817
"Apr 18, 05:00 am",0,100.429,48.0453,0.719481
"Apr 18, 06:00 am",0,111.497,35.2446,0.718382
"Apr 18, 07:00 am",213.278,130.63,23.7687,0.716741
"Apr 18, 08:00 am",249.179,169.235,16.8084,0.715615
"Apr 18, 09:00 am",75.38,216.246,19.9275,0.716206
"Apr 18, 10:00 am",247.58,242.026,30.1279,0.718026
"Apr 18, 11:00 am",189.079,255.572,42.5423,0.719005
"Apr 18, 12:00 pm",109.938,264.544,55.6313,0.720255
"Apr 18, 01:00 pm",39.8222,271.742,68.9007,0.642729
"Apr 18, 02:00 pm",28.3788,278.407,82.0772,0.123759
"Apr 18, 03:00 pm",15.5067,285.314,95.196,0
"Apr 18, 04:00 pm",0,293.177,107.752,0
"Apr 18, 05:00 pm",0,302.892,119.498,0
"Apr 18, 06:00 pm",0,315.713,129.811,0
"Apr 18, 07:00 pm",0,333.077,137.597,0
"Apr 18, 08:00 pm",0,355.092,141.277,0
"Apr 18, 09:00 pm",0,18.1915,139.702,0
"Apr 18, 10:00 pm",0,37.628,133.404,0
"Apr 18, 11:00 pm",0,52.1565,123.965,0
"Apr 19, 12:00 am",0,62.9656,112.71,0
"Apr 19, 01:00 am",0,71.4493,100.431,0
"Apr 19, 02:00 am",0,78.634,87.3252,0
"Apr 19, 03:00 am",0,85.2804,74.3368,0.456316
"Apr 19, 04:00 am",0,92.0974,61.0611,0.720886
"Apr 19, 05:00 am",0,100.047,47.8393,0.719555
"Apr 19, 06:00 am",0,111.04,35.0128,0.718463
"Apr 19, 07:00 am",0,130.132,23.4807,0.717131
"Apr 19, 08:00 am",0,169.215,16.4581,0.715927
"Apr 19, 09:00 am",0,216.93,19.6648,0.716502
"Apr 19, 10:00 am",0,242.643,29.9634,0.718114
"Apr 19, 11:00 am",0,256.059,42.4227,0.719089
"Apr 19, 12:00 pm",0,264.949,55.5289,0.720335
"Apr 19, 01:00 pm",0,272.101,68.801,0
"Apr 19, 02:00 pm",0,278.743,81.9715,0
"Apr 19, 03:00 pm",0,285.642,95.0728,0
"Apr 19, 04:00 pm",0,293.508,107.603,0
"Apr 19, 05:00 pm",0,303.232,119.313,0
"Apr 19, 06:00 pm",0,316.049,129.576,0
"Apr 19, 07:00 pm",0,333.356,137.304,0
"Apr 19, 08:00 pm",0,355.217,140.938,0
"Apr 19, 09:00 pm",0,18.1194,139.357,0
"Apr 19, 10:00 pm",0,37.4273,133.088,0
"Apr 19, 11:00 pm",0,51.9049,123.686,0
"Apr 20, 12:00 am",0,62.699,112.463,0
"Apr 20, 01:00 am",0,71.1767,100.208,0
"Apr 20, 02:00 am",0,78.3527,87.129,0
"Apr 20, 03:00 am",0,84.9816,74.1415,0.467403
"Apr 20, 04:00 am",0,91.7672,60.8675,0.720955
"Apr 20, 05:00 am",412.077,99.6645,47.6374,0.71963
"Apr 20, 06:00 am",491.494,110.58,34.7857,0.718542
"Apr 20, 07:00 am",513.927,129.624,23.1977,0.717385
"Apr 20, 08:00 am",519.24,169.189,16.1111,0.716227
"Apr 20, 09:00 am",538.491,217.621,19.4061,0.716786
"Apr 20, 10:00 am",530.65,243.259,29.802,0.718201
"Apr 20, 11:00 am",510.948,256.543,42.3047,0.719172
"Apr 20, 12:00 pm",457.013,265.351,55.4274,0.720415
"Apr 20, 01:00 pm",305.043,272.457,68.7016,0.648798
"Apr 20, 02:00 pm",41.2655,279.076,81.8652,0.131606
"Apr 20, 03:00 pm",32.2571,285.967,94.9493,0
"Apr 20, 04:00 pm",20.1944,293.836,107.455,0
"Apr 20, 05:00 pm",8.70088,303.567,119.127,0
"Apr 20, 06:00 pm",0,316.378,129.342,0
"Apr 20, 07:00 pm",0,333.627,137.012,0
"Apr 20, 08:00 pm",0,355.337,140.601,0
"Apr 20, 09:00 pm",0,18.0469,139.015,0
"Apr 20, 10:00 pm",0,37.2289,132.775,0
"Apr 20, 11:00 pm",0,51.656,123.41,0
"Apr 21, 12:00 am",0,62.4348,112.22,0
"Apr 21, 01:00 am",0,70.9063,99.9894,0
"Apr 21, 02:00 am",0,78.0733,86.9365,0
"Apr 21, 03:00 am",0,84.6844,73.9501,0.478436
"Apr 21, 04:00 am",0,91.438,60.678,0.721024
"Apr 21, 05:00 am",466.503,99.2824,47.4402,0.719701
"Apr 21, 06:00 am",530.133,110.118,34.564,0.718621
"Apr 21, 07:00 am",535.678,129.106,22.9201,0.717629
"Apr 21, 08:00 am",535.681,169.157,15.7676,0.716515
"Apr 21, 09:00 am",531.254,218.32,19.1517,0.717059
"Apr 21, 10:00 am",502.625,243.874,29.6438,0.718287
"Apr 21, 11:00 am",436.285,257.023,42.1888,0.719254
"Apr 21, 12:00 pm",384.707,265.75,55.3269,0.720494
"Apr 21, 01:00 pm",224.87,272.81,68.6028,0.651842
"Apr 21, 02:00 pm",40.6296,279.405,81.7597,0.135601
"Apr 21, 03:00 pm",30.8333,286.288,94.8254,0
"Apr 21, 04:00 pm",18.5046,294.159,107.305,0
"Apr 21, 05:00 pm",0,303.896,118.942,0
"Apr 21, 06:00 pm",0,316.7,129.108,0
"Apr 21, 07:00 pm",0,333.891,136.721,0
"Apr 21, 08:00 pm",0,355.453,140.267,0
"Apr 21, 09:00 pm",0,17.9738,138.676,0
"Apr 21, 10:00 pm",0,37.0326,132.465,0
"Apr 21, 11:00 pm",0,51.4098,123.137,0
"Apr 22, 12:00 am",0,62.1731,111.979,0
"Apr 22, 01:00 am",0,70.638,99.7736,0
"Apr 22, 02:00 am",0,77.7957,86.7474,0
"Apr 22, 03:00 am",0,84.3887,73.7624,0.489404
"Apr 22, 04:00 am",0,91.1101,60.4925,0.721092
"Apr 22, 05:00 am",389.13,98.9008,47.2473,0.719773
"Apr 22, 06:00 am",445.496,109.654,34.3472,0.718699
"Apr 22, 07:00 am",473.131,128.579,22.6479,0.717863
"Apr 22, 08:00 am",484.816,169.118,15.4276,0.716792
"Apr 22, 09:00 am",519.432,219.026,18.9015,0.717321
"Apr 22, 10:00 am",507.93,244.486,29.4887,0.718372
"Apr 22, 11:00 am",483.473,257.5,42.0745,0.719335
"Apr 22, 12:00 pm",430.605,266.145,55.2273,0.720572
"Apr 22, 01:00 pm",286.657,273.158,68.5041,0.654893
"Apr 22, 02:00 pm",41.2072,279.73,81.6537,0.139643
"Apr 22, 03:00 pm",32.1866,286.604,94.7013,0
"Apr 22, 04:00 pm",20.1879,294.478,107.156,0
"Apr 22, 05:00 pm",8.82663,304.22,118.756,0
"Apr 22, 06:00 pm",0,317.016,128.874,0
"Apr 22, 07:00 pm",0,334.148,136.432,0
"Apr 22, 08:00 pm",0,355.563,139.936,0
"Apr 22, 09:00 pm",0,17.9003,138.341,0
"Apr 22, 10:00 pm",0,36.8385,132.159,0
"Apr 22, 11:00 pm",0,51.1662,122.868,0
"Apr 23, 12:00 am",0,61.9138,111.742,0
"Apr 23, 01:00 am",0,70.3718,99.5609,0
"Apr 23, 02:00 am",0,77.52,86.5606,0
"Apr 23, 03:00 am",0,84.0947,73.5781,0.500298
"Apr 23, 04:00 am",0,90.7835,60.311,0.721159
"Apr 23, 05:00 am",377.502,98.5196,47.059,0.719845
"Apr 23, 06:00 am",518.645,109.188,34.1357,0.718776
"Apr 23, 07:00 am",535.426,128.042,22.3812,0.718026
"Apr 23, 08:00 am",535.949,169.072,15.0913,0.717058
"Apr 23, 09:00 am",536.897,219.74,18.6557,0.717571
"Apr 23, 10:00 am",535.794,245.097,29.3367,0.718455
"Apr 23, 11:00 am",528.056,257.973,41.962,0.719415
"Apr 23, 12:00 pm",470.744,266.536,55.1285,0.720648
"Apr 23, 01:00 pm",322.088,273.504,68.4057,0.657951
"Apr 23, 02:00 pm",41.5403,280.051,81.5475,0.143734
"Apr 23, 03:00 pm",33.1517,286.917,94.577,0
"Apr 23, 04:00 pm",21.4171,294.792,107.006,0
"Apr 23, 05:00 pm",10.003,304.538,118.57,0
"Apr 23, 06:00 pm",0,317.324,128.641,0
"Apr 23, 07:00 pm",0,334.397,136.145,0
"Apr 23, 08:00 pm",0,355.668,139.608,0
"Apr 23, 09:00 pm",0,17.8261,138.01,0
"Apr 23, 10:00 pm",0,36.6463,131.856,0
"Apr 23, 11:00 pm",0,50.9252,122.602,0
"Apr 24, 12:00 am",0,61.657,111.508,0
"Apr 24, 01:00 am",0,70.1079,99.3516,0
"Apr 24, 02:00 am",0,77.2463,86.3765,0
"Apr 24, 03:00 am",0,83.8025,73.3976,0.51111
"Apr 24, 04:00 am",0,90.4584,60.1335,0.721226
"Apr 24, 05:00 am",329.034,98.1391,46.8754,0.719915
"Apr 24, 06:00 am",391.645,108.721,33.9295,0.718852
"Apr 24, 07:00 am",414.815,127.496,22.1202,0.718109
"Apr 24, 08:00 am",415.904,169.018,14.7587,0.717314
"Apr 24, 09:00 am",414.877,220.459,18.4141,0.717811
"Apr 24, 10:00 am",406.881,245.705,29.1877,0.718538
"Apr 24, 11:00 am",380.652,258.443,41.8511,0.719493
"Apr 24, 12:00 pm",319.548,266.923,55.0304,0.720724
"Apr 24, 01:00 pm",181.259,273.845,68.3075,0.661017
"Apr 24, 02:00 pm",40.5066,280.369,81.4412,0.147873
"Apr 24, 03:00 pm",30.5665,287.226,94.4525,0
"Apr 24, 04:00 pm",18.293,295.101,106.856,0
"Apr 24, 05:00 pm",0,304.85,118.384,0
"Apr 24, 06:00 pm",0,317.626,128.408,0
"Apr 24, 07:00 pm",0,334.64,135.859,0
"Apr 24, 08:00 pm",0,355.768,139.283,0
"Apr 24, 09:00 pm",0,17.7514,137.683,0
"Apr 24, 10:00 pm",0,36.4562,131.558,0
"Apr 24, 11:00 pm",0,50.6868,122.34,0
"Apr 25, 12:00 am",0,61.4027,111.278,0
"Apr 25, 01:00 am",0,69.8463,99.1456,0
"Apr 25, 02:00 am",0,76.9747,86.1946,0
"Apr 25, 03:00 am",0,83.5122,73.2207,0.517814
"Apr 25, 04:00 am",0,90.1348,59.96,0.721292
"Apr 25, 05:00 am",0,97.7596,46.6962,0.719985
"Apr 25, 06:00 am",0,108.252,33.7285,0.718927
"Apr 25, 07:00 am",0,126.941,21.8649,0.71819
"Apr 25, 08:00 am",0,168.957,14.43,0.717263
"Apr 25, 09:00 am",175.939,221.185,18.1768,0.717963
"Apr 25, 10:00 am",126.002,246.311,29.0416,0.718619
"Apr 25, 11:00 am",85.5493,258.908,41.7416,0.719571
"Apr 25, 12:00 pm",40.341,267.306,54.9329,0.720799
"Apr 25, 01:00 pm",32.615,274.182,68.2092,0.66409
"Apr 25, 02:00 pm",24.2008,280.683,81.334,0.152061
"Apr 25, 03:00 pm",14.4427,287.53,94.3277,0
"Apr 25, 04:00 pm",0,295.405,106.705,0
"Apr 25, 05:00 pm",0,305.157,118.199,0
"Apr 25, 06:00 pm",0,317.921,128.176,0
"Apr 25, 07:00 pm",0,334.875,135.576,0
"Apr 25, 08:00 pm",0,355.863,138.962,0
"Apr 25, 09:00 pm",0,17.6762,137.36,0
"Apr 25, 10:00 pm",0,36.2681,131.263,0
"Apr 25, 11:00 pm",0,50.451,122.081,0
"Apr 26, 12:00 am",0,61.151,111.051,0
"Apr 26, 01:00 am",0,69.587,98.9431,0
"Apr 26, 02:00 am",0,76.7052,86.0163,0
"Apr 26, 03:00 am",0,83.2237,73.0475,0
"Apr 26, 04:00 am",0,89.8129,59.7907,0.721281
"Apr 26, 05:00 am",0,97.381,46.5217,0.720054
"Apr 26, 06:00 am",0,107.782,33.5329,0.719002
"Apr 26, 07:00 am",0,126.376,21.6155,0.71827
"Apr 26, 08:00 am",0,168.886,14.1052,0.717535
"Apr 26, 09:00 am",236.845,221.917,17.944,0.717937
"Apr 26, 10:00 am",271.577,246.913,28.8985,0.718699
"Apr 26, 11:00 am",250.59,259.368,41.634,0.719648
"Apr 26, 12:00 pm",187.082,267.685,54.8365,0.720873
"Apr 26, 01:00 pm",73.2713,274.515,68.1115,0.66717
"Apr 26, 02:00 pm",39.9327,280.992,81.2273,0.156297
"Apr 26, 03:00 pm",28.7988,287.83,94.2029,0
"Apr 26, 04:00 pm",16.1041,295.705,106.555,0
"Apr 26, 05:00 pm",0,305.458,118.013,0
"Apr 26, 06:00 pm",0,318.209,127.945,0
"Apr 26, 07:00 pm",0,335.102,135.295,0
"Apr 26, 08:00 pm",0,355.954,138.644,0
"Apr 26, 09:00 pm",0,17.6004,137.041,0
"Apr 26, 10:00 pm",0,36.082,130.972,0
"Apr 26, 11:00 pm",0,50.2179,121.826,0
"Apr 27, 12:00 am",0,60.9018,110.827,0
"Apr 27, 01:00 am",0,69.3301,98.7442,0
"Apr 27, 02:00 am",0,76.438,85.8407,0
"Apr 27, 03:00 am",0,82.9374,72.8782,0
"Apr 27, 04:00 am",0,89.4928,59.6257,0.721216
"Apr 27, 05:00 am",0,97.0037,46.3521,0.720122
"Apr 27, 06:00 am",0,107.311,33.3429,0.719076
"Apr 27, 07:00 am",272.073,125.803,21.3722,0.718329
"Apr 27, 08:00 am",305.082,168.807,13.7845,0.718
"Apr 27, 09:00 am",331.649,222.654,17.7156,0.718174
"Apr 27, 10:00 am",312.405,247.512,28.7584,0.718778
"Apr 27, 11:00 am",268.69,259.824,41.5279,0.719723
"Apr 27, 12:00 pm",193.194,268.059,54.7409,0.720945
"Apr 27, 01:00 pm",73.9013,274.844,68.0143,0.670257
"Apr 27, 02:00 pm",39.9341,281.297,81.121,0.160582
"Apr 27, 03:00 pm",28.9169,288.126,94.0779,0
"Apr 27, 04:00 pm",16.3126,296,106.405,0
"Apr 27, 05:00 pm",0,305.753,117.828,0
"Apr 27, 06:00 pm",0,318.491,127.716,0
"Apr 27, 07:00 pm",0,335.323,135.016,0
"Apr 27, 08:00 pm",0,356.04,138.33,0
"Apr 27, 09:00 pm",0,17.524,136.726,0
"Apr 27, 10:00 pm",0,35.8978,130.685,0
"Apr 27, 11:00 pm",0,49.9874,121.574,0
"Apr 28, 12:00 am",0,60.6552,110.607,0
"Apr 28, 01:00 am",0,69.0756,98.5488,0
"Apr 28, 02:00 am",0,76.173,85.6695,0
"Apr 28, 03:00 am",0,82.6532,72.7131,0
"Apr 28, 04:00 am",0,89.1747,59.4651,0.721152
"Apr 28, 05:00 am",0,96.6278,46.1873,0.72019
"Apr 28, 06:00 am",0,106.84,33.1584,0.719147
"Apr 28, 07:00 am",0,125.221,21.135,0.718427
"Apr 28, 08:00 am",0,168.718,13.468,0.717816
"Apr 28, 09:00 am",173.806,223.397,17.4918,0.718223
"Apr 28, 10:00 am",146.936,248.107,28.6212,0.718855
"Apr 28, 11:00 am",102.578,260.276,41.4236,0.719797
"Apr 28, 12:00 pm",151.937,268.429,54.6463,0.721017
"Apr 28, 01:00 pm",49.4519,275.169,67.9178,0.673351
"Apr 28, 02:00 pm",39.5097,281.598,81.0157,0.164916
"Apr 28, 03:00 pm",28.9283,288.417,93.9529,0
"Apr 28, 04:00 pm",17.0181,296.289,106.254,0
"Apr 28, 05:00 pm",0,306.043,117.643,0
"Apr 28, 06:00 pm",0,318.765,127.487,0
"Apr 28, 07:00 pm",0,335.537,134.739,0
"Apr 28, 08:00 pm",0,356.121,138.019,0
"Apr 28, 09:00 pm",0,17.4471,136.416,0
"Apr 28, 10:00 pm",0,35.7156,130.402,0
"Apr 28, 11:00 pm",0,49.7595,121.327,0
"Apr 29, 12:00 am",0,60.4112,110.391,0
"Apr 29, 01:00 am",0,68.8236,98.3572,0
"Apr 29, 02:00 am",0,75.9104,85.5017,0
"Apr 29, 03:00 am",0,82.3713,72.5521,0
"Apr 29, 04:00 am",0,88.8587,59.3088,0.721088
"Apr 29, 05:00 am",0,96.2536,46.0273,0.720257
"Apr 29, 06:00 am",0,106.368,32.9794,0.719219
"Apr 29, 07:00 am",0,124.631,20.904,0.718503
"Apr 29, 08:00 am",0,168.618,13.1557,0.718162
"Apr 29, 09:00 am",0,224.143,17.2723,0.718334
"Apr 29, 10:00 am",15.2284,248.698,28.4867,0.718931
"Apr 29, 11:00 am",133.207,260.722,41.3204,0.719872
"Apr 29, 12:00 pm",144.851,268.795,54.5519,0.721088
"Apr 29, 01:00 pm",39.2926,275.49,67.8208,0.676452
"Apr 29, 02:00 pm",28.3759,281.895,80.909,0.169298
"Apr 29, 03:00 pm",15.835,288.703,93.8279,0
"Apr 29, 04:00 pm",0,296.574,106.104,0
"Apr 29, 05:00 pm",0,306.326,117.459,0
"Apr 29, 06:00 pm",0,319.033,127.259,0
"Apr 29, 07:00 pm",0,335.744,134.465,0
"Apr 29, 08:00 pm",0,356.198,137.712,0
"Apr 29, 09:00 pm",0,17.3697,136.109,0
"Apr 29, 10:00 pm",0,35.5352,130.123,0
"Apr 29, 11:00 pm",0,49.5342,121.083,0
"Apr 30, 12:00 am",0,60.1699,110.179,0
"Apr 30, 01:00 am",0,68.5741,98.1693,0
"Apr 30, 02:00 am",0,75.6502,85.3372,0
"Apr 30, 03:00 am",0,82.0917,72.3948,0
"Apr 30, 04:00 am",0,88.5449,59.1568,0
"Apr 30, 05:00 am",0,95.8812,45.8721,0.720323
"Apr 30, 06:00 am",0,105.897,32.806,0.71929
"Apr 30, 07:00 am",0,124.033,20.6793,0.718565
"Apr 30, 08:00 am",135.165,168.507,12.8478,0.71807
"Apr 30, 09:00 am",155.132,224.894,17.0574,0.718412
"Apr 30, 10:00 am",40.0601,249.284,28.3551,0.719006
"Apr 30, 11:00 am",30.6119,261.164,41.219,0.719942
"Apr 30, 12:00 pm",19.4398,269.155,54.4585,0.721157
"Apr 30, 01:00 pm",8.86861,275.806,67.7245,0.679558
"Apr 30, 02:00 pm",0,282.187,80.803,0
"Apr 30, 03:00 pm",0,288.985,93.7029,0
"Apr 30, 04:00 pm",0,296.853,105.954,0
"Apr 30, 05:00 pm",0,306.604,117.276,0
"Apr 30, 06:00 pm",0,319.294,127.033,0
"Apr 30, 07:00 pm",0,335.944,134.193,0
"Apr 30, 08:00 pm",0,356.27,137.409,0
"Apr 30, 09:00 pm",0,17.2917,135.807,0
"Apr 30, 10:00 pm",0,35.3568,129.849,0
"Apr 30, 11:00 pm",0,49.3116,120.844,0
"May 1, 12:00 am",0,59.9314,109.97,0
"May 1, 01:00 am",0,68.3273,97.9852,0
"May 1, 02:00 am",0,75.3926,85.1765,0
"May 1, 03:00 am",0,81.8146,72.2416,0
"May 1, 04:00 am",0,88.2335,59.009,0
"May 1, 05:00 am",0,95.5109,45.7217,0.720389
"May 1, 06:00 am",0,105.426,32.6381,0.719359
"May 1, 07:00 am",0,123.428,20.461,0.718653
"May 1, 08:00 am",0,168.385,12.5444,0
"May 1, 09:00 am",0,225.649,16.8469,0.718489
"May 1, 10:00 am",0,249.865,28.2261,0.71908
"May 1, 11:00 am",286.311,261.6,41.1189,0.720013
"May 1, 12:00 pm",227.784,269.511,54.3658,0.721226
"May 1, 01:00 pm",102.158,276.117,67.6284,0.682671
"May 1, 02:00 pm",39.9963,282.475,80.6969,0.178204
"May 1, 03:00 pm",29.2164,289.262,93.578,0
"May 1, 04:00 pm",16.6476,297.127,105.804,0
"May 1, 05:00 pm",0,306.875,117.092,0
"May 1, 06:00 pm",0,319.548,126.809,0
"May 1, 07:00 pm",0,336.137,133.924,0
"May 1, 08:00 pm",0,356.338,137.11,0
"May 1, 09:00 pm",0,17.2132,135.51,0
"May 1, 10:00 pm",0,35.1802,129.579,0
"May 1, 11:00 pm",0,49.0917,120.608,0
"May 2, 12:00 am",0,59.6955,109.765,0
"May 2, 01:00 am",0,68.0832,97.805,0
"May 2, 02:00 am",0,75.1375,85.0165,0
"May 2, 03:00 am",0,81.5401,72.092,0.555636
"May 2, 04:00 am",0,87.9247,58.8655,0.720901
"May 2, 05:00 am",0,95.1429,45.5761,0.720455
"May 2, 06:00 am",335.522,104.956,32.4759,0.719428
"May 2, 07:00 am",362.229,122.816,20.2492,0.718727
"May 2, 08:00 am",367.617,168.25,12.2456,0.718394
"May 2, 09:00 am",359.127,226.406,16.641,0.718564
"May 2, 10:00 am",333.591,250.442,28.0999,0.719153
"May 2, 11:00 am",283.411,262.031,41.0202,0.720083
"May 2, 12:00 pm",200.374,269.862,54.2738,0.721293
"May 2, 01:00 pm",77.5396,276.424,67.5326,0.685789
"May 2, 02:00 pm",39.8462,282.758,80.5909,0.182727
"May 2, 03:00 pm",28.9703,289.534,93.4532,0
"May 2, 04:00 pm",16.329,297.396,105.655,0
"May 2, 05:00 pm",0,307.141,116.91,0
"May 2, 06:00 pm",0,319.795,126.585,0
"May 2, 07:00 pm",0,336.323,133.658,0
"May 2, 08:00 pm",0,356.402,136.816,0
"May 2, 09:00 pm",0,17.1342,135.217,0
"May 2, 10:00 pm",0,35.0056,129.314,0
"May 2, 11:00 pm",0,48.8744,120.377,0
"May 3, 12:00 am",0,59.4625,109.565,0
"May 3, 01:00 am",0,67.8417,97.6287,0
"May 3, 02:00 am",0,74.8852,84.8625,0
"May 3, 03:00 am",0,81.2682,71.9469,0.560548
"May 3, 04:00 am",0,87.6185,58.7266,0.72084
"May 3, 05:00 am",0,94.7773,45.4355,0.720518
"May 3, 06:00 am",208.254,104.487,32.3193,0.719496
"May 3, 07:00 am",241.827,122.197,20.0439,0.718799
"May 3, 08:00 am",247.368,168.103,11.9515,0.71847
"May 3, 09:00 am",91.3987,227.166,16.4395,0.718638
"May 3, 10:00 am",66.8219,251.012,27.9763,0.719224
"May 3, 11:00 am",41.6657,262.456,40.9229,0.720151
"May 3, 12:00 pm",34.2642,270.208,54.1825,0.72128
"May 3, 01:00 pm",27.6889,276.726,67.4372,0.688911
"May 3, 02:00 pm",22.7209,283.036,80.485,0.187288
"May 3, 03:00 pm",15.6071,289.802,93.3286,0
"May 3, 04:00 pm",0,297.66,105.506,0
"May 3, 05:00 pm",0,307.4,116.729,0
"May 3, 06:00 pm",0,320.036,126.364,0
"May 3, 07:00 pm",0,336.503,133.395,0
"May 3, 08:00 pm",0,356.461,136.525,0
"May 3, 09:00 pm",0,17.0546,134.929,0
"May 3, 10:00 pm",0,34.8328,129.053,0
"May 3, 11:00 pm",0,48.6598,120.15,0
"May 4, 12:00 am",0,59.2322,109.368,0
"May 4, 01:00 am",0,67.6031,97.4565,0
"May 4, 02:00 am",0,74.6356,84.7132,0
"May 4, 03:00 am",0,80.9992,71.8062,0.565334
"May 4, 04:00 am",0,87.3152,58.5922,0.720779
"May 4, 05:00 am",0,94.4144,45.2998,0.720581
"May 4, 06:00 am",283.441,104.019,32.1684,0.719563
"May 4, 07:00 am",328.536,121.572,19.8453,0.718869
"May 4, 08:00 am",332.19,167.941,11.6621,0.718543
"May 4, 09:00 am",276.264,227.927,16.2425,0.718711
"May 4, 10:00 am",248.666,251.577,27.8553,0.719294
"May 4, 11:00 am",195.885,262.875,40.8268,0.720218
"May 4, 12:00 pm",124.674,270.548,54.0917,0.721215
"May 4, 01:00 pm",43.4319,277.023,67.3419,0.692037
"May 4, 02:00 pm",37.6489,283.31,80.3789,0.191908
"May 4, 03:00 pm",26.6479,290.064,93.2042,0
"May 4, 04:00 pm",14.7273,297.918,105.357,0
"May 4, 05:00 pm",0,307.653,116.548,0
"May 4, 06:00 pm",0,320.269,126.144,0
"May 4, 07:00 pm",0,336.677,133.134,0
"May 4, 08:00 pm",0,356.517,136.238,0
"May 4, 09:00 pm",0,16.9745,134.646,0
"May 4, 10:00 pm",0,34.6618,128.797,0
"May 4, 11:00 pm",0,48.4479,119.928,0
"May 5, 12:00 am",0,59.0048,109.176,0
"May 5, 01:00 am",0,67.3673,97.2883,0
"May 5, 02:00 am",0,74.3888,84.566,0
"May 5, 03:00 am",0,80.733,71.6693,0.569991
"May 5, 04:00 am",0,87.0148,58.4621,0.72072
"May 5, 05:00 am",0,94.0543,45.1689,0.720643
"May 5, 06:00 am",295.381,103.553,32.0231,0.719627
"May 5, 07:00 am",310.628,120.941,19.6533,0.718939
"May 5, 08:00 am",308.353,167.765,11.3777,0.718616
"May 5, 09:00 am",242.054,228.69,16.05,0.718782
"May 5, 10:00 am",268.803,252.136,27.7367,0.719363
"May 5, 11:00 am",41.3312,263.288,40.7319,0.720284
"May 5, 12:00 pm",34.3431,270.883,54.0016,0.721151
"May 5, 01:00 pm",24.9103,277.314,67.247,0.695166
"May 5, 02:00 pm",14.198,283.579,80.2736,0.196515
"May 5, 03:00 pm",0,290.321,93.08,0
"May 5, 04:00 pm",0,298.17,105.209,0
"May 5, 05:00 pm",0,307.901,116.369,0
"May 5, 06:00 pm",0,320.496,125.927,0
"May 5, 07:00 pm",0,336.843,132.877,0
"May 5, 08:00 pm",0,356.568,135.956,0
"May 5, 09:00 pm",0,16.8939,134.368,0
"May 5, 10:00 pm",0,34.4927,128.545,0
"May 5, 11:00 pm",0,48.2386,119.709,0
"May 6, 12:00 am",0,58.7803,108.988,0
"May 6, 01:00 am",0,67.1344,97.1243,0
"May 6, 02:00 am",0,74.145,84.4232,0
"May 6, 03:00 am",0,80.4698,71.5367,0
"May 6, 04:00 am",0,86.7175,58.3365,0.720661
"May 6, 05:00 am",0,93.6974,45.0429,0.720704
"May 6, 06:00 am",306.546,103.089,31.8835,0.719693
"May 6, 07:00 am",364.12,120.305,19.4681,0.719007
"May 6, 08:00 am",370.317,167.573,11.0983,0.718687
"May 6, 09:00 am",390.695,229.452,15.8619,0.718852
"May 6, 10:00 am",362.426,252.688,27.6205,0.71943
"May 6, 11:00 am",76.9854,263.695,40.6383,0.720349
"May 6, 12:00 pm",42.0424,271.213,53.912,0.721088
"May 6, 01:00 pm",34.7219,277.601,67.1523,0.698297
"May 6, 02:00 pm",23.3826,283.842,80.1677,0.201261
"May 6, 03:00 pm",11.5782,290.573,92.9561,0
"May 6, 04:00 pm",0,298.417,105.061,0
"May 6, 05:00 pm",0,308.141,116.19,0
"May 6, 06:00 pm",0,320.716,125.711,0
"May 6, 07:00 pm",0,337.004,132.624,0
"May 6, 08:00 pm",0,356.615,135.678,0
"May 6, 09:00 pm",0,16.8128,134.095,0
"May 6, 10:00 pm",0,34.3254,128.299,0
"May 6, 11:00 pm",0,48.0321,119.496,0
"May 7, 12:00 am",0,58.5587,108.804,0
"May 7, 01:00 am",0,66.9044,96.9644,0
"May 7, 02:00 am",0,73.9041,84.2843,0
"May 7, 03:00 am",0,80.2097,71.4084,0.578916
"May 7, 04:00 am",0,86.4234,58.2153,0.720603
"May 7, 05:00 am",224.062,93.3437,44.9219,0.720764
"May 7, 06:00 am",238.314,102.628,31.7496,0.719755
"May 7, 07:00 am",267.063,119.665,19.2896,0.719074
"May 7, 08:00 am",239.429,167.365,10.8239,0.718757
"May 7, 09:00 am",330.102,230.215,15.6781,0.718921
"May 7, 10:00 am",75.3849,253.233,27.5066,0.719496
"May 7, 11:00 am",41.9667,264.095,40.5458,0.720413
"May 7, 12:00 pm",35.3682,271.537,53.8228,0.721027
"May 7, 01:00 pm",25.3213,277.883,67.0576,0.701429
"May 7, 02:00 pm",13.995,284.101,80.0616,0.205962
"May 7, 03:00 pm",0,290.82,92.8325,0
"May 7, 04:00 pm",0,298.658,104.914,0
"May 7, 05:00 pm",0,308.376,116.013,0
"May 7, 06:00 pm",0,320.93,125.497,0
"May 7, 07:00 pm",0,337.157,132.373,0
"May 7, 08:00 pm",0,356.658,135.405,0
"May 7, 09:00 pm",0,16.7312,133.826,0
"May 7, 10:00 pm",0,34.1599,128.057,0
"May 7, 11:00 pm",0,47.8282,119.287,0
"May 8, 12:00 am",0,58.34,108.624,0
"May 8, 01:00 am",0,66.6775,96.8088,0
"May 8, 02:00 am",0,73.6663,84.1491,0
"May 8, 03:00 am",0,79.9527,71.2842,0.583182
"May 8, 04:00 am",0,86.1326,58.0987,0.720546
"May 8, 05:00 am",0,92.9935,44.8058,0.720823
"May 8, 06:00 am",222.861,102.17,31.6214,0.719819
"May 8, 07:00 am",277.956,119.022,19.118,0.71914
"May 8, 08:00 am",293.611,167.139,10.5548,0.718825
"May 8, 09:00 am",291.871,230.977,15.4987,0.718988
"May 8, 10:00 am",277.19,253.771,27.395,0.719561
"May 8, 11:00 am",242.02,264.489,40.4543,0.720475
"May 8, 12:00 pm",179.599,271.855,53.7343,0.720966
"May 8, 01:00 pm",80.0421,278.159,66.9634,0.704562
"May 8, 02:00 pm",40.0875,284.354,79.9563,0.210761
"May 8, 03:00 pm",29.2595,291.062,92.7093,0
"May 8, 04:00 pm",16.5855,298.894,104.768,0
"May 8, 05:00 pm",0,308.605,115.837,0
"May 8, 06:00 pm",0,321.136,125.286,0
"May 8, 07:00 pm",0,337.305,132.126,0
"May 8, 08:00 pm",0,356.697,135.137,0
"May 8, 09:00 pm",0,16.649,133.563,0
"May 8, 10:00 pm",0,33.9961,127.821,0
"May 8, 11:00 pm",0,47.627,119.083,0
"May 9, 12:00 am",0,58.1243,108.45,0
"May 9, 01:00 am",0,66.4536,96.6576,0
"May 9, 02:00 am",0,73.4317,84.0182,0
"May 9, 03:00 am",0,79.699,71.1645,0.587315
"May 9, 04:00 am",0,85.8454,57.9866,0.720489
"May 9, 05:00 am",202.9,92.6471,44.6947,0.720882
"May 9, 06:00 am",181.243,101.715,31.4988,0.719879
"May 9, 07:00 am",200.445,118.375,18.9533,0.719205
"May 9, 08:00 am",208.174,166.895,10.2911,0.718893
"May 9, 09:00 am",197.793,231.736,15.3236,0.719054
"May 9, 10:00 am",171.85,254.301,27.2857,0.719624
"May 9, 11:00 am",133.537,264.877,40.364,0.720536
"May 9, 12:00 pm",80.3028,272.167,53.6463,0.720907
"May 9, 01:00 pm",42.7298,278.43,66.8694,0.707693
"May 9, 02:00 pm",35.9483,284.602,79.8512,0.215541
"May 9, 03:00 pm",24.7698,291.298,92.5865,0
"May 9, 04:00 pm",12.7482,299.124,104.623,0
"May 9, 05:00 pm",0,308.827,115.662,0
"May 9, 06:00 pm",0,321.336,125.076,0
"May 9, 07:00 pm",0,337.446,131.882,0
"May 9, 08:00 pm",0,356.732,134.873,0
"May 9, 09:00 pm",0,16.5664,133.305,0
"May 9, 10:00 pm",0,33.8341,127.589,0
"May 9, 11:00 pm",0,47.4286,118.883,0
"May 10, 12:00 am",0,57.9116,108.279,0
"May 10, 01:00 am",0,66.2328,96.5107,0
"May 10, 02:00 am",0,73.2002,83.8923,0
"May 10, 03:00 am",0,79.4487,71.0494,0.591316
"May 10, 04:00 am",0,85.5618,57.8793,0.720435
"May 10, 05:00 am",341.52,92.3045,44.5886,0.720938
"May 10, 06:00 am",404.196,101.264,31.3821,0.71994
"May 10, 07:00 am",423.856,117.726,18.7956,0.719268
"May 10, 08:00 am",427.53,166.632,10.0328,0.718959
"May 10, 09:00 am",398.229,232.493,15.1528,0.719119
"May 10, 10:00 am",379.108,254.824,27.1785,0.719687
"May 10, 11:00 am",339.678,265.257,40.2748,0.720595
"May 10, 12:00 pm",269.159,272.474,53.5589,0.72085
"May 10, 01:00 pm",153.99,278.696,66.7761,0.710822
"May 10, 02:00 pm",40.5667,284.845,79.747,0.220355
"May 10, 03:00 pm",30.8902,291.529,92.4641,0
"May 10, 04:00 pm",18.7226,299.348,104.478,0
"May 10, 05:00 pm",0,309.043,115.489,0
"May 10, 06:00 pm",0,321.529,124.869,0
"May 10, 07:00 pm",0,337.581,131.642,0
"May 10, 08:00 pm",0,356.763,134.614,0
"May 10, 09:00 pm",0,16.4831,133.053,0
"May 10, 10:00 pm",0,33.6739,127.363,0
"May 10, 11:00 pm",0,47.2328,118.689,0
"May 11, 12:00 am",0,57.7019,108.113,0
"May 11, 01:00 am",0,66.0151,96.3683,0
"May 11, 02:00 am",0,72.972,83.7707,0.0796896
"May 11, 03:00 am",0,79.2019,70.9388,0.595183
"May 11, 04:00 am",0,85.2819,57.7767,0.720379
"May 11, 05:00 am",205.269,91.966,44.4875,0.720995
"May 11, 06:00 am",344.564,100.816,31.271,0.719999
"May 11, 07:00 am",367.931,117.075,18.6448,0.71933
"May 11, 08:00 am",375.315,166.348,9.78005,0.719023
"May 11, 09:00 am",412.02,233.247,14.9861,0.719182
"May 11, 10:00 am",396.392,255.338,27.0733,0.719747
"May 11, 11:00 am",352.833,265.63,40.1865,0.720653
"May 11, 12:00 pm",283.743,272.774,53.472,0.720793
"May 11, 01:00 pm",170.738,278.956,66.6829,0.713948
"May 11, 02:00 pm",40.8624,285.082,79.6427,0.225198
"May 11, 03:00 pm",31.4729,291.754,92.3421,0
"May 11, 04:00 pm",19.0409,299.567,104.334,0
"May 11, 05:00 pm",0,309.252,115.317,0
"May 11, 06:00 pm",0,321.715,124.665,0
"May 11, 07:00 pm",0,337.71,131.406,0
"May 11, 08:00 pm",0,356.791,134.36,0
"May 11, 09:00 pm",0,16.3994,132.805,0
"May 11, 10:00 pm",0,33.5154,127.142,0
"May 11, 11:00 pm",0,47.0397,118.499,0
"May 12, 12:00 am",0,57.4952,107.952,0
"May 12, 01:00 am",0,65.8006,96.2303,0
"May 12, 02:00 am",0,72.7472,83.6531,0.0838999
"May 12, 03:00 am",0,78.9586,70.8324,0.598915
"May 12, 04:00 am",0,85.0059,57.6784,0.720324
"May 12, 05:00 am",194.624,91.6319,44.3913,0.721051
"May 12, 06:00 am",315.923,100.373,31.1655,0.720057
"May 12, 07:00 am",342.316,116.423,18.5009,0.719391
"May 12, 08:00 am",349.605,166.042,9.53295,0.719086
"May 12, 09:00 am",308.472,233.996,14.8235,0.719244
"May 12, 10:00 am",285.752,255.844,26.97,0.719806
"May 12, 11:00 am",243.765,265.997,40.099,0.72071
"May 12, 12:00 pm",173.169,273.068,53.3854,0.720738
"May 12, 01:00 pm",76.1125,279.21,66.5898,0.717069
"May 12, 02:00 pm",40.0123,285.314,79.5385,0.23007
"May 12, 03:00 pm",29.3367,291.974,92.2207,0
"May 12, 04:00 pm",16.8066,299.779,104.191,0
"May 12, 05:00 pm",0,309.455,115.147,0
"May 12, 06:00 pm",0,321.895,124.463,0
"May 12, 07:00 pm",0,337.832,131.174,0
"May 12, 08:00 pm",0,356.814,134.11,0
"May 12, 09:00 pm",0,16.3151,132.564,0
"May 12, 10:00 pm",0,33.3586,126.926,0
"May 12, 11:00 pm",0,46.8494,118.315,0
"May 13, 12:00 am",0,57.2917,107.796,0
"May 13, 01:00 am",0,65.5894,96.0969,0
"May 13, 02:00 am",0,72.5257,83.5395,0.0880117
"May 13, 03:00 am",0,78.719,70.7304,0.602513
"May 13, 04:00 am",0,84.734,57.5847,0.720271
"May 13, 05:00 am",0,91.3022,44.2999,0.721106
"May 13, 06:00 am",336.974,99.9343,31.0656,0.720114
"May 13, 07:00 am",368.508,115.771,18.364,0.719451
"May 13, 08:00 am",375.688,165.714,9.2916,0.719148
"May 13, 09:00 am",376.613,234.74,14.6648,0.719304
"May 13, 10:00 am",359.454,256.341,26.8685,0.719864
"May 13, 11:00 am",322.933,266.355,40.0123,0.720766
"May 13, 12:00 pm",258.939,273.355,53.2991,0.720684
"May 13, 01:00 pm",156.22,279.458,66.4969,0.719261
"May 13, 02:00 pm",40.77,285.541,79.4344,0.234967
"May 13, 03:00 pm",31.2986,292.188,92.0997,0
"May 13, 04:00 pm",18.8344,299.985,104.048,0
"May 13, 05:00 pm",0,309.652,114.978,0
"May 13, 06:00 pm",0,322.068,124.264,0
"May 13, 07:00 pm",0,337.949,130.945,0
"May 13, 08:00 pm",0,356.834,133.866,0
"May 13, 09:00 pm",0,16.2302,132.327,0
"May 13, 10:00 pm",0,33.2035,126.715,0
"May 13, 11:00 pm",0,46.6618,118.135,0
"May 14, 12:00 am",0,57.0912,107.644,0
"May 14, 01:00 am",0,65.3815,95.968,0
"May 14, 02:00 am",0,72.3078,83.4298,0.0920197
"May 14, 03:00 am",0,78.4831,70.6327,0.605976
"May 14, 04:00 am",0,84.4662,57.4956,0.720219
"May 14, 05:00 am",0,90.9773,44.2135,0.721159
"May 14, 06:00 am",281.652,99.5008,30.9713,0.72017
"May 14, 07:00 am",313.82,115.12,18.2339,0.719509
"May 14, 08:00 am",327.543,165.362,9.05617,0.719209
"May 14, 09:00 am",330.922,235.478,14.5102,0.719363
"May 14, 10:00 am",317.79,256.829,26.7688,0.719921
"May 14, 11:00 am",285.7,266.706,39.9264,0.72082
"May 14, 12:00 pm",228.386,273.637,53.2133,0.720632
"May 14, 01:00 pm",137.427,279.701,66.4043,0.719209
"May 14, 02:00 pm",40.603,285.761,79.3307,0.239887
"May 14, 03:00 pm",30.601,292.397,91.9794,0
"May 14, 04:00 pm",18.3095,300.186,103.907,0
"May 14, 05:00 pm",0,309.842,114.811,0
"May 14, 06:00 pm",0,322.234,124.067,0
"May 14, 07:00 pm",0,338.059,130.72,0
"May 14, 08:00 pm",0,356.85,133.627,0
"May 14, 09:00 pm",0,16.1449,132.097,0
"May 14, 10:00 pm",0,33.0501,126.511,0
"May 14, 11:00 pm",0,46.4769,117.961,0
"May 15, 12:00 am",0,56.8939,107.497,0
"May 15, 01:00 am",0,65.177,95.8438,0
"May 15, 02:00 am",0,72.0934,83.3249,0.0959185
"May 15, 03:00 am",0,78.2511,70.5397,0.609303
"May 15, 04:00 am",0,84.2027,57.4111,0.72017
"May 15, 05:00 am",383.649,90.6573,44.132,0.721212
"May 15, 06:00 am",439.961,99.0727,30.8826,0.720224
"May 15, 07:00 am",462.84,114.471,18.1109,0.719566
"May 15, 08:00 am",468.408,164.986,8.82677,0.719268
"May 15, 09:00 am",529.913,236.209,14.3594,0.71942
"May 15, 10:00 am",521.347,257.307,26.6709,0.719976
"May 15, 11:00 am",493.949,267.05,39.8415,0.720873
"May 15, 12:00 pm",433.945,273.911,53.128,0.720581
"May 15, 01:00 pm",326.525,279.938,66.3123,0.719158
"May 15, 02:00 pm",42.7281,285.976,79.2279,0.244827
"May 15, 03:00 pm",36.1771,292.599,91.8597,0
"May 15, 04:00 pm",25.0473,300.38,103.767,0
"May 15, 05:00 pm",13.221,310.026,114.646,0
"May 15, 06:00 pm",0,322.393,123.873,0
"May 15, 07:00 pm",0,338.164,130.5,0
"May 15, 08:00 pm",0,356.863,133.393,0
"May 15, 09:00 pm",0,16.059,131.871,0
"May 15, 10:00 pm",0,32.8985,126.311,0
"May 15, 11:00 pm",0,46.2948,117.792,0
"May 16, 12:00 am",0,56.6998,107.355,0
"May 16, 01:00 am",0,64.9759,95.7243,0
"May 16, 02:00 am",0,71.8826,83.2252,0.099703
"May 16, 03:00 am",0,78.023,70.4514,0.612494
"May 16, 04:00 am",0,83.9437,57.3314,0.720119
"May 16, 05:00 am",363.853,90.3424,44.0555,0.721263
"May 16, 06:00 am",477.844,98.6505,30.7995,0.720278
"May 16, 07:00 am",497.882,113.824,17.9947,0.719622
"May 16, 08:00 am",501.829,164.583,8.60348,0.719325
"May 16, 09:00 am",490.444,236.932,14.2124,0.719476
"May 16, 10:00 am",473.495,257.776,26.5747,0.72003
"May 16, 11:00 am",439.333,267.386,39.7572,0.720924
"May 16, 12:00 pm",369.812,274.179,53.0431,0.720531
"May 16, 01:00 pm",245.122,280.168,66.2207,0.719109
"May 16, 02:00 pm",41.3346,286.186,79.1258,0.249784
"May 16, 03:00 pm",33.0998,292.796,91.7407,0
"May 16, 04:00 pm",21.5051,300.569,103.628,0
"May 16, 05:00 pm",10.1922,310.204,114.483,0
"May 16, 06:00 pm",0,322.546,123.682,0
"May 16, 07:00 pm",0,338.262,130.283,0
"May 16, 08:00 pm",0,356.872,133.164,0
"May 16, 09:00 pm",0,15.9727,131.652,0
"May 16, 10:00 pm",0,32.7486,126.117,0
"May 16, 11:00 pm",0,46.1155,117.628,0
"May 17, 12:00 am",0,56.509,107.218,0
"May 17, 01:00 am",0,64.7782,95.6094,0
"May 17, 02:00 am",0,71.6756,83.1295,0.103369
"May 17, 03:00 am",0,77.799,70.3673,0.61555
"May 17, 04:00 am",0,83.6892,57.256,0.720067
"May 17, 05:00 am",0,90.0328,43.9836,0.721314
"May 17, 06:00 am",274.452,98.2344,30.7217,0.72033
"May 17, 07:00 am",300.205,113.181,17.8854,0.719676
"May 17, 08:00 am",306.512,164.154,8.3864,0.719382
"May 17, 09:00 am",337.388,237.647,14.069,0.719531
"May 17, 10:00 am",331.454,258.234,26.4799,0.720082
"May 17, 11:00 am",153.208,267.713,39.6734,0.720975
"May 17, 12:00 pm",247.421,274.441,52.9582,0.720483
"May 17, 01:00 pm",39.8424,280.393,66.1287,0.719061
"May 17, 02:00 pm",30.0052,286.389,79.0229,0.254754
"May 17, 03:00 pm",18.8304,292.987,91.6224,0
"May 17, 04:00 pm",0,300.751,103.491,0
"May 17, 05:00 pm",0,310.375,114.322,0
"May 17, 06:00 pm",0,322.692,123.494,0
"May 17, 07:00 pm",0,338.355,130.071,0
"May 17, 08:00 pm",0,356.877,132.941,0
"May 17, 09:00 pm",0,15.8859,131.438,0
"May 17, 10:00 pm",0,32.6004,125.929,0
"May 17, 11:00 pm",0,45.939,117.469,0
"May 18, 12:00 am",0,56.3214,107.086,0
"May 18, 01:00 am",0,64.5841,95.4993,0
"May 18, 02:00 am",0,71.4724,83.0378,0
"May 18, 03:00 am",0,77.5791,70.2875,0.618469
"May 18, 04:00 am",0,83.4394,57.1851,0.720019
"May 18, 05:00 am",0,89.7287,43.9165,0.721275
"May 18, 06:00 am",269.768,97.8248,30.6493,0.720383
"May 18, 07:00 am",371.482,112.542,17.7828,0.719729
"May 18, 08:00 am",384.597,163.697,8.1757,0.719436
"May 18, 09:00 am",380.309,238.352,13.9293,0.719584
"May 18, 10:00 am",350.242,258.683,26.3866,0.720133
"May 18, 11:00 am",310.8,268.033,39.5904,0.721023
"May 18, 12:00 pm",241.792,274.695,52.8739,0.720436
"May 18, 01:00 pm",136.037,280.611,66.0374,0.719014
"May 18, 02:00 pm",40.5582,286.587,78.9208,0.259734
"May 18, 03:00 pm",31.0066,293.172,91.5048,0
"May 18, 04:00 pm",18.5812,300.927,103.354,0
"May 18, 05:00 pm",0,310.539,114.162,0
"May 18, 06:00 pm",0,322.832,123.309,0
"May 18, 07:00 pm",0,338.442,129.863,0
"May 18, 08:00 pm",0,356.879,132.723,0
"May 18, 09:00 pm",0,15.7987,131.231,0
"May 18, 10:00 pm",0,32.454,125.747,0
"May 18, 11:00 pm",0,45.7653,117.316,0
"May 19, 12:00 am",0,56.1371,106.959,0
"May 19, 01:00 am",0,64.3936,95.3939,0
"May 19, 02:00 am",0,71.273,82.951,0.110324
"May 19, 03:00 am",0,77.3635,70.2126,0.621252
"May 19, 04:00 am",0,83.1944,57.119,0.719973
"May 19, 05:00 am",277.4,89.4304,43.8544,0.721226
"May 19, 06:00 am",349.446,97.4221,30.5824,0.720432
"May 19, 07:00 am",371.476,111.908,17.687,0.719781
"May 19, 08:00 am",376.973,163.211,7.9715,0.71949
"May 19, 09:00 am",347.176,239.047,13.7932,0.719636
"May 19, 10:00 am",319.799,259.12,26.2949,0.720182
"May 19, 11:00 am",272.623,268.344,39.5082,0.721071
"May 19, 12:00 pm",203.376,274.943,52.79,0.72039
"May 19, 01:00 pm",107.552,280.824,65.9465,0.718969
"May 19, 02:00 pm",40.3787,286.778,78.8197,0.264721
"May 19, 03:00 pm",30.3311,293.352,91.3882,0
"May 19, 04:00 pm",18.0948,301.097,103.219,0
"May 19, 05:00 pm",0,310.697,114.005,0
"May 19, 06:00 pm",0,322.965,123.128,0
"May 19, 07:00 pm",0,338.523,129.659,0
"May 19, 08:00 pm",0,356.878,132.51,0
"May 19, 09:00 pm",0,15.7112,131.029,0
"May 19, 10:00 pm",0,32.3094,125.57,0
"May 19, 11:00 pm",0,45.5946,117.168,0
"May 20, 12:00 am",0,55.9563,106.837,0
"May 20, 01:00 am",0,64.2068,95.2932,0
"May 20, 02:00 am",0,71.0777,82.8684,0.113606
"May 20, 03:00 am",0,77.1523,70.1418,0.6239
"May 20, 04:00 am",0,82.9545,57.0572,0.719924
"May 20, 05:00 am",0,89.138,43.7968,0.721179
"May 20, 06:00 am",0,97.0267,30.5206,0.720482
"May 20, 07:00 am",338.629,111.28,17.5978,0.719832
"May 20, 08:00 am",220.776,162.697,7.77387,0.719542
"May 20, 09:00 am",364.27,239.731,13.6605,0.719686
"May 20, 10:00 am",339.239,259.547,26.2045,0.72023
"May 20, 11:00 am",284.384,268.647,39.4265,0.721116
"May 20, 12:00 pm",195.392,275.183,52.7065,0.720346
"May 20, 01:00 pm",95.3755,281.029,65.8561,0.718925
"May 20, 02:00 pm",40.3542,286.964,78.7193,0.26971
"May 20, 03:00 pm",30.2642,293.525,91.2725,0
"May 20, 04:00 pm",17.9513,301.261,103.086,0
"May 20, 05:00 pm",0,310.849,113.85,0
"May 20, 06:00 pm",0,323.091,122.949,0
"May 20, 07:00 pm",0,338.598,129.46,0
"May 20, 08:00 pm",0,356.873,132.303,0
"May 20, 09:00 pm",0,15.6233,130.833,0
"May 20, 10:00 pm",0,32.1667,125.399,0
"May 20, 11:00 pm",0,45.4268,117.025,0
"May 21, 12:00 am",0,55.7789,106.72,0
"May 21, 01:00 am",0,64.0238,95.1973,0
"May 21, 02:00 am",0,70.8864,82.7904,0
"May 21, 03:00 am",0,76.9456,70.0756,0.626412
"May 21, 04:00 am",0,82.7196,56.9998,0.719878
"May 21, 05:00 am",0,88.8518,43.7438,0.721133
"May 21, 06:00 am",153.031,96.6389,30.4639,0.720529
"May 21, 07:00 am",244.768,110.66,17.5151,0.719881
"May 21, 08:00 am",273.281,162.153,7.58294,0.719592
"May 21, 09:00 am",311.152,240.403,13.5312,0.719734
"May 21, 10:00 am",286.982,259.963,26.1154,0.720277
"May 21, 11:00 am",236.254,268.941,39.3453,0.721161
"May 21, 12:00 pm",180.446,275.417,52.6232,0.720303
"May 21, 01:00 pm",88.9926,281.229,65.7657,0.718883
"May 21, 02:00 pm",40.1973,287.144,78.6185,0.274699
"May 21, 03:00 pm",29.7212,293.692,91.1577,0
"May 21, 04:00 pm",17.1568,301.419,102.954,0
"May 21, 05:00 pm",0,310.994,113.698,0
"May 21, 06:00 pm",0,323.211,122.774,0
"May 21, 07:00 pm",0,338.668,129.266,0
"May 21, 08:00 pm",0,356.865,132.101,0
"May 21, 09:00 pm",0,15.5351,130.643,0
"May 21, 10:00 pm",0,32.0258,125.234,0
"May 21, 11:00 pm",0,45.262,116.888,0
"May 22, 12:00 am",0,55.605,106.609,0
"May 22, 01:00 am",0,63.8446,95.1062,0
"May 22, 02:00 am",0,70.6992,82.7157,0
"May 22, 03:00 am",0,76.7434,70.0133,0.628788
"May 22, 04:00 am",0,82.49,56.9467,0.719833
"May 22, 05:00 am",0,88.5719,43.6952,0.721088
"May 22, 06:00 am",335.309,96.2591,30.4123,0.720575
"May 22, 07:00 am",407.863,110.048,17.4388,0.719928
"May 22, 08:00 am",440.71,161.578,7.39883,0.719642
"May 22, 09:00 am",401.8,241.061,13.4051,0.719781
"May 22, 10:00 am",414.653,260.368,26.0276,0.720322
"May 22, 11:00 am",399.463,269.227,39.2647,0.721204
"May 22, 12:00 pm",345.748,275.643,52.5401,0.720261
"May 22, 01:00 pm",243.84,281.422,65.6755,0.718842
"May 22, 02:00 pm",41.9444,287.317,78.5179,0.279682
"May 22, 03:00 pm",34.2978,293.853,91.0441,0
"May 22, 04:00 pm",22.7423,301.57,102.824,0
"May 22, 05:00 pm",10.6743,311.133,113.548,0
"May 22, 06:00 pm",0,323.325,122.603,0
"May 22, 07:00 pm",0,338.733,129.076,0
"May 22, 08:00 pm",0,356.854,131.906,0
"May 22, 09:00 pm",0,15.4468,130.459,0
"May 22, 10:00 pm",0,31.8869,125.075,0
"May 22, 11:00 pm",0,45.1002,116.757,0
"May 23, 12:00 am",0,55.4347,106.502,0
"May 23, 01:00 am",0,63.6693,95.0198,0
"May 23, 02:00 am",0,70.5163,82.6461,0.12262
"May 23, 03:00 am",0,76.5459,69.9558,0.631028
"May 23, 04:00 am",0,82.2658,56.898,0.719793
"May 23, 05:00 am",410.791,88.2985,43.6513,0.721043
"May 23, 06:00 am",361.622,95.8877,30.3657,0.72062
"May 23, 07:00 am",382.722,109.446,17.3689,0.719975
"May 23, 08:00 am",387.813,160.974,7.22169,0.719689
"May 23, 09:00 am",380.081,241.706,13.2824,0.719827
"May 23, 10:00 am",354.461,260.761,25.9412,0.720365
"May 23, 11:00 am",314.324,269.504,39.1849,0.721245
"May 23, 12:00 pm",242.123,275.862,52.4579,0.720221
"May 23, 01:00 pm",42.0251,281.608,65.5866,0.718802
"May 23, 02:00 pm",35.973,287.484,78.4195,0.284656
"May 23, 03:00 pm",26.536,294.008,90.9316,0
"May 23, 04:00 pm",15.3239,301.715,102.695,0
"May 23, 05:00 pm",0,311.265,113.4,0
"May 23, 06:00 pm",0,323.433,122.435,0
"May 23, 07:00 pm",0,338.792,128.891,0
"May 23, 08:00 pm",0,356.84,131.715,0
"May 23, 09:00 pm",0,15.3583,130.281,0
"May 23, 10:00 pm",0,31.75,124.922,0
"May 23, 11:00 pm",0,44.9415,116.631,0
"May 24, 12:00 am",0,55.2681,106.4,0
"May 24, 01:00 am",0,63.498,94.9382,0
"May 24, 02:00 am",0,70.3377,82.5822,0.125337
"May 24, 03:00 am",0,76.3533,69.9029,0
"May 24, 04:00 am",0,82.0472,56.8539,0.719747
"May 24, 05:00 am",0,88.0319,43.6119,0.721
"May 24, 06:00 am",143.705,95.525,30.324,0.720665
"May 24, 07:00 am",197.99,108.853,17.3052,0.72002
"May 24, 08:00 am",39.8512,160.34,7.05162,0.719735
"May 24, 09:00 am",34.9432,242.336,13.1628,0.719871
"May 24, 10:00 am",30.8546,261.142,25.856,0.720408
"May 24, 11:00 am",27.0969,269.771,39.1058,0.721285
"May 24, 12:00 pm",79.7744,276.073,52.3762,0.720184
"May 24, 01:00 pm",71.6321,281.788,65.498,0.718764
"May 24, 02:00 pm",38.3508,287.645,78.3216,0.289617
"May 24, 03:00 pm",29.1069,294.157,90.2478,0
"May 24, 04:00 pm",17.3289,301.854,102.568,0
"May 24, 05:00 pm",0,311.391,113.255,0
"May 24, 06:00 pm",0,323.534,122.271,0
"May 24, 07:00 pm",0,338.846,128.711,0
"May 24, 08:00 pm",0,356.823,131.531,0
"May 24, 09:00 pm",0,15.2697,130.11,0
"May 24, 10:00 pm",0,31.6151,124.775,0
"May 24, 11:00 pm",0,44.7861,116.51,0
"May 25, 12:00 am",0,55.1052,106.304,0
"May 25, 01:00 am",0,63.3308,94.8613,0
"May 25, 02:00 am",0,70.1635,82.5211,0.127905
"May 25, 03:00 am",0,76.1655,69.8536,0.635105
"May 25, 04:00 am",0,81.8342,56.8135,0.719705
"May 25, 05:00 am",0,87.7722,43.5766,0.720959
"May 25, 06:00 am",301.289,95.1713,30.287,0.720707
"May 25, 07:00 am",333.818,108.272,17.2475,0.720063
"May 25, 08:00 am",343.237,159.675,6.88867,0.71978
"May 25, 09:00 am",345.879,242.95,13.0463,0.719913
"May 25, 10:00 am",325.349,261.511,25.772,0.720448
"May 25, 11:00 am",291.001,270.03,39.0271,0.721315
"May 25, 12:00 pm",232.098,276.277,52.2948,0.720146
"May 25, 01:00 pm",135.812,281.962,65.41,0.718728
"May 25, 02:00 pm",40.6163,287.8,78.2244,0.294559
"May 25, 03:00 pm",30.6986,294.3,90.1544,0
"May 25, 04:00 pm",18.3585,301.987,102.443,0
"May 25, 05:00 pm",0,311.51,113.113,0
"May 25, 06:00 pm",0,323.629,122.11,0
"May 25, 07:00 pm",0,338.894,128.536,0
"May 25, 08:00 pm",0,356.803,131.353,0
"May 25, 09:00 pm",0,15.1812,129.944,0
"May 25, 10:00 pm",0,31.4824,124.633,0
"May 25, 11:00 pm",0,44.6338,116.396,0
"May 26, 12:00 am",0,54.946,106.212,0
"May 26, 01:00 am",0,63.1677,94.7892,0
"May 26, 02:00 am",0,69.9939,82.465,0.130321
"May 26, 03:00 am",0,75.9828,69.809,0.636941
"May 26, 04:00 am",0,81.6271,56.7776,0.719668
"May 26, 05:00 am",387.869,87.5196,43.5457,0.720917
"May 26, 06:00 am",440.336,94.827,30.2547,0.720748
"May 26, 07:00 am",460.51,107.703,17.1958,0.720105
"May 26, 08:00 am",461.296,158.982,6.73301,0.719823
"May 26, 09:00 am",460.657,243.548,12.933,0.719954
"May 26, 10:00 am",421.696,261.868,25.6894,0.720487
"May 26, 11:00 am",363.619,270.28,38.9493,0.721278
"May 26, 12:00 pm",270.91,276.474,52.2143,0.72011
"May 26, 01:00 pm",147.524,282.128,65.323,0.718693
"May 26, 02:00 pm",40.5909,287.949,78.1288,0.299479
"May 26, 03:00 pm",31.2717,294.436,90.0674,0
"May 26, 04:00 pm",19.2277,302.114,102.321,0
"May 26, 05:00 pm",0,311.624,112.974,0
"May 26, 06:00 pm",0,323.718,121.954,0
"May 26, 07:00 pm",0,338.938,128.366,0
"May 26, 08:00 pm",0,356.78,131.18,0
"May 26, 09:00 pm",0,15.0927,129.785,0
"May 26, 10:00 pm",0,31.3518,124.498,0
"May 26, 11:00 pm",0,44.4849,116.286,0
"May 27, 12:00 am",0,54.7908,106.126,0
"May 27, 01:00 am",0,63.0089,94.7217,0
"May 27, 02:00 am",0,69.8289,82.4144,0
"May 27, 03:00 am",0,75.8053,69.7689,0.638644
"May 27, 04:00 am",0,81.4259,56.7459,0.719626
"May 27, 05:00 am",0,87.2744,43.519,0.720878
"May 27, 06:00 am",0,94.4924,30.2269,0.720789
"May 27, 07:00 am",217.405,107.146,17.1498,0.720146
"May 27, 08:00 am",244.604,158.26,6.58471,0.719865
"May 27, 09:00 am",200.668,244.128,12.8226,0.719994
"May 27, 10:00 am",186.657,262.212,25.6079,0.720524
"May 27, 11:00 am",150.45,270.52,38.8722,0.721242
"May 27, 12:00 pm",89.4055,276.662,52.1343,0.720076
"May 27, 01:00 pm",42.5938,282.288,65.2367,0.718659
"May 27, 02:00 pm",36.0022,288.091,78.0341,0.304371
"May 27, 03:00 pm",24.8592,294.567,89.9798,0
"May 27, 04:00 pm",12.8198,302.234,102.2,0
"May 27, 05:00 pm",0,311.731,112.838,0
"May 27, 06:00 pm",0,323.8,121.801,0
"May 27, 07:00 pm",0,338.977,128.201,0
"May 27, 08:00 pm",0,356.755,131.014,0
"May 27, 09:00 pm",0,15.0045,129.632,0
"May 27, 10:00 pm",0,31.2235,124.369,0
"May 27, 11:00 pm",0,44.3394,116.182,0
"May 28, 12:00 am",0,54.6395,106.045,0
"May 28, 01:00 am",0,62.8544,94.659,0
"May 28, 02:00 am",0,69.6686,82.367,0.13469
"May 28, 03:00 am",0,75.6329,69.7325,0.640214
"May 28, 04:00 am",0,81.2308,56.718,0.719587
"May 28, 05:00 am",0,87.0367,43.4961,0.72084
"May 28, 06:00 am",316.503,94.1678,30.2035,0.720827
"May 28, 07:00 am",356.118,106.604,17.1094,0.720185
"May 28, 08:00 am",373.757,157.511,6.44381,0.719905
"May 28, 09:00 am",396.468,244.69,12.7151,0.720032
"May 28, 10:00 am",381.792,262.543,25.5276,0.72056
"May 28, 11:00 am",355.351,270.751,38.7958,0.721208
"May 28, 12:00 pm",303.629,276.844,52.0548,0.720044
"May 28, 01:00 pm",208.492,282.441,65.1509,0.718627
"May 28, 02:00 pm",41.8515,288.227,77.9399,0.309231
"May 28, 03:00 pm",33.9941,294.691,89.8889,0
"May 28, 04:00 pm",22.0597,302.348,102.082,0
"May 28, 05:00 pm",10.3199,311.831,112.704,0
"May 28, 06:00 pm",0,323.877,121.653,0
"May 28, 07:00 pm",0,339.011,128.041,0
"May 28, 08:00 pm",0,356.727,130.854,0
"May 28, 09:00 pm",0,14.9164,129.486,0
"May 28, 10:00 pm",0,31.0975,124.246,0
"May 28, 11:00 pm",0,44.1973,116.084,0
"May 29, 12:00 am",0,54.4923,105.969,0
"May 29, 01:00 am",0,62.7043,94.6009,0
"May 29, 02:00 am",0,69.513,82.3239,0.136638
"May 29, 03:00 am",0,75.4659,69.7002,0.641651
"May 29, 04:00 am",0,81.0419,56.6941,0.719553
"May 29, 05:00 am",329.88,86.8066,43.4774,0.720803
"May 29, 06:00 am",438.188,93.8536,30.1843,0.720864
"May 29, 07:00 am",452.56,106.076,17.0745,0.720223
"May 29, 08:00 am",450.58,156.736,6.31045,0.719944
"May 29, 09:00 am",421.022,245.234,12.6105,0.720068
"May 29, 10:00 am",384.531,262.862,25.4485,0.720595
"May 29, 11:00 am",326.393,270.973,38.7201,0.721176
"May 29, 12:00 pm",242.366,277.017,51.9762,0.720013
"May 29, 01:00 pm",124.952,282.588,65.0663,0.718597
"May 29, 02:00 pm",40.4841,288.357,77.8475,0.314053
"May 29, 03:00 pm",30.8236,294.809,89.8027,0
"May 29, 04:00 pm",18.5568,302.456,101.966,0
"May 29, 05:00 pm",0,311.926,112.574,0
"May 29, 06:00 pm",0,323.948,121.508,0
"May 29, 07:00 pm",0,339.04,127.887,0
"May 29, 08:00 pm",0,356.697,130.7,0
"May 29, 09:00 pm",0,14.8288,129.346,0
"May 29, 10:00 pm",0,30.9739,124.129,0
"May 29, 11:00 pm",0,44.0587,115.992,0
"May 30, 12:00 am",0,54.3492,105.898,0
"May 30, 01:00 am",0,62.5587,94.5474,0
"May 30, 02:00 am",0,69.3624,82.2855,0.138428
"May 30, 03:00 am",0,75.3044,69.6721,0.642957
"May 30, 04:00 am",0,80.8593,56.6741,0.719517
"May 30, 05:00 am",344.936,86.5843,43.4624,0.720767
"May 30, 06:00 am",448.25,93.5499,30.1693,0.7209
"May 30, 07:00 am",494.155,105.564,17.0448,0.720259
"May 30, 08:00 am",504.83,155.937,6.18466,0.719981
"May 30, 09:00 am",491.024,245.757,12.5088,0.720103
"May 30, 10:00 am",439.066,263.167,25.3706,0.720628
"May 30, 11:00 am",342.998,271.185,38.6452,0.721145
"May 30, 12:00 pm",308.157,277.183,51.8983,0.719983
"May 30, 01:00 pm",196.121,282.727,64.9826,0.718568
"May 30, 02:00 pm",41.5451,288.48,77.7562,0.318833
"May 30, 03:00 pm",33.3002,294.921,89.7159,0
"May 30, 04:00 pm",21.4637,302.558,101.852,0
"May 30, 05:00 pm",9.7917,312.014,112.447,0
"May 30, 06:00 pm",0,324.013,121.369,0
"May 30, 07:00 pm",0,339.064,127.738,0
"May 30, 08:00 pm",0,356.665,130.552,0
"May 30, 09:00 pm",0,14.7415,129.212,0
"May 30, 10:00 pm",0,30.8527,124.018,0
"May 30, 11:00 pm",0,43.9237,115.905,0
"May 31, 12:00 am",0,54.2102,105.832,0
"May 31, 01:00 am",0,62.4177,94.4986,0
"May 31, 02:00 am",0,69.2168,82.2506,0.140057
"May 31, 03:00 am",0,75.1484,69.6477,0.644118
"May 31, 04:00 am",0,80.6832,56.6578,0.719483
"May 31, 05:00 am",349.629,86.37,43.4512,0.720732
"May 31, 06:00 am",404.057,93.257,30.1583,0.720935
"May 31, 07:00 am",396.983,105.068,17.0202,0.720294
"May 31, 08:00 am",347.54,155.116,6.0665,0.720017
"May 31, 09:00 am",312.062,246.259,12.4098,0.720136
"May 31, 10:00 am",299.678,263.459,25.2938,0.720659
"May 31, 11:00 am",275.128,271.387,38.5711,0.721115
"May 31, 12:00 pm",194.374,277.341,51.8213,0.719955
"May 31, 01:00 pm",79.5428,282.86,64.8998,0.71854
"May 31, 02:00 pm",40.066,288.596,77.6661,0.323566
"May 31, 03:00 pm",29.7582,295.026,89.631,0
"May 31, 04:00 pm",17.2514,302.653,101.741,0
"May 31, 05:00 pm",0,312.096,112.324,0
"May 31, 06:00 pm",0,324.072,121.233,0
"May 31, 07:00 pm",0,339.084,127.594,0
"May 31, 08:00 pm",0,356.63,130.41,0
"May 31, 09:00 pm",0,14.6547,129.085,0
"May 31, 10:00 pm",0,30.7341,123.913,0
"May 31, 11:00 pm",0,43.7924,115.823,0
"Jun 1, 12:00 am",0,54.0755,105.771,0
"Jun 1, 01:00 am",0,62.2814,94.4543,0
"Jun 1, 02:00 am",0,69.0762,82.2199,0.141524
"Jun 1, 03:00 am",0,74.998,69.6272,0.645109
"Jun 1, 04:00 am",0,80.5137,56.6451,0.719449
"Jun 1, 05:00 am",323.474,86.1639,43.4435,0.720699
"Jun 1, 06:00 am",413.811,92.9753,30.1511,0.720968
"Jun 1, 07:00 am",436.58,104.589,17.0005,0.720327
"Jun 1, 08:00 am",441.069,154.276,5.95601,0.720051
"Jun 1, 09:00 am",462.828,246.74,12.3135,0.720168
"Jun 1, 10:00 am",443.562,263.737,25.2182,0.720689
"Jun 1, 11:00 am",404.778,271.579,38.4977,0.721087
"Jun 1, 12:00 pm",326.223,277.49,51.7449,0.719929
"Jun 1, 01:00 pm",192.922,282.985,64.8179,0.718515
"Jun 1, 02:00 pm",41.0125,288.707,77.577,0.328245
"Jun 1, 03:00 pm",32.2081,295.126,89.5423,0
"Jun 1, 04:00 pm",20.2397,302.742,101.633,0
"Jun 1, 05:00 pm",8.73046,312.172,112.204,0
"Jun 1, 06:00 pm",0,324.126,121.102,0
"Jun 1, 07:00 pm",0,339.099,127.456,0
"Jun 1, 08:00 pm",0,356.593,130.274,0
"Jun 1, 09:00 pm",0,14.5684,128.964,0
"Jun 1, 10:00 pm",0,30.6181,123.815,0
"Jun 1, 11:00 pm",0,43.6649,115.748,0
"Jun 2, 12:00 am",0,53.9452,105.715,0
"Jun 2, 01:00 am",0,62.1497,94.4146,0
"Jun 2, 02:00 am",0,68.9408,82.1928,0.14283
"Jun 2, 03:00 am",0,74.8534,69.6103,0.645972
"Jun 2, 04:00 am",0,80.3508,56.636,0.719414
"Jun 2, 05:00 am",0,85.9661,43.4394,0.720668
"Jun 2, 06:00 am",290.761,92.7049,30.1477,0.721
"Jun 2, 07:00 am",332.662,104.128,16.9855,0.720359
"Jun 2, 08:00 am",351.574,153.42,5.85322,0.720083
"Jun 2, 09:00 am",370.6,247.199,12.2198,0.720198
"Jun 2, 10:00 am",349.268,264.001,25.1437,0.720717
"Jun 2, 11:00 am",311.546,271.762,38.4252,0.721061
"Jun 2, 12:00 pm",244.883,277.632,51.6694,0.719904
"Jun 2, 01:00 pm",141.959,283.104,64.7372,0.71849
"Jun 2, 02:00 pm",41.0467,288.81,77.4895,0.332865
"Jun 2, 03:00 pm",31.7439,295.219,89.4572,0
"Jun 2, 04:00 pm",19.695,302.825,101.527,0
"Jun 2, 05:00 pm",8.23882,312.242,112.088,0
"Jun 2, 06:00 pm",0,324.174,120.975,0
"Jun 2, 07:00 pm",0,339.11,127.324,0
"Jun 2, 08:00 pm",0,356.554,130.145,0
"Jun 2, 09:00 pm",0,14.4828,128.85,0
"Jun 2, 10:00 pm",0,30.5047,123.722,0
"Jun 2, 11:00 pm",0,43.5411,115.678,0
"Jun 3, 12:00 am",0,53.8192,105.664,0
"Jun 3, 01:00 am",0,62.0229,94.3795,0
"Jun 3, 02:00 am",0,68.8106,82.1703,0.143974
"Jun 3, 03:00 am",0,74.7146,69.5974,0.646707
"Jun 3, 04:00 am",0,80.1947,56.6305,0.719383
"Jun 3, 05:00 am",181.92,85.7766,43.4389,0.720638
"Jun 3, 06:00 am",390.031,92.446,30.148,0.721031
"Jun 3, 07:00 am",421.892,103.685,16.9752,0.72039
"Jun 3, 08:00 am",429.905,152.55,5.75815,0.720114
"Jun 3, 09:00 am",450.482,247.634,12.1288,0.720227
"Jun 3, 10:00 am",431.578,264.252,25.0705,0.720744
"Jun 3, 11:00 am",394.879,271.934,38.3536,0.721036
"Jun 3, 12:00 pm",329.942,277.766,51.595,0.71988
"Jun 3, 01:00 pm",225.31,283.215,64.6578,0.718468
"Jun 3, 02:00 pm",42.3353,288.908,77.4037,0.337422
"Jun 3, 03:00 pm",35.2152,295.306,89.3735,0
"Jun 3, 04:00 pm",23.8516,302.902,101.424,0
"Jun 3, 05:00 pm",11.8929,312.306,111.975,0
"Jun 3, 06:00 pm",0,324.216,120.854,0
"Jun 3, 07:00 pm",0,339.117,127.197,0
"Jun 3, 08:00 pm",0,356.513,130.023,0
"Jun 3, 09:00 pm",0,14.3979,128.742,0
"Jun 3, 10:00 pm",0,30.394,123.636,0
"Jun 3, 11:00 pm",0,43.4211,115.613,0
"Jun 4, 12:00 am",0,53.6977,105.618,0
"Jun 4, 01:00 am",0,61.9009,94.3488,0
"Jun 4, 02:00 am",0,68.6856,82.1515,0.144954
"Jun 4, 03:00 am",0,74.5817,69.5881,0.647316
"Jun 4, 04:00 am",0,80.0454,56.6286,0.719357
"Jun 4, 05:00 am",455.524,85.5957,43.4418,0.720607
"Jun 4, 06:00 am",504.836,92.1989,30.1518,0.72106
"Jun 4, 07:00 am",522.854,103.261,16.9693,0.720418
"Jun 4, 08:00 am",526.336,151.67,5.67082,0.720143
"Jun 4, 09:00 am",536.505,248.046,12.0404,0.720254
"Jun 4, 10:00 am",534.554,264.488,24.9985,0.720769
"Jun 4, 11:00 am",525.842,272.097,38.2831,0.721013
"Jun 4, 12:00 pm",468.504,277.891,51.5218,0.719858
"Jun 4, 01:00 pm",365.924,283.319,64.58,0.718446
"Jun 4, 02:00 pm",62.2231,288.998,77.3203,0.34191
"Jun 4, 03:00 pm",39.876,295.386,89.2953,0
"Jun 4, 04:00 pm",29.3314,302.973,101.324,0
"Jun 4, 05:00 pm",16.8897,312.364,111.866,0
"Jun 4, 06:00 pm",0,324.253,120.736,0
"Jun 4, 07:00 pm",0,339.119,127.076,0
"Jun 4, 08:00 pm",0,356.47,129.906,0
"Jun 4, 09:00 pm",0,14.3137,128.641,0
"Jun 4, 10:00 pm",0,30.2861,123.556,0
"Jun 4, 11:00 pm",0,43.3051,115.554,0
"Jun 5, 12:00 am",0,53.5807,105.577,0
"Jun 5, 01:00 am",0,61.7839,94.3226,0
"Jun 5, 02:00 am",0,68.5661,82.1376,0.145773
"Jun 5, 03:00 am",0,74.4548,69.5829,0.6478
"Jun 5, 04:00 am",0,79.9031,56.6302,0.719329
"Jun 5, 05:00 am",397.085,85.4235,43.448,0.720579
"Jun 5, 06:00 am",533.089,91.9637,30.1591,0.721088
"Jun 5, 07:00 am",535.078,102.856,16.9677,0.720446
"Jun 5, 08:00 am",535.13,150.784,5.5912,0.720171
"Jun 5, 09:00 am",533.963,248.432,11.9544,0.720279
"Jun 5, 10:00 am",533.509,264.71,24.9276,0.720792
"Jun 5, 11:00 am",501.962,272.249,38.2135,0.720991
"Jun 5, 12:00 pm",436.183,278.009,51.4496,0.719838
"Jun 5, 01:00 pm",321.883,283.417,64.5034,0.718427
"Jun 5, 02:00 pm",44.012,289.083,77.2384,0.346322
"Jun 5, 03:00 pm",39.4038,295.461,89.2186,0
"Jun 5, 04:00 pm",28.8758,303.038,101.227,0
"Jun 5, 05:00 pm",16.5296,312.416,111.761,0
"Jun 5, 06:00 pm",0,324.284,120.624,0
"Jun 5, 07:00 pm",0,339.117,126.961,0
"Jun 5, 08:00 pm",0,356.425,129.797,0
"Jun 5, 09:00 pm",0,14.2303,128.547,0
"Jun 5, 10:00 pm",0,30.1811,123.482,0
"Jun 5, 11:00 pm",0,43.1931,115.501,0
"Jun 6, 12:00 am",0,53.4683,105.541,0
"Jun 6, 01:00 am",0,61.6718,94.3008,0
"Jun 6, 02:00 am",0,68.4519,82.1271,0.146429
"Jun 6, 03:00 am",0,74.3339,69.581,0.648161
"Jun 6, 04:00 am",0,79.7678,56.635,0.719302
"Jun 6, 05:00 am",405.019,85.26,43.4573,0.720553
"Jun 6, 06:00 am",459.532,91.7406,30.1697,0.721114
"Jun 6, 07:00 am",489.88,102.472,16.9702,0.720472
"Jun 6, 08:00 am",506.105,149.896,5.51924,0.720197
"Jun 6, 09:00 am",533.898,248.793,11.871,0.720303
"Jun 6, 10:00 am",533.219,264.917,24.8579,0.720814
"Jun 6, 11:00 am",510.879,272.391,38.1449,0.720971
"Jun 6, 12:00 pm",452.34,278.118,51.3785,0.719819
"Jun 6, 01:00 pm",360.083,283.507,64.4281,0.718409
"Jun 6, 02:00 pm",70.6752,289.16,77.158,0.350653
"Jun 6, 03:00 pm",39.784,295.529,89.1413,0
"Jun 6, 04:00 pm",29.2602,303.096,101.133,0
"Jun 6, 05:00 pm",16.8687,312.462,111.659,0
"Jun 6, 06:00 pm",0,324.31,120.517,0
"Jun 6, 07:00 pm",0,339.111,126.851,0
"Jun 6, 08:00 pm",0,356.378,129.693,0
"Jun 6, 09:00 pm",0,14.1479,128.459,0
"Jun 6, 10:00 pm",0,30.0789,123.415,0
"Jun 6, 11:00 pm",0,43.0851,115.453,0
"Jun 7, 12:00 am",0,53.3605,105.51,0
"Jun 7, 01:00 am",0,61.5648,94.2834,0
"Jun 7, 02:00 am",0,68.3433,82.1209,0.146925
"Jun 7, 03:00 am",0,74.2191,69.5829,0.6484
"Jun 7, 04:00 am",0,79.6397,56.6432,0.719276
"Jun 7, 05:00 am",410.037,85.1053,43.4698,0.720527
"Jun 7, 06:00 am",459.046,91.5297,30.1835,0.721139
"Jun 7, 07:00 am",481.386,102.107,16.9767,0.720496
"Jun 7, 08:00 am",488.593,149.01,5.45491,0.720221
"Jun 7, 09:00 am",524.419,249.128,11.7899,0.720325
"Jun 7, 10:00 am",511.182,265.109,24.7894,0.720835
"Jun 7, 11:00 am",484.485,272.522,38.0772,0.720952
"Jun 7, 12:00 pm",432.561,278.219,51.3084,0.719802
"Jun 7, 01:00 pm",343.448,283.59,64.3543,0.718392
"Jun 7, 02:00 pm",69.6199,289.231,77.0799,0.354898
"Jun 7, 03:00 pm",39.7598,295.59,89.0691,0
"Jun 7, 04:00 pm",29.2958,303.149,101.042,0
"Jun 7, 05:00 pm",16.9967,312.502,111.562,0
"Jun 7, 06:00 pm",0,324.33,120.414,0
"Jun 7, 07:00 pm",0,339.102,126.748,0
"Jun 7, 08:00 pm",0,356.33,129.597,0
"Jun 7, 09:00 pm",0,14.0663,128.377,0
"Jun 7, 10:00 pm",0,29.9796,123.353,0
"Jun 7, 11:00 pm",0,42.9811,115.411,0
"Jun 8, 12:00 am",0,53.2574,105.485,0
"Jun 8, 01:00 am",0,61.463,94.2704,0
"Jun 8, 02:00 am",0,68.2402,82.1185,0.147259
"Jun 8, 03:00 am",0,74.1105,69.5882,0.648517
"Jun 8, 04:00 am",0,79.5187,56.6546,0.719251
"Jun 8, 05:00 am",332.052,84.9596,43.4854,0.720504
"Jun 8, 06:00 am",463.341,91.3313,30.2003,0.721162
"Jun 8, 07:00 am",498.292,101.763,16.9869,0.720519
"Jun 8, 08:00 am",508.167,148.13,5.39813,0.720244
"Jun 8, 09:00 am",499.023,249.435,11.7113,0.720346
"Jun 8, 10:00 am",471.059,265.287,24.7221,0.720853
"Jun 8, 11:00 am",421.745,272.643,38.0105,0.720935
"Jun 8, 12:00 pm",398.678,278.311,51.2396,0.719786
"Jun 8, 01:00 pm",293.901,283.666,64.2819,0.718377
"Jun 8, 02:00 pm",44.0228,289.296,77.0032,0.359051
"Jun 8, 03:00 pm",39.5111,295.646,88.9948,0
"Jun 8, 04:00 pm",28.9911,303.195,100.954,0
"Jun 8, 05:00 pm",16.613,312.536,111.468,0
"Jun 8, 06:00 pm",0,324.345,120.317,0
"Jun 8, 07:00 pm",0,339.088,126.65,0
"Jun 8, 08:00 pm",0,356.28,129.507,0
"Jun 8, 09:00 pm",0,13.9858,128.303,0
"Jun 8, 10:00 pm",0,29.8833,123.298,0
"Jun 8, 11:00 pm",0,42.8813,115.374,0
"Jun 9, 12:00 am",0,53.1591,105.464,0
"Jun 9, 01:00 am",0,61.3663,94.2618,0
"Jun 9, 02:00 am",0,68.1427,82.1193,0.147435
"Jun 9, 03:00 am",0,74.0081,69.5967,0.648516
"Jun 9, 04:00 am",0,79.4049,56.6689,0.719228
"Jun 9, 05:00 am",339.147,84.8229,43.5038,0.720481
"Jun 9, 06:00 am",439.838,91.1453,30.2201,0.721184
"Jun 9, 07:00 am",488.069,101.44,17.0008,0.72054
"Jun 9, 08:00 am",515.376,147.26,5.34883,0.720265
"Jun 9, 09:00 am",532.168,249.715,11.635,0.720365
"Jun 9, 10:00 am",534.728,265.449,24.6559,0.72087
"Jun 9, 11:00 am",533.692,272.754,37.945,0.720919
"Jun 9, 12:00 pm",472.239,278.396,51.1719,0.719772
"Jun 9, 01:00 pm",360.148,283.734,64.2111,0.718364
"Jun 9, 02:00 pm",58.9399,289.354,76.9287,0.363105
"Jun 9, 03:00 pm",39.8605,295.695,88.9239,0
"Jun 9, 04:00 pm",29.4544,303.235,100.869,0
"Jun 9, 05:00 pm",17.1167,312.564,111.379,0
"Jun 9, 06:00 pm",0,324.355,120.224,0
"Jun 9, 07:00 pm",0,339.07,126.559,0
"Jun 9, 08:00 pm",0,356.229,129.423,0
"Jun 9, 09:00 pm",0,13.9063,128.235,0
"Jun 9, 10:00 pm",0,29.7901,123.249,0
"Jun 9, 11:00 pm",0,42.7857,115.343,0
"Jun 10, 12:00 am",0,53.0656,105.447,0
"Jun 10, 01:00 am",0,61.2748,94.2574,0
"Jun 10, 02:00 am",0,68.0509,82.1244,0.147453
"Jun 10, 03:00 am",0,73.912,69.6089,0.648397
"Jun 10, 04:00 am",0,79.2985,56.6866,0.719207
"Jun 10, 05:00 am",436.411,84.6953,43.5252,0.72046
"Jun 10, 06:00 am",534.827,90.9719,30.2429,0.721204
"Jun 10, 07:00 am",532.082,101.138,17.0182,0.72056
"Jun 10, 08:00 am",531.968,146.405,5.30693,0.720285
"Jun 10, 09:00 am",531.922,249.966,11.5611,0.720382
"Jun 10, 10:00 am",531.896,265.596,24.591,0.720886
"Jun 10, 11:00 am",534.063,272.854,37.8805,0.720906
"Jun 10, 12:00 pm",505.92,278.471,51.1056,0.71976
"Jun 10, 01:00 pm",398.346,283.795,64.1418,0.718352
"Jun 10, 02:00 pm",76.5951,289.405,76.8562,0.367056
"Jun 10, 03:00 pm",39.688,295.738,88.8556,0
"Jun 10, 04:00 pm",29.2453,303.27,100.788,0
"Jun 10, 05:00 pm",16.947,312.587,111.294,0
"Jun 10, 06:00 pm",0,324.36,120.137,0
"Jun 10, 07:00 pm",0,339.048,126.473,0
"Jun 10, 08:00 pm",0,356.176,129.346,0
"Jun 10, 09:00 pm",0,13.8279,128.174,0
"Jun 10, 10:00 pm",0,29.6999,123.207,0
"Jun 10, 11:00 pm",0,42.6943,115.318,0
"Jun 11, 12:00 am",0,52.9769,105.436,0
"Jun 11, 01:00 am",0,61.1886,94.2574,0
"Jun 11, 02:00 am",0,67.9648,82.1334,0.147315
"Jun 11, 03:00 am",0,73.8223,69.6245,0.648162
"Jun 11, 04:00 am",0,79.1995,56.7073,0.719186
"Jun 11, 05:00 am",443.468,84.5769,43.5495,0.720441
"Jun 11, 06:00 am",495.383,90.8113,30.2684,0.721223
"Jun 11, 07:00 am",514.648,100.858,17.0389,0.720578
"Jun 11, 08:00 am",513.835,145.57,5.2723,0.720303
"Jun 11, 09:00 am",520.272,250.188,11.4895,0.720398
"Jun 11, 10:00 am",503.031,265.728,24.5273,0.7209
"Jun 11, 11:00 am",470.672,272.943,37.8172,0.720893
"Jun 11, 12:00 pm",409.908,278.539,51.0406,0.719749
"Jun 11, 01:00 pm",305.728,283.849,64.0743,0.718342
"Jun 11, 02:00 pm",46.8876,289.449,76.7859,0.370897
"Jun 11, 03:00 pm",39.6882,295.775,88.7888,0
"Jun 11, 04:00 pm",29.2347,303.298,100.71,0
"Jun 11, 05:00 pm",16.8511,312.604,111.213,0
"Jun 11, 06:00 pm",0,324.36,120.054,0
"Jun 11, 07:00 pm",0,339.023,126.394,0
"Jun 11, 08:00 pm",0,356.121,129.276,0
"Jun 11, 09:00 pm",0,13.7506,128.119,0
"Jun 11, 10:00 pm",0,29.6129,123.17,0
"Jun 11, 11:00 pm",0,42.6072,115.298,0
"Jun 12, 12:00 am",0,52.8931,105.43,0
"Jun 12, 01:00 am",0,61.1077,94.2616,0
"Jun 12, 02:00 am",0,67.8844,82.1454,0.147023
"Jun 12, 03:00 am",0,73.7389,69.6429,0.647813
"Jun 12, 04:00 am",0,79.1079,56.7306,0.719167
"Jun 12, 05:00 am",405.362,84.4677,43.5763,0.720422
"Jun 12, 06:00 am",492.155,90.6635,30.2965,0.721241
"Jun 12, 07:00 am",506.063,100.6,17.0629,0.720594
"Jun 12, 08:00 am",506.92,144.759,5.24482,0.720319
"Jun 12, 09:00 am",483.195,250.38,11.4202,0.720412
"Jun 12, 10:00 am",449.153,265.844,24.4648,0.720912
"Jun 12, 11:00 am",397.157,273.022,37.755,0.720882
"Jun 12, 12:00 pm",307.404,278.598,50.9769,0.719739
"Jun 12, 01:00 pm",176.034,283.896,64.0083,0.718334
"Jun 12, 02:00 pm",41.3688,289.487,76.7173,0.374623
"Jun 12, 03:00 pm",33.0075,295.805,88.7234,0
"Jun 12, 04:00 pm",21.2998,303.32,100.635,0
"Jun 12, 05:00 pm",9.89754,312.615,111.136,0
"Jun 12, 06:00 pm",0,324.354,119.977,0
"Jun 12, 07:00 pm",0,338.994,126.32,0
"Jun 12, 08:00 pm",0,356.066,129.213,0
"Jun 12, 09:00 pm",0,13.6746,128.071,0
"Jun 12, 10:00 pm",0,29.5291,123.14,0
"Jun 12, 11:00 pm",0,42.5244,115.284,0
"Jun 13, 12:00 am",0,52.8143,105.428,0
"Jun 13, 01:00 am",0,61.0321,94.27,0
"Jun 13, 02:00 am",0,67.8099,82.1614,0.146579
"Jun 13, 03:00 am",0,73.662,69.6649,0.647351
"Jun 13, 04:00 am",0,79.0237,56.757,0.71915
"Jun 13, 05:00 am",318.342,84.3678,43.6058,0.720406
"Jun 13, 06:00 am",385.402,90.5285,30.3273,0.721257
"Jun 13, 07:00 am",409.691,100.363,17.09,0.720609
"Jun 13, 08:00 am",413.261,143.975,5.22437,0.720333
"Jun 13, 09:00 am",420.414,250.541,11.3533,0.720424
"Jun 13, 10:00 am",398.998,265.944,24.4037,0.720923
"Jun 13, 11:00 am",357.796,273.09,37.6941,0.720873
"Jun 13, 12:00 pm",294.378,278.648,50.9148,0.719731
"Jun 13, 01:00 pm",195.645,283.936,63.9444,0.718327
"Jun 13, 02:00 pm",42.2434,289.519,76.6514,0.378228
"Jun 13, 03:00 pm",35.1684,295.829,88.6619,0
"Jun 13, 04:00 pm",23.8447,303.336,100.564,0
"Jun 13, 05:00 pm",11.9391,312.62,111.064,0
"Jun 13, 06:00 pm",0,324.344,119.905,0
"Jun 13, 07:00 pm",0,338.962,126.253,0
"Jun 13, 08:00 pm",0,356.009,129.156,0
"Jun 13, 09:00 pm",0,13.5998,128.03,0
"Jun 13, 10:00 pm",0,29.4485,123.116,0
"Jun 13, 11:00 pm",0,42.446,115.275,0
"Jun 14, 12:00 am",0,52.7405,105.432,0
"Jun 14, 01:00 am",0,60.962,94.2826,0
"Jun 14, 02:00 am",0,67.7412,82.1811,0.145985
"Jun 14, 03:00 am",0,73.5916,69.69,0.646779
"Jun 14, 04:00 am",0,78.9471,56.7863,0.719134
"Jun 14, 05:00 am",410.18,84.2772,43.6379,0.72039
"Jun 14, 06:00 am",475.992,90.4064,30.3606,0.721271
"Jun 14, 07:00 am",504.269,100.148,17.12,0.720623
"Jun 14, 08:00 am",515.576,143.224,5.21079,0.720346
"Jun 14, 09:00 am",533.029,250.672,11.2887,0.720435
"Jun 14, 10:00 am",523.901,266.029,24.3438,0.720932
"Jun 14, 11:00 am",494.686,273.147,37.6344,0.720866
"Jun 14, 12:00 pm",432.877,278.69,50.854,0.719725
"Jun 14, 01:00 pm",328.758,283.968,63.8821,0.718321
"Jun 14, 02:00 pm",61.2835,289.544,76.5876,0.381706
"Jun 14, 03:00 pm",39.7289,295.847,88.6022,0
"Jun 14, 04:00 pm",29.2304,303.347,100.497,0
"Jun 14, 05:00 pm",16.8328,312.62,110.996,0
"Jun 14, 06:00 pm",0,324.329,119.839,0
"Jun 14, 07:00 pm",0,338.926,126.192,0
"Jun 14, 08:00 pm",0,355.95,129.106,0
"Jun 14, 09:00 pm",0,13.5264,127.996,0
"Jun 14, 10:00 pm",0,29.3713,123.098,0
"Jun 14, 11:00 pm",0,42.3721,115.272,0
"Jun 15, 12:00 am",0,52.6718,105.44,0
"Jun 15, 01:00 am",0,60.8974,94.2992,0
"Jun 15, 02:00 am",0,67.6784,82.2037,0.145244
"Jun 15, 03:00 am",0,73.5277,69.718,0.646097
"Jun 15, 04:00 am",0,78.878,56.8181,0.719119
"Jun 15, 05:00 am",396.744,84.196,43.6723,0.720377
"Jun 15, 06:00 am",448.726,90.2974,30.3962,0.721284
"Jun 15, 07:00 am",476.59,99.9562,17.1528,0.720635
"Jun 15, 08:00 am",489.403,142.508,5.20391,0.720358
"Jun 15, 09:00 am",494.52,250.77,11.2265,0.720444
"Jun 15, 10:00 am",480.448,266.097,24.2853,0.72094
"Jun 15, 11:00 am",449.626,273.193,37.576,0.72086
"Jun 15, 12:00 pm",390.274,278.723,50.7946,0.71972
"Jun 15, 01:00 pm",292.761,283.993,63.8213,0.718317
"Jun 15, 02:00 pm",50.3008,289.562,76.5253,0.385052
"Jun 15, 03:00 pm",39.8399,295.859,88.5405,0
"Jun 15, 04:00 pm",29.3386,303.351,100.433,0
"Jun 15, 05:00 pm",16.933,312.614,110.932,0
"Jun 15, 06:00 pm",0,324.308,119.778,0
"Jun 15, 07:00 pm",0,338.886,126.137,0
"Jun 15, 08:00 pm",0,355.891,129.062,0
"Jun 15, 09:00 pm",0,13.4545,127.968,0
"Jun 15, 10:00 pm",0,29.2974,123.087,0
"Jun 15, 11:00 pm",0,42.3027,115.274,0
"Jun 16, 12:00 am",0,52.6082,105.453,0
"Jun 16, 01:00 am",0,60.8383,94.32,0
"Jun 16, 02:00 am",0,67.6216,82.2298,0.144358
"Jun 16, 03:00 am",0,73.4705,69.749,0.645308
"Jun 16, 04:00 am",0,78.8166,56.8526,0.719106
"Jun 16, 05:00 am",279.382,84.1242,43.7092,0.720365
"Jun 16, 06:00 am",370.729,90.2014,30.4341,0.721295
"Jun 16, 07:00 am",401.858,99.7861,17.1883,0.720645
"Jun 16, 08:00 am",412.789,141.832,5.20359,0.720367
"Jun 16, 09:00 am",456.805,250.837,11.1667,0.720452
"Jun 16, 10:00 am",445.11,266.15,24.2282,0.720946
"Jun 16, 11:00 am",414.837,273.228,37.519,0.720855
"Jun 16, 12:00 pm",362.76,278.748,50.7371,0.719717
"Jun 16, 01:00 pm",267.811,284.01,63.763,0.718315
"Jun 16, 02:00 pm",43.8934,289.574,76.4665,0.388259
"Jun 16, 03:00 pm",39.1242,295.865,88.4872,0
"Jun 16, 04:00 pm",28.4525,303.35,100.373,0
"Jun 16, 05:00 pm",16.0272,312.603,110.873,0
"Jun 16, 06:00 pm",0,324.283,119.722,0
"Jun 16, 07:00 pm",0,338.843,126.088,0
"Jun 16, 08:00 pm",0,355.83,129.026,0
"Jun 16, 09:00 pm",0,13.384,127.947,0
"Jun 16, 10:00 pm",0,29.227,123.081,0
"Jun 16, 11:00 pm",0,42.2379,115.282,0
"Jun 17, 12:00 am",0,52.5497,105.47,0
"Jun 17, 01:00 am",0,60.7848,94.3447,0
"Jun 17, 02:00 am",0,67.5708,82.26,0.143332
"Jun 17, 03:00 am",0,73.4198,69.7832,0.644413
"Jun 17, 04:00 am",0,78.7628,56.8898,0.719094
"Jun 17, 05:00 am",339.738,84.0619,43.7485,0.720354
"Jun 17, 06:00 am",440.44,90.1184,30.4742,0.721305
"Jun 17, 07:00 am",465.327,99.6384,17.2264,0.720654
"Jun 17, 08:00 am",473.631,141.198,5.20967,0.720375
"Jun 17, 09:00 am",443.435,250.872,11.1094,0.720458
"Jun 17, 10:00 am",424.735,266.187,24.1726,0.72095
"Jun 17, 11:00 am",385.975,273.252,37.4636,0.720852
"Jun 17, 12:00 pm",315.799,278.765,50.6813,0.719715
"Jun 17, 01:00 pm",200.775,284.021,63.7068,0.718314
"Jun 17, 02:00 pm",42.1128,289.579,76.4101,0.391323
"Jun 17, 03:00 pm",34.778,295.864,88.4359,0
"Jun 17, 04:00 pm",23.3596,303.342,100.317,0
"Jun 17, 05:00 pm",11.6378,312.586,110.819,0
"Jun 17, 06:00 pm",0,324.253,119.672,0
"Jun 17, 07:00 pm",0,338.797,126.046,0
"Jun 17, 08:00 pm",0,355.769,128.996,0
"Jun 17, 09:00 pm",0,13.3151,127.933,0
"Jun 17, 10:00 pm",0,29.1601,123.082,0
"Jun 17, 11:00 pm",0,42.1777,115.295,0
"Jun 18, 12:00 am",0,52.4965,105.492,0
"Jun 18, 01:00 am",0,60.7369,94.3734,0
"Jun 18, 02:00 am",0,67.526,82.2934,0.142167
"Jun 18, 03:00 am",0,73.3758,69.8203,0.643415
"Jun 18, 04:00 am",0,78.7166,56.9294,0.71908
"Jun 18, 05:00 am",0,84.009,43.7899,0.720346
"Jun 18, 06:00 am",232.057,90.0485,30.5165,0.721313
"Jun 18, 07:00 am",276.882,99.513,17.267,0.720661
"Jun 18, 08:00 am",297.91,140.61,5.22197,0.720381
"Jun 18, 09:00 am",394.9,250.873,11.0546,0.720462
"Jun 18, 10:00 am",382.305,266.207,24.1186,0.720953
"Jun 18, 11:00 am",346.556,273.266,37.4097,0.720851
"Jun 18, 12:00 pm",279.341,278.772,50.6273,0.719715
"Jun 18, 01:00 pm",172.48,284.024,63.6527,0.718315
"Jun 18, 02:00 pm",41.7913,289.577,76.3563,0.394239
"Jun 18, 03:00 pm",33.9578,295.858,88.3872,0
"Jun 18, 04:00 pm",22.4975,303.329,100.264,0
"Jun 18, 05:00 pm",11.0044,312.564,110.769,0
"Jun 18, 06:00 pm",0,324.219,119.627,0
"Jun 18, 07:00 pm",0,338.747,126.01,0
"Jun 18, 08:00 pm",0,355.706,128.973,0
"Jun 18, 09:00 pm",0,13.2478,127.925,0
"Jun 18, 10:00 pm",0,29.0968,123.089,0
"Jun 18, 11:00 pm",0,42.1222,115.313,0
"Jun 19, 12:00 am",0,52.4486,105.519,0
"Jun 19, 01:00 am",0,60.6947,94.4059,0
"Jun 19, 02:00 am",0,67.4873,82.3296,0.140867
"Jun 19, 03:00 am",0,73.3385,69.86,0.642315
"Jun 19, 04:00 am",0,78.6782,56.9714,0.719073
"Jun 19, 05:00 am",244.958,83.9657,43.8334,0.720338
"Jun 19, 06:00 am",408.331,89.9918,30.5606,0.721318
"Jun 19, 07:00 am",439.398,99.41,17.3098,0.720666
"Jun 19, 08:00 am",445.538,140.069,5.2403,0.720386
"Jun 19, 09:00 am",434.475,250.841,11.0025,0.720465
"Jun 19, 10:00 am",396.821,266.211,24.0662,0.720954
"Jun 19, 11:00 am",335.191,273.268,37.3574,0.720851
"Jun 19, 12:00 pm",244.093,278.771,50.575,0.719717
"Jun 19, 01:00 pm",126.505,284.02,63.6007,0.718318
"Jun 19, 02:00 pm",40.6188,289.569,76.305,0.396999
"Jun 19, 03:00 pm",31.594,295.845,88.341,0
"Jun 19, 04:00 pm",19.5938,303.31,100.216,0
"Jun 19, 05:00 pm",0,312.537,110.724,0
"Jun 19, 06:00 pm",0,324.18,119.588,0
"Jun 19, 07:00 pm",0,338.695,125.981,0
"Jun 19, 08:00 pm",0,355.643,128.957,0
"Jun 19, 09:00 pm",0,13.1823,127.925,0
"Jun 19, 10:00 pm",0,29.0371,123.102,0
"Jun 19, 11:00 pm",0,42.0716,115.337,0
"Jun 20, 12:00 am",0,52.4061,105.55,0
"Jun 20, 01:00 am",0,60.6582,94.4422,0
"Jun 20, 02:00 am",0,67.4548,82.3691,0.139435
"Jun 20, 03:00 am",0,73.3079,69.9025,0.641116
"Jun 20, 04:00 am",0,78.6476,57.0157,0.719068
"Jun 20, 05:00 am",445.092,83.932,43.879,0.72033
"Jun 20, 06:00 am",491.427,89.9482,30.6067,0.721313
"Jun 20, 07:00 am",505.299,99.3294,17.3549,0.72067
"Jun 20, 08:00 am",490.169,139.578,5.2645,0.720389
"Jun 20, 09:00 am",504.096,250.776,10.953,0.720466
"Jun 20, 10:00 am",446.09,266.199,24.0155,0.720954
"Jun 20, 11:00 am",367.074,273.26,37.3068,0.720853
"Jun 20, 12:00 pm",250.724,278.762,50.5247,0.719719
"Jun 20, 01:00 pm",99.7713,284.008,63.551,0.718322
"Jun 20, 02:00 pm",40.0832,289.555,76.2566,0.399601
"Jun 20, 03:00 pm",30.1066,295.827,88.2987,0
"Jun 20, 04:00 pm",17.7587,303.286,100.171,0
"Jun 20, 05:00 pm",0,312.504,110.683,0
"Jun 20, 06:00 pm",0,324.136,119.554,0
"Jun 20, 07:00 pm",0,338.639,125.957,0
"Jun 20, 08:00 pm",0,355.579,128.948,0
"Jun 20, 09:00 pm",0,13.1187,127.93,0
"Jun 20, 10:00 pm",0,28.9813,123.121,0
"Jun 20, 11:00 pm",0,42.0257,115.365,0
"Jun 21, 12:00 am",0,52.3689,105.585,0
"Jun 21, 01:00 am",0,60.6274,94.4823,0
"Jun 21, 02:00 am",0,67.4284,82.4117,0.137876
"Jun 21, 03:00 am",0,73.2841,69.9475,0.63982
"Jun 21, 04:00 am",0,78.6247,57.0622,0.719061
"Jun 21, 05:00 am",290.73,83.9077,43.9263,0.720326
"Jun 21, 06:00 am",455.793,89.9177,30.6545,0.721309
"Jun 21, 07:00 am",450.603,99.271,17.4021,0.720673
"Jun 21, 08:00 am",427.302,139.139,5.29439,0.72039
"Jun 21, 09:00 am",377.268,250.677,10.9064,0.720465
"Jun 21, 10:00 am",301.758,266.17,23.9666,0.720952
"Jun 21, 11:00 am",205.99,273.24,37.2579,0.720856
"Jun 21, 12:00 pm",105.482,278.744,50.4763,0.719724
"Jun 21, 01:00 pm",42.1809,283.99,63.5035,0.718327
"Jun 21, 02:00 pm",35.1959,289.534,76.2104,0.402038
"Jun 21, 03:00 pm",23.7469,295.802,88.2561,0
"Jun 21, 04:00 pm",11.8735,303.256,100.13,0
"Jun 21, 05:00 pm",0,312.466,110.648,0
"Jun 21, 06:00 pm",0,324.088,119.526,0
"Jun 21, 07:00 pm",0,338.581,125.94,0
"Jun 21, 08:00 pm",0,355.515,128.945,0
"Jun 21, 09:00 pm",0,13.057,127.943,0
"Jun 21, 10:00 pm",0,28.9293,123.146,0
"Jun 21, 11:00 pm",0,41.9849,115.399,0
"Jun 22, 12:00 am",0,52.3373,105.625,0
"Jun 22, 01:00 am",0,60.6026,94.526,0
"Jun 22, 02:00 am",0,67.4082,82.4567,0.136193
"Jun 22, 03:00 am",0,73.2671,69.9949,0.638428
"Jun 22, 04:00 am",0,78.6096,57.1107,0.719057
"Jun 22, 05:00 am",336.136,83.8931,43.9755,0.720322
"Jun 22, 06:00 am",418.46,89.9003,30.704,0.721307
"Jun 22, 07:00 am",442.863,99.2349,17.4512,0.720673
"Jun 22, 08:00 am",438.029,138.752,5.32982,0.72039
"Jun 22, 09:00 am",442.317,250.544,10.8627,0.720463
"Jun 22, 10:00 am",395.586,266.125,23.9196,0.720948
"Jun 22, 11:00 am",325.887,273.21,37.2109,0.720861
"Jun 22, 12:00 pm",326.978,278.718,50.4301,0.71973
"Jun 22, 01:00 pm",205.767,283.964,63.4585,0.718334
"Jun 22, 02:00 pm",42.2075,289.507,76.1673,0.404305
"Jun 22, 03:00 pm",34.9328,295.772,88.2173,0
"Jun 22, 04:00 pm",23.4141,303.22,100.094,0
"Jun 22, 05:00 pm",11.291,312.423,110.617,0
"Jun 22, 06:00 pm",0,324.036,119.504,0
"Jun 22, 07:00 pm",0,338.52,125.93,0
"Jun 22, 08:00 pm",0,355.45,128.949,0
"Jun 22, 09:00 pm",0,12.9974,127.962,0
"Jun 22, 10:00 pm",0,28.8813,123.177,0
"Jun 22, 11:00 pm",0,41.949,115.439,0
"Jun 23, 12:00 am",0,52.3112,105.67,0
"Jun 23, 01:00 am",0,60.5836,94.5733,0
"Jun 23, 02:00 am",0,67.3943,82.505,0.134389
"Jun 23, 03:00 am",0,73.257,70.0448,0.636942
"Jun 23, 04:00 am",0,78.6023,57.1613,0.719055
"Jun 23, 05:00 am",445.826,83.8881,44.0264,0.72032
"Jun 23, 06:00 am",524.191,89.8961,30.755,0.721307
"Jun 23, 07:00 am",533.573,99.2209,17.5022,0.720672
"Jun 23, 08:00 am",529.598,138.42,5.37061,0.720388
"Jun 23, 09:00 am",526.247,250.378,10.8221,0.72046
"Jun 23, 10:00 am",493.576,266.064,23.8746,0.720943
"Jun 23, 11:00 am",449.809,273.168,37.1659,0.720867
"Jun 23, 12:00 pm",371.602,278.683,50.3861,0.719737
"Jun 23, 01:00 pm",234.488,283.931,63.4161,0.718342
"Jun 23, 02:00 pm",42.0934,289.473,76.1273,0.406398
"Jun 23, 03:00 pm",34.7933,295.735,88.1823,0
"Jun 23, 04:00 pm",23.3028,303.179,100.062,0
"Jun 23, 05:00 pm",11.4593,312.375,110.591,0
"Jun 23, 06:00 pm",0,323.979,119.488,0
"Jun 23, 07:00 pm",0,338.456,125.926,0
"Jun 23, 08:00 pm",0,355.384,128.96,0
"Jun 23, 09:00 pm",0,12.9399,127.988,0
"Jun 23, 10:00 pm",0,28.8374,123.214,0
"Jun 23, 11:00 pm",0,41.9183,115.483,0
"Jun 24, 12:00 am",0,52.2907,105.718,0
"Jun 24, 01:00 am",0,60.5705,94.624,0
"Jun 24, 02:00 am",0,67.3867,82.556,0.13247
"Jun 24, 03:00 am",0,73.2537,70.0971,0.635365
"Jun 24, 04:00 am",0,78.6029,57.2139,0.719054
"Jun 24, 05:00 am",423.417,83.8926,44.079,0.72032
"Jun 24, 06:00 am",514.938,89.9049,30.8076,0.721308
"Jun 24, 07:00 am",533.398,99.229,17.555,0.72067
"Jun 24, 08:00 am",534.13,138.142,5.41664,0.720384
"Jun 24, 09:00 am",533.782,250.177,10.7847,0.720454
"Jun 24, 10:00 am",521.639,265.986,23.8318,0.720936
"Jun 24, 11:00 am",469.755,273.116,37.1231,0.720875
"Jun 24, 12:00 pm",378.667,278.64,50.3445,0.719746
"Jun 24, 01:00 pm",235.98,283.891,63.3766,0.718352
"Jun 24, 02:00 pm",42.3894,289.434,76.0906,0.408311
"Jun 24, 03:00 pm",35.5647,295.693,88.1516,0
"Jun 24, 04:00 pm",24.2919,303.132,100.034,0
"Jun 24, 05:00 pm",12.4104,312.322,110.571,0
"Jun 24, 06:00 pm",0,323.919,119.477,0
"Jun 24, 07:00 pm",0,338.389,125.929,0
"Jun 24, 08:00 pm",0,355.319,128.978,0
"Jun 24, 09:00 pm",0,12.8847,128.02,0
"Jun 24, 10:00 pm",0,28.7976,123.257,0
"Jun 24, 11:00 pm",0,41.8927,115.532,0
"Jun 25, 12:00 am",0,52.2759,105.771,0
"Jun 25, 01:00 am",0,60.5634,94.6781,0
"Jun 25, 02:00 am",0,67.3855,82.6103,0.130439
"Jun 25, 03:00 am",0,73.2573,70.1517,0.633699
"Jun 25, 04:00 am",0,78.6114,57.2683,0.719054
"Jun 25, 05:00 am",411.581,83.9067,44.1332,0.720321
"Jun 25, 06:00 am",464.792,89.9268,30.8616,0.72131
"Jun 25, 07:00 am",487.942,99.2589,17.6095,0.720666
"Jun 25, 08:00 am",494.393,137.918,5.46775,0.720379
"Jun 25, 09:00 am",533.938,249.943,10.7506,0.720447
"Jun 25, 10:00 am",514.127,265.892,23.7913,0.720928
"Jun 25, 11:00 am",481.298,273.053,37.0825,0.720885
"Jun 25, 12:00 pm",417.698,278.588,50.3054,0.719757
"Jun 25, 01:00 pm",312.089,283.844,63.3398,0.718364
"Jun 25, 02:00 pm",60.5214,289.387,76.0572,0.410041
"Jun 25, 03:00 pm",39.7811,295.645,88.1246,0
"Jun 25, 04:00 pm",29.2046,303.08,100.01,0
"Jun 25, 05:00 pm",16.7026,312.264,110.555,0
"Jun 25, 06:00 pm",0,323.854,119.472,0
"Jun 25, 07:00 pm",0,338.32,125.938,0
"Jun 25, 08:00 pm",0,355.253,129.003,0
"Jun 25, 09:00 pm",0,12.8319,128.059,0
"Jun 25, 10:00 pm",0,28.762,123.306,0
"Jun 25, 11:00 pm",0,41.8724,115.586,0
"Jun 26, 12:00 am",0,52.2668,105.827,0
"Jun 26, 01:00 am",0,60.5624,94.7356,0
"Jun 26, 02:00 am",0,67.3906,82.6668,0.1283
"Jun 26, 03:00 am",0,73.2678,70.2085,0.631947
"Jun 26, 04:00 am",0,78.6277,57.3245,0.719055
"Jun 26, 05:00 am",308.39,83.9305,44.1887,0.720325
"Jun 26, 06:00 am",515.603,89.9618,30.9169,0.721315
"Jun 26, 07:00 am",532.828,99.3107,17.6656,0.72066
"Jun 26, 08:00 am",533.482,137.748,5.52381,0.720372
"Jun 26, 09:00 am",534.561,249.675,10.7201,0.720439
"Jun 26, 10:00 am",533.102,265.781,23.7531,0.720918
"Jun 26, 11:00 am",521.854,272.979,37.0443,0.720896
"Jun 26, 12:00 pm",463.737,278.528,50.2688,0.719768
"Jun 26, 01:00 pm",366.855,283.79,63.3059,0.718376
"Jun 26, 02:00 pm",94.3952,289.335,76.027,0.411583
"Jun 26, 03:00 pm",39.7694,295.592,88.1013,0
"Jun 26, 04:00 pm",29.2517,303.023,99.9911,0
"Jun 26, 05:00 pm",16.922,312.201,110.545,0
"Jun 26, 06:00 pm",0,323.785,119.473,0
"Jun 26, 07:00 pm",0,338.249,125.953,0
"Jun 26, 08:00 pm",0,355.187,129.034,0
"Jun 26, 09:00 pm",0,12.7815,128.104,0
"Jun 26, 10:00 pm",0,28.7308,123.36,0
"Jun 26, 11:00 pm",0,41.8574,115.645,0
"Jun 27, 12:00 am",0,52.2636,105.888,0
"Jun 27, 01:00 am",0,60.5674,94.7962,0
"Jun 27, 02:00 am",0,67.402,82.7264,0.126058
"Jun 27, 03:00 am",0,73.2853,70.2674,0.630109
"Jun 27, 04:00 am",0,78.6518,57.3823,0.719058
"Jun 27, 05:00 am",239.312,83.9638,44.2456,0.72033
"Jun 27, 06:00 am",323.993,90.0097,30.9734,0.721318
"Jun 27, 07:00 am",350.962,99.3841,17.7232,0.720653
"Jun 27, 08:00 am",360.786,137.632,5.5847,0.720363
"Jun 27, 09:00 am",387.257,249.374,10.6933,0.720429
"Jun 27, 10:00 am",358.752,265.655,23.7175,0.720906
"Jun 27, 11:00 am",311.28,272.894,37.0085,0.720908
"Jun 27, 12:00 pm",241.864,278.46,50.2349,0.719782
"Jun 27, 01:00 pm",142.211,283.729,63.275,0.718391
"Jun 27, 02:00 pm",41.4838,289.276,76.0004,0.412933
"Jun 27, 03:00 pm",33.2297,295.533,88.0826,0
"Jun 27, 04:00 pm",21.636,302.961,99.9765,0
"Jun 27, 05:00 pm",10.2268,312.134,110.539,0
"Jun 27, 06:00 pm",0,323.713,119.48,0
"Jun 27, 07:00 pm",0,338.175,125.976,0
"Jun 27, 08:00 pm",0,355.121,129.073,0
"Jun 27, 09:00 pm",0,12.7338,128.156,0
"Jun 27, 10:00 pm",0,28.7041,123.421,0
"Jun 27, 11:00 pm",0,41.8479,115.709,0
"Jun 28, 12:00 am",0,52.2661,105.952,0
"Jun 28, 01:00 am",0,60.5785,94.86,0
"Jun 28, 02:00 am",0,67.4199,82.7884,0.123717
"Jun 28, 03:00 am",0,73.3097,70.3282,0.628189
"Jun 28, 04:00 am",0,78.6839,57.4417,0.719062
"Jun 28, 05:00 am",231.491,84.0066,44.3038,0.720336
"Jun 28, 06:00 am",488.588,90.0706,31.031,0.721311
"Jun 28, 07:00 am",522.009,99.479,17.7822,0.720644
"Jun 28, 08:00 am",532.325,137.569,5.65032,0.720353
"Jun 28, 09:00 am",532.548,249.039,10.6704,0.720417
"Jun 28, 10:00 am",530.982,265.512,23.6844,0.720893
"Jun 28, 11:00 am",503.279,272.799,36.9752,0.720922
"Jun 28, 12:00 pm",445.082,278.384,50.2037,0.719796
"Jun 28, 01:00 pm",346.595,283.661,63.2473,0.718406
"Jun 28, 02:00 pm",84.0443,289.212,75.9773,0.414087
"Jun 28, 03:00 pm",39.7815,295.468,88.0675,0
"Jun 28, 04:00 pm",29.2804,302.893,99.9664,0
"Jun 28, 05:00 pm",16.9511,312.062,110.539,0
"Jun 28, 06:00 pm",0,323.637,119.493,0
"Jun 28, 07:00 pm",0,338.099,126.004,0
"Jun 28, 08:00 pm",0,355.056,129.118,0
"Jun 28, 09:00 pm",0,12.6887,128.214,0
"Jun 28, 10:00 pm",0,28.6818,123.486,0
"Jun 28, 11:00 pm",0,41.8438,115.778,0
"Jun 29, 12:00 am",0,52.2746,106.021,0
"Jun 29, 01:00 am",0,60.5958,94.9267,0
"Jun 29, 02:00 am",0,67.4443,82.8528,0.121282
"Jun 29, 03:00 am",0,73.341,70.391,0.626189
"Jun 29, 04:00 am",0,78.7238,57.5026,0.71907
"Jun 29, 05:00 am",244.91,84.0591,44.3631,0.720343
"Jun 29, 06:00 am",323.633,90.1443,31.0896,0.721302
"Jun 29, 07:00 am",356.712,99.5951,17.8426,0.720634
"Jun 29, 08:00 am",374.115,137.558,5.72056,0.720341
"Jun 29, 09:00 am",424.828,248.673,10.6514,0.720404
"Jun 29, 10:00 am",422.37,265.353,23.6541,0.720879
"Jun 29, 11:00 am",400.491,272.692,36.9445,0.720937
"Jun 29, 12:00 pm",353.469,278.299,50.1751,0.719813
"Jun 29, 01:00 pm",269.312,283.586,63.2223,0.718424
"Jun 29, 02:00 pm",53.2555,289.141,75.957,0.415041
"Jun 29, 03:00 pm",39.8877,295.397,88.0535,0
"Jun 29, 04:00 pm",29.5333,302.821,99.961,0
"Jun 29, 05:00 pm",17.0743,311.985,110.544,0
"Jun 29, 06:00 pm",0,323.557,119.512,0
"Jun 29, 07:00 pm",0,338.021,126.04,0
"Jun 29, 08:00 pm",0,354.99,129.17,0
"Jun 29, 09:00 pm",0,12.6465,128.279,0
"Jun 29, 10:00 pm",0,28.6642,123.558,0
"Jun 29, 11:00 pm",0,41.8453,115.851,0
"Jun 30, 12:00 am",0,52.2891,106.093,0
"Jun 30, 01:00 am",0,60.6193,94.9965,0
"Jun 30, 02:00 am",0,67.4751,82.9186,0.118757
"Jun 30, 03:00 am",0,73.3793,70.4553,0.624111
"Jun 30, 04:00 am",0,78.7716,57.5647,0.719078
"Jun 30, 05:00 am",270.475,84.121,44.4235,0.720353
"Jun 30, 06:00 am",479.589,90.2308,31.1492,0.721291
"Jun 30, 07:00 am",513.867,99.7323,17.9043,0.720621
"Jun 30, 08:00 am",527.436,137.597,5.79537,0.720328
"Jun 30, 09:00 am",520.322,248.274,10.6367,0.720389
"Jun 30, 10:00 am",494.918,265.178,23.6267,0.720863
"Jun 30, 11:00 am",440.492,272.576,36.9167,0.720954
"Jun 30, 12:00 pm",351.068,278.206,50.1497,0.71983
"Jun 30, 01:00 pm",213.505,283.505,63.2008,0.718442
"Jun 30, 02:00 pm",42.1548,289.065,75.941,0.415792
"Jun 30, 03:00 pm",34.985,295.322,88.0458,0
"Jun 30, 04:00 pm",23.5982,302.743,99.9602,0
"Jun 30, 05:00 pm",11.8286,311.904,110.555,0
"Jun 30, 06:00 pm",0,323.473,119.537,0
"Jun 30, 07:00 pm",0,337.941,126.081,0
"Jun 30, 08:00 pm",0,354.925,129.229,0
"Jun 30, 09:00 pm",0,12.6071,128.35,0
"Jun 30, 10:00 pm",0,28.6514,123.635,0
"Jun 30, 11:00 pm",0,41.8524,115.928,0
"Jul 1, 12:00 am",0,52.3095,106.168,0
"Jul 1, 01:00 am",0,60.6489,95.0691,0
"Jul 1, 02:00 am",0,67.5124,82.9874,0.116148
"Jul 1, 03:00 am",0,73.4246,70.5214,0.621957
"Jul 1, 04:00 am",0,78.8272,57.6282,0.719088
"Jul 1, 05:00 am",294.696,84.1924,44.4849,0.720363
"Jul 1, 06:00 am",375.61,90.3301,31.2097,0.721279
"Jul 1, 07:00 am",402.931,99.8902,17.9673,0.720608
"Jul 1, 08:00 am",412.724,137.686,5.87467,0.720312
"Jul 1, 09:00 am",414.863,247.844,10.6265,0.720372
"Jul 1, 10:00 am",397.121,264.987,23.6023,0.720845
"Jul 1, 11:00 am",357.742,272.448,36.8916,0.720972
"Jul 1, 12:00 pm",319.126,278.105,50.1272,0.719849
"Jul 1, 01:00 pm",216.511,283.417,63.1825,0.718462
"Jul 1, 02:00 pm",42.92,288.982,75.9283,0.416335
"Jul 1, 03:00 pm",36.9409,295.241,88.0403,0
"Jul 1, 04:00 pm",26.037,302.66,99.9641,0
"Jul 1, 05:00 pm",13.9895,311.818,110.571,0
"Jul 1, 06:00 pm",0,323.386,119.568,0
"Jul 1, 07:00 pm",0,337.858,126.13,0
"Jul 1, 08:00 pm",0,354.861,129.294,0
"Jul 1, 09:00 pm",0,12.5708,128.428,0
"Jul 1, 10:00 pm",0,28.6433,123.717,0
"Jul 1, 11:00 pm",0,41.8652,116.011,0
"Jul 2, 12:00 am",0,52.336,106.248,0
"Jul 2, 01:00 am",0,60.6848,95.1444,0
"Jul 2, 02:00 am",0,67.5562,83.0573,0.113458
"Jul 2, 03:00 am",0,73.4769,70.589,0.61973
"Jul 2, 04:00 am",0,78.8906,57.6928,0.719099
"Jul 2, 05:00 am",352.24,84.2732,44.5472,0.720374
"Jul 2, 06:00 am",427.557,90.442,31.2711,0.721265
"Jul 2, 07:00 am",454.161,100.069,18.0316,0.720592
"Jul 2, 08:00 am",466.338,137.821,5.95842,0.720295
"Jul 2, 09:00 am",461.335,247.383,10.6208,0.720354
"Jul 2, 10:00 am",449.724,264.781,23.581,0.720826
"Jul 2, 11:00 am",419.046,272.311,36.8696,0.720992
"Jul 2, 12:00 pm",361.349,277.996,50.1078,0.719869
"Jul 2, 01:00 pm",263.323,283.322,63.1676,0.718483
"Jul 2, 02:00 pm",44.144,288.894,75.9195,0.416669
"Jul 2, 03:00 pm",39.8703,295.154,88.0392,0
"Jul 2, 04:00 pm",29.4696,302.573,99.9729,0
"Jul 2, 05:00 pm",17.1103,311.728,110.592,0
"Jul 2, 06:00 pm",0,323.295,119.605,0
"Jul 2, 07:00 pm",0,337.774,126.185,0
"Jul 2, 08:00 pm",0,354.797,129.366,0
"Jul 2, 09:00 pm",0,12.5375,128.511,0
"Jul 2, 10:00 pm",0,28.6401,123.805,0
"Jul 2, 11:00 pm",0,41.8838,116.097,0
"Jul 3, 12:00 am",0,52.3686,106.33,0
"Jul 3, 01:00 am",0,60.727,95.2225,0
"Jul 3, 02:00 am",0,67.6064,83.13,0.110692
"Jul 3, 03:00 am",0,73.536,70.6583,0.617432
"Jul 3, 04:00 am",0,78.9619,57.7587,0.719112
"Jul 3, 05:00 am",418.38,84.3634,44.6105,0.720388
"Jul 3, 06:00 am",439.974,90.5665,31.3333,0.72125
"Jul 3, 07:00 am",468.027,100.268,18.0971,0.720575
"Jul 3, 08:00 am",478.591,138.002,6.04657,0.720277
"Jul 3, 09:00 am",465.785,246.893,10.6198,0.720335
"Jul 3, 10:00 am",451.257,264.559,23.563,0.720806
"Jul 3, 11:00 am",419.995,272.163,36.8506,0.721013
"Jul 3, 12:00 pm",361.689,277.88,50.0917,0.719891
"Jul 3, 01:00 pm",261.581,283.22,63.1562,0.718506
"Jul 3, 02:00 pm",44.0672,288.799,75.9146,0.41679
"Jul 3, 03:00 pm",39.6924,295.062,88.0429,0
"Jul 3, 04:00 pm",29.251,302.48,99.9864,0
"Jul 3, 05:00 pm",16.897,311.634,110.619,0
"Jul 3, 06:00 pm",0,323.201,119.648,0
"Jul 3, 07:00 pm",0,337.689,126.246,0
"Jul 3, 08:00 pm",0,354.733,129.445,0
"Jul 3, 09:00 pm",0,12.5074,128.602,0
"Jul 3, 10:00 pm",0,28.6418,123.899,0
"Jul 3, 11:00 pm",0,41.9082,116.188,0
"Jul 4, 12:00 am",0,52.4072,106.416,0
"Jul 4, 01:00 am",0,60.7754,95.3031,0
"Jul 4, 02:00 am",0,67.6632,83.2046,0.107856
"Jul 4, 03:00 am",0,73.6021,70.7291,0.615066
"Jul 4, 04:00 am",0,79.0409,57.8256,0.719126
"Jul 4, 05:00 am",308.329,84.463,44.6745,0.720404
"Jul 4, 06:00 am",381.583,90.7034,31.3962,0.721233
"Jul 4, 07:00 am",408.759,100.486,18.1638,0.720557
"Jul 4, 08:00 am",421.075,138.226,6.1391,0.720257
"Jul 4, 09:00 am",423.054,246.374,10.6238,0.720314
"Jul 4, 10:00 am",406.325,264.322,23.5483,0.720784
"Jul 4, 11:00 am",369.929,272.004,36.8348,0.721036
"Jul 4, 12:00 pm",300.087,277.755,50.0787,0.719914
"Jul 4, 01:00 pm",195.038,283.112,63.1481,0.718529
"Jul 4, 02:00 pm",42.5088,288.7,75.913,0.416695
"Jul 4, 03:00 pm",35.6918,294.965,88.0481,0
"Jul 4, 04:00 pm",24.401,302.383,100.005,0
"Jul 4, 05:00 pm",12.2933,311.536,110.651,0
"Jul 4, 06:00 pm",0,323.104,119.697,0
"Jul 4, 07:00 pm",0,337.601,126.315,0
"Jul 4, 08:00 pm",0,354.671,129.531,0
"Jul 4, 09:00 pm",0,12.4805,128.698,0
"Jul 4, 10:00 pm",0,28.6486,123.997,0
"Jul 4, 11:00 pm",0,41.9384,116.283,0
"Jul 5, 12:00 am",0,52.4521,106.506,0
"Jul 5, 01:00 am",0,60.8301,95.3863,0
"Jul 5, 02:00 am",0,67.7264,83.2799,0.104953
"Jul 5, 03:00 am",0,73.6752,70.8008,0.612634
"Jul 5, 04:00 am",0,79.1277,57.8934,0.719142
"Jul 5, 05:00 am",304.928,84.5718,44.7392,0.720421
"Jul 5, 06:00 am",376.088,90.8527,31.4598,0.721215
"Jul 5, 07:00 am",405.195,100.725,18.2316,0.720537
"Jul 5, 08:00 am",417.253,138.491,6.23599,0.720235
"Jul 5, 09:00 am",409.812,245.827,10.6329,0.720292
"Jul 5, 10:00 am",395.566,264.069,23.5372,0.720761
"Jul 5, 11:00 am",357.759,271.836,36.8222,0.72106
"Jul 5, 12:00 pm",298.288,277.623,50.0691,0.719939
"Jul 5, 01:00 pm",202.661,282.998,63.1439,0.718555
"Jul 5, 02:00 pm",42.8565,288.594,75.9161,0.416383
"Jul 5, 03:00 pm",36.7786,294.863,88.061,0
"Jul 5, 04:00 pm",25.9437,302.281,100.028,0
"Jul 5, 05:00 pm",14.0738,311.433,110.689,0
"Jul 5, 06:00 pm",0,323.003,119.752,0
"Jul 5, 07:00 pm",0,337.512,126.389,0
"Jul 5, 08:00 pm",0,354.609,129.623,0
"Jul 5, 09:00 pm",0,12.4569,128.8,0
"Jul 5, 10:00 pm",0,28.6604,124.101,0
"Jul 5, 11:00 pm",0,41.9745,116.383,0
"Jul 6, 12:00 am",0,52.5031,106.598,0
"Jul 6, 01:00 am",0,60.8911,95.472,0
"Jul 6, 02:00 am",0,67.7962,83.3592,0.101989
"Jul 6, 03:00 am",0,73.7551,70.8747,0.610138
"Jul 6, 04:00 am",0,79.2222,57.9625,0.719159
"Jul 6, 05:00 am",232.237,84.6899,44.8049,0.72044
"Jul 6, 06:00 am",315.709,91.0142,31.5243,0.721195
"Jul 6, 07:00 am",335.218,100.983,18.3008,0.720515
"Jul 6, 08:00 am",337.227,138.796,6.33727,0.720212
"Jul 6, 09:00 am",408.526,245.253,10.6474,0.720268
"Jul 6, 10:00 am",392.11,263.802,23.5297,0.720736
"Jul 6, 11:00 am",353.238,271.658,36.813,0.721085
"Jul 6, 12:00 pm",291.591,277.483,50.063,0.719964
"Jul 6, 01:00 pm",194.541,282.877,63.1432,0.718581
"Jul 6, 02:00 pm",42.7039,288.483,75.9228,0.41585
"Jul 6, 03:00 pm",36.3336,294.756,88.0768,0
"Jul 6, 04:00 pm",25.279,302.175,100.056,0
"Jul 6, 05:00 pm",13.562,311.326,110.732,0
"Jul 6, 06:00 pm",0,322.899,119.814,0
"Jul 6, 07:00 pm",0,337.421,126.471,0
"Jul 6, 08:00 pm",0,354.547,129.722,0
"Jul 6, 09:00 pm",0,12.4368,128.909,0
"Jul 6, 10:00 pm",0,28.6774,124.21,0
"Jul 6, 11:00 pm",0,42.0165,116.486,0
"Jul 7, 12:00 am",0,52.5603,106.694,0
"Jul 7, 01:00 am",0,60.9584,95.5601,0
"Jul 7, 02:00 am",0,67.8724,83.4394,0.098969
"Jul 7, 03:00 am",0,73.842,70.9496,0.607581
"Jul 7, 04:00 am",0,79.3244,58.0324,0.719178
"Jul 7, 05:00 am",297.274,84.8171,44.8712,0.720459
"Jul 7, 06:00 am",379.056,91.1879,31.5894,0.721173
"Jul 7, 07:00 am",404.478,101.26,18.3711,0.720492
"Jul 7, 08:00 am",412.31,139.137,6.4429,0.720187
"Jul 7, 09:00 am",430.499,244.655,10.6674,0.720242
"Jul 7, 10:00 am",418.149,263.519,23.5259,0.720709
"Jul 7, 11:00 am",389.844,271.469,36.8072,0.721112
"Jul 7, 12:00 pm",334.247,277.335,50.0604,0.719991
"Jul 7, 01:00 pm",243.155,282.75,63.1463,0.718609
"Jul 7, 02:00 pm",43.5952,288.366,75.9337,0.415095
"Jul 7, 03:00 pm",38.7831,294.644,88.0963,0
"Jul 7, 04:00 pm",28.1943,302.064,100.089,0
"Jul 7, 05:00 pm",15.7597,311.216,110.78,0
"Jul 7, 06:00 pm",0,322.792,119.881,0
"Jul 7, 07:00 pm",0,337.329,126.558,0
"Jul 7, 08:00 pm",0,354.487,129.827,0
"Jul 7, 09:00 pm",0,12.4201,129.023,0
"Jul 7, 10:00 pm",0,28.6996,124.324,0
"Jul 7, 11:00 pm",0,42.0646,116.594,0
"Jul 8, 12:00 am",0,52.6236,106.793,0
"Jul 8, 01:00 am",0,61.032,95.6504,0
"Jul 8, 02:00 am",0,67.955,83.5197,0.0958967
"Jul 8, 03:00 am",0,73.9356,71.0251,0.604965
"Jul 8, 04:00 am",0,79.4342,58.1029,0.719198
"Jul 8, 05:00 am",276.966,84.9535,44.938,0.720482
"Jul 8, 06:00 am",356.891,91.3735,31.655,0.72115
"Jul 8, 07:00 am",381.023,101.556,18.4426,0.720467
"Jul 8, 08:00 am",388.363,139.512,6.55292,0.72016
"Jul 8, 09:00 am",377.141,244.032,10.693,0.720215
"Jul 8, 10:00 am",351.624,263.223,23.5259,0.720682
"Jul 8, 11:00 am",305.431,271.271,36.8048,0.72114
"Jul 8, 12:00 pm",192.21,277.18,50.0611,0.720019
"Jul 8, 01:00 pm",100.921,282.617,63.1528,0.718638
"Jul 8, 02:00 pm",40.7979,288.244,75.9477,0.414116
"Jul 8, 03:00 pm",31.6637,294.527,88.117,0
"Jul 8, 04:00 pm",19.6651,301.948,100.127,0
"Jul 8, 05:00 pm",8.27747,311.101,110.834,0
"Jul 8, 06:00 pm",0,322.682,119.954,0
"Jul 8, 07:00 pm",0,337.235,126.652,0
"Jul 8, 08:00 pm",0,354.428,129.939,0
"Jul 8, 09:00 pm",0,12.4069,129.144,0
"Jul 8, 10:00 pm",0,28.727,124.443,0
"Jul 8, 11:00 pm",0,42.1186,116.705,0
"Jul 9, 12:00 am",0,52.6933,106.895,0
"Jul 9, 01:00 am",0,61.1118,95.743,0
"Jul 9, 02:00 am",0,68.0441,83.6025,0.092777
"Jul 9, 03:00 am",0,74.0361,71.1021,0.602293
"Jul 9, 04:00 am",0,79.5516,58.1744,0.719217
"Jul 9, 05:00 am",0,85.0988,45.0055,0.720505
"Jul 9, 06:00 am",244.415,91.5711,31.7214,0.721125
"Jul 9, 07:00 am",280.241,101.871,18.5154,0.72044
"Jul 9, 08:00 am",294.214,139.92,6.66736,0.720132
"Jul 9, 09:00 am",296.195,243.387,10.7244,0.720187
"Jul 9, 10:00 am",283.739,262.912,23.5299,0.720652
"Jul 9, 11:00 am",255.083,271.064,36.8061,0.721169
"Jul 9, 12:00 pm",199.833,277.017,50.0655,0.720049
"Jul 9, 01:00 pm",121.033,282.477,63.1631,0.718668
"Jul 9, 02:00 pm",41.3366,288.117,75.9661,0.412913
"Jul 9, 03:00 pm",32.679,294.405,88.1426,0
"Jul 9, 04:00 pm",20.8169,301.828,100.17,0
"Jul 9, 05:00 pm",9.29987,310.982,110.894,0
"Jul 9, 06:00 pm",0,322.569,120.034,0
"Jul 9, 07:00 pm",0,337.14,126.753,0
"Jul 9, 08:00 pm",0,354.37,130.057,0
"Jul 9, 09:00 pm",0,12.3973,129.271,0
"Jul 9, 10:00 pm",0,28.7598,124.568,0
"Jul 9, 11:00 pm",0,42.1787,116.821,0
"Jul 10, 12:00 am",0,52.7691,107,0
"Jul 10, 01:00 am",0,61.198,95.8378,0
"Jul 10, 02:00 am",0,68.1396,83.6866,0.0896147
"Jul 10, 03:00 am",0,74.1434,71.1802,0.599567
"Jul 10, 04:00 am",0,79.6765,58.2466,0.719241
"Jul 10, 05:00 am",0,85.2531,45.0737,0.72053
"Jul 10, 06:00 am",245.55,91.7803,31.7885,0.721099
"Jul 10, 07:00 am",283.539,102.203,18.5896,0.720412
"Jul 10, 08:00 am",299.13,140.357,6.78624,0.720102
"Jul 10, 09:00 am",298.984,242.721,10.7619,0.720157
"Jul 10, 10:00 am",284.092,262.587,23.5381,0.720622
"Jul 10, 11:00 am",253.615,270.846,36.8112,0.7212
"Jul 10, 12:00 pm",170.816,276.848,50.0738,0.72008
"Jul 10, 01:00 pm",95.294,282.332,63.1778,0.718699
"Jul 10, 02:00 pm",40.8125,287.984,75.9896,0.411483
"Jul 10, 03:00 pm",31.7709,294.278,88.1772,0
"Jul 10, 04:00 pm",19.83,301.704,100.218,0
"Jul 10, 05:00 pm",8.52465,310.859,110.959,0
"Jul 10, 06:00 pm",0,322.452,120.119,0
"Jul 10, 07:00 pm",0,337.043,126.86,0
"Jul 10, 08:00 pm",0,354.312,130.182,0
"Jul 10, 09:00 pm",0,12.3914,129.403,0
"Jul 10, 10:00 pm",0,28.798,124.697,0
"Jul 10, 11:00 pm",0,42.2449,116.94,0
"Jul 11, 12:00 am",0,52.8512,107.108,0
"Jul 11, 01:00 am",0,61.2904,95.9348,0
"Jul 11, 02:00 am",0,68.2415,83.7741,0.0864144
"Jul 11, 03:00 am",0,74.2574,71.26,0.59679
"Jul 11, 04:00 am",0,79.8089,58.32,0.719266
"Jul 11, 05:00 am",0,85.4163,45.1426,0.720556
"Jul 11, 06:00 am",243.383,92.0012,31.8563,0.721071
"Jul 11, 07:00 am",284.895,102.553,18.6651,0.720383
"Jul 11, 08:00 am",300.299,140.822,6.90959,0.720071
"Jul 11, 09:00 am",355.365,242.036,10.8055,0.720126
"Jul 11, 10:00 am",346.053,262.249,23.5505,0.72059
"Jul 11, 11:00 am",319.761,270.62,36.82,0.721232
"Jul 11, 12:00 pm",268.84,276.671,50.0858,0.720112
"Jul 11, 01:00 pm",182.506,282.18,63.1962,0.718732
"Jul 11, 02:00 pm",42.3141,287.846,76.0169,0.409827
"Jul 11, 03:00 pm",35.4953,294.147,88.215,0
"Jul 11, 04:00 pm",24.3922,301.575,100.27,0
"Jul 11, 05:00 pm",12.7181,310.733,111.029,0
"Jul 11, 06:00 pm",0,322.333,120.21,0
"Jul 11, 07:00 pm",0,336.945,126.974,0
"Jul 11, 08:00 pm",0,354.256,130.314,0
"Jul 11, 09:00 pm",0,12.3892,129.542,0
"Jul 11, 10:00 pm",0,28.8416,124.831,0
"Jul 11, 11:00 pm",0,42.3172,117.063,0
"Jul 12, 12:00 am",0,52.9395,107.219,0
"Jul 12, 01:00 am",0,61.3891,96.0337,0
"Jul 12, 02:00 am",0,68.3498,83.8616,0
"Jul 12, 03:00 am",0,74.3781,71.3403,0.593964
"Jul 12, 04:00 am",0,79.9487,58.3938,0.719293
"Jul 12, 05:00 am",0,85.5883,45.2119,0.720584
"Jul 12, 06:00 am",282.161,92.2336,31.9247,0.721042
"Jul 12, 07:00 am",328.272,102.921,18.742,0.720351
"Jul 12, 08:00 am",325.802,141.312,7.03743,0.720038
"Jul 12, 09:00 am",326.121,241.332,10.8554,0.720093
"Jul 12, 10:00 am",268.865,261.897,23.5671,0.720557
"Jul 12, 11:00 am",191.149,270.385,36.8326,0.721265
"Jul 12, 12:00 pm",92.4683,276.487,50.1014,0.720145
"Jul 12, 01:00 pm",41.9839,282.023,63.2182,0.718766
"Jul 12, 02:00 pm",34.7301,287.702,76.0478,0.407943
"Jul 12, 03:00 pm",23.396,294.011,88.2529,0
"Jul 12, 04:00 pm",11.6001,301.442,100.328,0
"Jul 12, 05:00 pm",0,310.603,111.105,0
"Jul 12, 06:00 pm",0,322.211,120.307,0
"Jul 12, 07:00 pm",0,336.846,127.094,0
"Jul 12, 08:00 pm",0,354.201,130.451,0
"Jul 12, 09:00 pm",0,12.3908,129.686,0
"Jul 12, 10:00 pm",0,28.8907,124.969,0
"Jul 12, 11:00 pm",0,42.3956,117.19,0
"Jul 13, 12:00 am",0,53.0341,107.332,0
"Jul 13, 01:00 am",0,61.494,96.1347,0
"Jul 13, 02:00 am",0,68.4644,83.95,0
"Jul 13, 03:00 am",0,74.5055,71.4215,0.591091
"Jul 13, 04:00 am",0,80.0958,58.4682,0.719321
"Jul 13, 05:00 am",0,85.7689,45.2818,0.720613
"Jul 13, 06:00 am",275.219,92.4773,31.9938,0.721011
"Jul 13, 07:00 am",333.121,103.306,18.8204,0.720319
"Jul 13, 08:00 am",337.191,141.826,7.16982,0.720004
"Jul 13, 09:00 am",336.562,240.613,10.9117,0.720059
"Jul 13, 10:00 am",294.641,261.533,23.5882,0.720522
"Jul 13, 11:00 am",231.891,270.14,36.8492,0.721299
"Jul 13, 12:00 pm",150.761,276.296,50.1211,0.720179
"Jul 13, 01:00 pm",55.1019,281.86,63.2445,0.7188
"Jul 13, 02:00 pm",40.0437,287.554,76.0832,0.405831
"Jul 13, 03:00 pm",30.2604,293.87,88.2971,0
"Jul 13, 04:00 pm",18.5005,301.305,100.391,0
"Jul 13, 05:00 pm",0,310.469,111.186,0
"Jul 13, 06:00 pm",0,322.086,120.411,0
"Jul 13, 07:00 pm",0,336.745,127.22,0
"Jul 13, 08:00 pm",0,354.147,130.595,0
"Jul 13, 09:00 pm",0,12.3962,129.836,0
"Jul 13, 10:00 pm",0,28.9453,125.113,0
"Jul 13, 11:00 pm",0,42.4802,117.32,0
"Jul 14, 12:00 am",0,53.135,107.448,0
"Jul 14, 01:00 am",0,61.6052,96.2375,0
"Jul 14, 02:00 am",0,68.5853,84.0403,0
"Jul 14, 03:00 am",0,74.6395,71.5037,0.588175
"Jul 14, 04:00 am",0,80.2503,58.5433,0.719351
"Jul 14, 05:00 am",0,85.9582,45.3522,0.720643
"Jul 14, 06:00 am",106.267,92.7322,32.0636,0.720979
"Jul 14, 07:00 am",177.486,103.707,18.9002,0.720284
"Jul 14, 08:00 am",190.115,142.36,7.30678,0.719968
"Jul 14, 09:00 am",41.8181,239.879,10.9747,0.720023
"Jul 14, 10:00 am",101.926,261.156,23.6139,0.720487
"Jul 14, 11:00 am",85.7345,269.887,36.8698,0.721303
"Jul 14, 12:00 pm",39.5871,276.098,50.1446,0.720215
"Jul 14, 01:00 pm",29.6296,281.691,63.2746,0.718836
"Jul 14, 02:00 pm",17.291,287.401,76.1225,0.403492
"Jul 14, 03:00 pm",0,293.725,88.3436,0
"Jul 14, 04:00 pm",0,301.164,100.458,0
"Jul 14, 05:00 pm",0,310.331,111.273,0
"Jul 14, 06:00 pm",0,321.958,120.52,0
"Jul 14, 07:00 pm",0,336.643,127.352,0
"Jul 14, 08:00 pm",0,354.095,130.746,0
"Jul 14, 09:00 pm",0,12.4056,129.991,0
"Jul 14, 10:00 pm",0,29.0056,125.261,0
"Jul 14, 11:00 pm",0,42.571,117.454,0
"Jul 15, 12:00 am",0,53.2421,107.566,0
"Jul 15, 01:00 am",0,61.7225,96.3422,0
"Jul 15, 02:00 am",0,68.7125,84.13,0
"Jul 15, 03:00 am",0,74.78,71.5862,0.585216
"Jul 15, 04:00 am",0,80.412,58.6187,0.719382
"Jul 15, 05:00 am",0,86.156,45.4229,0.720675
"Jul 15, 06:00 am",0,92.9981,32.134,0.720944
"Jul 15, 07:00 am",0,104.125,18.9815,0.720248
"Jul 15, 08:00 am",150.482,142.913,7.44831,0.719866
"Jul 15, 09:00 am",220.315,239.133,11.0444,0.719986
"Jul 15, 10:00 am",208.446,260.767,23.6442,0.720448
"Jul 15, 11:00 am",177.06,269.625,36.8945,0.721266
"Jul 15, 12:00 pm",124.025,275.894,50.172,0.720252
"Jul 15, 01:00 pm",49.9538,281.516,63.3088,0.718874
"Jul 15, 02:00 pm",40.1411,287.243,76.1664,0.400926
"Jul 15, 03:00 pm",30.3889,293.575,88.3956,0
"Jul 15, 04:00 pm",18.6645,301.018,100.531,0
"Jul 15, 05:00 pm",0,310.19,111.365,0
"Jul 15, 06:00 pm",0,321.828,120.635,0
"Jul 15, 07:00 pm",0,336.541,127.491,0
"Jul 15, 08:00 pm",0,354.044,130.902,0
"Jul 15, 09:00 pm",0,12.419,130.153,0
"Jul 15, 10:00 pm",0,29.0715,125.413,0
"Jul 15, 11:00 pm",0,42.6681,117.591,0
"Jul 16, 12:00 am",0,53.3555,107.687,0
"Jul 16, 01:00 am",0,61.8461,96.4486,0
"Jul 16, 02:00 am",0,68.846,84.2222,0
"Jul 16, 03:00 am",0,74.9271,71.67,0.582219
"Jul 16, 04:00 am",0,80.5808,58.695,0.719415
"Jul 16, 05:00 am",0,86.3622,45.4943,0.72071
"Jul 16, 06:00 am",231.006,93.2749,32.2051,0.720909
"Jul 16, 07:00 am",285.627,104.559,19.0645,0.720211
"Jul 16, 08:00 am",306.36,143.483,7.59449,0.719891
"Jul 16, 09:00 am",308.188,238.376,11.1209,0.719948
"Jul 16, 10:00 am",294.824,260.366,23.6794,0.72041
"Jul 16, 11:00 am",260.53,269.355,36.9233,0.721228
"Jul 16, 12:00 pm",200.472,275.683,50.2036,0.72029
"Jul 16, 01:00 pm",110.475,281.336,63.3471,0.718912
"Jul 16, 02:00 pm",40.8841,287.08,76.2144,0.398133
"Jul 16, 03:00 pm",31.7311,293.421,88.4514,0
"Jul 16, 04:00 pm",19.7443,300.869,100.608,0
"Jul 16, 05:00 pm",8.39837,310.045,111.462,0
"Jul 16, 06:00 pm",0,321.695,120.756,0
"Jul 16, 07:00 pm",0,336.436,127.636,0
"Jul 16, 08:00 pm",0,353.994,131.065,0
"Jul 16, 09:00 pm",0,12.4365,130.319,0
"Jul 16, 10:00 pm",0,29.1432,125.57,0
"Jul 16, 11:00 pm",0,42.7714,117.732,0
"Jul 17, 12:00 am",0,53.4752,107.811,0
"Jul 17, 01:00 am",0,61.9759,96.5567,0
"Jul 17, 02:00 am",0,68.9856,84.3159,0
"Jul 17, 03:00 am",0,75.0807,71.7547,0.579185
"Jul 17, 04:00 am",0,80.7568,58.7719,0.71945
"Jul 17, 05:00 am",166.311,86.5768,45.5663,0.720745
"Jul 17, 06:00 am",303.902,93.5624,32.277,0.720872
"Jul 17, 07:00 am",346.642,105.008,19.1491,0.720172
"Jul 17, 08:00 am",375.603,144.069,7.74535,0.719851
"Jul 17, 09:00 am",379.971,237.611,11.2045,0.719908
"Jul 17, 10:00 am",359.34,259.954,23.7195,0.72037
"Jul 17, 11:00 am",315.757,269.076,36.9566,0.721188
"Jul 17, 12:00 pm",217.353,275.465,50.2394,0.720329
"Jul 17, 01:00 pm",132.772,281.151,63.39,0.718951
"Jul 17, 02:00 pm",41.212,286.912,76.2674,0.395115
"Jul 17, 03:00 pm",32.8396,293.262,88.5144,0
"Jul 17, 04:00 pm",21.1651,300.715,100.691,0
"Jul 17, 05:00 pm",9.73585,309.897,111.565,0
"Jul 17, 06:00 pm",0,321.559,120.882,0
"Jul 17, 07:00 pm",0,336.331,127.787,0
"Jul 17, 08:00 pm",0,353.946,131.234,0
"Jul 17, 09:00 pm",0,12.4582,130.492,0
"Jul 17, 10:00 pm",0,29.2206,125.732,0
"Jul 17, 11:00 pm",0,42.8811,117.876,0
"Jul 18, 12:00 am",0,53.6012,107.937,0
"Jul 18, 01:00 am",0,62.1118,96.6664,0
"Jul 18, 02:00 am",0,69.1315,84.4115,0
"Jul 18, 03:00 am",0,75.2407,71.8404,0.576116
"Jul 18, 04:00 am",0,80.9398,58.8494,0.719485
"Jul 18, 05:00 am",0,86.7996,45.6387,0.720782
"Jul 18, 06:00 am",208.738,93.8606,32.3496,0.720834
"Jul 18, 07:00 am",264.741,105.472,19.2355,0.720132
"Jul 18, 08:00 am",284.381,144.668,7.90088,0.719808
"Jul 18, 09:00 am",369.009,236.838,11.2951,0.719866
"Jul 18, 10:00 am",362.504,259.531,23.7646,0.720328
"Jul 18, 11:00 am",338.655,268.79,36.9942,0.721148
"Jul 18, 12:00 pm",289.994,275.242,50.2793,0.720369
"Jul 18, 01:00 pm",207.347,280.96,63.4368,0.718991
"Jul 18, 02:00 pm",42.9062,286.739,76.3242,0.391872
"Jul 18, 03:00 pm",36.756,293.1,88.5789,0
"Jul 18, 04:00 pm",25.8681,300.558,100.778,0
"Jul 18, 05:00 pm",14.184,309.745,111.673,0
"Jul 18, 06:00 pm",0,321.42,121.015,0
"Jul 18, 07:00 pm",0,336.225,127.944,0
"Jul 18, 08:00 pm",0,353.899,131.409,0
"Jul 18, 09:00 pm",0,12.4841,130.669,0
"Jul 18, 10:00 pm",0,29.304,125.898,0
"Jul 18, 11:00 pm",0,42.997,118.023,0
"Jul 19, 12:00 am",0,53.7334,108.065,0
"Jul 19, 01:00 am",0,62.2539,96.7776,0
"Jul 19, 02:00 am",0,69.2835,84.506,0
"Jul 19, 03:00 am",0,75.4071,71.9261,0.573012
"Jul 19, 04:00 am",0,81.1299,58.927,0.719523
"Jul 19, 05:00 am",0,87.0306,45.7114,0.72082
"Jul 19, 06:00 am",367.27,94.1691,32.4229,0.720794
"Jul 19, 07:00 am",322.611,105.951,19.3236,0.72009
"Jul 19, 08:00 am",350.606,145.278,8.06112,0.719765
"Jul 19, 09:00 am",437.924,236.061,11.3929,0.719824
"Jul 19, 10:00 am",436.272,259.098,23.8148,0.720286
"Jul 19, 11:00 am",413.702,268.496,37.0362,0.721106
"Jul 19, 12:00 pm",364.136,275.012,50.3235,0.72041
"Jul 19, 01:00 pm",268.58,280.764,63.488,0.719033
"Jul 19, 02:00 pm",43.9129,286.562,76.3856,0.388407
"Jul 19, 03:00 pm",39.3413,292.933,88.6484,0
"Jul 19, 04:00 pm",28.8135,300.397,100.87,0
"Jul 19, 05:00 pm",16.2791,309.59,111.787,0
"Jul 19, 06:00 pm",0,321.279,121.153,0
"Jul 19, 07:00 pm",0,336.118,128.108,0
"Jul 19, 08:00 pm",0,353.854,131.59,0
"Jul 19, 09:00 pm",0,12.5143,130.852,0
"Jul 19, 10:00 pm",0,29.3933,126.067,0
"Jul 19, 11:00 pm",0,43.1194,118.173,0
"Jul 20, 12:00 am",0,53.872,108.195,0
"Jul 20, 01:00 am",0,62.4021,96.8902,0
"Jul 20, 02:00 am",0,69.4416,84.6025,0
"Jul 20, 03:00 am",0,75.5798,72.0127,0.569829
"Jul 20, 04:00 am",0,81.3268,59.0052,0.719565
"Jul 20, 05:00 am",409.807,87.2696,45.7846,0.720859
"Jul 20, 06:00 am",467.717,94.488,32.4969,0.720752
"Jul 20, 07:00 am",497.156,106.445,19.4135,0.720047
"Jul 20, 08:00 am",511.905,145.899,8.22607,0.71972
"Jul 20, 09:00 am",493.744,235.281,11.498,0.719779
"Jul 20, 10:00 am",488.108,258.656,23.8703,0.720242
"Jul 20, 11:00 am",466.557,268.194,37.0827,0.721063
"Jul 20, 12:00 pm",419.739,274.776,50.3718,0.720452
"Jul 20, 01:00 pm",323.728,280.564,63.5431,0.719075
"Jul 20, 02:00 pm",61.9213,286.381,76.4509,0.384721
"Jul 20, 03:00 pm",39.7528,292.762,88.7206,0
"Jul 20, 04:00 pm",29.3781,300.232,100.967,0
"Jul 20, 05:00 pm",17.0707,309.431,111.906,0
"Jul 20, 06:00 pm",0,321.135,121.297,0
"Jul 20, 07:00 pm",0,336.01,128.277,0
"Jul 20, 08:00 pm",0,353.811,131.777,0
"Jul 20, 09:00 pm",0,12.5491,131.04,0
"Jul 20, 10:00 pm",0,29.4886,126.241,0
"Jul 20, 11:00 pm",0,43.2482,118.326,0
"Jul 21, 12:00 am",0,54.0168,108.327,0
"Jul 21, 01:00 am",0,62.5565,97.0042,0
"Jul 21, 02:00 am",0,69.6057,84.7001,0
"Jul 21, 03:00 am",0,75.7588,72.1,0.566619
"Jul 21, 04:00 am",0,81.5305,59.0838,0.719601
"Jul 21, 05:00 am",0,87.5166,45.8582,0.720901
"Jul 21, 06:00 am",377.446,94.8169,32.5717,0.720709
"Jul 21, 07:00 am",413.784,106.952,19.5052,0.720002
"Jul 21, 08:00 am",429.418,146.528,8.39576,0.719673
"Jul 21, 09:00 am",432.339,234.499,11.6103,0.719734
"Jul 21, 10:00 am",421.577,258.203,23.9312,0.720197
"Jul 21, 11:00 am",394.747,267.885,37.1338,0.721019
"Jul 21, 12:00 pm",339.516,274.535,50.4246,0.720496
"Jul 21, 01:00 pm",248.312,280.358,63.6027,0.719118
"Jul 21, 02:00 pm",43.3724,286.195,76.5209,0.380817
"Jul 21, 03:00 pm",38.2543,292.587,88.7967,0
"Jul 21, 04:00 pm",27.6585,300.064,101.07,0
"Jul 21, 05:00 pm",15.7003,309.27,112.03,0
"Jul 21, 06:00 pm",0,320.989,121.447,0
"Jul 21, 07:00 pm",0,335.901,128.453,0
"Jul 21, 08:00 pm",0,353.769,131.97,0
"Jul 21, 09:00 pm",0,12.5883,131.234,0
"Jul 21, 10:00 pm",0,29.5899,126.419,0
"Jul 21, 11:00 pm",0,43.3834,118.482,0
"Jul 22, 12:00 am",0,54.168,108.461,0
"Jul 22, 01:00 am",0,62.7169,97.1194,0
"Jul 22, 02:00 am",0,69.776,84.7972,0
"Jul 22, 03:00 am",0,75.9441,72.1874,0.563383
"Jul 22, 04:00 am",0,81.7411,59.1627,0.719646
"Jul 22, 05:00 am",274.977,87.7715,45.9322,0.720943
"Jul 22, 06:00 am",345.13,95.1558,32.6472,0.720665
"Jul 22, 07:00 am",368.269,107.473,19.5989,0.719956
"Jul 22, 08:00 am",376.954,147.165,8.57021,0.719625
"Jul 22, 09:00 am",441.302,233.717,11.7302,0.719687
"Jul 22, 10:00 am",436.45,257.743,23.9976,0.72015
"Jul 22, 11:00 am",417.349,267.569,37.1898,0.720973
"Jul 22, 12:00 pm",375.541,274.288,50.482,0.72054
"Jul 22, 01:00 pm",292.385,280.147,63.6669,0.719163
"Jul 22, 02:00 pm",55.1469,286.005,76.5956,0.376697
"Jul 22, 03:00 pm",39.7537,292.408,88.878,0
"Jul 22, 04:00 pm",29.3476,299.892,101.177,0
"Jul 22, 05:00 pm",17.0405,309.105,112.159,0
"Jul 22, 06:00 pm",0,320.841,121.603,0
"Jul 22, 07:00 pm",0,335.791,128.634,0
"Jul 22, 08:00 pm",0,353.73,132.169,0
"Jul 22, 09:00 pm",0,12.6322,131.432,0
"Jul 22, 10:00 pm",0,29.6975,126.601,0
"Jul 22, 11:00 pm",0,43.5251,118.64,0
"Jul 23, 12:00 am",0,54.3254,108.597,0
"Jul 23, 01:00 am",0,62.8834,97.2358,0
"Jul 23, 02:00 am",0,69.9522,84.8957,0
"Jul 23, 03:00 am",0,76.1355,72.2754,0.560124
"Jul 23, 04:00 am",0,81.9583,59.2418,0.719689
"Jul 23, 05:00 am",391.101,88.0342,46.0065,0.720986
"Jul 23, 06:00 am",476.648,95.5045,32.7235,0.720619
"Jul 23, 07:00 am",497.599,108.007,19.6946,0.719908
"Jul 23, 08:00 am",503.324,147.807,8.74941,0.719575
"Jul 23, 09:00 am",480.603,232.938,11.8574,0.719639
"Jul 23, 10:00 am",466.599,257.274,24.0697,0.720103
"Jul 23, 11:00 am",438.374,267.247,37.2505,0.720927
"Jul 23, 12:00 pm",383.368,274.035,50.5438,0.720585
"Jul 23, 01:00 pm",285.467,279.932,63.7356,0.719208
"Jul 23, 02:00 pm",44.0458,285.81,76.6748,0.372364
"Jul 23, 03:00 pm",39.7761,292.225,88.9637,0
"Jul 23, 04:00 pm",29.4541,299.716,101.289,0
"Jul 23, 05:00 pm",17.2034,308.937,112.294,0
"Jul 23, 06:00 pm",0,320.69,121.764,0
"Jul 23, 07:00 pm",0,335.681,128.822,0
"Jul 23, 08:00 pm",0,353.692,132.373,0
"Jul 23, 09:00 pm",0,12.6809,131.636,0
"Jul 23, 10:00 pm",0,29.8113,126.787,0
"Jul 23, 11:00 pm",0,43.6734,118.802,0
"Jul 24, 12:00 am",0,54.4891,108.734,0
"Jul 24, 01:00 am",0,63.0559,97.3533,0
"Jul 24, 02:00 am",0,70.1343,84.9952,0
"Jul 24, 03:00 am",0,76.333,72.3639,0.556845
"Jul 24, 04:00 am",0,82.1822,59.3212,0.719733
"Jul 24, 05:00 am",335.629,88.3045,46.0811,0.721032
"Jul 24, 06:00 am",391.792,95.8629,32.8006,0.720572
"Jul 24, 07:00 am",413.154,108.553,19.7923,0.719858
"Jul 24, 08:00 am",424.359,148.454,8.93337,0.719524
"Jul 24, 09:00 am",468.49,232.162,11.9921,0.719589
"Jul 24, 10:00 am",445.062,256.797,24.1474,0.720054
"Jul 24, 11:00 am",401.446,266.918,37.3161,0.720879
"Jul 24, 12:00 pm",363.097,273.777,50.6102,0.720632
"Jul 24, 01:00 pm",259.115,279.712,63.8087,0.719254
"Jul 24, 02:00 pm",43.2309,285.612,76.7586,0.367821
"Jul 24, 03:00 pm",37.7422,292.039,89.053,0
"Jul 24, 04:00 pm",27.0138,299.537,101.406,0
"Jul 24, 05:00 pm",14.9778,308.766,112.434,0
"Jul 24, 06:00 pm",0,320.537,121.93,0
"Jul 24, 07:00 pm",0,335.57,129.015,0
"Jul 24, 08:00 pm",0,353.657,132.584,0
"Jul 24, 09:00 pm",0,12.7344,131.844,0
"Jul 24, 10:00 pm",0,29.9315,126.976,0
"Jul 24, 11:00 pm",0,43.8282,118.965,0
"Jul 25, 12:00 am",0,54.6591,108.873,0
"Jul 25, 01:00 am",0,63.2345,97.4717,0
"Jul 25, 02:00 am",0,70.3224,85.0945,0
"Jul 25, 03:00 am",0,76.5366,72.4525,0.553547
"Jul 25, 04:00 am",0,82.4126,59.4009,0.719776
"Jul 25, 05:00 am",214.119,88.5824,46.1561,0.721079
"Jul 25, 06:00 am",403.102,96.2306,32.8784,0.720523
"Jul 25, 07:00 am",443.824,109.112,19.8921,0.719808
"Jul 25, 08:00 am",460.505,149.105,9.12207,0.719472
"Jul 25, 09:00 am",436.663,231.392,12.1343,0.719538
"Jul 25, 10:00 am",429.233,256.314,24.2308,0.720004
"Jul 25, 11:00 am",404.748,266.583,37.3866,0.720831
"Jul 25, 12:00 pm",349.278,273.514,50.681,0.720679
"Jul 25, 01:00 pm",245.881,279.488,63.886,0.719301
"Jul 25, 02:00 pm",41.9243,285.41,76.8463,0.363071
"Jul 25, 03:00 pm",34.708,291.849,89.1444,0
"Jul 25, 04:00 pm",23.3267,299.354,101.528,0
"Jul 25, 05:00 pm",11.5707,308.592,112.579,0
"Jul 25, 06:00 pm",0,320.382,122.103,0
"Jul 25, 07:00 pm",0,335.459,129.214,0
"Jul 25, 08:00 pm",0,353.623,132.8,0
"Jul 25, 09:00 pm",0,12.7929,132.057,0
"Jul 25, 10:00 pm",0,30.058,127.169,0
"Jul 25, 11:00 pm",0,43.9896,119.132,0
"Jul 26, 12:00 am",0,54.8354,109.014,0
"Jul 26, 01:00 am",0,63.419,97.591,0
"Jul 26, 02:00 am",0,70.5163,85.195,0
"Jul 26, 03:00 am",0,76.7462,72.5414,0.550233
"Jul 26, 04:00 am",0,82.6495,59.4806,0.719825
"Jul 26, 05:00 am",277.715,88.8678,46.2313,0.721127
"Jul 26, 06:00 am",355.067,96.6077,32.9571,0.720473
"Jul 26, 07:00 am",385.351,109.682,19.9941,0.719756
"Jul 26, 08:00 am",400.066,149.758,9.31553,0.719418
"Jul 26, 09:00 am",396.183,230.629,12.284,0.719486
"Jul 26, 10:00 am",369.673,255.824,24.3202,0.719953
"Jul 26, 11:00 am",319.412,266.242,37.4621,0.720781
"Jul 26, 12:00 pm",256.112,273.246,50.7566,0.720727
"Jul 26, 01:00 pm",164.969,279.26,63.968,0.719349
"Jul 26, 02:00 pm",41.3717,285.204,76.9388,0.358118
"Jul 26, 03:00 pm",33.3131,291.655,89.239,0
"Jul 26, 04:00 pm",21.6545,299.169,101.655,0
"Jul 26, 05:00 pm",10.2367,308.415,112.73,0
"Jul 26, 06:00 pm",0,320.224,122.281,0
"Jul 26, 07:00 pm",0,335.347,129.419,0
"Jul 26, 08:00 pm",0,353.592,133.021,0
"Jul 26, 09:00 pm",0,12.8564,132.275,0
"Jul 26, 10:00 pm",0,30.1911,127.366,0
"Jul 26, 11:00 pm",0,44.1576,119.3,0
"Jul 27, 12:00 am",0,55.018,109.156,0
"Jul 27, 01:00 am",0,63.6095,97.7112,0
"Jul 27, 02:00 am",0,70.7161,85.2942,0
"Jul 27, 03:00 am",0,76.9617,72.6302,0.546905
"Jul 27, 04:00 am",0,82.8927,59.5604,0.719873
"Jul 27, 05:00 am",277.261,89.1605,46.3069,0.721177
"Jul 27, 06:00 am",399.445,96.9939,33.0365,0.720422
"Jul 27, 07:00 am",433.832,110.264,20.0982,0.719702
"Jul 27, 08:00 am",448.408,150.412,9.51374,0.719362
"Jul 27, 09:00 am",509.487,229.874,12.4413,0.719432
"Jul 27, 10:00 am",501.008,255.328,24.4156,0.719901
"Jul 27, 11:00 am",472.108,265.895,37.5427,0.720731
"Jul 27, 12:00 pm",411.58,272.973,50.8369,0.720777
"Jul 27, 01:00 pm",304.639,279.027,64.0545,0.719397
"Jul 27, 02:00 pm",43.7079,284.994,77.0357,0.352967
"Jul 27, 03:00 pm",38.8481,291.458,89.3373,0
"Jul 27, 04:00 pm",28.2935,298.98,101.787,0
"Jul 27, 05:00 pm",16.1112,308.235,112.885,0
"Jul 27, 06:00 pm",0,320.065,122.464,0
"Jul 27, 07:00 pm",0,335.234,129.629,0
"Jul 27, 08:00 pm",0,353.563,133.248,0
"Jul 27, 09:00 pm",0,12.9251,132.497,0
"Jul 27, 10:00 pm",0,30.3307,127.565,0
"Jul 27, 11:00 pm",0,44.3322,119.471,0
"Jul 28, 12:00 am",0,55.2069,109.3,0
"Jul 28, 01:00 am",0,63.8059,97.832,0
"Jul 28, 02:00 am",0,70.9216,85.3938,0
"Jul 28, 03:00 am",0,77.1831,72.7191,0.543565
"Jul 28, 04:00 am",0,83.1423,59.6403,0.719923
"Jul 28, 05:00 am",263.372,89.4604,46.3826,0.721227
"Jul 28, 06:00 am",349.285,97.389,33.1168,0.720369
"Jul 28, 07:00 am",385.726,110.857,20.2047,0.719647
"Jul 28, 08:00 am",405.155,151.067,9.71668,0.719306
"Jul 28, 09:00 am",392.252,229.129,12.6059,0.719377
"Jul 28, 10:00 am",390.042,254.827,24.5169,0.719847
"Jul 28, 11:00 am",374.179,265.543,37.6285,0.720679
"Jul 28, 12:00 pm",330.983,272.696,50.9218,0.720827
"Jul 28, 01:00 pm",239.77,278.79,64.1456,0.719447
"Jul 28, 02:00 pm",42.352,284.78,77.1371,0.347621
"Jul 28, 03:00 pm",35.6769,291.258,89.4377,0
"Jul 28, 04:00 pm",24.5283,298.788,101.923,0
"Jul 28, 05:00 pm",12.5786,308.053,113.046,0
"Jul 28, 06:00 pm",0,319.903,122.653,0
"Jul 28, 07:00 pm",0,335.121,129.846,0
"Jul 28, 08:00 pm",0,353.537,133.48,0
"Jul 28, 09:00 pm",0,12.999,132.724,0
"Jul 28, 10:00 pm",0,30.4768,127.768,0
"Jul 28, 11:00 pm",0,44.5135,119.643,0
"Jul 29, 12:00 am",0,55.402,109.444,0
"Jul 29, 01:00 am",0,64.0082,97.9535,0
"Jul 29, 02:00 am",0,71.1328,85.4943,0
"Jul 29, 03:00 am",0,77.4102,72.8084,0.540215
"Jul 29, 04:00 am",0,83.3981,59.7204,0.719973
"Jul 29, 05:00 am",0,89.7675,46.4588,0.72128
"Jul 29, 06:00 am",283.506,97.7929,33.198,0.720314
"Jul 29, 07:00 am",330.425,111.461,20.3135,0.71959
"Jul 29, 08:00 am",350.617,151.721,9.92438,0.719247
"Jul 29, 09:00 am",421.03,228.394,12.778,0.719321
"Jul 29, 10:00 am",414.572,254.321,24.6244,0.719792
"Jul 29, 11:00 am",392.538,265.186,37.7195,0.720626
"Jul 29, 12:00 pm",344.833,272.414,51.0118,0.720878
"Jul 29, 01:00 pm",260.605,278.55,64.2415,0.719497
"Jul 29, 02:00 pm",43.4156,284.563,77.2435,0.342085
"Jul 29, 03:00 pm",38.0906,291.054,89.5463,0
"Jul 29, 04:00 pm",27.4133,298.593,102.065,0
"Jul 29, 05:00 pm",15.2689,307.868,113.212,0
"Jul 29, 06:00 pm",0,319.739,122.847,0
"Jul 29, 07:00 pm",0,335.008,130.067,0
"Jul 29, 08:00 pm",0,353.513,133.718,0
"Jul 29, 09:00 pm",0,13.0783,132.956,0
"Jul 29, 10:00 pm",0,30.6297,127.975,0
"Jul 29, 11:00 pm",0,44.7014,119.818,0
"Jul 30, 12:00 am",0,55.6033,109.59,0
"Jul 30, 01:00 am",0,64.2163,98.0756,0
"Jul 30, 02:00 am",0,71.3496,85.5956,0
"Jul 30, 03:00 am",0,77.6431,72.8978,0.536858
"Jul 30, 04:00 am",0,83.6601,59.8005,0.720025
"Jul 30, 05:00 am",0,90.0816,46.5352,0.721305
"Jul 30, 06:00 am",361.519,98.2053,33.2802,0.720259
"Jul 30, 07:00 am",396.058,112.074,20.4248,0.719532
"Jul 30, 08:00 am",407.139,152.374,10.1368,0.719187
"Jul 30, 09:00 am",423.718,227.67,12.9575,0.719263
"Jul 30, 10:00 am",408.159,253.811,24.7381,0.719737
"Jul 30, 11:00 am",377.331,264.824,37.8157,0.720573
"Jul 30, 12:00 pm",314.931,272.128,51.1065,0.72093
"Jul 30, 01:00 pm",211.892,278.306,64.342,0.719548
"Jul 30, 02:00 pm",41.9697,284.342,77.3544,0.336364
"Jul 30, 03:00 pm",34.6204,290.847,89.6558,0
"Jul 30, 04:00 pm",23.3877,298.395,102.211,0
"Jul 30, 05:00 pm",11.7975,307.679,113.383,0
"Jul 30, 06:00 pm",0,319.574,123.046,0
"Jul 30, 07:00 pm",0,334.894,130.295,0
"Jul 30, 08:00 pm",0,353.491,133.961,0
"Jul 30, 09:00 pm",0,13.1629,133.192,0
"Jul 30, 10:00 pm",0,30.7893,128.184,0
"Jul 30, 11:00 pm",0,44.896,119.995,0
"Jul 31, 12:00 am",0,55.8108,109.737,0
"Jul 31, 01:00 am",0,64.4302,98.1982,0
"Jul 31, 02:00 am",0,71.5721,85.6963,0
"Jul 31, 03:00 am",0,77.8817,72.9871,0.533495
"Jul 31, 04:00 am",0,83.9281,59.8808,0.72008
"Jul 31, 05:00 am",278.825,90.4026,46.612,0.72125
"Jul 31, 06:00 am",380.835,98.6261,33.3633,0.720202
"Jul 31, 07:00 am",410.694,112.697,20.5385,0.719473
"Jul 31, 08:00 am",426.189,153.025,10.3539,0.719126
"Jul 31, 09:00 am",451.244,226.96,13.1443,0.719204
"Jul 31, 10:00 am",431.103,253.298,24.8579,0.71968
"Jul 31, 11:00 am",397.391,264.458,37.9173,0.720518
"Jul 31, 12:00 pm",337.236,271.838,51.206,0.720982
"Jul 31, 01:00 pm",230.916,278.058,64.4471,0.7196
"Jul 31, 02:00 pm",41.9144,284.119,77.4698,0.330425
"Jul 31, 03:00 pm",34.5412,290.637,89.7689,0
"Jul 31, 04:00 pm",23.1268,298.193,102.362,0
"Jul 31, 05:00 pm",11.4611,307.489,113.559,0
"Jul 31, 06:00 pm",0,319.406,123.251,0
"Jul 31, 07:00 pm",0,334.78,130.528,0
"Jul 31, 08:00 pm",0,353.472,134.21,0
"Jul 31, 09:00 pm",0,13.2531,133.432,0
"Jul 31, 10:00 pm",0,30.9557,128.396,0
"Jul 31, 11:00 pm",0,45.0973,120.173,0
"Aug 1, 12:00 am",0,56.0244,109.885,0
"Aug 1, 01:00 am",0,64.6498,98.3212,0
"Aug 1, 02:00 am",0,71.8,85.7971,0
"Aug 1, 03:00 am",0,78.1258,73.0765,0.530127
"Aug 1, 04:00 am",0,84.202,59.9611,0.720136
"Aug 1, 05:00 am",306.96,90.7303,46.6891,0.721194
"Aug 1, 06:00 am",456.124,99.055,33.4474,0.720143
"Aug 1, 07:00 am",485.195,113.329,20.6549,0.719412
"Aug 1, 08:00 am",495.817,153.673,10.5758,0.719064
"Aug 1, 09:00 am",491.952,226.262,13.3384,0.719144
"Aug 1, 10:00 am",476.541,252.781,24.984,0.719622
"Aug 1, 11:00 am",440.362,264.087,38.0241,0.720462
"Aug 1, 12:00 pm",374.799,271.544,51.3104,0.721036
"Aug 1, 01:00 pm",253.271,277.806,64.5569,0.719653
"Aug 1, 02:00 pm",41.9962,283.891,77.5898,0.324311
"Aug 1, 03:00 pm",34.9717,290.424,89.8853,0
"Aug 1, 04:00 pm",23.7427,297.989,102.518,0
"Aug 1, 05:00 pm",12.115,307.295,113.74,0
"Aug 1, 06:00 pm",0,319.236,123.461,0
"Aug 1, 07:00 pm",0,334.665,130.766,0
"Aug 1, 08:00 pm",0,353.456,134.463,0
"Aug 1, 09:00 pm",0,13.3489,133.676,0
"Aug 1, 10:00 pm",0,31.1289,128.611,0
"Aug 1, 11:00 pm",0,45.3053,120.353,0
"Aug 2, 12:00 am",0,56.2442,110.034,0
"Aug 2, 01:00 am",0,64.875,98.4446,0
"Aug 2, 02:00 am",0,72.0334,85.8978,0
"Aug 2, 03:00 am",0,78.3754,73.1658,0.526758
"Aug 2, 04:00 am",0,84.4818,60.0413,0.720191
"Aug 2, 05:00 am",176.988,91.0647,46.7665,0.721137
"Aug 2, 06:00 am",341.275,99.4919,33.5326,0.720083
"Aug 2, 07:00 am",374.152,113.969,20.774,0.71935
"Aug 2, 08:00 am",384.039,154.317,10.8023,0.719
"Aug 2, 09:00 am",375.318,225.579,13.5396,0.719082
"Aug 2, 10:00 am",356.603,252.262,25.1164,0.719563
"Aug 2, 11:00 am",321.094,263.713,38.1363,0.720406
"Aug 2, 12:00 pm",285.349,271.246,51.4197,0.72109
"Aug 2, 01:00 pm",183.242,277.551,64.6712,0.719706
"Aug 2, 02:00 pm",41.2953,283.661,77.7142,0.318031
"Aug 2, 03:00 pm",32.9811,290.208,90.0037,0
"Aug 2, 04:00 pm",21.0646,297.783,102.678,0
"Aug 2, 05:00 pm",9.52018,307.1,113.925,0
"Aug 2, 06:00 pm",0,319.065,123.676,0
"Aug 2, 07:00 pm",0,334.551,131.009,0
"Aug 2, 08:00 pm",0,353.442,134.722,0
"Aug 2, 09:00 pm",0,13.4503,133.924,0
"Aug 2, 10:00 pm",0,31.3089,128.828,0
"Aug 2, 11:00 pm",0,45.5199,120.535,0
"Aug 3, 12:00 am",0,56.4701,110.183,0
"Aug 3, 01:00 am",0,65.1059,98.5683,0
"Aug 3, 02:00 am",0,72.2722,85.9973,0
"Aug 3, 03:00 am",0,78.6304,73.2547,0.523388
"Aug 3, 04:00 am",0,84.7674,60.1215,0.72025
"Aug 3, 05:00 am",279.171,91.4056,46.8442,0.721078
"Aug 3, 06:00 am",355.734,99.9366,33.6189,0.720022
"Aug 3, 07:00 am",381.54,114.618,20.8957,0.719287
"Aug 3, 08:00 am",395.26,154.958,11.0335,0.718935
"Aug 3, 09:00 am",409.873,224.91,13.7479,0.719019
"Aug 3, 10:00 am",401.075,251.741,25.2549,0.719503
"Aug 3, 11:00 am",370.621,263.335,38.2538,0.720348
"Aug 3, 12:00 pm",315.214,270.945,51.5337,0.721145
"Aug 3, 01:00 pm",217.534,277.293,64.7901,0.71976
"Aug 3, 02:00 pm",41.9649,283.428,77.8431,0.31159
"Aug 3, 03:00 pm",34.6228,289.989,90.1276,0
"Aug 3, 04:00 pm",23.32,297.573,102.843,0
"Aug 3, 05:00 pm",11.6386,306.901,114.116,0
"Aug 3, 06:00 pm",0,318.891,123.896,0
"Aug 3, 07:00 pm",0,334.436,131.258,0
"Aug 3, 08:00 pm",0,353.431,134.985,0
"Aug 3, 09:00 pm",0,13.5575,134.177,0
"Aug 3, 10:00 pm",0,31.4959,129.049,0
"Aug 3, 11:00 pm",0,45.7412,120.718,0
"Aug 4, 12:00 am",0,56.702,110.333,0
"Aug 4, 01:00 am",0,65.3424,98.6922,0
"Aug 4, 02:00 am",0,72.5162,86.0992,0
"Aug 4, 03:00 am",0,78.8907,73.3443,0.520019
"Aug 4, 04:00 am",0,85.0586,60.2021,0.720309
"Aug 4, 05:00 am",267.22,91.7529,46.9226,0.721018
"Aug 4, 06:00 am",386.634,100.389,33.7065,0.71996
"Aug 4, 07:00 am",403.665,115.274,21.0204,0.719222
"Aug 4, 08:00 am",405.342,155.593,11.2694,0.718868
"Aug 4, 09:00 am",409.652,224.257,13.9631,0.718955
"Aug 4, 10:00 am",391.902,251.219,25.3998,0.719441
"Aug 4, 11:00 am",359.362,262.953,38.3767,0.72029
"Aug 4, 12:00 pm",311.748,270.64,51.6526,0.721201
"Aug 4, 01:00 pm",227.515,277.032,64.9137,0.719815
"Aug 4, 02:00 pm",42.2568,283.192,77.9764,0.304994
"Aug 4, 03:00 pm",35.3856,289.767,90.254,0
"Aug 4, 04:00 pm",24.19,297.361,103.013,0
"Aug 4, 05:00 pm",12.3619,306.7,114.311,0
"Aug 4, 06:00 pm",0,318.716,124.121,0
"Aug 4, 07:00 pm",0,334.32,131.512,0
"Aug 4, 08:00 pm",0,353.423,135.253,0
"Aug 4, 09:00 pm",0,13.6705,134.433,0
"Aug 4, 10:00 pm",0,31.6898,129.272,0
"Aug 4, 11:00 pm",0,45.9691,120.902,0
"Aug 5, 12:00 am",0,56.9399,110.484,0
"Aug 5, 01:00 am",0,65.5843,98.8164,0
"Aug 5, 02:00 am",0,72.7655,86.2005,0
"Aug 5, 03:00 am",0,79.1563,73.4336,0.516654
"Aug 5, 04:00 am",0,85.3553,60.2826,0.720367
"Aug 5, 05:00 am",0,92.1065,47.0013,0.720956
"Aug 5, 06:00 am",0,100.848,33.7953,0.719898
"Aug 5, 07:00 am",320.886,115.937,21.148,0.719156
"Aug 5, 08:00 am",355.926,156.223,11.5098,0.7188
"Aug 5, 09:00 am",368.555,223.618,14.1852,0.71889
"Aug 5, 10:00 am",369.765,250.695,25.5509,0.719379
"Aug 5, 11:00 am",352.788,262.569,38.5049,0.720231
"Aug 5, 12:00 pm",309.74,270.332,51.7764,0.721258
"Aug 5, 01:00 pm",221.427,276.767,65.0417,0.719871
"Aug 5, 02:00 pm",42.0284,282.952,78.1141,0.298251
"Aug 5, 03:00 pm",34.7791,289.543,90.9613,0
"Aug 5, 04:00 pm",23.3313,297.145,103.187,0
"Aug 5, 05:00 pm",11.7593,306.496,114.511,0
"Aug 5, 06:00 pm",0,318.538,124.351,0
"Aug 5, 07:00 pm",0,334.205,131.771,0
"Aug 5, 08:00 pm",0,353.418,135.527,0
"Aug 5, 09:00 pm",0,13.7892,134.693,0
"Aug 5, 10:00 pm",0,31.8906,129.497,0
"Aug 5, 11:00 pm",0,46.2036,121.088,0
"Aug 6, 12:00 am",0,57.1837,110.636,0
"Aug 6, 01:00 am",0,65.8316,98.9407,0
"Aug 6, 02:00 am",0,73.0199,86.3003,0
"Aug 6, 03:00 am",0,79.427,73.5227,0.513292
"Aug 6, 04:00 am",0,85.6576,60.3632,0.720429
"Aug 6, 05:00 am",0,92.4661,47.0805,0.720894
"Aug 6, 06:00 am",440.764,101.315,33.8854,0.719831
"Aug 6, 07:00 am",469.405,116.607,21.2786,0.719088
"Aug 6, 08:00 am",482.127,156.846,11.7549,0.71873
"Aug 6, 09:00 am",473.27,222.996,14.4139,0.718823
"Aug 6, 10:00 am",469.854,250.171,25.7082,0.719316
"Aug 6, 11:00 am",457.153,262.181,38.6385,0.720171
"Aug 6, 12:00 pm",426.638,270.021,51.9051,0.721315
"Aug 6, 01:00 pm",350.263,276.5,65.1745,0.719927
"Aug 6, 02:00 pm",49.6317,282.71,78.2564,0.291366
"Aug 6, 03:00 pm",39.7704,289.315,91.1194,0
"Aug 6, 04:00 pm",29.4073,296.928,103.365,0
"Aug 6, 05:00 pm",17.1423,306.29,114.715,0
"Aug 6, 06:00 pm",0,318.359,124.586,0
"Aug 6, 07:00 pm",0,334.089,132.035,0
"Aug 6, 08:00 pm",0,353.415,135.804,0
"Aug 6, 09:00 pm",0,13.9139,134.956,0
"Aug 6, 10:00 pm",0,32.0984,129.724,0
"Aug 6, 11:00 pm",0,46.4447,121.275,0
"Aug 7, 12:00 am",0,57.4334,110.788,0
"Aug 7, 01:00 am",0,66.0843,99.0652,0
"Aug 7, 02:00 am",0,73.2794,86.3998,0
"Aug 7, 03:00 am",0,79.7028,73.6115,0.509523
"Aug 7, 04:00 am",0,85.9651,60.4439,0.720493
"Aug 7, 05:00 am",351.146,92.8318,47.1602,0.720829
"Aug 7, 06:00 am",405.318,101.789,33.9769,0.719765
"Aug 7, 07:00 am",429.922,117.282,21.4124,0.719019
"Aug 7, 08:00 am",444.184,157.463,12.0046,0.71866
"Aug 7, 09:00 am",500.899,222.389,14.6493,0.718755
"Aug 7, 10:00 am",497.571,249.647,25.8717,0.719251
"Aug 7, 11:00 am",478.864,261.791,38.7773,0.72011
"Aug 7, 12:00 pm",435.398,269.707,52.0384,0.721265
"Aug 7, 01:00 pm",347.584,276.23,65.3114,0.719983
"Aug 7, 02:00 pm",43.9828,282.465,78.4026,0.284347
"Aug 7, 03:00 pm",39.6062,289.085,91.2817,0
"Aug 7, 04:00 pm",29.2687,296.707,103.548,0
"Aug 7, 05:00 pm",17.1025,306.082,114.924,0
"Aug 7, 06:00 pm",0,318.178,124.826,0
"Aug 7, 07:00 pm",0,333.973,132.304,0
"Aug 7, 08:00 pm",0,353.416,136.087,0
"Aug 7, 09:00 pm",0,14.0446,135.224,0
"Aug 7, 10:00 pm",0,32.3133,129.954,0
"Aug 7, 11:00 pm",0,46.6924,121.464,0
"Aug 8, 12:00 am",0,57.6889,110.94,0
"Aug 8, 01:00 am",0,66.3422,99.1897,0
"Aug 8, 02:00 am",0,73.5439,86.4996,0
"Aug 8, 03:00 am",0,79.9835,73.7004,0.503374
"Aug 8, 04:00 am",0,86.2779,60.5247,0.720556
"Aug 8, 05:00 am",253.2,93.2033,47.2405,0.720765
"Aug 8, 06:00 am",445.021,102.269,34.0699,0.719697
"Aug 8, 07:00 am",469.798,117.963,21.5493,0.718949
"Aug 8, 08:00 am",478.892,158.074,12.2588,0.718588
"Aug 8, 09:00 am",465.568,221.798,14.8911,0.718685
"Aug 8, 10:00 am",456.595,249.124,26.0414,0.719186
"Aug 8, 11:00 am",432.319,261.399,38.9214,0.720048
"Aug 8, 12:00 pm",383.746,269.391,52.1764,0.721206
"Aug 8, 01:00 pm",290.074,275.957,65.4528,0.720041
"Aug 8, 02:00 pm",42.8074,282.218,78.5529,0.277201
"Aug 8, 03:00 pm",36.7131,288.852,91.4483,0
"Aug 8, 04:00 pm",25.8676,296.484,103.735,0
"Aug 8, 05:00 pm",14.1211,305.871,115.137,0
"Aug 8, 06:00 pm",0,317.995,125.07,0
"Aug 8, 07:00 pm",0,333.856,132.577,0
"Aug 8, 08:00 pm",0,353.419,136.374,0
"Aug 8, 09:00 pm",0,14.1812,135.494,0
"Aug 8, 10:00 pm",0,32.5351,130.186,0
"Aug 8, 11:00 pm",0,46.9466,121.653,0
"Aug 9, 12:00 am",0,57.9502,111.093,0
"Aug 9, 01:00 am",0,66.6053,99.3143,0
"Aug 9, 02:00 am",0,73.8132,86.5995,0
"Aug 9, 03:00 am",0,80.2691,73.7894,0.497276
"Aug 9, 04:00 am",0,86.5958,60.6058,0.720621
"Aug 9, 05:00 am",312.007,93.5804,47.3215,0.720698
"Aug 9, 06:00 am",376.427,102.756,34.1645,0.719629
"Aug 9, 07:00 am",401.161,118.65,21.6896,0.718878
"Aug 9, 08:00 am",414.516,158.677,12.5176,0.718514
"Aug 9, 09:00 am",417.621,221.223,15.1393,0.718615
"Aug 9, 10:00 am",412.394,248.601,26.2173,0.719119
"Aug 9, 11:00 am",395.483,261.004,39.0709,0.719985
"Aug 9, 12:00 pm",368.521,269.072,52.3193,0.721146
"Aug 9, 01:00 pm",277.163,275.681,65.5989,0.720099
"Aug 9, 02:00 pm",42.5487,281.968,78.7079,0.269935
"Aug 9, 03:00 pm",36.091,288.617,91.619,0
"Aug 9, 04:00 pm",25.0849,296.258,103.926,0
"Aug 9, 05:00 pm",13.4574,305.657,115.355,0
"Aug 9, 06:00 pm",0,317.809,125.319,0
"Aug 9, 07:00 pm",0,333.739,132.856,0
"Aug 9, 08:00 pm",0,353.425,136.666,0
"Aug 9, 09:00 pm",0,14.3239,135.768,0
"Aug 9, 10:00 pm",0,32.7639,130.42,0
"Aug 9, 11:00 pm",0,47.2072,121.843,0
"Aug 10, 12:00 am",0,58.2172,111.246,0
"Aug 10, 01:00 am",0,66.8735,99.439,0
"Aug 10, 02:00 am",0,74.0874,86.6997,0
"Aug 10, 03:00 am",0,80.5595,73.8785,0.49123
"Aug 10, 04:00 am",0,86.9188,60.6872,0.720687
"Aug 10, 05:00 am",328.123,93.9632,47.4033,0.720631
"Aug 10, 06:00 am",403.651,103.249,34.2607,0.719559
"Aug 10, 07:00 am",433.448,119.34,21.8332,0.718805
"Aug 10, 08:00 am",451.005,159.272,12.7808,0.71844
"Aug 10, 09:00 am",470.832,220.663,15.3937,0.718543
"Aug 10, 10:00 am",463.024,248.08,26.3992,0.719052
"Aug 10, 11:00 am",442.387,260.608,39.2256,0.719921
"Aug 10, 12:00 pm",391.559,268.75,52.4669,0.721086
"Aug 10, 01:00 pm",292.93,275.403,65.7492,0.720157
"Aug 10, 02:00 pm",42.5317,281.715,78.867,0.262557
"Aug 10, 03:00 pm",36.0504,288.379,91.7938,0
"Aug 10, 04:00 pm",24.9749,296.03,104.122,0
"Aug 10, 05:00 pm",13.1711,305.441,115.577,0
"Aug 10, 06:00 pm",0,317.622,125.572,0
"Aug 10, 07:00 pm",0,333.621,133.139,0
"Aug 10, 08:00 pm",0,353.434,136.962,0
"Aug 10, 09:00 pm",0,14.4727,136.046,0
"Aug 10, 10:00 pm",0,32.9998,130.656,0
"Aug 10, 11:00 pm",0,47.4743,122.034,0
"Aug 11, 12:00 am",0,58.4898,111.4,0
"Aug 11, 01:00 am",0,67.1467,99.5636,0
"Aug 11, 02:00 am",0,74.3662,86.7989,0
"Aug 11, 03:00 am",0,80.8545,73.9674,0.485238
"Aug 11, 04:00 am",0,87.2466,60.7687,0.720753
"Aug 11, 05:00 am",384.261,94.3513,47.4857,0.720562
"Aug 11, 06:00 am",405.355,103.747,34.3586,0.719487
"Aug 11, 07:00 am",434.869,120.034,21.9803,0.718731
"Aug 11, 08:00 am",448.589,159.859,13.0485,0.718364
"Aug 11, 09:00 am",450.099,220.12,15.6541,0.71847
"Aug 11, 10:00 am",440.017,247.56,26.5871,0.718983
"Aug 11, 11:00 am",409.524,260.209,39.3855,0.719857
"Aug 11, 12:00 pm",354.741,268.426,52.619,0.721025
"Aug 11, 01:00 pm",254.92,275.123,65.9037,0.720217
"Aug 11, 02:00 pm",41.6857,281.46,79.0297,0.255073
"Aug 11, 03:00 pm",34.1537,288.139,91.9726,0
"Aug 11, 04:00 pm",22.7566,295.8,104.321,0
"Aug 11, 05:00 pm",11.1649,305.222,115.803,0
"Aug 11, 06:00 pm",0,317.432,125.829,0
"Aug 11, 07:00 pm",0,333.504,133.426,0
"Aug 11, 08:00 pm",0,353.445,137.262,0
"Aug 11, 09:00 pm",0,14.6276,136.327,0
"Aug 11, 10:00 pm",0,33.2428,130.894,0
"Aug 11, 11:00 pm",0,47.7479,122.226,0
"Aug 12, 12:00 am",0,58.7679,111.554,0
"Aug 12, 01:00 am",0,67.4249,99.6882,0
"Aug 12, 02:00 am",0,74.6497,86.8973,0
"Aug 12, 03:00 am",0,81.1542,74.0561,0.479301
"Aug 12, 04:00 am",0,87.5792,60.8504,0.720821
"Aug 12, 05:00 am",0,94.7447,47.569,0.720494
"Aug 12, 06:00 am",433.786,104.252,34.4584,0.719415
"Aug 12, 07:00 am",460.428,120.732,22.1309,0.718655
"Aug 12, 08:00 am",473.977,160.438,13.3205,0.718286
"Aug 12, 09:00 am",441.676,219.592,15.9205,0.718396
"Aug 12, 10:00 am",435.273,247.042,26.781,0.718913
"Aug 12, 11:00 am",413.261,259.81,39.5505,0.719792
"Aug 12, 12:00 pm",365.267,268.1,52.7758,0.720963
"Aug 12, 01:00 pm",266.143,274.84,66.0625,0.720276
"Aug 12, 02:00 pm",41.9172,281.203,79.1967,0.247493
"Aug 12, 03:00 pm",34.5265,287.896,92.1554,0
"Aug 12, 04:00 pm",23.1851,295.566,104.524,0
"Aug 12, 05:00 pm",11.6429,305.001,116.033,0
"Aug 12, 06:00 pm",0,317.241,126.091,0
"Aug 12, 07:00 pm",0,333.385,133.718,0
"Aug 12, 08:00 pm",0,353.46,137.566,0
"Aug 12, 09:00 pm",0,14.7888,136.611,0
"Aug 12, 10:00 pm",0,33.4928,131.134,0
"Aug 12, 11:00 pm",0,48.0277,122.419,0
"Aug 13, 12:00 am",0,59.0515,111.708,0
"Aug 13, 01:00 am",0,67.708,99.8128,0
"Aug 13, 02:00 am",0,74.9378,86.9971,0
"Aug 13, 03:00 am",0,81.4583,74.1453,0.47342
"Aug 13, 04:00 am",0,87.9165,60.9326,0.72089
"Aug 13, 05:00 am",0,95.1432,47.6532,0.720422
"Aug 13, 06:00 am",354.066,104.762,34.56,0.719343
"Aug 13, 07:00 am",417.148,121.433,22.2852,0.718578
"Aug 13, 08:00 am",430.409,161.008,13.597,0.718208
"Aug 13, 09:00 am",435.016,219.08,16.1926,0.71832
"Aug 13, 10:00 am",427.558,246.527,26.9809,0.718843
"Aug 13, 11:00 am",403.869,259.409,39.7207,0.719725
"Aug 13, 12:00 pm",353.877,267.772,52.9372,0.720901
"Aug 13, 01:00 pm",258.728,274.555,66.2256,0.720337
"Aug 13, 02:00 pm",41.9147,280.943,79.3678,0.239823
"Aug 13, 03:00 pm",34.5527,287.651,92.342,0
"Aug 13, 04:00 pm",23.3013,295.331,104.732,0
"Aug 13, 05:00 pm",11.8159,304.778,116.267,0
"Aug 13, 06:00 pm",0,317.047,126.357,0
"Aug 13, 07:00 pm",0,333.266,134.015,0
"Aug 13, 08:00 pm",0,353.478,137.875,0
"Aug 13, 09:00 pm",0,14.9563,136.897,0
"Aug 13, 10:00 pm",0,33.7499,131.375,0
"Aug 13, 11:00 pm",0,48.3139,122.613,0
"Aug 14, 12:00 am",0,59.3406,111.862,0
"Aug 14, 01:00 am",0,67.9958,99.9372,0
"Aug 14, 02:00 am",0,75.2303,87.0959,0
"Aug 14, 03:00 am",0,81.7667,74.2342,0.467597
"Aug 14, 04:00 am",0,88.2584,61.0151,0.72096
"Aug 14, 05:00 am",228.113,95.5466,47.7383,0.720351
"Aug 14, 06:00 am",331.048,105.277,34.6635,0.719266
"Aug 14, 07:00 am",352.261,122.136,22.4431,0.7185
"Aug 14, 08:00 am",354.307,161.57,13.8777,0.718128
"Aug 14, 09:00 am",399.908,218.583,16.4704,0.718243
"Aug 14, 10:00 am",382.95,246.014,27.1866,0.718771
"Aug 14, 11:00 am",348.716,259.007,39.8959,0.719658
"Aug 14, 12:00 pm",287.306,267.442,53.103,0.720838
"Aug 14, 01:00 pm",186.587,274.268,66.3926,0.720398
"Aug 14, 02:00 pm",40.781,280.681,79.5423,0.232072
"Aug 14, 03:00 pm",31.9002,287.403,92.5324,0
"Aug 14, 04:00 pm",19.9855,295.092,104.943,0
"Aug 14, 05:00 pm",8.72916,304.551,116.505,0
"Aug 14, 06:00 pm",0,316.852,126.627,0
"Aug 14, 07:00 pm",0,333.147,134.316,0
"Aug 14, 08:00 pm",0,353.498,138.187,0
"Aug 14, 09:00 pm",0,15.13,137.187,0
"Aug 14, 10:00 pm",0,34.0141,131.618,0
"Aug 14, 11:00 pm",0,48.6064,122.807,0
"Aug 15, 12:00 am",0,59.635,112.016,0
"Aug 15, 01:00 am",0,68.2883,100.062,0
"Aug 15, 02:00 am",0,75.5271,87.1935,0
"Aug 15, 03:00 am",0,82.0795,74.3231,0.461832
"Aug 15, 04:00 am",0,88.6047,61.0978,0.721031
"Aug 15, 05:00 am",0,95.9549,47.8243,0.720278
"Aug 15, 06:00 am",307.754,105.798,34.769,0.71919
"Aug 15, 07:00 am",339.892,122.841,22.6047,0.718421
"Aug 15, 08:00 am",350.937,162.123,14.1626,0.718047
"Aug 15, 09:00 am",343.35,218.101,16.7537,0.718165
"Aug 15, 10:00 am",329.709,245.504,27.398,0.718698
"Aug 15, 11:00 am",297.1,258.604,40.0761,0.719591
"Aug 15, 12:00 pm",237.308,267.11,53.2731,0.720774
"Aug 15, 01:00 pm",138.805,273.979,66.5636,0.718575
"Aug 15, 02:00 pm",40.3879,280.417,79.7204,0.224248
"Aug 15, 03:00 pm",30.6841,287.154,92.7265,0
"Aug 15, 04:00 pm",18.5476,294.852,105.157,0
"Aug 15, 05:00 pm",0,304.323,116.746,0
"Aug 15, 06:00 pm",0,316.654,126.901,0
"Aug 15, 07:00 pm",0,333.027,134.621,0
"Aug 15, 08:00 pm",0,353.522,138.504,0
"Aug 15, 09:00 pm",0,15.3102,137.48,0
"Aug 15, 10:00 pm",0,34.2854,131.862,0
"Aug 15, 11:00 pm",0,48.9052,123.001,0
"Aug 16, 12:00 am",0,59.9347,112.17,0
"Aug 16, 01:00 am",0,68.5855,100.186,0
"Aug 16, 02:00 am",0,75.8282,87.2899,0
"Aug 16, 03:00 am",0,82.3965,74.4117,0.456127
"Aug 16, 04:00 am",0,88.9554,61.1809,0.721103
"Aug 16, 05:00 am",218.621,96.3678,47.9112,0.720204
"Aug 16, 06:00 am",353.395,106.323,34.8765,0.719113
"Aug 16, 07:00 am",383.254,123.547,22.77,0.718341
"Aug 16, 08:00 am",392.249,162.666,14.4517,0.717922
"Aug 16, 09:00 am",389.845,217.634,17.0423,0.718086
"Aug 16, 10:00 am",374.311,244.998,27.6151,0.718625
"Aug 16, 11:00 am",341.112,258.201,40.2613,0.719522
"Aug 16, 12:00 pm",286.904,266.777,53.4478,0.72071
"Aug 16, 01:00 pm",193.765,273.688,66.7386,0.713272
"Aug 16, 02:00 pm",40.7965,280.151,79.9022,0.216359
"Aug 16, 03:00 pm",32.012,286.902,92.9243,0
"Aug 16, 04:00 pm",20.1259,294.609,105.376,0
"Aug 16, 05:00 pm",8.97294,304.092,116.992,0
"Aug 16, 06:00 pm",0,316.454,127.179,0
"Aug 16, 07:00 pm",0,332.906,134.93,0
"Aug 16, 08:00 pm",0,353.548,138.824,0
"Aug 16, 09:00 pm",0,15.4969,137.775,0
"Aug 16, 10:00 pm",0,34.5638,132.108,0
"Aug 16, 11:00 pm",0,49.2101,123.196,0
"Aug 17, 12:00 am",0,60.2395,112.324,0
"Aug 17, 01:00 am",0,68.8871,100.31,0
"Aug 17, 02:00 am",0,76.1335,87.3877,0
"Aug 17, 03:00 am",0,82.7175,74.5008,0.45048
"Aug 17, 04:00 am",0,89.3102,61.2645,0.721177
"Aug 17, 05:00 am",0,96.7852,47.9993,0.720128
"Aug 17, 06:00 am",260.352,106.852,34.9863,0.719036
"Aug 17, 07:00 am",324.134,124.254,22.9393,0.718259
"Aug 17, 08:00 am",335.193,163.201,14.745,0.717692
"Aug 17, 09:00 am",342.609,217.181,17.3362,0.718005
"Aug 17, 10:00 am",329.706,244.495,27.8379,0.71855
"Aug 17, 11:00 am",299.024,257.798,40.4516,0.719453
"Aug 17, 12:00 pm",242.605,266.442,53.6269,0.720645
"Aug 17, 01:00 pm",141.267,273.395,66.9179,0.707846
"Aug 17, 02:00 pm",40.3038,279.883,80.0881,0.208414
"Aug 17, 03:00 pm",30.2922,286.648,93.1256,0
"Aug 17, 04:00 pm",17.9288,294.364,105.597,0
"Aug 17, 05:00 pm",0,303.858,117.241,0
"Aug 17, 06:00 pm",0,316.251,127.461,0
"Aug 17, 07:00 pm",0,332.784,135.243,0
"Aug 17, 08:00 pm",0,353.578,139.149,0
"Aug 17, 09:00 pm",0,15.6901,138.073,0
"Aug 17, 10:00 pm",0,34.8493,132.355,0
"Aug 17, 11:00 pm",0,49.5212,123.392,0
"Aug 18, 12:00 am",0,60.5495,112.478,0
"Aug 18, 01:00 am",0,69.1933,100.433,0
"Aug 18, 02:00 am",0,76.4429,87.4853,0
"Aug 18, 03:00 am",0,83.0426,74.59,0.444893
"Aug 18, 04:00 am",0,89.6692,61.3487,0.721251
"Aug 18, 05:00 am",17.3268,97.2069,48.0886,0.720051
"Aug 18, 06:00 am",21.5483,107.386,35.0982,0.718955
"Aug 18, 07:00 am",347.343,124.962,23.1123,0.718044
"Aug 18, 08:00 am",413.107,163.727,15.0423,0.717451
"Aug 18, 09:00 am",411.039,216.742,17.6351,0.71781
"Aug 18, 10:00 am",402.732,243.996,28.0663,0.718474
"Aug 18, 11:00 am",372.422,257.394,40.6467,0.719383
"Aug 18, 12:00 pm",256.527,266.106,53.8104,0.720579
"Aug 18, 01:00 pm",147.077,273.1,67.1011,0.7023
"Aug 18, 02:00 pm",40.2426,279.613,80.278,0.200421
"Aug 18, 03:00 pm",30.705,286.391,93.3304,0
"Aug 18, 04:00 pm",18.6787,294.116,105.822,0
"Aug 18, 05:00 pm",0,303.622,117.493,0
"Aug 18, 06:00 pm",0,316.047,127.747,0
"Aug 18, 07:00 pm",0,332.662,135.56,0
"Aug 18, 08:00 pm",0,353.61,139.476,0
"Aug 18, 09:00 pm",0,15.89,138.374,0
"Aug 18, 10:00 pm",0,35.142,132.603,0
"Aug 18, 11:00 pm",0,49.8384,123.587,0
"Aug 19, 12:00 am",0,60.8646,112.632,0
"Aug 19, 01:00 am",0,69.5038,100.557,0
"Aug 19, 02:00 am",0,76.7563,87.5832,0
"Aug 19, 03:00 am",0,83.3715,74.6794,0.439366
"Aug 19, 04:00 am",0,90.0321,61.4334,0.721313
"Aug 19, 05:00 am",0,97.6329,48.179,0.719975
"Aug 19, 06:00 am",272.315,107.923,35.2124,0.718874
"Aug 19, 07:00 am",289.34,125.669,23.2893,0.718092
"Aug 19, 08:00 am",284.082,164.244,15.3436,0.7172
"Aug 19, 09:00 am",311.19,216.318,17.9391,0.717579
"Aug 19, 10:00 am",299.514,243.501,28.3001,0.718398
"Aug 19, 11:00 am",274.636,256.99,40.8466,0.719312
"Aug 19, 12:00 pm",222.351,265.769,53.9981,0.720513
"Aug 19, 01:00 pm",119.265,272.804,67.2882,0.696634
"Aug 19, 02:00 pm",40.0389,279.341,80.471,0.192388
"Aug 19, 03:00 pm",29.8603,286.133,93.5387,0
"Aug 19, 04:00 pm",17.5039,293.866,106.051,0
"Aug 19, 05:00 pm",0,303.384,117.749,0
"Aug 19, 06:00 pm",0,315.84,128.036,0
"Aug 19, 07:00 pm",0,332.54,135.881,0
"Aug 19, 08:00 pm",0,353.646,139.808,0
"Aug 19, 09:00 pm",0,16.0965,138.677,0
"Aug 19, 10:00 pm",0,35.4419,132.852,0
"Aug 19, 11:00 pm",0,50.1616,123.783,0
"Aug 20, 12:00 am",0,61.1846,112.786,0
"Aug 20, 01:00 am",0,69.8185,100.68,0
"Aug 20, 02:00 am",0,77.0736,87.6795,0
"Aug 20, 03:00 am",0,83.7042,74.7685,0.433898
"Aug 20, 04:00 am",0,90.3989,61.5183,0.721237
"Aug 20, 05:00 am",0,98.0629,48.2704,0.719895
"Aug 20, 06:00 am",0,108.465,35.3288,0.718794
"Aug 20, 07:00 am",343.696,126.376,23.4701,0.718006
"Aug 20, 08:00 am",363.453,164.751,15.6487,0.716938
"Aug 20, 09:00 am",368.448,215.907,18.2478,0.717338
"Aug 20, 10:00 am",364.567,243.011,28.5393,0.71832
"Aug 20, 11:00 am",344.246,256.587,41.0513,0.71924
"Aug 20, 12:00 pm",292.352,265.431,54.1899,0.720446
"Aug 20, 01:00 pm",182.859,272.507,67.4788,0.69085
"Aug 20, 02:00 pm",40.5681,279.067,80.6669,0.184325
"Aug 20, 03:00 pm",31.2175,285.873,93.7503,0
"Aug 20, 04:00 pm",19.1589,293.614,106.283,0
"Aug 20, 05:00 pm",0,303.143,118.008,0
"Aug 20, 06:00 pm",0,315.631,128.328,0
"Aug 20, 07:00 pm",0,332.416,136.205,0
"Aug 20, 08:00 pm",0,353.685,140.143,0
"Aug 20, 09:00 pm",0,16.3099,138.982,0
"Aug 20, 10:00 pm",0,35.749,133.102,0
"Aug 20, 11:00 pm",0,50.4909,123.979,0
"Aug 21, 12:00 am",0,61.5096,112.939,0
"Aug 21, 01:00 am",0,70.1375,100.803,0
"Aug 21, 02:00 am",0,77.3947,87.7741,0
"Aug 21, 03:00 am",0,84.0406,74.8575,0.428489
"Aug 21, 04:00 am",0,90.7695,61.6037,0.72116
"Aug 21, 05:00 am",0,98.4968,48.3631,0.719818
"Aug 21, 06:00 am",261.6,109.01,35.4475,0.718709
"Aug 21, 07:00 am",309.561,127.082,23.6548,0.717464
"Aug 21, 08:00 am",251.54,165.25,15.9577,0.716666
"Aug 21, 09:00 am",173.506,215.509,18.5612,0.717086
"Aug 21, 10:00 am",270.492,242.525,28.7838,0.718242
"Aug 21, 11:00 am",234.269,256.184,41.2608,0.719168
"Aug 21, 12:00 pm",169.608,265.092,54.386,0.720379
"Aug 21, 01:00 pm",65.2408,272.208,67.6734,0.68495
"Aug 21, 02:00 pm",39.8231,278.792,80.8669,0.176239
"Aug 21, 03:00 pm",29.21,285.61,93.9651,0
"Aug 21, 04:00 pm",16.6578,293.36,106.518,0
"Aug 21, 05:00 pm",0,302.9,118.27,0
"Aug 21, 06:00 pm",0,315.42,128.624,0
"Aug 21, 07:00 pm",0,332.292,136.533,0
"Aug 21, 08:00 pm",0,353.727,140.481,0
"Aug 21, 09:00 pm",0,16.5301,139.289,0
"Aug 21, 10:00 pm",0,36.0633,133.353,0
"Aug 21, 11:00 pm",0,50.8261,124.175,0
"Aug 22, 12:00 am",0,61.8393,113.092,0
"Aug 22, 01:00 am",0,70.4605,100.925,0
"Aug 22, 02:00 am",0,77.7195,87.8703,0
"Aug 22, 03:00 am",0,84.3805,74.9468,0.423139
"Aug 22, 04:00 am",0,91.1437,61.6898,0.721082
"Aug 22, 05:00 am",0,98.9344,48.4571,0.719737
"Aug 22, 06:00 am",251.888,109.558,35.5686,0.718626
"Aug 22, 07:00 am",296.548,127.787,23.8434,0.717553
"Aug 22, 08:00 am",307.334,165.74,16.2704,0.716382
"Aug 22, 09:00 am",294.044,215.124,18.8792,0.716824
"Aug 22, 10:00 am",280.276,242.044,29.0335,0.718162
"Aug 22, 11:00 am",248.368,255.782,41.4748,0.719095
"Aug 22, 12:00 pm",188.353,264.752,54.5862,0.720311
"Aug 22, 01:00 pm",84.5815,271.907,67.8715,0.678935
"Aug 22, 02:00 pm",39.8586,278.515,81.07,0.16814
"Aug 22, 03:00 pm",29.3592,285.346,94.1832,0
"Aug 22, 04:00 pm",16.8424,293.103,106.756,0
"Aug 22, 05:00 pm",0,302.654,118.536,0
"Aug 22, 06:00 pm",0,315.206,128.923,0
"Aug 22, 07:00 pm",0,332.167,136.865,0
"Aug 22, 08:00 pm",0,353.773,140.822,0
"Aug 22, 09:00 pm",0,16.7573,139.599,0
"Aug 22, 10:00 pm",0,36.3848,133.604,0
"Aug 22, 11:00 pm",0,51.1673,124.37,0
"Aug 23, 12:00 am",0,62.1738,113.245,0
"Aug 23, 01:00 am",0,70.7876,101.047,0
"Aug 23, 02:00 am",0,78.0479,87.9649,0
"Aug 23, 03:00 am",0,84.724,75.0361,0
"Aug 23, 04:00 am",0,91.5214,61.7764,0.721003
"Aug 23, 05:00 am",0,99.3756,48.5523,0.719654
"Aug 23, 06:00 am",0,110.109,35.6921,0.718541
"Aug 23, 07:00 am",359.51,128.49,24.036,0.717296
"Aug 23, 08:00 am",371.841,166.22,16.5867,0.716086
"Aug 23, 09:00 am",331.749,214.752,19.2016,0.716552
"Aug 23, 10:00 am",317.904,241.568,29.2883,0.718082
"Aug 23, 11:00 am",283.96,255.38,41.6935,0.719021
"Aug 23, 12:00 pm",221.641,264.411,54.7904,0.720243
"Aug 23, 01:00 pm",106.957,271.605,68.0734,0.672808
"Aug 23, 02:00 pm",39.8884,278.236,81.2764,0.160036
"Aug 23, 03:00 pm",29.5027,285.08,94.4043,0
"Aug 23, 04:00 pm",17.0854,292.845,106.997,0
"Aug 23, 05:00 pm",0,302.406,118.804,0
"Aug 23, 06:00 pm",0,314.99,129.226,0
"Aug 23, 07:00 pm",0,332.041,137.2,0
"Aug 23, 08:00 pm",0,353.821,141.167,0
"Aug 23, 09:00 pm",0,16.9916,139.91,0
"Aug 23, 10:00 pm",0,36.7136,133.856,0
"Aug 23, 11:00 pm",0,51.5143,124.566,0
"Aug 24, 12:00 am",0,62.513,113.397,0
"Aug 24, 01:00 am",0,71.1185,101.168,0
"Aug 24, 02:00 am",0,78.3798,88.0591,0
"Aug 24, 03:00 am",0,85.0708,75.1254,0.412614
"Aug 24, 04:00 am",0,91.9025,61.8635,0.720923
"Aug 24, 05:00 am",0,99.8202,48.6487,0.719574
"Aug 24, 06:00 am",314.312,110.663,35.818,0.718454
"Aug 24, 07:00 am",342.696,129.191,24.2325,0.717028
"Aug 24, 08:00 am",350.368,166.692,16.9066,0.715779
"Aug 24, 09:00 am",345,214.393,19.5281,0.716269
"Aug 24, 10:00 am",333.145,241.097,29.548,0.718001
"Aug 24, 11:00 am",306.024,254.98,41.9166,0.718947
"Aug 24, 12:00 pm",255.125,264.07,54.9984,0.720174
"Aug 24, 01:00 pm",141.526,271.303,68.2784,0.66657
"Aug 24, 02:00 pm",40.1939,277.956,81.485,0.151935
"Aug 24, 03:00 pm",30.0907,284.812,94.6285,0
"Aug 24, 04:00 pm",17.854,292.584,107.241,0
"Aug 24, 05:00 pm",0,302.155,119.076,0
"Aug 24, 06:00 pm",0,314.771,129.531,0
"Aug 24, 07:00 pm",0,331.914,137.539,0
"Aug 24, 08:00 pm",0,353.873,141.515,0
"Aug 24, 09:00 pm",0,17.2331,140.223,0
"Aug 24, 10:00 pm",0,37.0496,134.109,0
"Aug 24, 11:00 pm",0,51.8671,124.761,0
"Aug 25, 12:00 am",0,62.8567,113.548,0
"Aug 25, 01:00 am",0,71.4533,101.289,0
"Aug 25, 02:00 am",0,78.7152,88.1518,0
"Aug 25, 03:00 am",0,85.4209,75.2147,0.407436
"Aug 25, 04:00 am",0,92.2868,61.9512,0.720843
"Aug 25, 05:00 am",0,100.268,48.7466,0.719491
"Aug 25, 06:00 am",255.518,111.22,35.9465,0.718367
"Aug 25, 07:00 am",281.353,129.889,24.4329,0.716749
"Aug 25, 08:00 am",289.932,167.155,17.23,0.71546
"Aug 25, 09:00 am",255.923,214.045,19.8589,0.715974
"Aug 25, 10:00 am",236.133,240.631,29.8127,0.717795
"Aug 25, 11:00 am",202.808,254.58,42.1442,0.718872
"Aug 25, 12:00 pm",248.135,263.729,55.2106,0.720104
"Aug 25, 01:00 pm",136.335,270.999,68.4874,0.660224
"Aug 25, 02:00 pm",40.0759,277.674,81.6976,0.143846
"Aug 25, 03:00 pm",29.8812,284.543,94.8556,0
"Aug 25, 04:00 pm",17.631,292.321,107.488,0
"Aug 25, 05:00 pm",0,301.902,119.35,0
"Aug 25, 06:00 pm",0,314.551,129.839,0
"Aug 25, 07:00 pm",0,331.787,137.88,0
"Aug 25, 08:00 pm",0,353.929,141.866,0
"Aug 25, 09:00 pm",0,17.4817,140.538,0
"Aug 25, 10:00 pm",0,37.3928,134.362,0
"Aug 25, 11:00 pm",0,52.2256,124.956,0
"Aug 26, 12:00 am",0,63.2049,113.699,0
"Aug 26, 01:00 am",0,71.7918,101.41,0
"Aug 26, 02:00 am",0,79.0539,88.2464,0
"Aug 26, 03:00 am",0,85.7741,75.3044,0.402315
"Aug 26, 04:00 am",0,92.6743,62.0396,0.720762
"Aug 26, 05:00 am",0,100.719,48.8459,0.719407
"Aug 26, 06:00 am",302.056,111.778,36.0775,0.718278
"Aug 26, 07:00 am",342.11,130.585,24.6372,0.716457
"Aug 26, 08:00 am",360.833,167.609,17.5567,0.715128
"Aug 26, 09:00 am",429.333,213.709,20.1937,0.715669
"Aug 26, 10:00 am",425.445,240.171,30.0822,0.717562
"Aug 26, 11:00 am",403.733,254.182,42.3763,0.718796
"Aug 26, 12:00 pm",347.708,263.387,55.4265,0.720034
"Aug 26, 01:00 pm",212.018,270.694,68.6997,0.653772
"Aug 26, 02:00 pm",40.5225,277.391,81.9132,0.135778
"Aug 26, 03:00 pm",31.009,284.271,95.0855,0
"Aug 26, 04:00 pm",18.9963,292.056,107.737,0
"Aug 26, 05:00 pm",0,301.647,119.626,0
"Aug 26, 06:00 pm",0,314.327,130.151,0
"Aug 26, 07:00 pm",0,331.658,138.225,0
"Aug 26, 08:00 pm",0,353.988,142.219,0
"Aug 26, 09:00 pm",0,17.7377,140.855,0
"Aug 26, 10:00 pm",0,37.7432,134.615,0
"Aug 26, 11:00 pm",0,52.5897,125.15,0
"Aug 27, 12:00 am",0,63.5575,113.85,0
"Aug 27, 01:00 am",0,72.134,101.53,0
"Aug 27, 02:00 am",0,79.3958,88.3385,0
"Aug 27, 03:00 am",0,86.1305,75.3939,0.397247
"Aug 27, 04:00 am",0,93.0648,62.1284,0.72068
"Aug 27, 05:00 am",259.771,101.173,48.9465,0.719321
"Aug 27, 06:00 am",356.475,112.339,36.2109,0.718189
"Aug 27, 07:00 am",384.285,131.277,24.8454,0.716154
"Aug 27, 08:00 am",398.038,168.055,17.8868,0.714784
"Aug 27, 09:00 am",401.932,213.384,20.5322,0.715352
"Aug 27, 10:00 am",395.07,239.717,30.3564,0.717321
"Aug 27, 11:00 am",367.442,253.786,42.6125,0.71872
"Aug 27, 12:00 pm",266.445,263.046,55.6462,0.719964
"Aug 27, 01:00 pm",138.257,270.389,68.9152,0.647216
"Aug 27, 02:00 pm",40.0598,277.107,82.1314,0.127739
"Aug 27, 03:00 pm",29.8787,283.999,95.3182,0
"Aug 27, 04:00 pm",17.4008,291.789,107.989,0
"Aug 27, 05:00 pm",0,301.389,119.906,0
"Aug 27, 06:00 pm",0,314.101,130.465,0
"Aug 27, 07:00 pm",0,331.528,138.573,0
"Aug 27, 08:00 pm",0,354.05,142.576,0
"Aug 27, 09:00 pm",0,18.0011,141.173,0
"Aug 27, 10:00 pm",0,38.1008,134.868,0
"Aug 27, 11:00 pm",0,52.9594,125.344,0
"Aug 28, 12:00 am",0,63.9144,113.999,0
"Aug 28, 01:00 am",0,72.4796,101.649,0
"Aug 28, 02:00 am",0,79.7408,88.4306,0
"Aug 28, 03:00 am",0,86.4897,75.4834,0.392233
"Aug 28, 04:00 am",0,93.4582,62.218,0.720597
"Aug 28, 05:00 am",286.804,101.629,49.0486,0.719235
"Aug 28, 06:00 am",389.222,112.901,36.3471,0.718098
"Aug 28, 07:00 am",414.236,131.965,25.0575,0.715839
"Aug 28, 08:00 am",424.485,168.492,18.2201,0.714427
"Aug 28, 09:00 am",363.854,213.07,20.8745,0.715023
"Aug 28, 10:00 am",355.68,239.268,30.6351,0.717069
"Aug 28, 11:00 am",326.131,253.391,42.8529,0.718642
"Aug 28, 12:00 pm",264.84,262.704,55.8695,0.719893
"Aug 28, 01:00 pm",131.592,270.082,69.1339,0.640559
"Aug 28, 02:00 pm",39.9147,276.822,82.352,0.119738
"Aug 28, 03:00 pm",29.6185,283.724,95.5536,0
"Aug 28, 04:00 pm",17.1008,291.52,108.244,0
"Aug 28, 05:00 pm",0,301.128,120.188,0
"Aug 28, 06:00 pm",0,313.873,130.781,0
"Aug 28, 07:00 pm",0,331.398,138.924,0
"Aug 28, 08:00 pm",0,354.116,142.935,0
"Aug 28, 09:00 pm",0,18.272,141.492,0
"Aug 28, 10:00 pm",0,38.4657,135.121,0
"Aug 28, 11:00 pm",0,53.3347,125.537,0
"Aug 29, 12:00 am",0,64.2755,114.148,0
"Aug 29, 01:00 am",0,72.8287,101.768,0
"Aug 29, 02:00 am",0,80.0888,88.5211,0
"Aug 29, 03:00 am",0,86.8517,75.5731,0.387271
"Aug 29, 04:00 am",0,93.8544,62.3083,0.720514
"Aug 29, 05:00 am",318.372,102.088,49.1522,0.719147
"Aug 29, 06:00 am",401.391,113.465,36.4858,0.718007
"Aug 29, 07:00 am",419.154,132.65,25.2736,0.715511
"Aug 29, 08:00 am",425.428,168.92,18.5565,0.714058
"Aug 29, 09:00 am",418.456,212.766,21.2204,0.714683
"Aug 29, 10:00 am",408.717,238.824,30.9182,0.716808
"Aug 29, 11:00 am",382.723,252.997,43.0974,0.718565
"Aug 29, 12:00 pm",325.186,262.362,56.0964,0.719821
"Aug 29, 01:00 pm",182.184,269.775,69.3558,0.633716
"Aug 29, 02:00 pm",40.1415,276.535,82.5761,0.111782
"Aug 29, 03:00 pm",30.2074,283.448,95.7915,0
"Aug 29, 04:00 pm",18.0684,291.249,108.501,0
"Aug 29, 05:00 pm",0,300.865,120.472,0
"Aug 29, 06:00 pm",0,313.642,131.101,0
"Aug 29, 07:00 pm",0,331.266,139.277,0
"Aug 29, 08:00 pm",0,354.185,143.296,0
"Aug 29, 09:00 pm",0,18.5503,141.812,0
"Aug 29, 10:00 pm",0,38.8377,135.374,0
"Aug 29, 11:00 pm",0,53.7153,125.729,0
"Aug 30, 12:00 am",0,64.6406,114.296,0
"Aug 30, 01:00 am",0,73.1811,101.886,0
"Aug 30, 02:00 am",0,80.4398,88.6125,0
"Aug 30, 03:00 am",0,87.2165,75.6631,0.382359
"Aug 30, 04:00 am",0,94.2531,62.3994,0.720429
"Aug 30, 05:00 am",287.742,102.55,49.2574,0.71906
"Aug 30, 06:00 am",355.391,114.03,36.6272,0.717783
"Aug 30, 07:00 am",367.6,133.33,25.4934,0.71517
"Aug 30, 08:00 am",369.099,169.34,18.896,0.713675
"Aug 30, 09:00 am",409.93,212.472,21.5697,0.714331
"Aug 30, 10:00 am",401.946,238.387,31.2056,0.716538
"Aug 30, 11:00 am",373.045,252.606,43.3458,0.718486
"Aug 30, 12:00 pm",318.404,262.02,56.3268,0.719749
"Aug 30, 01:00 pm",180.847,269.468,69.5808,0.626746
"Aug 30, 02:00 pm",40.1698,276.248,82.8022,0.10388
"Aug 30, 03:00 pm",30.2339,283.17,96.0318,0
"Aug 30, 04:00 pm",18.0958,290.976,108.76,0
"Aug 30, 05:00 pm",0,300.6,120.758,0
"Aug 30, 06:00 pm",0,313.408,131.422,0
"Aug 30, 07:00 pm",0,331.133,139.633,0
"Aug 30, 08:00 pm",0,354.258,143.66,0
"Aug 30, 09:00 pm",0,18.8363,142.134,0
"Aug 30, 10:00 pm",0,39.2169,135.627,0
"Aug 30, 11:00 pm",0,54.1012,125.921,0
"Aug 31, 12:00 am",0,65.0097,114.444,0
"Aug 31, 01:00 am",0,73.5366,102.003,0
"Aug 31, 02:00 am",0,80.7935,88.7025,0
"Aug 31, 03:00 am",0,87.5839,75.7533,0.377496
"Aug 31, 04:00 am",0,94.6544,62.4912,0.720344
"Aug 31, 05:00 am",248.473,103.014,49.3641,0.718972
"Aug 31, 06:00 am",416.229,114.596,36.7714,0.71752
"Aug 31, 07:00 am",436.437,134.005,25.7172,0.714817
"Aug 31, 08:00 am",441.597,169.751,19.2384,0.713279
"Aug 31, 09:00 am",454.394,212.188,21.9222,0.713967
"Aug 31, 10:00 am",442.22,237.955,31.4972,0.716258
"Aug 31, 11:00 am",414.502,252.216,43.5982,0.718407
"Aug 31, 12:00 pm",358.202,261.679,56.5606,0.719677
"Aug 31, 01:00 pm",210.994,269.159,69.8087,0.619686
"Aug 31, 02:00 pm",40.3061,275.959,83.0308,0.0960399
"Aug 31, 03:00 pm",30.51,282.891,96.2745,0
"Aug 31, 04:00 pm",18.3693,290.701,109.021,0
"Aug 31, 05:00 pm",0,300.332,121.047,0
"Aug 31, 06:00 pm",0,313.172,131.746,0
"Aug 31, 07:00 pm",0,330.998,139.992,0
"Aug 31, 08:00 pm",0,354.334,144.027,0
"Aug 31, 09:00 pm",0,19.1299,142.457,0
"Aug 31, 10:00 pm",0,39.6031,135.88,0
"Aug 31, 11:00 pm",0,54.4923,126.112,0
"Sep 1, 12:00 am",0,65.3827,114.59,0
"Sep 1, 01:00 am",0,73.8953,102.12,0
"Sep 1, 02:00 am",0,81.1499,88.791,0
"Sep 1, 03:00 am",0,87.9537,75.8434,0.37268
"Sep 1, 04:00 am",0,95.058,62.5837,0.720259
"Sep 1, 05:00 am",442.164,103.48,49.4725,0.718879
"Sep 1, 06:00 am",483.046,115.162,36.9183,0.717245
"Sep 1, 07:00 am",495.472,134.675,25.9447,0.71445
"Sep 1, 08:00 am",497.749,170.154,19.5837,0.71287
"Sep 1, 09:00 am",509.228,211.913,22.278,0.71359
"Sep 1, 10:00 am",504.353,237.529,31.7927,0.715967
"Sep 1, 11:00 am",484.316,251.829,43.8543,0.718328
"Sep 1, 12:00 pm",436.748,261.338,56.7978,0.719604
"Sep 1, 01:00 pm",276.442,268.851,70.0397,0.612537
"Sep 1, 02:00 pm",40.5407,275.669,83.2625,0.0882698
"Sep 1, 03:00 pm",31.1358,282.61,96.5193,0
"Sep 1, 04:00 pm",19.1212,290.424,109.284,0
"Sep 1, 05:00 pm",0,300.062,121.337,0
"Sep 1, 06:00 pm",0,312.932,132.072,0
"Sep 1, 07:00 pm",0,330.862,140.353,0
"Sep 1, 08:00 pm",0,354.414,144.396,0
"Sep 1, 09:00 pm",0,19.4313,142.78,0
"Sep 1, 10:00 pm",0,39.9964,136.132,0
"Sep 1, 11:00 pm",0,54.8885,126.302,0
"Sep 2, 12:00 am",0,65.7594,114.736,0
"Sep 2, 01:00 am",0,74.2569,102.237,0
"Sep 2, 02:00 am",0,81.5089,88.8811,0
"Sep 2, 03:00 am",0,88.3259,75.9341,0.367909
"Sep 2, 04:00 am",0,95.4638,62.6773,0.720173
"Sep 2, 05:00 am",387.598,103.947,49.5825,0.718789
"Sep 2, 06:00 am",464.313,115.729,37.068,0.716959
"Sep 2, 07:00 am",478.087,135.34,26.1761,0.71407
"Sep 2, 08:00 am",479.66,170.549,19.9318,0.712446
"Sep 2, 09:00 am",462.682,211.647,22.6366,0.713201
"Sep 2, 10:00 am",451.892,237.109,32.0921,0.715667
"Sep 2, 11:00 am",421.343,251.443,44.1139,0.718247
"Sep 2, 12:00 pm",356.287,260.997,57.0379,0.719531
"Sep 2, 01:00 pm",189.483,268.541,70.2729,0.605303
"Sep 2, 02:00 pm",39.5706,275.378,83.495,0
"Sep 2, 03:00 pm",28.9209,282.328,96.7663,0
"Sep 2, 04:00 pm",16.4817,290.145,109.55,0
"Sep 2, 05:00 pm",0,299.789,121.63,0
"Sep 2, 06:00 pm",0,312.69,132.4,0
"Sep 2, 07:00 pm",0,330.725,140.717,0
"Sep 2, 08:00 pm",0,354.498,144.766,0
"Sep 2, 09:00 pm",0,19.7403,143.105,0
"Sep 2, 10:00 pm",0,40.3966,136.384,0
"Sep 2, 11:00 pm",0,55.2898,126.491,0
"Sep 3, 12:00 am",0,66.1397,114.881,0
"Sep 3, 01:00 am",0,74.6214,102.352,0
"Sep 3, 02:00 am",0,81.8703,88.971,0
"Sep 3, 03:00 am",0,88.7004,76.0252,0.363182
"Sep 3, 04:00 am",0,95.8717,62.7718,0.720085
"Sep 3, 05:00 am",300.519,104.417,49.6944,0.718701
"Sep 3, 06:00 am",398.388,116.296,37.2205,0.716662
"Sep 3, 07:00 am",413.505,135.999,26.4112,0.713677
"Sep 3, 08:00 am",421.789,170.935,20.2825,0.712009
"Sep 3, 09:00 am",427.08,211.39,22.9982,0.712799
"Sep 3, 10:00 am",424.692,236.695,32.3952,0.715356
"Sep 3, 11:00 am",407.417,251.06,44.377,0.718167
"Sep 3, 12:00 pm",358.386,260.657,57.281,0.719457
"Sep 3, 01:00 pm",187.84,268.232,70.5088,0.597987
"Sep 3, 02:00 pm",39.6257,275.086,83.7297,0
"Sep 3, 03:00 pm",28.9751,282.045,97.0152,0
"Sep 3, 04:00 pm",16.5912,289.864,109.817,0
"Sep 3, 05:00 pm",0,299.513,121.924,0
"Sep 3, 06:00 pm",0,312.444,132.73,0
"Sep 3, 07:00 pm",0,330.585,141.082,0
"Sep 3, 08:00 pm",0,354.585,145.139,0
"Sep 3, 09:00 pm",0,20.0572,143.43,0
"Sep 3, 10:00 pm",0,40.8038,136.635,0
"Sep 3, 11:00 pm",0,55.6959,126.68,0
"Sep 4, 12:00 am",0,66.5235,115.025,0
"Sep 4, 01:00 am",0,74.9887,102.468,0
"Sep 4, 02:00 am",0,82.2341,89.0576,0
"Sep 4, 03:00 am",0,89.077,76.1161,0.358496
"Sep 4, 04:00 am",0,96.2815,62.867,0.719996
"Sep 4, 05:00 am",0,104.888,49.8079,0.718609
"Sep 4, 06:00 am",344.714,116.863,37.3758,0.716352
"Sep 4, 07:00 am",372.936,136.653,26.6501,0.713269
"Sep 4, 08:00 am",382.542,171.312,20.6358,0.711558
"Sep 4, 09:00 am",415.229,211.14,23.3624,0.712384
"Sep 4, 10:00 am",410.263,236.286,32.7018,0.715035
"Sep 4, 11:00 am",387.073,250.678,44.6434,0.718085
"Sep 4, 12:00 pm",329.051,260.318,57.5269,0.719383
"Sep 4, 01:00 pm",168.362,267.922,70.7469,0.590593
"Sep 4, 02:00 pm",39.8061,274.794,83.9656,0
"Sep 4, 03:00 pm",29.1766,281.76,97.266,0
"Sep 4, 04:00 pm",16.7907,289.581,110.085,0
"Sep 4, 05:00 pm",0,299.235,122.219,0
"Sep 4, 06:00 pm",0,312.196,133.061,0
"Sep 4, 07:00 pm",0,330.444,141.45,0
"Sep 4, 08:00 pm",0,354.675,145.514,0
"Sep 4, 09:00 pm",0,20.3818,143.756,0
"Sep 4, 10:00 pm",0,41.2178,136.886,0
"Sep 4, 11:00 pm",0,56.1067,126.867,0
"Sep 5, 12:00 am",0,66.9108,115.168,0
"Sep 5, 01:00 am",0,75.3585,102.582,0
"Sep 5, 02:00 am",0,82.6001,89.1433,0
"Sep 5, 03:00 am",0,89.4555,76.2073,0.353849
"Sep 5, 04:00 am",0,96.6932,62.9633,0.719907
"Sep 5, 05:00 am",269.874,105.36,49.9233,0.718516
"Sep 5, 06:00 am",457.049,117.43,37.5341,0.71603
"Sep 5, 07:00 am",482.685,137.3,26.8928,0.712848
"Sep 5, 08:00 am",488.36,171.682,20.9917,0.711092
"Sep 5, 09:00 am",488.049,210.898,23.7293,0.711957
"Sep 5, 10:00 am",480.981,235.883,33.0119,0.714704
"Sep 5, 11:00 am",456.535,250.299,44.9132,0.718003
"Sep 5, 12:00 pm",400.198,259.978,57.7759,0.719309
"Sep 5, 01:00 pm",216.01,267.611,70.9879,0.583123
"Sep 5, 02:00 pm",39.6782,274.5,84.2046,0
"Sep 5, 03:00 pm",28.9192,281.473,97.5184,0
"Sep 5, 04:00 pm",16.376,289.296,110.355,0
"Sep 5, 05:00 pm",0,298.954,122.516,0
"Sep 5, 06:00 pm",0,311.944,133.394,0
"Sep 5, 07:00 pm",0,330.301,141.82,0
"Sep 5, 08:00 pm",0,354.769,145.891,0
"Sep 5, 09:00 pm",0,20.7143,144.082,0
"Sep 5, 10:00 pm",0,41.6386,137.136,0
"Sep 5, 11:00 pm",0,56.5222,127.053,0
"Sep 6, 12:00 am",0,67.3012,115.31,0
"Sep 6, 01:00 am",0,75.7309,102.696,0
"Sep 6, 02:00 am",0,82.9681,89.2293,0
"Sep 6, 03:00 am",0,89.836,76.2992,0.34924
"Sep 6, 04:00 am",0,97.1064,63.0607,0.719819
"Sep 6, 05:00 am",349.821,105.833,50.0407,0.718422
"Sep 6, 06:00 am",417.133,117.996,37.6954,0.715695
"Sep 6, 07:00 am",432.902,137.94,27.1391,0.712412
"Sep 6, 08:00 am",436.863,172.043,21.35,0.710612
"Sep 6, 09:00 am",411.23,210.664,24.0986,0.711516
"Sep 6, 10:00 am",400.315,235.485,33.3252,0.714362
"Sep 6, 11:00 am",369.596,249.923,45.186,0.717801
"Sep 6, 12:00 pm",306.481,259.64,58.0275,0.719234
"Sep 6, 01:00 pm",140.207,267.301,71.2309,0.575581
"Sep 6, 02:00 pm",39.7234,274.206,84.4446,0
"Sep 6, 03:00 pm",29.0366,281.186,97.7725,0
"Sep 6, 04:00 pm",16.54,289.009,110.627,0
"Sep 6, 05:00 pm",0,298.67,122.815,0
"Sep 6, 06:00 pm",0,311.689,133.729,0
"Sep 6, 07:00 pm",0,330.156,142.192,0
"Sep 6, 08:00 pm",0,354.866,146.269,0
"Sep 6, 09:00 pm",0,21.0547,144.409,0
"Sep 6, 10:00 pm",0,42.0661,137.385,0
"Sep 6, 11:00 pm",0,56.9422,127.238,0
"Sep 7, 12:00 am",0,67.6948,115.451,0
"Sep 7, 01:00 am",0,76.1057,102.81,0
"Sep 7, 02:00 am",0,83.3382,89.3158,0
"Sep 7, 03:00 am",0,90.2181,76.3916,0.344619
"Sep 7, 04:00 am",0,97.5212,63.1593,0.71973
"Sep 7, 05:00 am",336.114,106.308,50.16,0.718328
"Sep 7, 06:00 am",371.941,118.56,37.8597,0.715348
"Sep 7, 07:00 am",399.131,138.574,27.3892,0.711962
"Sep 7, 08:00 am",409.615,172.396,21.7106,0.710117
"Sep 7, 09:00 am",378.012,210.436,24.4703,0.711062
"Sep 7, 10:00 am",369.891,235.093,33.6417,0.714009
"Sep 7, 11:00 am",341.566,249.548,45.4618,0.717569
"Sep 7, 12:00 pm",279.029,259.302,58.2817,0.719159
"Sep 7, 01:00 pm",118.3,266.99,71.4762,0.56797
"Sep 7, 02:00 pm",39.6888,273.91,84.6867,0
"Sep 7, 03:00 pm",29.1427,280.896,98.0279,0
"Sep 7, 04:00 pm",16.6375,288.72,110.9,0
"Sep 7, 05:00 pm",0,298.384,123.114,0
"Sep 7, 06:00 pm",0,311.43,134.065,0
"Sep 7, 07:00 pm",0,330.008,142.565,0
"Sep 7, 08:00 pm",0,354.966,146.65,0
"Sep 7, 09:00 pm",0,21.4029,144.736,0
"Sep 7, 10:00 pm",0,42.5002,137.634,0
"Sep 7, 11:00 pm",0,57.3666,127.423,0
"Sep 8, 12:00 am",0,68.0915,115.592,0
"Sep 8, 01:00 am",0,76.4827,102.923,0
"Sep 8, 02:00 am",0,83.7102,89.4018,0
"Sep 8, 03:00 am",0,90.6019,76.4847,0.339997
"Sep 8, 04:00 am",0,97.9374,63.2592,0.719638
"Sep 8, 05:00 am",0,106.783,50.2815,0.718233
"Sep 8, 06:00 am",324.055,119.124,38.027,0.714988
"Sep 8, 07:00 am",350.203,139.2,27.6429,0.711497
"Sep 8, 08:00 am",358.599,172.74,22.0735,0.709607
"Sep 8, 09:00 am",376.494,210.214,24.8441,0.710595
"Sep 8, 10:00 am",361.632,234.706,33.9612,0.713645
"Sep 8, 11:00 am",323.757,249.176,45.7404,0.717328
"Sep 8, 12:00 pm",250.74,258.965,58.5382,0.719083
"Sep 8, 01:00 pm",87.7469,266.679,71.7233,0.560295
"Sep 8, 02:00 pm",39.6452,273.614,84.9292,0
"Sep 8, 03:00 pm",28.9928,280.606,98.2847,0
"Sep 8, 04:00 pm",16.6249,288.429,111.173,0
"Sep 8, 05:00 pm",0,298.095,123.415,0
"Sep 8, 06:00 pm",0,311.168,134.402,0
"Sep 8, 07:00 pm",0,329.858,142.94,0
"Sep 8, 08:00 pm",0,355.07,147.031,0
"Sep 8, 09:00 pm",0,21.759,145.063,0
"Sep 8, 10:00 pm",0,42.9409,137.881,0
"Sep 8, 11:00 pm",0,57.7952,127.606,0
"Sep 9, 12:00 am",0,68.4909,115.731,0
"Sep 9, 01:00 am",0,76.8619,103.036,0
"Sep 9, 02:00 am",0,84.0839,89.4879,0
"Sep 9, 03:00 am",0,90.9873,76.5783,0.335407
"Sep 9, 04:00 am",0,98.3547,63.3603,0.719547
"Sep 9, 05:00 am",0,107.258,50.4049,0.718133
"Sep 9, 06:00 am",0,119.686,38.1973,0.714557
"Sep 9, 07:00 am",40.8297,139.819,27.9001,0.711018
"Sep 9, 08:00 am",364.607,173.077,22.4385,0.709082
"Sep 9, 09:00 am",392.834,209.999,25.2198,0.710114
"Sep 9, 10:00 am",386.043,234.325,34.2833,0.713271
"Sep 9, 11:00 am",352.9,248.806,46.0215,0.717079
"Sep 9, 12:00 pm",279.119,258.628,58.7968,0.719007
"Sep 9, 01:00 pm",96.8783,266.367,71.972,0.552559
"Sep 9, 02:00 pm",39.7014,273.317,85.1725,0
"Sep 9, 03:00 pm",28.8865,280.314,98.5427,0
"Sep 9, 04:00 pm",16.4005,288.136,111.448,0
"Sep 9, 05:00 pm",0,297.802,123.716,0
"Sep 9, 06:00 pm",0,310.902,134.739,0
"Sep 9, 07:00 pm",0,329.705,143.317,0
"Sep 9, 08:00 pm",0,355.177,147.415,0
"Sep 9, 09:00 pm",0,22.1231,145.39,0
"Sep 9, 10:00 pm",0,43.3879,138.128,0
"Sep 9, 11:00 pm",0,58.2279,127.788,0
"Sep 10, 12:00 am",0,68.8932,115.87,0
"Sep 10, 01:00 am",0,77.2431,103.148,0
"Sep 10, 02:00 am",0,84.4592,89.5719,0
"Sep 10, 03:00 am",0,91.3739,76.6723,0.330848
"Sep 10, 04:00 am",0,98.7732,63.4626,0.719455
"Sep 10, 05:00 am",0,107.734,50.5306,0.71795
"Sep 10, 06:00 am",285.202,120.246,38.3708,0.71423
"Sep 10, 07:00 am",311.787,140.431,28.161,0.710523
"Sep 10, 08:00 am",315.985,173.405,22.8056,0.708542
"Sep 10, 09:00 am",334.516,209.79,25.5976,0.709619
"Sep 10, 10:00 am",322.496,233.949,34.6081,0.712885
"Sep 10, 11:00 am",291.105,248.438,46.3054,0.716821
"Sep 10, 12:00 pm",248.118,258.292,59.0578,0.71893
"Sep 10, 01:00 pm",85.5779,266.056,72.2227,0.544766
"Sep 10, 02:00 pm",39.6433,273.02,85.4171,0
"Sep 10, 03:00 pm",28.7416,280.02,98.8016,0
"Sep 10, 04:00 pm",16.1408,287.841,111.724,0
"Sep 10, 05:00 pm",0,297.507,124.018,0
"Sep 10, 06:00 pm",0,310.633,135.078,0
"Sep 10, 07:00 pm",0,329.549,143.694,0
"Sep 10, 08:00 pm",0,355.288,147.799,0
"Sep 10, 09:00 pm",0,22.4951,145.718,0
"Sep 10, 10:00 pm",0,43.8413,138.374,0
"Sep 10, 11:00 pm",0,58.6647,127.968,0
"Sep 11, 12:00 am",0,69.298,116.008,0
"Sep 11, 01:00 am",0,77.6262,103.26,0
"Sep 11, 02:00 am",0,84.8361,89.6561,0
"Sep 11, 03:00 am",0,91.7619,76.7673,0.326317
"Sep 11, 04:00 am",0,99.1925,63.5664,0.719363
"Sep 11, 05:00 am",215.285,108.21,50.6584,0.717758
"Sep 11, 06:00 am",378.565,120.805,38.5474,0.713831
"Sep 11, 07:00 am",396.875,141.035,28.4253,0.710014
"Sep 11, 08:00 am",402.089,173.725,23.1747,0.707986
"Sep 11, 09:00 am",410.781,209.586,25.9771,0.70911
"Sep 11, 10:00 am",404.258,233.578,34.9355,0.712488
"Sep 11, 11:00 am",375.277,248.073,46.5916,0.716555
"Sep 11, 12:00 pm",313.254,257.957,59.3207,0.718853
"Sep 11, 01:00 pm",131.965,265.745,72.475,0.536919
"Sep 11, 02:00 pm",39.6549,272.721,85.6628,0
"Sep 11, 03:00 pm",29.0151,279.726,99.0615,0
"Sep 11, 04:00 pm",16.5559,287.544,112,0
"Sep 11, 05:00 pm",0,297.209,124.32,0
"Sep 11, 06:00 pm",0,310.359,135.418,0
"Sep 11, 07:00 pm",0,329.391,144.074,0
"Sep 11, 08:00 pm",0,355.401,148.185,0
"Sep 11, 09:00 pm",0,22.875,146.045,0
"Sep 11, 10:00 pm",0,44.3009,138.618,0
"Sep 11, 11:00 pm",0,59.1052,128.148,0
"Sep 12, 12:00 am",0,69.7053,116.145,0
"Sep 12, 01:00 am",0,78.0111,103.371,0
"Sep 12, 02:00 am",0,85.2143,89.7391,0
"Sep 12, 03:00 am",0,92.1509,76.8627,0.321812
"Sep 12, 04:00 am",0,99.6127,63.6716,0.719272
"Sep 12, 05:00 am",289.783,108.687,50.7884,0.717578
"Sep 12, 06:00 am",361.778,121.361,38.727,0.713419
"Sep 12, 07:00 am",380.11,141.631,28.6931,0.709489
"Sep 12, 08:00 am",386.123,174.037,23.5457,0.707415
"Sep 12, 09:00 am",388.805,209.387,26.3583,0.708587
"Sep 12, 10:00 am",382.399,233.212,35.2652,0.712079
"Sep 12, 11:00 am",356.412,247.71,46.8802,0.71628
"Sep 12, 12:00 pm",285.99,257.623,59.5858,0.718776
"Sep 12, 01:00 pm",104.757,265.433,72.7291,0.529023
"Sep 12, 02:00 pm",39.6859,272.422,85.9097,0
"Sep 12, 03:00 pm",29.1684,279.43,99.3222,0
"Sep 12, 04:00 pm",16.7122,287.245,112.276,0
"Sep 12, 05:00 pm",0,296.908,124.623,0
"Sep 12, 06:00 pm",0,310.081,135.758,0
"Sep 12, 07:00 pm",0,329.229,144.454,0
"Sep 12, 08:00 pm",0,355.518,148.572,0
"Sep 12, 09:00 pm",0,23.263,146.372,0
"Sep 12, 10:00 pm",0,44.7667,138.862,0
"Sep 12, 11:00 pm",0,59.5495,128.327,0
"Sep 13, 12:00 am",0,70.115,116.282,0
"Sep 13, 01:00 am",0,78.3976,103.482,0
"Sep 13, 02:00 am",0,85.5939,89.8232,0
"Sep 13, 03:00 am",0,92.541,76.9591,0.317331
"Sep 13, 04:00 am",0,100.033,63.7782,0.719178
"Sep 13, 05:00 am",0,109.163,50.9207,0.717291
"Sep 13, 06:00 am",313.298,121.914,38.9098,0.712993
"Sep 13, 07:00 am",337.645,142.219,28.9642,0.708949
"Sep 13, 08:00 am",346.257,174.342,23.9184,0.706829
"Sep 13, 09:00 am",409.405,209.193,26.7409,0.708051
"Sep 13, 10:00 am",408.597,232.851,35.597,0.711659
"Sep 13, 11:00 am",383.67,247.35,47.1706,0.715997
"Sep 13, 12:00 pm",314.743,257.289,59.8522,0.718699
"Sep 13, 01:00 pm",116.227,265.121,72.9839,0.521082
"Sep 13, 02:00 pm",39.6914,272.122,86.1556,0
"Sep 13, 03:00 pm",29.1713,279.133,99.5834,0
"Sep 13, 04:00 pm",16.7187,286.943,112.553,0
"Sep 13, 05:00 pm",0,296.603,124.926,0
"Sep 13, 06:00 pm",0,309.799,136.098,0
"Sep 13, 07:00 pm",0,329.063,144.835,0
"Sep 13, 08:00 pm",0,355.638,148.96,0
"Sep 13, 09:00 pm",0,23.659,146.699,0
"Sep 13, 10:00 pm",0,45.2385,139.104,0
"Sep 13, 11:00 pm",0,59.9974,128.504,0
"Sep 14, 12:00 am",0,70.5269,116.417,0
"Sep 14, 01:00 am",0,78.7857,103.593,0
"Sep 14, 02:00 am",0,85.9745,89.912,0
"Sep 14, 03:00 am",0,92.9319,77.0569,0.312871
"Sep 14, 04:00 am",0,100.455,63.8866,0.719084
"Sep 14, 05:00 am",241.47,109.638,51.0554,0.716996
"Sep 14, 06:00 am",407.289,122.465,39.0957,0.712553
"Sep 14, 07:00 am",423.135,142.798,29.2386,0.708393
"Sep 14, 08:00 am",423.875,174.638,24.2928,0.706226
"Sep 14, 09:00 am",426.099,209.004,27.1249,0.7075
"Sep 14, 10:00 am",412.802,232.494,35.9309,0.711228
"Sep 14, 11:00 am",382.123,246.992,47.4631,0.715704
"Sep 14, 12:00 pm",309.48,256.957,60.1203,0.718621
"Sep 14, 01:00 pm",108.245,264.809,73.2399,0.509923
"Sep 14, 02:00 pm",39.6886,271.821,86.4008,0
"Sep 14, 03:00 pm",29.0537,278.834,99.8452,0
"Sep 14, 04:00 pm",16.5795,286.64,112.831,0
"Sep 14, 05:00 pm",0,296.296,125.229,0
"Sep 14, 06:00 pm",0,309.513,136.439,0
"Sep 14, 07:00 pm",0,328.894,145.217,0
"Sep 14, 08:00 pm",0,355.761,149.349,0
"Sep 14, 09:00 pm",0,24.063,147.025,0
"Sep 14, 10:00 pm",0,45.7162,139.345,0
"Sep 14, 11:00 pm",0,60.4487,128.68,0
"Sep 15, 12:00 am",0,70.9409,116.552,0
"Sep 15, 01:00 am",0,79.1752,103.704,0
"Sep 15, 02:00 am",0,86.3563,89.9921,0
"Sep 15, 03:00 am",0,93.3236,77.1546,0.30843
"Sep 15, 04:00 am",0,100.876,63.9961,0.71899
"Sep 15, 05:00 am",0,110.113,51.1922,0.716688
"Sep 15, 06:00 am",281.193,123.013,39.2846,0.7121
"Sep 15, 07:00 am",323.601,143.37,29.5162,0.707822
"Sep 15, 08:00 am",337.158,174.927,24.6687,0.705673
"Sep 15, 09:00 am",333.059,208.819,27.5102,0.706934
"Sep 15, 10:00 am",329.569,232.143,36.2667,0.710785
"Sep 15, 11:00 am",310.297,246.636,47.7574,0.715403
"Sep 15, 12:00 pm",253.929,256.625,60.3899,0.718542
"Sep 15, 01:00 pm",78.9264,264.498,73.4971,0.495741
"Sep 15, 02:00 pm",39.5459,271.52,86.6466,0
"Sep 15, 03:00 pm",28.7477,278.534,100.107,0
"Sep 15, 04:00 pm",16.249,286.334,113.108,0
"Sep 15, 05:00 pm",0,295.985,125.532,0
"Sep 15, 06:00 pm",0,309.222,136.78,0
"Sep 15, 07:00 pm",0,328.721,145.599,0
"Sep 15, 08:00 pm",0,355.886,149.739,0
"Sep 15, 09:00 pm",0,24.4752,147.351,0
"Sep 15, 10:00 pm",0,46.1997,139.584,0
"Sep 15, 11:00 pm",0,60.9033,128.855,0
"Sep 16, 12:00 am",0,71.3569,116.686,0
"Sep 16, 01:00 am",0,79.566,103.814,0
"Sep 16, 02:00 am",0,86.7389,90.0743,0
"Sep 16, 03:00 am",0,93.7159,77.2534,0.304006
"Sep 16, 04:00 am",0,101.298,64.1073,0.718898
"Sep 16, 05:00 am",315.754,110.588,51.3314,0.71637
"Sep 16, 06:00 am",349.633,123.558,39.4767,0.711633
"Sep 16, 07:00 am",369.366,143.932,29.797,0.707234
"Sep 16, 08:00 am",374.323,175.207,25.0461,0.705125
"Sep 16, 09:00 am",356.174,208.638,27.8966,0.706355
"Sep 16, 10:00 am",342.01,231.796,36.6043,0.71033
"Sep 16, 11:00 am",307.811,246.283,48.0536,0.715093
"Sep 16, 12:00 pm",237.852,256.294,60.661,0.718464
"Sep 16, 01:00 pm",57.1865,264.186,73.7554,0.481687
"Sep 16, 02:00 pm",39.7009,271.218,86.8929,0
"Sep 16, 03:00 pm",28.979,278.233,100.37,0
"Sep 16, 04:00 pm",16.507,286.027,113.385,0
"Sep 16, 05:00 pm",0,295.671,125.835,0
"Sep 16, 06:00 pm",0,308.927,137.121,0
"Sep 16, 07:00 pm",0,328.544,145.983,0
"Sep 16, 08:00 pm",0,356.015,150.13,0
"Sep 16, 09:00 pm",0,24.8954,147.677,0
"Sep 16, 10:00 pm",0,46.689,139.823,0
"Sep 16, 11:00 pm",0,61.3611,129.028,0
"Sep 17, 12:00 am",0,71.7747,116.819,0
"Sep 17, 01:00 am",0,79.958,103.924,0
"Sep 17, 02:00 am",0,87.1224,90.1593,0
"Sep 17, 03:00 am",0,94.1087,77.3533,0.299597
"Sep 17, 04:00 am",0,101.72,64.2201,0.718801
"Sep 17, 05:00 am",0,111.061,51.473,0.716038
"Sep 17, 06:00 am",316.831,124.099,39.6718,0.711152
"Sep 17, 07:00 am",338.344,144.486,30.0808,0.706631
"Sep 17, 08:00 am",341.842,175.481,25.4248,0.704561
"Sep 17, 09:00 am",325.941,208.461,28.284,0.705805
"Sep 17, 10:00 am",309.832,231.453,36.9435,0.709864
"Sep 17, 11:00 am",271.642,245.932,48.3513,0.714774
"Sep 17, 12:00 pm",196.057,255.965,60.9333,0.718385
"Sep 17, 01:00 pm",43.3195,263.874,74.0146,0.467767
"Sep 17, 02:00 pm",37.6087,270.916,87.1387,0
"Sep 17, 03:00 pm",26.6865,277.931,100.632,0
"Sep 17, 04:00 pm",14.79,285.717,113.662,0
"Sep 17, 05:00 pm",0,295.354,126.138,0
"Sep 17, 06:00 pm",0,308.627,137.461,0
"Sep 17, 07:00 pm",0,328.363,146.366,0
"Sep 17, 08:00 pm",0,356.147,150.521,0
"Sep 17, 09:00 pm",0,25.3238,148.001,0
"Sep 17, 10:00 pm",0,47.1839,140.059,0
"Sep 17, 11:00 pm",0,61.8219,129.2,0
"Sep 18, 12:00 am",0,72.1942,116.951,0
"Sep 18, 01:00 am",0,80.3511,104.034,0
"Sep 18, 02:00 am",0,87.5065,90.2415,0
"Sep 18, 03:00 am",0,94.5018,77.4539,0.2952
"Sep 18, 04:00 am",0,102.142,64.3345,0.718706
"Sep 18, 05:00 am",0,111.533,51.6169,0.715697
"Sep 18, 06:00 am",311.737,124.637,39.87,0.710657
"Sep 18, 07:00 am",357.798,145.032,30.3676,0.706021
"Sep 18, 08:00 am",365.316,175.747,25.8048,0.703982
"Sep 18, 09:00 am",344.044,208.287,28.6723,0.705279
"Sep 18, 10:00 am",333.29,231.115,37.2841,0.709386
"Sep 18, 11:00 am",300.637,245.583,48.6504,0.714446
"Sep 18, 12:00 pm",230.183,255.636,61.2067,0.718305
"Sep 18, 01:00 pm",44.0501,263.563,74.2744,0.45399
"Sep 18, 02:00 pm",39.7232,270.613,87.383,0
"Sep 18, 03:00 pm",29.0721,277.627,100.895,0
"Sep 18, 04:00 pm",16.617,285.406,113.939,0
"Sep 18, 05:00 pm",0,295.034,126.44,0
"Sep 18, 06:00 pm",0,308.323,137.802,0
"Sep 18, 07:00 pm",0,328.178,146.75,0
"Sep 18, 08:00 pm",0,356.282,150.913,0
"Sep 18, 09:00 pm",0,25.7603,148.325,0
"Sep 18, 10:00 pm",0,47.6842,140.294,0
"Sep 18, 11:00 pm",0,62.2856,129.371,0
"Sep 19, 12:00 am",0,72.6153,117.083,0
"Sep 19, 01:00 am",0,80.7451,104.143,0
"Sep 19, 02:00 am",0,87.8913,90.9144,0
"Sep 19, 03:00 am",0,94.8952,77.5558,0.290813
"Sep 19, 04:00 am",0,102.563,64.4506,0.71861
"Sep 19, 05:00 am",0,112.004,51.7632,0.715341
"Sep 19, 06:00 am",281.679,125.17,40.0711,0.710119
"Sep 19, 07:00 am",334.704,145.568,30.6572,0.705473
"Sep 19, 08:00 am",347.143,176.005,26.1859,0.703387
"Sep 19, 09:00 am",349.183,208.118,29.0614,0.704739
"Sep 19, 10:00 am",340.847,230.782,37.6261,0.708896
"Sep 19, 11:00 am",310.924,245.237,48.9508,0.71411
"Sep 19, 12:00 pm",238.494,255.308,61.4811,0.718226
"Sep 19, 01:00 pm",47.2072,263.251,74.5347,0.440364
"Sep 19, 02:00 pm",39.7503,270.31,87.6266,0
"Sep 19, 03:00 pm",29.1496,277.322,101.157,0
"Sep 19, 04:00 pm",16.7787,285.092,114.215,0
"Sep 19, 05:00 pm",0,294.711,126.741,0
"Sep 19, 06:00 pm",0,308.013,138.141,0
"Sep 19, 07:00 pm",0,327.987,147.135,0
"Sep 19, 08:00 pm",0,356.42,151.305,0
"Sep 19, 09:00 pm",0,26.2051,148.648,0
"Sep 19, 10:00 pm",0,48.1899,140.528,0
"Sep 19, 11:00 pm",0,62.752,129.541,0
"Sep 20, 12:00 am",0,73.0378,117.213,0
"Sep 20, 01:00 am",0,81.1399,104.253,0
"Sep 20, 02:00 am",0,88.2764,91.0152,0
"Sep 20, 03:00 am",0,95.2888,77.6588,0.286435
"Sep 20, 04:00 am",0,102.984,64.5685,0.718514
"Sep 20, 05:00 am",0,112.474,51.9119,0.714975
"Sep 20, 06:00 am",251.798,125.7,40.2753,0.709624
"Sep 20, 07:00 am",293.695,146.096,30.9496,0.704909
"Sep 20, 08:00 am",310.537,176.256,26.568,0.702776
"Sep 20, 09:00 am",354.154,207.951,29.451,0.704186
"Sep 20, 10:00 am",349.792,230.453,37.9692,0.708395
"Sep 20, 11:00 am",320.965,244.894,49.2524,0.713764
"Sep 20, 12:00 pm",252.243,254.981,61.7563,0.718146
"Sep 20, 01:00 pm",52.2395,262.94,74.7954,0.426897
"Sep 20, 02:00 pm",39.5354,270.006,87.8679,0
"Sep 20, 03:00 pm",29.0463,277.016,101.419,0
"Sep 20, 04:00 pm",17.1131,284.777,114.491,0
"Sep 20, 05:00 pm",0,294.384,127.042,0
"Sep 20, 06:00 pm",0,307.699,138.48,0
"Sep 20, 07:00 pm",0,327.793,147.519,0
"Sep 20, 08:00 pm",0,356.561,151.698,0
"Sep 20, 09:00 pm",0,26.6582,148.97,0
"Sep 20, 10:00 pm",0,48.7009,140.76,0
"Sep 20, 11:00 pm",0,63.2209,129.709,0
"Sep 21, 12:00 am",0,73.4617,117.343,0
"Sep 21, 01:00 am",0,81.5354,104.362,0
"Sep 21, 02:00 am",0,88.6619,91.1164,0
"Sep 21, 03:00 am",0,95.6823,77.7623,0.282062
"Sep 21, 04:00 am",0,103.405,64.6878,0.71842
"Sep 21, 05:00 am",313.877,112.942,52.0628,0.714599
"Sep 21, 06:00 am",369.077,126.226,40.4822,0.709086
"Sep 21, 07:00 am",381.945,146.614,31.2446,0.704329
"Sep 21, 08:00 am",383.214,176.5,26.951,0.702149
"Sep 21, 09:00 am",370.497,207.787,29.8412,0.703618
"Sep 21, 10:00 am",363.42,230.127,38.3134,0.707881
"Sep 21, 11:00 am",334.351,244.552,49.5552,0.713409
"Sep 21, 12:00 pm",260.88,254.656,62.0326,0.718066
"Sep 21, 01:00 pm",48.4457,262.629,75.0571,0.413594
"Sep 21, 02:00 pm",39.7842,269.701,88.1105,0
"Sep 21, 03:00 pm",29.2948,276.709,101.681,0
"Sep 21, 04:00 pm",16.6432,284.459,114.766,0
"Sep 21, 05:00 pm",0,294.054,127.342,0
"Sep 21, 06:00 pm",0,307.38,138.819,0
"Sep 21, 07:00 pm",0,327.592,147.903,0
"Sep 21, 08:00 pm",0,356.704,152.091,0
"Sep 21, 09:00 pm",0,27.1195,149.291,0
"Sep 21, 10:00 pm",0,49.217,140.99,0
"Sep 21, 11:00 pm",0,63.6923,129.876,0
"Sep 22, 12:00 am",0,73.8867,117.472,0
"Sep 22, 01:00 am",0,81.9314,104.471,0
"Sep 22, 02:00 am",0,89.0476,91.218,0
"Sep 22, 03:00 am",0,96.0757,77.8671,0.277693
"Sep 22, 04:00 am",0,103.825,64.8088,0.718323
"Sep 22, 05:00 am",329.189,113.408,52.2161,0.714209
"Sep 22, 06:00 am",397.064,126.747,40.6921,0.708534
"Sep 22, 07:00 am",409.283,147.124,31.5421,0.703733
"Sep 22, 08:00 am",412.638,176.737,27.3348,0.701506
"Sep 22, 09:00 am",429.296,207.627,30.2317,0.703035
"Sep 22, 10:00 am",425.257,229.807,38.6584,0.707356
"Sep 22, 11:00 am",402.135,244.213,49.8586,0.713045
"Sep 22, 12:00 pm",335.796,254.331,62.309,0.717978
"Sep 22, 01:00 pm",87.1543,262.319,75.3181,0.400465
"Sep 22, 02:00 pm",39.7606,269.396,88.3474,0
"Sep 22, 03:00 pm",29.1401,276.401,101.942,0
"Sep 22, 04:00 pm",16.666,284.14,115.041,0
"Sep 22, 05:00 pm",0,293.721,127.641,0
"Sep 22, 06:00 pm",0,307.055,139.156,0
"Sep 22, 07:00 pm",0,327.387,148.287,0
"Sep 22, 08:00 pm",0,356.851,152.484,0
"Sep 22, 09:00 pm",0,27.5891,149.611,0
"Sep 22, 10:00 pm",0,49.738,141.218,0
"Sep 22, 11:00 pm",0,64.166,130.041,0
"Sep 23, 12:00 am",0,74.3127,117.601,0
"Sep 23, 01:00 am",0,82.328,104.58,0
"Sep 23, 02:00 am",0,89.4334,91.3201,0
"Sep 23, 03:00 am",0,96.4689,77.9726,0.273326
"Sep 23, 04:00 am",0,104.244,64.9314,0.718224
"Sep 23, 05:00 am",208.506,113.872,52.3716,0.713806
"Sep 23, 06:00 am",365.633,127.263,40.9047,0.707967
"Sep 23, 07:00 am",373.604,147.624,31.842,0.703121
"Sep 23, 08:00 am",366.733,176.967,27.7192,0.700847
"Sep 23, 09:00 am",346.974,207.469,30.6224,0.702439
"Sep 23, 10:00 am",328.312,229.49,39.0042,0.706819
"Sep 23, 11:00 am",291.54,243.877,50.1628,0.712673
"Sep 23, 12:00 pm",219.658,254.008,62.5859,0.717757
"Sep 23, 01:00 pm",43.1892,262.008,75.5793,0.387514
"Sep 23, 02:00 pm",37.4227,269.091,88.582,0
"Sep 23, 03:00 pm",26.3222,276.092,102.203,0
"Sep 23, 04:00 pm",14.2866,283.819,115.314,0
"Sep 23, 05:00 pm",0,293.385,127.938,0
"Sep 23, 06:00 pm",0,306.726,139.493,0
"Sep 23, 07:00 pm",0,327.177,148.67,0
"Sep 23, 08:00 pm",0,357,152.877,0
"Sep 23, 09:00 pm",0,28.067,149.929,0
"Sep 23, 10:00 pm",0,50.2639,141.445,0
"Sep 23, 11:00 pm",0,64.6418,130.205,0
"Sep 24, 12:00 am",0,74.7396,117.728,0
"Sep 24, 01:00 am",0,82.7248,104.689,0
"Sep 24, 02:00 am",0,89.8192,91.4226,0
"Sep 24, 03:00 am",0,96.8616,78.0797,0.268959
"Sep 24, 04:00 am",0,104.662,65.056,0.718126
"Sep 24, 05:00 am",0,114.334,52.5296,0.713392
"Sep 24, 06:00 am",289.634,127.775,41.1202,0.707386
"Sep 24, 07:00 am",327.012,148.116,32.1443,0.702493
"Sep 24, 08:00 am",334.986,177.19,28.1042,0.700172
"Sep 24, 09:00 am",366.501,207.313,31.0133,0.701828
"Sep 24, 10:00 am",359.849,229.177,39.3506,0.706271
"Sep 24, 11:00 am",332.441,243.543,50.4679,0.712291
"Sep 24, 12:00 pm",263.872,253.686,62.8636,0.717529
"Sep 24, 01:00 pm",43.9965,261.698,75.841,0.374749
"Sep 24, 02:00 pm",39.406,268.786,88.8167,0
"Sep 24, 03:00 pm",28.733,275.782,102.463,0
"Sep 24, 04:00 pm",16.4471,283.496,115.586,0
"Sep 24, 05:00 pm",0,293.045,128.235,0
"Sep 24, 06:00 pm",0,306.391,139.828,0
"Sep 24, 07:00 pm",0,326.96,149.054,0
"Sep 24, 08:00 pm",0,357.152,153.27,0
"Sep 24, 09:00 pm",0,28.5532,150.246,0
"Sep 24, 10:00 pm",0,50.7945,141.669,0
"Sep 24, 11:00 pm",0,65.1196,130.368,0
"Sep 25, 12:00 am",0,75.1673,117.855,0
"Sep 25, 01:00 am",0,83.1219,104.797,0
"Sep 25, 02:00 am",0,90.2048,91.5256,0
"Sep 25, 03:00 am",0,97.2539,78.1873,0.26459
"Sep 25, 04:00 am",0,105.08,65.1819,0.718029
"Sep 25, 05:00 am",238.312,114.794,52.6898,0.712966
"Sep 25, 06:00 am",385.172,128.281,41.3383,0.70679
"Sep 25, 07:00 am",397.648,148.598,32.4487,0.701849
"Sep 25, 08:00 am",399.1,177.406,28.4897,0.69948
"Sep 25, 09:00 am",413.157,207.16,31.4042,0.701202
"Sep 25, 10:00 am",411.06,228.867,39.6975,0.705761
"Sep 25, 11:00 am",388.261,243.211,50.7734,0.7119
"Sep 25, 12:00 pm",322.799,253.365,63.1414,0.717295
"Sep 25, 01:00 pm",66.7017,261.389,76.1024,0.362174
"Sep 25, 02:00 pm",39.7104,268.48,89.0472,0
"Sep 25, 03:00 pm",29.2042,275.471,102.722,0
"Sep 25, 04:00 pm",16.6758,283.171,115.857,0
"Sep 25, 05:00 pm",0,292.702,128.529,0
"Sep 25, 06:00 pm",0,306.051,140.161,0
"Sep 25, 07:00 pm",0,326.738,149.436,0
"Sep 25, 08:00 pm",0,357.308,153.663,0
"Sep 25, 09:00 pm",0,29.0478,150.562,0
"Sep 25, 10:00 pm",0,51.3295,141.892,0
"Sep 25, 11:00 pm",0,65.5992,130.529,0
"Sep 26, 12:00 am",0,75.5956,117.981,0
"Sep 26, 01:00 am",0,83.519,104.906,0
"Sep 26, 02:00 am",0,90.5902,91.6291,0
"Sep 26, 03:00 am",0,97.6455,78.2965,0.260218
"Sep 26, 04:00 am",0,105.495,65.3098,0.71783
"Sep 26, 05:00 am",0,115.251,52.8524,0.712528
"Sep 26, 06:00 am",317.203,128.783,41.5591,0.706179
"Sep 26, 07:00 am",329.403,149.071,32.7553,0.701189
"Sep 26, 08:00 am",329.054,177.616,28.8755,0.698773
"Sep 26, 09:00 am",346.905,207.01,31.795,0.700563
"Sep 26, 10:00 am",332.774,228.562,40.0448,0.705267
"Sep 26, 11:00 am",300.335,242.882,51.0792,0.7115
"Sep 26, 12:00 pm",233.708,253.045,63.4192,0.717053
"Sep 26, 01:00 pm",42.9329,261.079,76.3634,0.349796
"Sep 26, 02:00 pm",36.7793,268.174,89.2732,0
"Sep 26, 03:00 pm",25.8274,275.16,102.98,0
"Sep 26, 04:00 pm",14.0999,282.844,116.127,0
"Sep 26, 05:00 pm",0,292.356,128.822,0
"Sep 26, 06:00 pm",0,305.705,140.493,0
"Sep 26, 07:00 pm",0,326.509,149.817,0
"Sep 26, 08:00 pm",0,357.465,154.056,0
"Sep 26, 09:00 pm",0,29.5506,150.875,0
"Sep 26, 10:00 pm",0,51.869,142.112,0
"Sep 26, 11:00 pm",0,66.0804,130.688,0
"Sep 27, 12:00 am",0,76.0244,118.106,0
"Sep 27, 01:00 am",0,83.916,105.014,0
"Sep 27, 02:00 am",0,90.9751,91.7332,0
"Sep 27, 03:00 am",0,98.0363,78.4065,0.25584
"Sep 27, 04:00 am",0,105.91,65.4393,0.717556
"Sep 27, 05:00 am",0,115.706,53.0172,0.712079
"Sep 27, 06:00 am",343.711,129.279,41.7825,0.705627
"Sep 27, 07:00 am",355.476,149.535,33.0637,0.700512
"Sep 27, 08:00 am",356.087,177.819,29.2614,0.698049
"Sep 27, 09:00 am",370.304,206.861,32.1854,0.699909
"Sep 27, 10:00 am",360.084,228.26,40.3921,0.704761
"Sep 27, 11:00 am",330.575,242.555,51.3852,0.711092
"Sep 27, 12:00 pm",259.372,252.727,63.6969,0.716805
"Sep 27, 01:00 pm",43.433,260.771,76.6238,0.33762
"Sep 27, 02:00 pm",37.993,267.868,89.4955,0
"Sep 27, 03:00 pm",26.9617,274.847,103.236,0
"Sep 27, 04:00 pm",14.8467,282.515,116.395,0
"Sep 27, 05:00 pm",0,292.006,129.114,0
"Sep 27, 06:00 pm",0,305.354,140.824,0
"Sep 27, 07:00 pm",0,326.274,150.198,0
"Sep 27, 08:00 pm",0,357.626,154.448,0
"Sep 27, 09:00 pm",0,30.0617,151.187,0
"Sep 27, 10:00 pm",0,52.4125,142.331,0
"Sep 27, 11:00 pm",0,66.563,130.846,0
"Sep 28, 12:00 am",0,76.4535,118.231,0
"Sep 28, 01:00 am",0,84.3129,105.122,0
"Sep 28, 02:00 am",0,91.3595,91.8377,0
"Sep 28, 03:00 am",0,98.4262,78.5177,0.251456
"Sep 28, 04:00 am",0,106.323,65.5705,0.717272
"Sep 28, 05:00 am",0,116.158,53.1842,0.711617
"Sep 28, 06:00 am",346.632,129.77,42.0083,0.705074
"Sep 28, 07:00 am",356.7,149.99,33.3741,0.699819
"Sep 28, 08:00 am",355.868,178.015,29.6475,0.697309
"Sep 28, 09:00 am",352.302,206.714,32.5755,0.699241
"Sep 28, 10:00 am",340.936,227.962,40.7395,0.704244
"Sep 28, 11:00 am",307.929,242.231,51.6913,0.710674
"Sep 28, 12:00 pm",228.462,252.409,63.9745,0.716549
"Sep 28, 01:00 pm",42.5366,260.462,76.884,0.32565
"Sep 28, 02:00 pm",35.9469,267.562,89.7155,0
"Sep 28, 03:00 pm",24.5545,274.533,103.492,0
"Sep 28, 04:00 pm",12.6765,282.185,116.661,0
"Sep 28, 05:00 pm",0,291.654,129.403,0
"Sep 28, 06:00 pm",0,304.997,141.152,0
"Sep 28, 07:00 pm",0,326.032,150.577,0
"Sep 28, 08:00 pm",0,357.789,154.839,0
"Sep 28, 09:00 pm",0,30.5811,151.497,0
"Sep 28, 10:00 pm",0,52.9601,142.547,0
"Sep 28, 11:00 pm",0,67.047,131.003,0
"Sep 29, 12:00 am",0,76.8828,118.354,0
"Sep 29, 01:00 am",0,84.7094,105.23,0
"Sep 29, 02:00 am",0,91.7433,91.9429,0
"Sep 29, 03:00 am",0,98.8151,78.6306,0.247063
"Sep 29, 04:00 am",0,106.734,65.7037,0.716978
"Sep 29, 05:00 am",0,116.606,53.3536,0.711145
"Sep 29, 06:00 am",260.105,130.255,42.2367,0.704474
"Sep 29, 07:00 am",311.418,150.435,33.6862,0.69911
"Sep 29, 08:00 am",324.735,178.205,30.0335,0.696553
"Sep 29, 09:00 am",376.841,206.569,32.9651,0.698559
"Sep 29, 10:00 am",371.441,227.667,41.0868,0.703716
"Sep 29, 11:00 am",344.403,241.909,51.9974,0.710248
"Sep 29, 12:00 pm",270.836,252.093,64.2519,0.716286
"Sep 29, 01:00 pm",43.1981,260.154,77.1433,0.313891
"Sep 29, 02:00 pm",37.4064,267.255,89.9314,0
"Sep 29, 03:00 pm",26.1793,274.219,103.746,0
"Sep 29, 04:00 pm",13.983,281.853,116.926,0
"Sep 29, 05:00 pm",0,291.298,129.691,0
"Sep 29, 06:00 pm",0,304.635,141.478,0
"Sep 29, 07:00 pm",0,325.783,150.956,0
"Sep 29, 08:00 pm",0,357.954,155.231,0
"Sep 29, 09:00 pm",0,31.1087,151.806,0
"Sep 29, 10:00 pm",0,53.5114,142.762,0
"Sep 29, 11:00 pm",0,67.532,131.158,0
"Sep 30, 12:00 am",0,77.3122,118.478,0
"Sep 30, 01:00 am",0,85.1056,105.339,0
"Sep 30, 02:00 am",0,92.1263,92.0487,0
"Sep 30, 03:00 am",0,99.2028,78.7439,0.24266
"Sep 30, 04:00 am",0,107.143,65.8383,0.716675
"Sep 30, 05:00 am",0,117.052,53.525,0.710659
"Sep 30, 06:00 am",362.16,130.734,42.4674,0.703926
"Sep 30, 07:00 am",384.271,150.872,33.9999,0.698385
"Sep 30, 08:00 am",389.198,178.389,30.4194,0.695781
"Sep 30, 09:00 am",376.583,206.426,33.354,0.697863
"Sep 30, 10:00 am",371.647,227.376,41.4338,0.703176
"Sep 30, 11:00 am",345.069,241.589,52.3032,0.709813
"Sep 30, 12:00 pm",274.189,251.779,64.5287,0.716017
"Sep 30, 01:00 pm",43.1582,259.847,77.4019,0.302348
"Sep 30, 02:00 pm",37.3652,266.949,90.1439,0
"Sep 30, 03:00 pm",26.4449,273.904,103.999,0
"Sep 30, 04:00 pm",14.1719,281.519,117.189,0
"Sep 30, 05:00 pm",0,290.939,129.976,0
"Sep 30, 06:00 pm",0,304.266,141.803,0
"Sep 30, 07:00 pm",0,325.526,151.333,0
"Sep 30, 08:00 pm",0,358.122,155.621,0
"Sep 30, 09:00 pm",0,31.6443,152.112,0
"Sep 30, 10:00 pm",0,54.0664,142.974,0
"Sep 30, 11:00 pm",0,68.018,131.312,0
"Oct 1, 12:00 am",0,77.7414,118.6,0
"Oct 1, 01:00 am",0,85.5011,105.447,0
"Oct 1, 02:00 am",0,92.5084,92.1552,0
"Oct 1, 03:00 am",0,99.5892,78.8582,0.238246
"Oct 1, 04:00 am",0,107.551,65.9746,0.716362
"Oct 1, 05:00 am",0,117.494,53.6986,0.710162
"Oct 1, 06:00 am",302.565,131.208,42.7004,0.703331
"Oct 1, 07:00 am",331.902,151.299,34.3151,0.697644
"Oct 1, 08:00 am",338.181,178.566,30.805,0.694992
"Oct 1, 09:00 am",402.427,206.284,33.7421,0.697152
"Oct 1, 10:00 am",395.252,227.087,41.7804,0.702625
"Oct 1, 11:00 am",362.011,241.271,52.6085,0.709369
"Oct 1, 12:00 pm",278.957,251.465,64.8048,0.71574
"Oct 1, 01:00 pm",42.8537,259.54,77.6591,0.291023
"Oct 1, 02:00 pm",36.5277,266.642,90.9409,0
"Oct 1, 03:00 pm",25.1968,273.588,104.249,0
"Oct 1, 04:00 pm",13.2663,281.184,117.449,0
"Oct 1, 05:00 pm",0,290.576,130.258,0
"Oct 1, 06:00 pm",0,303.892,142.124,0
"Oct 1, 07:00 pm",0,325.262,151.708,0
"Oct 1, 08:00 pm",0,358.292,156.01,0
"Oct 1, 09:00 pm",0,32.1881,152.416,0
"Oct 1, 10:00 pm",0,54.6247,143.184,0
"Oct 1, 11:00 pm",0,68.5047,131.464,0
"Oct 2, 12:00 am",0,78.1703,118.722,0
"Oct 2, 01:00 am",0,85.8959,105.555,0
"Oct 2, 02:00 am",0,92.8894,92.2623,0
"Oct 2, 03:00 am",0,99.9742,78.9744,0.233821
"Oct 2, 04:00 am",0,107.956,66.1129,0.716039
"Oct 2, 05:00 am",0,117.933,53.8746,0.709656
"Oct 2, 06:00 am",313.275,131.675,42.9358,0.702722
"Oct 2, 07:00 am",346.884,151.717,34.6317,0.696887
"Oct 2, 08:00 am",344.769,178.737,31.1902,0.694188
"Oct 2, 09:00 am",352.806,206.143,34.1294,0.696427
"Oct 2, 10:00 am",336.898,226.802,42.1264,0.702062
"Oct 2, 11:00 am",300.937,240.956,52.9134,0.708916
"Oct 2, 12:00 pm",223.507,251.153,65.0804,0.715457
"Oct 2, 01:00 pm",41.9437,259.234,77.9158,0.279921
"Oct 2, 02:00 pm",34.3487,266.336,91.19,0
"Oct 2, 03:00 pm",22.5506,273.271,104.499,0
"Oct 2, 04:00 pm",10.7794,280.846,117.708,0
"Oct 2, 05:00 pm",0,290.211,130.538,0
"Oct 2, 06:00 pm",0,303.512,142.443,0
"Oct 2, 07:00 pm",0,324.99,152.081,0
"Oct 2, 08:00 pm",0,358.465,156.399,0
"Oct 2, 09:00 pm",0,32.7398,152.719,0
"Oct 2, 10:00 pm",0,55.1861,143.391,0
"Oct 2, 11:00 pm",0,68.9919,131.615,0
"Oct 3, 12:00 am",0,78.5989,118.843,0
"Oct 3, 01:00 am",0,86.2899,105.664,0
"Oct 3, 02:00 am",0,93.2693,92.3702,0
"Oct 3, 03:00 am",0,100.358,79.0923,0.229382
"Oct 3, 04:00 am",0,108.359,66.2531,0.715707
"Oct 3, 05:00 am",0,118.368,54.0528,0.709135
"Oct 3, 06:00 am",303.791,132.136,43.1734,0.702099
"Oct 3, 07:00 am",340.313,152.125,34.9497,0.696113
"Oct 3, 08:00 am",352.052,178.901,31.575,0.693368
"Oct 3, 09:00 am",370.359,206.004,34.5156,0.695689
"Oct 3, 10:00 am",359.78,226.52,42.4716,0.701489
"Oct 3, 11:00 am",323.482,240.642,53.2176,0.708454
"Oct 3, 12:00 pm",238.599,250.842,65.355,0.715167
"Oct 3, 01:00 pm",41.724,258.928,78.1709,0.269044
"Oct 3, 02:00 pm",33.8775,266.029,91.4376,0
"Oct 3, 03:00 pm",21.9696,272.954,104.746,0
"Oct 3, 04:00 pm",10.2365,280.508,117.964,0
"Oct 3, 05:00 pm",0,289.842,130.816,0
"Oct 3, 06:00 pm",0,303.125,142.76,0
"Oct 3, 07:00 pm",0,324.709,152.453,0
"Oct 3, 08:00 pm",0,358.639,156.787,0
"Oct 3, 09:00 pm",0,33.2994,153.018,0
"Oct 3, 10:00 pm",0,55.7505,143.597,0
"Oct 3, 11:00 pm",0,69.4795,131.765,0
"Oct 4, 12:00 am",0,79.0269,118.964,0
"Oct 4, 01:00 am",0,86.6829,105.773,0
"Oct 4, 02:00 am",0,93.6479,92.4789,0
"Oct 4, 03:00 am",0,100.739,79.2104,0.224928
"Oct 4, 04:00 am",0,108.76,66.3948,0.704943
"Oct 4, 05:00 am",324.344,118.799,54.233,0.708608
"Oct 4, 06:00 am",393.492,132.59,43.4132,0.701462
"Oct 4, 07:00 am",395.643,152.524,35.2689,0.695324
"Oct 4, 08:00 am",390.993,179.059,31.9593,0.692532
"Oct 4, 09:00 am",363.926,205.865,34.9007,0.694936
"Oct 4, 10:00 am",346.164,226.24,42.8162,0.700904
"Oct 4, 11:00 am",305.517,240.331,53.5212,0.707984
"Oct 4, 12:00 pm",220.122,250.532,65.6287,0.714869
"Oct 4, 01:00 pm",41.5894,258.623,78.425,0.258396
"Oct 4, 02:00 pm",33.5642,265.722,91.6835,0
"Oct 4, 03:00 pm",21.8537,272.636,104.991,0
"Oct 4, 04:00 pm",10.1023,280.168,118.217,0
"Oct 4, 05:00 pm",0,289.47,131.09,0
"Oct 4, 06:00 pm",0,302.732,143.073,0
"Oct 4, 07:00 pm",0,324.419,152.822,0
"Oct 4, 08:00 pm",0,358.815,157.174,0
"Oct 4, 09:00 pm",0,33.8667,153.316,0
"Oct 4, 10:00 pm",0,56.3176,143.801,0
"Oct 4, 11:00 pm",0,69.9674,131.913,0
"Oct 5, 12:00 am",0,79.4541,119.084,0
"Oct 5, 01:00 am",0,87.0747,105.881,0
"Oct 5, 02:00 am",0,94.0251,92.5884,0
"Oct 5, 03:00 am",0,101.119,79.3301,0.22046
"Oct 5, 04:00 am",0,109.158,66.5384,0.715015
"Oct 5, 05:00 am",0,119.227,54.4153,0.708074
"Oct 5, 06:00 am",0,133.038,43.6549,0.700662
"Oct 5, 07:00 am",275.934,152.914,35.5891,0.69452
"Oct 5, 08:00 am",282.077,179.211,32.3427,0.69168
"Oct 5, 09:00 am",278.677,205.727,35.2844,0.694169
"Oct 5, 10:00 am",262.318,225.964,43.1594,0.700308
"Oct 5, 11:00 am",222.453,240.022,53.8234,0.707504
"Oct 5, 12:00 pm",188.223,250.224,65.9008,0.714565
"Oct 5, 01:00 pm",41.1248,258.319,78.6766,0.247978
"Oct 5, 02:00 pm",31.9989,265.415,91.9275,0
"Oct 5, 03:00 pm",19.8941,272.318,105.233,0
"Oct 5, 04:00 pm",8.27807,279.826,118.468,0
"Oct 5, 05:00 pm",0,289.094,131.362,0
"Oct 5, 06:00 pm",0,302.333,143.383,0
"Oct 5, 07:00 pm",0,324.12,153.189,0
"Oct 5, 08:00 pm",0,358.992,157.559,0
"Oct 5, 09:00 pm",0,34.4416,153.611,0
"Oct 5, 10:00 pm",0,56.8871,144.002,0
"Oct 5, 11:00 pm",0,70.4552,132.06,0
"Oct 6, 12:00 am",0,79.8805,119.204,0
"Oct 6, 01:00 am",0,87.4654,105.991,0
"Oct 6, 02:00 am",0,94.4007,92.6988,0
"Oct 6, 03:00 am",0,101.497,79.4515,0.215976
"Oct 6, 04:00 am",0,109.553,66.6839,0.714656
"Oct 6, 05:00 am",0,119.65,54.5999,0.707522
"Oct 6, 06:00 am",299.968,133.48,43.8988,0.700147
"Oct 6, 07:00 am",319.384,153.295,35.9103,0.693699
"Oct 6, 08:00 am",311.169,179.357,32.7254,0.690813
"Oct 6, 09:00 am",325.697,205.59,35.6668,0.693389
"Oct 6, 10:00 am",312.75,225.689,43.5016,0.6997
"Oct 6, 11:00 am",276.73,239.715,54.1246,0.707017
"Oct 6, 12:00 pm",196.048,249.917,66.1718,0.714254
"Oct 6, 01:00 pm",41.0538,258.015,78.927,0.237793
"Oct 6, 02:00 pm",31.9502,265.109,92.1695,0
"Oct 6, 03:00 pm",19.9442,271.999,105.474,0
"Oct 6, 04:00 pm",8.4342,279.482,118.716,0
"Oct 6, 05:00 pm",0,288.716,131.63,0
"Oct 6, 06:00 pm",0,301.928,143.69,0
"Oct 6, 07:00 pm",0,323.811,153.554,0
"Oct 6, 08:00 pm",0,359.171,157.943,0
"Oct 6, 09:00 pm",0,35.024,153.904,0
"Oct 6, 10:00 pm",0,57.4589,144.201,0
"Oct 6, 11:00 pm",0,70.9428,132.206,0
"Oct 7, 12:00 am",0,80.3059,119.324,0
"Oct 7, 01:00 am",0,87.8547,106.1,0
"Oct 7, 02:00 am",0,94.7747,92.8101,0
"Oct 7, 03:00 am",0,101.873,79.5736,0.211476
"Oct 7, 04:00 am",0,109.945,66.8309,0.714287
"Oct 7, 05:00 am",0,120.069,54.7864,0.706986
"Oct 7, 06:00 am",236.414,133.914,44.1446,0.69947
"Oct 7, 07:00 am",265.828,153.666,36.2324,0.692864
"Oct 7, 08:00 am",268.768,179.497,33.1073,0.68993
"Oct 7, 09:00 am",257.352,205.454,36.0477,0.692595
"Oct 7, 10:00 am",245.386,225.418,43.8426,0.699082
"Oct 7, 11:00 am",207.21,239.41,54.4249,0.70652
"Oct 7, 12:00 pm",131.38,249.611,66.4417,0.713937
"Oct 7, 01:00 pm",40.3847,257.712,79.1764,0.227843
"Oct 7, 02:00 pm",30.4191,264.802,92.4093,0
"Oct 7, 03:00 pm",18.061,271.679,105.711,0
"Oct 7, 04:00 pm",0,279.138,118.961,0
"Oct 7, 05:00 pm",0,288.334,131.895,0
"Oct 7, 06:00 pm",0,301.516,143.994,0
"Oct 7, 07:00 pm",0,323.493,153.917,0
"Oct 7, 08:00 pm",0,359.352,158.326,0
"Oct 7, 09:00 pm",0,35.6138,154.195,0
"Oct 7, 10:00 pm",0,58.0327,144.398,0
"Oct 7, 11:00 pm",0,71.43,132.351,0
"Oct 8, 12:00 am",0,80.7302,119.443,0
"Oct 8, 01:00 am",0,88.2424,106.21,0
"Oct 8, 02:00 am",0,95.1468,92.9224,0
"Oct 8, 03:00 am",0,102.246,79.6977,0.20696
"Oct 8, 04:00 am",0,110.334,66.9801,0.71391
"Oct 8, 05:00 am",0,120.483,54.9752,0.706444
"Oct 8, 06:00 am",244.252,134.342,44.3923,0.698731
"Oct 8, 07:00 am",281.566,154.029,36.5553,0.692013
"Oct 8, 08:00 am",284.72,179.63,33.4881,0.689032
"Oct 8, 09:00 am",268.953,205.317,36.4269,0.691787
"Oct 8, 10:00 am",258.549,225.149,44.1821,0.698453
"Oct 8, 11:00 am",225.06,239.107,54.7235,0.706024
"Oct 8, 12:00 pm",149.914,249.306,66.7097,0.713612
"Oct 8, 01:00 pm",40.4277,257.409,79.4233,0.218128
"Oct 8, 02:00 pm",30.6204,264.496,92.6469,0
"Oct 8, 03:00 pm",18.3882,271.359,105.946,0
"Oct 8, 04:00 pm",0,278.791,119.203,0
"Oct 8, 05:00 pm",0,287.95,132.157,0
"Oct 8, 06:00 pm",0,301.098,144.294,0
"Oct 8, 07:00 pm",0,323.163,154.276,0
"Oct 8, 08:00 pm",0,359.533,158.707,0
"Oct 8, 09:00 pm",0,36.2107,154.483,0
"Oct 8, 10:00 pm",0,58.6082,144.593,0
"Oct 8, 11:00 pm",0,71.9167,132.495,0
"Oct 9, 12:00 am",0,81.1531,119.562,0
"Oct 9, 01:00 am",0,88.6286,106.321,0
"Oct 9, 02:00 am",0,95.5171,93.0357,0
"Oct 9, 03:00 am",0,102.617,79.8235,0.202426
"Oct 9, 04:00 am",0,110.721,67.1313,0.713525
"Oct 9, 05:00 am",0,120.893,55.1661,0.705875
"Oct 9, 06:00 am",216.82,134.762,44.6419,0.697934
"Oct 9, 07:00 am",286.295,154.381,36.8788,0.691148
"Oct 9, 08:00 am",290.238,179.757,33.8677,0.688119
"Oct 9, 09:00 am",283.367,205.181,36.8043,0.690966
"Oct 9, 10:00 am",275.677,224.882,44.5199,0.697813
"Oct 9, 11:00 am",245.471,238.806,55.0204,0.705581
"Oct 9, 12:00 pm",170.295,249.003,66.9758,0.713281
"Oct 9, 01:00 pm",40.8224,257.107,79.6677,0.20865
"Oct 9, 02:00 pm",31.1856,264.19,92.8821,0
"Oct 9, 03:00 pm",18.925,271.038,106.179,0
"Oct 9, 04:00 pm",0,278.444,119.442,0
"Oct 9, 05:00 pm",0,287.562,132.414,0
"Oct 9, 06:00 pm",0,300.673,144.59,0
"Oct 9, 07:00 pm",0,322.823,154.632,0
"Oct 9, 08:00 pm",0,359.715,159.087,0
"Oct 9, 09:00 pm",0,36.8147,154.768,0
"Oct 9, 10:00 pm",0,59.1852,144.786,0
"Oct 9, 11:00 pm",0,72.4026,132.637,0
"Oct 10, 12:00 am",0,81.5745,119.681,0
"Oct 10, 01:00 am",0,89.0129,106.431,0
"Oct 10, 02:00 am",0,95.8852,93.15,0
"Oct 10, 03:00 am",0,102.986,79.9504,0.197876
"Oct 10, 04:00 am",0,111.104,67.284,0.713131
"Oct 10, 05:00 am",0,121.298,55.3589,0.705347
"Oct 10, 06:00 am",246.821,135.176,44.8932,0.697318
"Oct 10, 07:00 am",281.98,154.725,37.2028,0.690267
"Oct 10, 08:00 am",284.882,179.878,34.2461,0.687191
"Oct 10, 09:00 am",293.952,205.045,37.1799,0.690131
"Oct 10, 10:00 am",285.835,224.617,44.856,0.697162
"Oct 10, 11:00 am",253.844,238.507,55.3158,0.70513
"Oct 10, 12:00 pm",174.224,248.7,67.2402,0.712943
"Oct 10, 01:00 pm",40.7345,256.806,79.9104,0.199409
"Oct 10, 02:00 pm",31.0613,263.883,93.1146,0
"Oct 10, 03:00 pm",18.8112,270.717,106.408,0
"Oct 10, 04:00 pm",0,278.095,119.677,0
"Oct 10, 05:00 pm",0,287.171,132.668,0
"Oct 10, 06:00 pm",0,300.241,144.882,0
"Oct 10, 07:00 pm",0,322.472,154.986,0
"Oct 10, 08:00 pm",0,359.897,159.465,0
"Oct 10, 09:00 pm",0,37.4256,155.051,0
"Oct 10, 10:00 pm",0,59.7634,144.977,0
"Oct 10, 11:00 pm",0,72.8875,132.779,0
"Oct 11, 12:00 am",0,81.9944,119.799,0
"Oct 11, 01:00 am",0,89.3954,106.543,0
"Oct 11, 02:00 am",0,96.2512,93.2653,0
"Oct 11, 03:00 am",0,103.352,80.079,0.193308
"Oct 11, 04:00 am",0,111.483,67.4388,0.709702
"Oct 11, 05:00 am",0,121.698,55.5537,0.704787
"Oct 11, 06:00 am",249.086,135.582,45.1461,0.696544
"Oct 11, 07:00 am",293.337,155.059,37.5272,0.689373
"Oct 11, 08:00 am",296.107,179.993,34.6231,0.686248
"Oct 11, 09:00 am",299.464,204.909,37.5533,0.689284
"Oct 11, 10:00 am",294.394,224.354,45.1902,0.6965
"Oct 11, 11:00 am",264.713,238.209,55.609,0.704671
"Oct 11, 12:00 pm",183.451,248.399,67.5022,0.707841
"Oct 11, 01:00 pm",40.6088,256.505,80.1499,0.190407
"Oct 11, 02:00 pm",30.6809,263.578,93.3446,0
"Oct 11, 03:00 pm",18.2863,270.396,106.634,0
"Oct 11, 04:00 pm",0,277.745,119.909,0
"Oct 11, 05:00 pm",0,286.777,132.918,0
"Oct 11, 06:00 pm",0,299.803,145.17,0
"Oct 11, 07:00 pm",0,322.109,155.336,0
"Oct 11, 08:00 pm",0,0.080032,159.842,0
"Oct 11, 09:00 pm",0,38.0431,155.332,0
"Oct 11, 10:00 pm",0,60.3426,145.166,0
"Oct 11, 11:00 pm",0,73.3713,132.919,0
"Oct 12, 12:00 am",0,82.4125,119.918,0
"Oct 12, 01:00 am",0,89.7758,106.655,0
"Oct 12, 02:00 am",0,96.6149,93.3818,0
"Oct 12, 03:00 am",0,103.715,80.2091,0.188724
"Oct 12, 04:00 am",0,111.859,67.5954,0.706034
"Oct 12, 05:00 am",0,122.093,55.7505,0.70426
"Oct 12, 06:00 am",314.441,135.981,45.4005,0.695892
"Oct 12, 07:00 am",332.412,155.385,37.8518,0.688464
"Oct 12, 08:00 am",333.416,180.102,34.9985,0.685292
"Oct 12, 09:00 am",375.817,204.773,37.9246,0.688423
"Oct 12, 10:00 am",368.792,224.093,45.5222,0.695828
"Oct 12, 11:00 am",339.088,237.914,55.9002,0.704203
"Oct 12, 12:00 pm",250.377,248.1,67.7619,0.700809
"Oct 12, 01:00 pm",41.1604,256.206,80.3868,0.181643
"Oct 12, 02:00 pm",32.4373,263.272,93.5716,0
"Oct 12, 03:00 pm",20.1303,270.074,106.857,0
"Oct 12, 04:00 pm",8.54322,277.394,120.137,0
"Oct 12, 05:00 pm",0,286.381,133.164,0
"Oct 12, 06:00 pm",0,299.359,145.453,0
"Oct 12, 07:00 pm",0,321.733,155.682,0
"Oct 12, 08:00 pm",0,0.262739,160.216,0
"Oct 12, 09:00 pm",0,38.6671,155.609,0
"Oct 12, 10:00 pm",0,60.9226,145.353,0
"Oct 12, 11:00 pm",0,73.8538,133.059,0
"Oct 13, 12:00 am",0,82.8287,120.036,0
"Oct 13, 01:00 am",0,90.1541,106.767,0
"Oct 13, 02:00 am",0,96.9762,93.4994,0
"Oct 13, 03:00 am",0,104.076,80.3403,0.184123
"Oct 13, 04:00 am",0,112.231,67.7537,0.702313
"Oct 13, 05:00 am",0,122.482,55.9491,0.703709
"Oct 13, 06:00 am",351.215,136.372,45.6565,0.69514
"Oct 13, 07:00 am",360.373,155.701,38.1767,0.687542
"Oct 13, 08:00 am",355.759,180.205,35.3725,0.684321
"Oct 13, 09:00 am",373.762,204.637,38.2937,0.68755
"Oct 13, 10:00 am",364.439,223.835,45.8523,0.695145
"Oct 13, 11:00 am",333.293,237.62,56.1896,0.703727
"Oct 13, 12:00 pm",238.581,247.801,68.0199,0.693843
"Oct 13, 01:00 pm",40.9111,255.907,80.6221,0.173116
"Oct 13, 02:00 pm",31.8471,262.967,93.7958,0
"Oct 13, 03:00 pm",19.4547,269.753,107.077,0
"Oct 13, 04:00 pm",0,277.041,120.361,0
"Oct 13, 05:00 pm",0,285.981,133.406,0
"Oct 13, 06:00 pm",0,298.907,145.732,0
"Oct 13, 07:00 pm",0,321.345,156.025,0
"Oct 13, 08:00 pm",0,0.445172,160.589,0
"Oct 13, 09:00 pm",0,39.2974,155.884,0
"Oct 13, 10:00 pm",0,61.5031,145.538,0
"Oct 13, 11:00 pm",0,74.3348,133.198,0
"Oct 14, 12:00 am",0,83.2428,120.154,0
"Oct 14, 01:00 am",0,90.5301,106.88,0
"Oct 14, 02:00 am",0,97.3349,93.6181,0
"Oct 14, 03:00 am",0,104.433,80.4732,0.179483
"Oct 14, 04:00 am",0,112.599,67.9137,0.698537
"Oct 14, 05:00 am",0,122.867,56.1495,0.703157
"Oct 14, 06:00 am",369.021,136.756,45.9138,0.694376
"Oct 14, 07:00 am",375.461,156.008,38.5017,0.686607
"Oct 14, 08:00 am",372.946,180.302,35.7448,0.683336
"Oct 14, 09:00 am",374.018,204.501,38.6604,0.686664
"Oct 14, 10:00 am",373.001,223.578,46.1801,0.694452
"Oct 14, 11:00 am",350.305,237.328,56.4766,0.703243
"Oct 14, 12:00 pm",262.34,247.504,68.2753,0.686948
"Oct 14, 01:00 pm",41.3697,255.608,80.8542,0.164809
"Oct 14, 02:00 pm",32.7885,262.662,94.0169,0
"Oct 14, 03:00 pm",20.8595,269.431,107.293,0
"Oct 14, 04:00 pm",8.96929,276.688,120.581,0
"Oct 14, 05:00 pm",0,285.579,133.643,0
"Oct 14, 06:00 pm",0,298.45,146.006,0
"Oct 14, 07:00 pm",0,320.945,156.364,0
"Oct 14, 08:00 pm",0,0.627058,160.96,0
"Oct 14, 09:00 pm",0,39.9339,156.156,0
"Oct 14, 10:00 pm",0,62.0838,145.72,0
"Oct 14, 11:00 pm",0,74.8142,133.336,0
"Oct 15, 12:00 am",0,83.6548,120.273,0
"Oct 15, 01:00 am",0,90.9037,106.994,0
"Oct 15, 02:00 am",0,97.6909,93.738,0
"Oct 15, 03:00 am",0,104.787,80.6075,0.174813
"Oct 15, 04:00 am",0,112.964,68.0756,0.694706
"Oct 15, 05:00 am",0,123.246,56.3517,0.702597
"Oct 15, 06:00 am",328.579,137.132,46.1724,0.693602
"Oct 15, 07:00 am",337.629,156.305,38.8265,0.685658
"Oct 15, 08:00 am",335.285,180.393,36.1152,0.682338
"Oct 15, 09:00 am",374.949,204.364,39.0246,0.685766
"Oct 15, 10:00 am",373.448,223.322,46.5053,0.693749
"Oct 15, 11:00 am",350.195,237.037,56.7612,0.702751
"Oct 15, 12:00 pm",264.966,247.208,68.528,0.680128
"Oct 15, 01:00 pm",41.3173,255.311,81.0834,0.156729
"Oct 15, 02:00 pm",32.7053,262.357,94.2348,0
"Oct 15, 03:00 pm",20.5238,269.108,107.505,0
"Oct 15, 04:00 pm",9.04266,276.334,120.798,0
"Oct 15, 05:00 pm",0,285.175,133.875,0
"Oct 15, 06:00 pm",0,297.985,146.275,0
"Oct 15, 07:00 pm",0,320.531,156.699,0
"Oct 15, 08:00 pm",0,0.808113,161.329,0
"Oct 15, 09:00 pm",0,40.5762,156.426,0
"Oct 15, 10:00 pm",0,62.6645,145.901,0
"Oct 15, 11:00 pm",0,75.2916,133.473,0
"Oct 16, 12:00 am",0,84.0644,120.391,0
"Oct 16, 01:00 am",0,91.2747,107.109,0
"Oct 16, 02:00 am",0,98.0441,93.859,0
"Oct 16, 03:00 am",0,105.138,80.743,0.170129
"Oct 16, 04:00 am",0,113.324,68.239,0.69082
"Oct 16, 05:00 am",0,123.62,56.5556,0.702028
"Oct 16, 06:00 am",348.34,137.5,46.4321,0.692816
"Oct 16, 07:00 am",356.532,156.594,39.1511,0.684697
"Oct 16, 08:00 am",353.881,180.479,36.4836,0.681327
"Oct 16, 09:00 am",363.066,204.227,39.3861,0.684855
"Oct 16, 10:00 am",359.475,223.069,46.828,0.693035
"Oct 16, 11:00 am",332.663,236.749,57.0432,0.702251
"Oct 16, 12:00 pm",238.682,246.913,68.778,0.673387
"Oct 16, 01:00 pm",40.8411,255.014,81.3094,0.148886
"Oct 16, 02:00 pm",31.6825,262.053,94.4495,0
"Oct 16, 03:00 pm",19.2749,268.786,107.714,0
"Oct 16, 04:00 pm",0,275.979,121.01,0
"Oct 16, 05:00 pm",0,284.768,134.103,0
"Oct 16, 06:00 pm",0,297.515,146.54,0
"Oct 16, 07:00 pm",0,320.103,157.03,0
"Oct 16, 08:00 pm",0,0.988048,161.695,0
"Oct 16, 09:00 pm",0,41.2242,156.692,0
"Oct 16, 10:00 pm",0,63.2449,146.08,0
"Oct 16, 11:00 pm",0,75.767,133.609,0
"Oct 17, 12:00 am",0,84.4715,120.51,0
"Oct 17, 01:00 am",0,91.6431,107.224,0
"Oct 17, 02:00 am",0,98.3944,93.9812,0
"Oct 17, 03:00 am",0,105.486,80.8809,0.165431
"Oct 17, 04:00 am",0,113.68,68.4045,0.686878
"Oct 17, 05:00 am",0,123.988,56.7612,0.701453
"Oct 17, 06:00 am",236.828,137.861,46.6929,0.691957
"Oct 17, 07:00 am",269.4,156.874,39.4753,0.683724
"Oct 17, 08:00 am",268.258,180.559,36.85,0.680303
"Oct 17, 09:00 am",312.422,204.089,39.7449,0.683933
"Oct 17, 10:00 am",302.539,222.817,47.1481,0.692312
"Oct 17, 11:00 am",267.472,236.462,57.3225,0.701743
"Oct 17, 12:00 pm",170.775,246.62,69.0252,0.666731
"Oct 17, 01:00 pm",40.4783,254.719,81.5325,0.14128
"Oct 17, 02:00 pm",30.2111,261.75,94.6608,0
"Oct 17, 03:00 pm",17.7237,268.464,107.92,0
"Oct 17, 04:00 pm",0,275.623,121.218,0
"Oct 17, 05:00 pm",0,284.358,134.327,0
"Oct 17, 06:00 pm",0,297.038,146.799,0
"Oct 17, 07:00 pm",0,319.661,157.356,0
"Oct 17, 08:00 pm",0,1.16656,162.059,0
"Oct 17, 09:00 pm",0,41.8777,156.956,0
"Oct 17, 10:00 pm",0,63.8248,146.257,0
"Oct 17, 11:00 pm",0,76.2402,133.744,0
"Oct 18, 12:00 am",0,84.876,120.628,0
"Oct 18, 01:00 am",0,92.0087,107.34,0
"Oct 18, 02:00 am",0,98.7417,94.1046,0
"Oct 18, 03:00 am",0,105.83,81.0198,0.160722
"Oct 18, 04:00 am",0,114.031,68.5715,0.682882
"Oct 18, 05:00 am",0,124.35,56.9683,0.700868
"Oct 18, 06:00 am",243.502,138.214,46.9546,0.691073
"Oct 18, 07:00 am",291.353,157.145,39.799,0.682739
"Oct 18, 08:00 am",297.209,180.633,37.2141,0.679266
"Oct 18, 09:00 am",299.478,203.951,40.1008,0.683
"Oct 18, 10:00 am",296.116,222.567,47.4652,0.69158
"Oct 18, 11:00 am",267.201,236.176,57.599,0.701228
"Oct 18, 12:00 pm",168.916,246.328,69.2692,0.660162
"Oct 18, 01:00 pm",40.5219,254.424,81.7518,0.133908
"Oct 18, 02:00 pm",30.0899,261.447,94.8685,0
"Oct 18, 03:00 pm",17.5305,268.143,108.121,0
"Oct 18, 04:00 pm",0,275.267,121.422,0
"Oct 18, 05:00 pm",0,283.947,134.545,0
"Oct 18, 06:00 pm",0,296.555,147.053,0
"Oct 18, 07:00 pm",0,319.205,157.678,0
"Oct 18, 08:00 pm",0,1.34333,162.421,0
"Oct 18, 09:00 pm",0,42.5364,157.216,0
"Oct 18, 10:00 pm",0,64.4038,146.432,0
"Oct 18, 11:00 pm",0,76.7109,133.879,0
"Oct 19, 12:00 am",0,85.2778,120.747,0
"Oct 19, 01:00 am",0,92.3714,107.457,0
"Oct 19, 02:00 am",0,99.0858,94.2291,0
"Oct 19, 03:00 am",0,106.17,81.1599,0.156001
"Oct 19, 04:00 am",0,114.379,68.74,0.67883
"Oct 19, 05:00 am",0,124.706,57.1767,0.700277
"Oct 19, 06:00 am",259.182,138.56,47.217,0.690359
"Oct 19, 07:00 am",290.361,157.408,40.122,0.681743
"Oct 19, 08:00 am",294.969,180.701,37.576,0.678218
"Oct 19, 09:00 am",329.995,203.813,40.4538,0.682055
"Oct 19, 10:00 am",330.287,222.318,47.7795,0.690838
"Oct 19, 11:00 am",307.716,235.893,57.8726,0.700705
"Oct 19, 12:00 pm",213.804,246.037,69.5105,0.653686
"Oct 19, 01:00 pm",40.653,254.131,81.9682,0.12677
"Oct 19, 02:00 pm",30.6843,261.145,95.0727,0
"Oct 19, 03:00 pm",18.3558,267.821,108.318,0
"Oct 19, 04:00 pm",0,274.91,121.621,0
"Oct 19, 05:00 pm",0,283.534,134.759,0
"Oct 19, 06:00 pm",0,296.066,147.301,0
"Oct 19, 07:00 pm",0,318.735,157.995,0
"Oct 19, 08:00 pm",0,1.51803,162.78,0
"Oct 19, 09:00 pm",0,43.2001,157.474,0
"Oct 19, 10:00 pm",0,64.9818,146.605,0
"Oct 19, 11:00 pm",0,77.1791,134.013,0
"Oct 20, 12:00 am",0,85.6767,120.866,0
"Oct 20, 01:00 am",0,92.731,107.574,0
"Oct 20, 02:00 am",0,99.4267,94.3548,0
"Oct 20, 03:00 am",0,106.507,81.3012,0.151272
"Oct 20, 04:00 am",0,114.721,68.9099,0.674723
"Oct 20, 05:00 am",0,125.057,57.3866,0.699676
"Oct 20, 06:00 am",317.719,138.897,47.4802,0.689578
"Oct 20, 07:00 am",336,157.661,40.4443,0.680736
"Oct 20, 08:00 am",335.105,180.765,37.9354,0.677158
"Oct 20, 09:00 am",334.329,203.674,40.8037,0.6811
"Oct 20, 10:00 am",329.893,222.071,48.0907,0.690087
"Oct 20, 11:00 am",300.465,235.611,58.1432,0.700175
"Oct 20, 12:00 pm",195.589,245.748,69.7485,0.647305
"Oct 20, 01:00 pm",40.5082,253.838,82.1811,0.119863
"Oct 20, 02:00 pm",30.2823,260.843,95.2732,0
"Oct 20, 03:00 pm",17.9067,267.5,108.512,0
"Oct 20, 04:00 pm",0,274.553,121.816,0
"Oct 20, 05:00 pm",0,283.118,134.967,0
"Oct 20, 06:00 pm",0,295.571,147.544,0
"Oct 20, 07:00 pm",0,318.249,158.307,0
"Oct 20, 08:00 pm",0,1.69031,163.137,0
"Oct 20, 09:00 pm",0,43.8685,157.729,0
"Oct 20, 10:00 pm",0,65.5585,146.776,0
"Oct 20, 11:00 pm",0,77.6444,134.146,0
"Oct 21, 12:00 am",0,86.0724,120.985,0
"Oct 21, 01:00 am",0,93.0875,107.692,0
"Oct 21, 02:00 am",0,99.7641,94.4816,0
"Oct 21, 03:00 am",0,106.84,81.4436,0.146535
"Oct 21, 04:00 am",0,115.059,69.0811,0.670562
"Oct 21, 05:00 am",0,125.401,57.5975,0.699073
"Oct 21, 06:00 am",255.499,139.227,47.7438,0.688679
"Oct 21, 07:00 am",290.052,157.906,40.7657,0.679719
"Oct 21, 08:00 am",291.644,180.822,38.2923,0.676087
"Oct 21, 09:00 am",293.728,203.534,41.1503,0.680134
"Oct 21, 10:00 am",288.471,221.826,48.3987,0.689327
"Oct 21, 11:00 am",259.402,235.331,58.4107,0.699638
"Oct 21, 12:00 pm",141.947,245.46,69.9834,0.641025
"Oct 21, 01:00 pm",40.1934,253.547,82.3906,0.113184
"Oct 21, 02:00 pm",29.5216,260.543,95.47,0
"Oct 21, 03:00 pm",16.9214,267.179,108.701,0
"Oct 21, 04:00 pm",0,274.196,122.006,0
"Oct 21, 05:00 pm",0,282.702,135.17,0
"Oct 21, 06:00 pm",0,295.071,147.781,0
"Oct 21, 07:00 pm",0,317.749,158.613,0
"Oct 21, 08:00 pm",0,1.85979,163.491,0
"Oct 21, 09:00 pm",0,44.5413,157.98,0
"Oct 21, 10:00 pm",0,66.1336,146.946,0
"Oct 21, 11:00 pm",0,78.1068,134.279,0
"Oct 22, 12:00 am",0,86.465,121.104,0
"Oct 22, 01:00 am",0,93.4407,107.811,0
"Oct 22, 02:00 am",0,100.098,94.6095,0
"Oct 22, 03:00 am",0,107.169,81.5882,0.141792
"Oct 22, 04:00 am",0,115.392,69.2542,0.666346
"Oct 22, 05:00 am",0,125.739,57.8099,0.698461
"Oct 22, 06:00 am",232.537,139.548,48.008,0.687835
"Oct 22, 07:00 am",262.9,158.143,41.086,0.678693
"Oct 22, 08:00 am",263.581,180.875,38.6465,0.675006
"Oct 22, 09:00 am",276.657,203.394,41.4936,0.679158
"Oct 22, 10:00 am",267.218,221.582,48.7035,0.688559
"Oct 22, 11:00 am",231.541,235.052,58.6749,0.699094
"Oct 22, 12:00 pm",128.093,245.174,70.2148,0.634848
"Oct 22, 01:00 pm",40.0681,253.257,82.5964,0.106733
"Oct 22, 02:00 pm",29.2173,260.243,95.6628,0
"Oct 22, 03:00 pm",16.5111,266.859,108.885,0
"Oct 22, 04:00 pm",0,273.839,122.191,0
"Oct 22, 05:00 pm",0,282.283,135.368,0
"Oct 22, 06:00 pm",0,294.565,148.013,0
"Oct 22, 07:00 pm",0,317.233,158.914,0
"Oct 22, 08:00 pm",0,2.02607,163.842,0
"Oct 22, 09:00 pm",0,45.2183,158.229,0
"Oct 22, 10:00 pm",0,66.7069,147.113,0
"Oct 22, 11:00 pm",0,78.5661,134.411,0
"Oct 23, 12:00 am",0,86.8543,121.223,0
"Oct 23, 01:00 am",0,93.7904,107.93,0
"Oct 23, 02:00 am",0,100.428,94.7385,0
"Oct 23, 03:00 am",0,107.493,81.7339,0.137045
"Oct 23, 04:00 am",0,115.72,69.4286,0.662077
"Oct 23, 05:00 am",0,126.071,58.0234,0.697843
"Oct 23, 06:00 am",313.989,139.862,48.2724,0.687059
"Oct 23, 07:00 am",335.872,158.371,41.4051,0.677657
"Oct 23, 08:00 am",334.029,180.922,38.9978,0.673915
"Oct 23, 09:00 am",333.404,203.253,41.8334,0.678173
"Oct 23, 10:00 am",330.402,221.339,49.0047,0.687782
"Oct 23, 11:00 am",304.735,234.776,58.9356,0.698543
"Oct 23, 12:00 pm",193.472,244.889,70.4425,0.62878
"Oct 23, 01:00 pm",40.2281,252.968,82.798,0.100506
"Oct 23, 02:00 pm",29.8219,259.945,95.8517,0
"Oct 23, 03:00 pm",17.3987,266.54,109.066,0
"Oct 23, 04:00 pm",0,273.482,122.372,0
"Oct 23, 05:00 pm",0,281.864,135.561,0
"Oct 23, 06:00 pm",0,294.054,148.238,0
"Oct 23, 07:00 pm",0,316.701,159.21,0
"Oct 23, 08:00 pm",0,2.18873,164.19,0
"Oct 23, 09:00 pm",0,45.899,158.474,0
"Oct 23, 10:00 pm",0,67.2779,147.279,0
"Oct 23, 11:00 pm",0,79.0219,134.542,0
"Oct 24, 12:00 am",0,87.2401,121.343,0
"Oct 24, 01:00 am",0,94.1366,108.05,0
"Oct 24, 02:00 am",0,100.755,94.8686,0
"Oct 24, 03:00 am",0,107.814,81.8803,0.132295
"Oct 24, 04:00 am",0,116.043,69.6038,0.657754
"Oct 24, 05:00 am",0,126.396,58.2376,0.697222
"Oct 24, 06:00 am",246.811,140.168,48.5368,0.686164
"Oct 24, 07:00 am",269.54,158.591,41.7229,0.676613
"Oct 24, 08:00 am",268.185,180.964,39.3463,0.672815
"Oct 24, 09:00 am",323.066,203.112,42.1697,0.677179
"Oct 24, 10:00 am",318.26,221.098,49.3025,0.686998
"Oct 24, 11:00 am",290.035,234.501,59.1929,0.697986
"Oct 24, 12:00 pm",178.936,244.606,70.667,0.622822
"Oct 24, 01:00 pm",40.3033,252.681,82.9963,0.0945006
"Oct 24, 02:00 pm",29.7835,259.647,96.0366,0
"Oct 24, 03:00 pm",17.2571,266.221,109.242,0
"Oct 24, 04:00 pm",0,273.125,122.547,0
"Oct 24, 05:00 pm",0,281.443,135.748,0
"Oct 24, 06:00 pm",0,293.539,148.457,0
"Oct 24, 07:00 pm",0,316.154,159.5,0
"Oct 24, 08:00 pm",0,2.34729,164.536,0
"Oct 24, 09:00 pm",0,46.5833,158.716,0
"Oct 24, 10:00 pm",0,67.8466,147.443,0
"Oct 24, 11:00 pm",0,79.4743,134.673,0
"Oct 25, 12:00 am",0,87.6223,121.462,0
"Oct 25, 01:00 am",0,94.4791,108.171,0
"Oct 25, 02:00 am",0,101.077,94.9997,0
"Oct 25, 03:00 am",0,108.13,82.027,0.127546
"Oct 25, 04:00 am",0,116.361,69.7801,0.653379
"Oct 25, 05:00 am",0,126.716,58.4525,0.696593
"Oct 25, 06:00 am",276.717,140.466,48.8013,0.685346
"Oct 25, 07:00 am",296.062,158.802,42.0391,0.675562
"Oct 25, 08:00 am",300.116,181.001,39.6916,0.671705
"Oct 25, 09:00 am",299.443,202.97,42.5023,0.676175
"Oct 25, 10:00 am",298.811,220.858,49.5965,0.686206
"Oct 25, 11:00 am",271.597,234.228,59.4466,0.697422
"Oct 25, 12:00 pm",158.034,244.325,70.8876,0.61698
"Oct 25, 01:00 pm",39.8162,252.395,83.1903,0
"Oct 25, 02:00 pm",28.656,259.351,96.2173,0
"Oct 25, 03:00 pm",15.9635,265.904,109.414,0
"Oct 25, 04:00 pm",0,272.769,122.718,0
"Oct 25, 05:00 pm",0,281.022,135.929,0
"Oct 25, 06:00 pm",0,293.018,148.67,0
"Oct 25, 07:00 pm",0,315.591,159.784,0
"Oct 25, 08:00 pm",0,2.50124,164.878,0
"Oct 25, 09:00 pm",0,47.2707,158.955,0
"Oct 25, 10:00 pm",0,68.4125,147.605,0
"Oct 25, 11:00 pm",0,79.923,134.803,0
"Oct 26, 12:00 am",0,88.0007,121.582,0
"Oct 26, 01:00 am",0,94.8179,108.293,0
"Oct 26, 02:00 am",0,101.396,95.1319,0
"Oct 26, 03:00 am",0,108.442,82.1761,0.122799
"Oct 26, 04:00 am",0,116.674,69.9579,0.648972
"Oct 26, 05:00 am",0,127.028,58.6686,0.69596
"Oct 26, 06:00 am",227.456,140.756,49.0657,0.684319
"Oct 26, 07:00 am",262.544,159.005,42.3538,0.674503
"Oct 26, 08:00 am",263.201,181.033,40.0339,0.670588
"Oct 26, 09:00 am",286.118,202.827,42.831,0.675164
"Oct 26, 10:00 am",282.472,220.62,49.8868,0.685407
"Oct 26, 11:00 am",254.135,233.956,59.6965,0.696853
"Oct 26, 12:00 pm",141.643,244.045,71.1043,0.611256
"Oct 26, 01:00 pm",39.7813,252.11,83.3802,0
"Oct 26, 02:00 pm",28.5439,259.056,96.3937,0
"Oct 26, 03:00 pm",15.7988,265.587,109.581,0
"Oct 26, 04:00 pm",0,272.413,122.884,0
"Oct 26, 05:00 pm",0,280.6,136.105,0
"Oct 26, 06:00 pm",0,292.494,148.877,0
"Oct 26, 07:00 pm",0,315.012,160.061,0
"Oct 26, 08:00 pm",0,2.65002,165.217,0
"Oct 26, 09:00 pm",0,47.9608,159.191,0
"Oct 26, 10:00 pm",0,68.9754,147.765,0
"Oct 26, 11:00 pm",0,80.3677,134.933,0
"Oct 27, 12:00 am",0,88.3751,121.703,0
"Oct 27, 01:00 am",0,95.1527,108.416,0
"Oct 27, 02:00 am",0,101.711,95.2651,0
"Oct 27, 03:00 am",0,108.749,82.3259,0.118056
"Oct 27, 04:00 am",0,116.982,70.1367,0.644556
"Oct 27, 05:00 am",0,127.334,58.8851,0.695332
"Oct 27, 06:00 am",262.953,141.038,49.3299,0.683611
"Oct 27, 07:00 am",288.996,159.2,42.6666,0.673438
"Oct 27, 08:00 am",288.037,181.06,40.3728,0.669463
"Oct 27, 09:00 am",288.948,202.684,43.1559,0.674145
"Oct 27, 10:00 am",286.18,220.383,50.1732,0.6846
"Oct 27, 11:00 am",257.025,233.687,59.9427,0.696277
"Oct 27, 12:00 pm",140.946,243.767,71.3176,0.605654
"Oct 27, 01:00 pm",39.8259,251.827,83.567,0
"Oct 27, 02:00 pm",28.7755,258.763,96.5659,0
"Oct 27, 03:00 pm",16.1256,265.272,109.743,0
"Oct 27, 04:00 pm",0,272.058,123.045,0
"Oct 27, 05:00 pm",0,280.178,136.275,0
"Oct 27, 06:00 pm",0,291.965,149.077,0
"Oct 27, 07:00 pm",0,314.418,160.333,0
"Oct 27, 08:00 pm",0,2.79303,165.553,0
"Oct 27, 09:00 pm",0,48.6533,159.424,0
"Oct 27, 10:00 pm",0,69.535,147.924,0
"Oct 27, 11:00 pm",0,80.8084,135.062,0
"Oct 28, 12:00 am",0,88.7456,121.823,0
"Oct 28, 01:00 am",0,95.4835,108.539,0
"Oct 28, 02:00 am",0,102.021,95.3993,0
"Oct 28, 03:00 am",0,109.052,82.4771,0.11332
"Oct 28, 04:00 am",0,117.284,70.3166,0.640089
"Oct 28, 05:00 am",0,127.634,59.1024,0.694691
"Oct 28, 06:00 am",306.385,141.312,49.5938,0.682737
"Oct 28, 07:00 am",322.755,159.387,42.9777,0.672368
"Oct 28, 08:00 am",323.576,181.082,40.7083,0.668331
"Oct 28, 09:00 am",336.504,202.54,43.4767,0.673119
"Oct 28, 10:00 am",334.731,220.148,50.4556,0.683788
"Oct 28, 11:00 am",309.261,233.419,60.1848,0.695696
"Oct 28, 12:00 pm",170.82,243.491,71.5264,0.600211
"Oct 28, 01:00 pm",39.8706,251.546,83.7485,0
"Oct 28, 02:00 pm",28.7174,258.471,96.7337,0
"Oct 28, 03:00 pm",16.0102,264.958,109.901,0
"Oct 28, 04:00 pm",0,271.704,123.2,0
"Oct 28, 05:00 pm",0,279.756,136.44,0
"Oct 28, 06:00 pm",0,291.433,149.271,0
"Oct 28, 07:00 pm",0,313.807,160.597,0
"Oct 28, 08:00 pm",0,2.92961,165.885,0
"Oct 28, 09:00 pm",0,49.3477,159.653,0
"Oct 28, 10:00 pm",0,70.091,148.081,0
"Oct 28, 11:00 pm",0,81.2448,135.19,0
"Oct 29, 12:00 am",0,89.1118,121.944,0
"Oct 29, 01:00 am",0,95.8101,108.663,0
"Oct 29, 02:00 am",0,102.327,95.5345,0
"Oct 29, 03:00 am",0,109.349,82.6289,0.108594
"Oct 29, 04:00 am",0,117.58,70.4973,0.635572
"Oct 29, 05:00 am",0,127.926,59.32,0.694052
"Oct 29, 06:00 am",331.385,141.578,49.8571,0.681861
"Oct 29, 07:00 am",335.085,159.566,43.2867,0.671292
"Oct 29, 08:00 am",330.077,181.099,41.0403,0.667193
"Oct 29, 09:00 am",351.798,202.396,43.7934,0.672086
"Oct 29, 10:00 am",356.588,219.914,50.7338,0.682969
"Oct 29, 11:00 am",341.028,233.153,60.4229,0.69511
"Oct 29, 12:00 pm",217.597,243.216,71.7313,0.594914
"Oct 29, 01:00 pm",39.79,251.266,83.9264,0
"Oct 29, 02:00 pm",29.0205,258.18,96.8969,0
"Oct 29, 03:00 pm",16.0841,264.645,110.054,0
"Oct 29, 04:00 pm",0,271.352,123.35,0
"Oct 29, 05:00 pm",0,279.333,136.598,0
"Oct 29, 06:00 pm",0,290.897,149.458,0
"Oct 29, 07:00 pm",0,313.18,160.855,0
"Oct 29, 08:00 pm",0,3.05903,166.215,0
"Oct 29, 09:00 pm",0,50.0436,159.879,0
"Oct 29, 10:00 pm",0,70.6432,148.236,0
"Oct 29, 11:00 pm",0,81.6767,135.319,0
"Oct 30, 12:00 am",0,89.4736,122.065,0
"Oct 30, 01:00 am",0,96.1324,108.787,0
"Oct 30, 02:00 am",0,102.629,95.6707,0
"Oct 30, 03:00 am",0,109.642,82.7819,0.103879
"Oct 30, 04:00 am",0,117.871,70.6789,0.631006
"Oct 30, 05:00 am",0,128.212,59.538,0.693411
"Oct 30, 06:00 am",351.511,141.836,50.1199,0.680981
"Oct 30, 07:00 am",350.827,159.737,43.5935,0.670213
"Oct 30, 08:00 am",340.769,181.111,41.3687,0.66605
"Oct 30, 09:00 am",336.526,202.25,44.1059,0.671047
"Oct 30, 10:00 am",327.751,219.681,51.0078,0.682144
"Oct 30, 11:00 am",292.248,232.889,60.6567,0.694518
"Oct 30, 12:00 pm",196.071,242.944,71.9319,0.589749
"Oct 30, 01:00 pm",39.8487,250.988,84.0995,0
"Oct 30, 02:00 pm",29.0563,257.891,97.0556,0
"Oct 30, 03:00 pm",16.0857,264.334,110.202,0
"Oct 30, 04:00 pm",0,271,123.495,0
"Oct 30, 05:00 pm",0,278.912,136.751,0
"Oct 30, 06:00 pm",0,290.359,149.638,0
"Oct 30, 07:00 pm",0,312.537,161.106,0
"Oct 30, 08:00 pm",0,3.1805,166.54,0
"Oct 30, 09:00 pm",0,50.7405,160.102,0
"Oct 30, 10:00 pm",0,71.1911,148.39,0
"Oct 30, 11:00 pm",0,82.104,135.447,0
"Oct 31, 12:00 am",0,89.831,122.186,0
"Oct 31, 01:00 am",0,96.4502,108.913,0
"Oct 31, 02:00 am",0,102.926,95.8078,0
"Oct 31, 03:00 am",0,109.93,82.9357,0.0991785
"Oct 31, 04:00 am",0,118.156,70.8613,0.626393
"Oct 31, 05:00 am",0,128.492,59.7563,0.692772
"Oct 31, 06:00 am",269.557,142.086,50.3819,0.6801
"Oct 31, 07:00 am",293.055,159.9,43.898,0.669131
"Oct 31, 08:00 am",292.733,181.119,41.6932,0.664902
"Oct 31, 09:00 am",276.677,202.104,44.4138,0.670002
"Oct 31, 10:00 am",271.633,219.449,51.2772,0.681314
"Oct 31, 11:00 am",242.061,232.627,60.8861,0.693921
"Oct 31, 12:00 pm",117.541,242.673,72.1278,0.584717
"Oct 31, 01:00 pm",39.7224,250.712,84.267,0
"Oct 31, 02:00 pm",28.4281,257.604,97.2097,0
"Oct 31, 03:00 pm",15.587,264.024,110.345,0
"Oct 31, 04:00 pm",0,270.65,123.635,0
"Oct 31, 05:00 pm",0,278.49,136.897,0
"Oct 31, 06:00 pm",0,289.818,149.811,0
"Oct 31, 07:00 pm",0,311.878,161.35,0
"Oct 31, 08:00 pm",0,3.29317,166.862,0
"Oct 31, 09:00 pm",0,51.4379,160.322,0
"Oct 31, 10:00 pm",0,71.7346,148.543,0
"Oct 31, 11:00 pm",0,82.5264,135.574,0
"Nov 1, 12:00 am",0,90.1837,122.308,0
"Nov 1, 01:00 am",0,96.7636,109.039,0
"Nov 1, 02:00 am",0,103.218,95.9459,0
"Nov 1, 03:00 am",0,110.213,83.0915,0.0944951
"Nov 1, 04:00 am",0,118.435,71.0448,0.621734
"Nov 1, 05:00 am",0,128.764,59.9751,0.692158
"Nov 1, 06:00 am",0,142.328,50.6432,0.679001
"Nov 1, 07:00 am",65.8459,160.056,44.2002,0.667773
"Nov 1, 08:00 am",106.322,181.122,42.0139,0.66375
"Nov 1, 09:00 am",117.6,201.958,44.7173,0.668953
"Nov 1, 10:00 am",116.082,219.219,51.5422,0.680478
"Nov 1, 11:00 am",89.0331,232.367,61.111,0.69332
"Nov 1, 12:00 pm",42.6107,242.404,72.3194,0.579823
"Nov 1, 01:00 pm",35.5089,250.438,84.4303,0
"Nov 1, 02:00 pm",24.0242,257.319,97.359,0
"Nov 1, 03:00 pm",11.8447,263.716,110.483,0
"Nov 1, 04:00 pm",0,270.301,123.769,0
"Nov 1, 05:00 pm",0,278.07,137.038,0
"Nov 1, 06:00 pm",0,289.275,149.978,0
"Nov 1, 07:00 pm",0,311.204,161.586,0
"Nov 1, 08:00 pm",0,3.39609,167.18,0
"Nov 1, 09:00 pm",0,52.1354,160.539,0
"Nov 1, 10:00 pm",0,72.2733,148.694,0
"Nov 1, 11:00 pm",0,82.9438,135.702,0
"Nov 2, 12:00 am",0,90.5317,122.43,0
"Nov 2, 01:00 am",0,97.0722,109.166,0
"Nov 2, 02:00 am",0,103.505,96.085,0
"Nov 2, 03:00 am",0,110.491,83.2459,0
"Nov 2, 04:00 am",0,118.708,71.2282,0.61703
"Nov 2, 05:00 am",0,129.029,60.1935,0.691517
"Nov 2, 06:00 am",0,142.562,50.9032,0.678088
"Nov 2, 07:00 am",175.327,160.203,44.4998,0.66666
"Nov 2, 08:00 am",193.545,181.12,42.3307,0.662595
"Nov 2, 09:00 am",235.558,201.81,45.0163,0.667899
"Nov 2, 10:00 am",229.883,218.99,51.8027,0.679638
"Nov 2, 11:00 am",196.814,232.108,61.3317,0.692715
"Nov 2, 12:00 pm",81.973,242.137,72.5068,0.575069
"Nov 2, 01:00 pm",39.875,250.166,84.5902,0
"Nov 2, 02:00 pm",28.7243,257.036,97.5035,0
"Nov 2, 03:00 pm",15.9681,263.411,110.616,0
"Nov 2, 04:00 pm",0,269.954,123.898,0
"Nov 2, 05:00 pm",0,277.651,137.173,0
"Nov 2, 06:00 pm",0,288.73,150.137,0
"Nov 2, 07:00 pm",0,310.515,161.815,0
"Nov 2, 08:00 pm",0,3.48828,167.494,0
"Nov 2, 09:00 pm",0,52.8323,160.753,0
"Nov 2, 10:00 pm",0,72.8068,148.844,0
"Nov 2, 11:00 pm",0,83.3559,135.829,0
"Nov 3, 12:00 am",0,90.8747,122.552,0
"Nov 3, 01:00 am",0,97.3761,109.294,0
"Nov 3, 02:00 am",0,103.788,96.2249,0
"Nov 3, 03:00 am",0,110.763,83.4023,0
"Nov 3, 04:00 am",0,118.976,71.4126,0.612283
"Nov 3, 05:00 am",0,129.287,60.4121,0.690855
"Nov 3, 06:00 am",136.81,142.787,51.1624,0.677209
"Nov 3, 07:00 am",203.092,160.343,44.7969,0.665876
"Nov 3, 08:00 am",209.679,181.114,42.6434,0.661438
"Nov 3, 09:00 am",193.394,201.661,45.3106,0.666841
"Nov 3, 10:00 am",184.322,218.762,52.0585,0.678794
"Nov 3, 11:00 am",150.858,231.852,61.5477,0.692105
"Nov 3, 12:00 pm",46.3049,241.872,72.6895,0.570457
"Nov 3, 01:00 pm",39.4707,249.896,84.7448,0
"Nov 3, 02:00 pm",28.8067,256.754,97.6431,0
"Nov 3, 03:00 pm",16.7244,263.107,110.744,0
"Nov 3, 04:00 pm",0,269.609,124.021,0
"Nov 3, 05:00 pm",0,277.233,137.301,0
"Nov 3, 06:00 pm",0,288.184,150.29,0
"Nov 3, 07:00 pm",0,309.81,162.036,0
"Nov 3, 08:00 pm",0,3.56863,167.804,0
"Nov 3, 09:00 pm",0,53.5283,160.964,0
"Nov 3, 10:00 pm",0,73.335,148.992,0
"Nov 3, 11:00 pm",0,83.7627,135.956,0
"Nov 4, 12:00 am",0,91.2127,122.675,0
"Nov 4, 01:00 am",0,97.675,109.422,0
"Nov 4, 02:00 am",0,104.065,96.3658,0
"Nov 4, 03:00 am",0,111.03,83.5595,0
"Nov 4, 04:00 am",0,119.237,71.5976,0.607496
"Nov 4, 05:00 am",0,129.538,60.6307,0.690209
"Nov 4, 06:00 am",259.521,143.005,51.4204,0.676533
"Nov 4, 07:00 am",280.319,160.475,45.0912,0.664791
"Nov 4, 08:00 am",278.141,181.103,42.9519,0.66028
"Nov 4, 09:00 am",295.922,201.512,45.6001,0.66578
"Nov 4, 10:00 am",294.593,218.536,52.3094,0.677946
"Nov 4, 11:00 am",267.682,231.597,61.7588,0.691492
"Nov 4, 12:00 pm",138.347,241.61,72.8674,0.565991
"Nov 4, 01:00 pm",39.773,249.627,84.8945,0
"Nov 4, 02:00 pm",28.4824,256.475,97.7777,0
"Nov 4, 03:00 pm",15.6366,262.805,110.866,0
"Nov 4, 04:00 pm",0,269.266,124.138,0
"Nov 4, 05:00 pm",0,276.817,137.423,0
"Nov 4, 06:00 pm",0,287.637,150.435,0
"Nov 4, 07:00 pm",0,309.091,162.25,0
"Nov 4, 08:00 pm",0,3.63599,168.111,0
"Nov 4, 09:00 pm",0,54.2226,161.172,0
"Nov 4, 10:00 pm",0,73.8575,149.139,0
"Nov 4, 11:00 pm",0,84.1638,136.083,0
"Nov 5, 12:00 am",0,91.5454,122.799,0
"Nov 5, 01:00 am",0,97.969,109.551,0
"Nov 5, 02:00 am",0,104.338,96.5075,0
"Nov 5, 03:00 am",0,111.291,83.7168,0
"Nov 5, 04:00 am",0,119.492,71.7828,0.602669
"Nov 5, 05:00 am",0,129.782,60.8489,0.689573
"Nov 5, 06:00 am",198.155,143.215,51.6769,0.675545
"Nov 5, 07:00 am",236.756,160.6,45.3825,0.663709
"Nov 5, 08:00 am",240.75,181.087,43.256,0.659121
"Nov 5, 09:00 am",240.53,201.362,45.8845,0.664717
"Nov 5, 10:00 am",238.558,218.31,52.5552,0.677095
"Nov 5, 11:00 am",212.898,231.344,61.965,0.690875
"Nov 5, 12:00 pm",98.3764,241.349,73.0401,0.561674
"Nov 5, 01:00 pm",39.8172,249.361,85.0383,0
"Nov 5, 02:00 pm",28.5713,256.198,97.9073,0
"Nov 5, 03:00 pm",15.7752,262.506,110.984,0
"Nov 5, 04:00 pm",0,268.925,124.25,0
"Nov 5, 05:00 pm",0,276.403,137.539,0
"Nov 5, 06:00 pm",0,287.09,150.573,0
"Nov 5, 07:00 pm",0,308.358,162.455,0
"Nov 5, 08:00 pm",0,3.68909,168.413,0
"Nov 5, 09:00 pm",0,54.9148,161.376,0
"Nov 5, 10:00 pm",0,74.374,149.285,0
"Nov 5, 11:00 pm",0,84.5592,136.21,0
"Nov 6, 12:00 am",0,91.8728,122.923,0
"Nov 6, 01:00 am",0,98.2577,109.681,0
"Nov 6, 02:00 am",0,104.605,96.6502,0
"Nov 6, 03:00 am",0,111.547,83.8758,0
"Nov 6, 04:00 am",0,119.74,71.9688,0.597805
"Nov 6, 05:00 am",0,130.018,61.0671,0.688937
"Nov 6, 06:00 am",281.548,143.417,51.9322,0.674829
"Nov 6, 07:00 am",293.345,160.717,45.6709,0.662629
"Nov 6, 08:00 am",291.018,181.067,43.5558,0.657963
"Nov 6, 09:00 am",295.044,201.211,46.164,0.663652
"Nov 6, 10:00 am",295.784,218.086,52.7961,0.67624
"Nov 6, 11:00 am",271.638,231.093,62.1663,0.690255
"Nov 6, 12:00 pm",143.058,241.09,73.2082,0.557507
"Nov 6, 01:00 pm",39.8309,249.098,85.1778,0
"Nov 6, 02:00 pm",28.5156,255.924,98.0317,0
"Nov 6, 03:00 pm",15.6896,262.209,111.096,0
"Nov 6, 04:00 pm",0,268.587,124.356,0
"Nov 6, 05:00 pm",0,275.991,137.648,0
"Nov 6, 06:00 pm",0,286.543,150.704,0
"Nov 6, 07:00 pm",0,307.611,162.652,0
"Nov 6, 08:00 pm",0,3.72661,168.711,0
"Nov 6, 09:00 pm",0,55.6043,161.578,0
"Nov 6, 10:00 pm",0,74.8842,149.43,0
"Nov 6, 11:00 pm",0,84.9486,136.336,0
"Nov 7, 12:00 am",0,92.1947,123.048,0
"Nov 7, 01:00 am",0,98.5412,109.812,0
"Nov 7, 02:00 am",0,104.867,96.7937,0
"Nov 7, 03:00 am",0,111.797,84.0351,0
"Nov 7, 04:00 am",0,119.982,72.1551,0.592906
"Nov 7, 05:00 am",0,130.248,61.2848,0.688309
"Nov 7, 06:00 am",315.834,143.61,52.1858,0.673962
"Nov 7, 07:00 am",322.845,160.827,45.9562,0.661553
"Nov 7, 08:00 am",320.92,181.042,43.851,0.656807
"Nov 7, 09:00 am",311.442,201.059,46.4384,0.662586
"Nov 7, 10:00 am",316.602,217.863,53.0318,0.675383
"Nov 7, 11:00 am",298.869,230.844,62.3625,0.689632
"Nov 7, 12:00 pm",166.62,240.834,73.3712,0.553493
"Nov 7, 01:00 pm",39.7951,248.836,85.3122,0
"Nov 7, 02:00 pm",28.5556,255.651,98.151,0
"Nov 7, 03:00 pm",15.8304,261.914,111.202,0
"Nov 7, 04:00 pm",0,268.252,124.456,0
"Nov 7, 05:00 pm",0,275.581,137.751,0
"Nov 7, 06:00 pm",0,285.996,150.827,0
"Nov 7, 07:00 pm",0,306.851,162.841,0
"Nov 7, 08:00 pm",0,3.74711,169.005,0
"Nov 7, 09:00 pm",0,56.2904,161.777,0
"Nov 7, 10:00 pm",0,75.3879,149.574,0
"Nov 7, 11:00 pm",0,85.3319,136.463,0
"Nov 8, 12:00 am",0,92.511,123.173,0
"Nov 8, 01:00 am",0,98.8193,109.944,0
"Nov 8, 02:00 am",0,105.123,96.938,0
"Nov 8, 03:00 am",0,112.042,84.194,0
"Nov 8, 04:00 am",0,120.218,72.3412,0.587975
"Nov 8, 05:00 am",0,130.47,61.5019,0.687685
"Nov 8, 06:00 am",279.179,143.796,52.4378,0.6731
"Nov 8, 07:00 am",293.481,160.929,46.2382,0.660482
"Nov 8, 08:00 am",294.624,181.013,44.1416,0.655653
"Nov 8, 09:00 am",298.372,200.906,46.7075,0.66152
"Nov 8, 10:00 am",303.784,217.641,53.2623,0.674525
"Nov 8, 11:00 am",285.99,230.597,62.5536,0.689007
"Nov 8, 12:00 pm",154.779,240.579,73.5292,0.549635
"Nov 8, 01:00 pm",39.8424,248.577,85.4418,0
"Nov 8, 02:00 pm",28.6601,255.381,98.265,0
"Nov 8, 03:00 pm",15.9587,261.622,111.303,0
"Nov 8, 04:00 pm",0,267.919,124.551,0
"Nov 8, 05:00 pm",0,275.175,137.848,0
"Nov 8, 06:00 pm",0,285.451,150.943,0
"Nov 8, 07:00 pm",0,306.079,163.021,0
"Nov 8, 08:00 pm",0,3.74908,169.294,0
"Nov 8, 09:00 pm",0,56.9726,161.974,0
"Nov 8, 10:00 pm",0,75.8846,149.717,0
"Nov 8, 11:00 pm",0,85.7088,136.59,0
"Nov 9, 12:00 am",0,92.8215,123.298,0
"Nov 9, 01:00 am",0,99.0919,110.076,0
"Nov 9, 02:00 am",0,105.374,97.0831,0
"Nov 9, 03:00 am",0,112.28,84.354,0
"Nov 9, 04:00 am",0,120.448,72.5278,0.583012
"Nov 9, 05:00 am",0,130.684,61.7185,0.687067
"Nov 9, 06:00 am",293.58,143.974,52.688,0.672246
"Nov 9, 07:00 am",306.882,161.024,46.517,0.659418
"Nov 9, 08:00 am",308.461,180.979,44.4276,0.654502
"Nov 9, 09:00 am",327.207,200.752,46.9714,0.660454
"Nov 9, 10:00 am",338.126,217.42,53.4874,0.673665
"Nov 9, 11:00 am",113.16,230.352,62.7395,0.688379
"Nov 9, 12:00 pm",78.3938,240.327,73.682,0.545934
"Nov 9, 01:00 pm",39.7287,248.32,85.5662,0
"Nov 9, 02:00 pm",28.5877,255.114,98.3738,0
"Nov 9, 03:00 pm",15.8712,261.333,111.399,0
"Nov 9, 04:00 pm",0,267.589,124.64,0
"Nov 9, 05:00 pm",0,274.771,137.939,0
"Nov 9, 06:00 pm",0,284.907,151.052,0
"Nov 9, 07:00 pm",0,305.296,163.192,0
"Nov 9, 08:00 pm",0,3.73092,169.579,0
"Nov 9, 09:00 pm",0,57.6503,162.167,0
"Nov 9, 10:00 pm",0,76.3741,149.859,0
"Nov 9, 11:00 pm",0,86.0793,136.717,0
"Nov 10, 12:00 am",0,93.1262,123.425,0
"Nov 10, 01:00 am",0,99.3588,110.21,0
"Nov 10, 02:00 am",0,105.619,97.229,0
"Nov 10, 03:00 am",0,112.512,84.5144,0
"Nov 10, 04:00 am",0,120.67,72.7144,0.578022
"Nov 10, 05:00 am",0,130.892,61.9345,0.686458
"Nov 10, 06:00 am",264.984,144.143,52.9364,0.671387
"Nov 10, 07:00 am",275.002,161.112,46.7922,0.657797
"Nov 10, 08:00 am",271.88,180.941,44.7087,0.653357
"Nov 10, 09:00 am",266.797,200.597,47.2298,0.659389
"Nov 10, 10:00 am",263.719,217.201,53.7071,0.672803
"Nov 10, 11:00 am",231.228,230.109,62.9199,0.68775
"Nov 10, 12:00 pm",100.443,240.078,73.8294,0.542393
"Nov 10, 01:00 pm",39.8541,248.066,85.6847,0
"Nov 10, 02:00 pm",28.6543,254.85,98.4772,0
"Nov 10, 03:00 pm",15.9627,261.047,111.489,0
"Nov 10, 04:00 pm",0,267.263,124.723,0
"Nov 10, 05:00 pm",0,274.371,138.023,0
"Nov 10, 06:00 pm",0,284.366,151.153,0
"Nov 10, 07:00 pm",0,304.503,163.355,0
"Nov 10, 08:00 pm",0,3.69094,169.859,0
"Nov 10, 09:00 pm",0,58.3228,162.358,0
"Nov 10, 10:00 pm",0,76.8562,150.001,0
"Nov 10, 11:00 pm",0,86.443,136.844,0
"Nov 11, 12:00 am",0,93.4248,123.551,0
"Nov 11, 01:00 am",0,99.62,110.344,0
"Nov 11, 02:00 am",0,105.859,97.3756,0
"Nov 11, 03:00 am",0,112.739,84.6753,0
"Nov 11, 04:00 am",0,120.886,72.9011,0.573006
"Nov 11, 05:00 am",0,131.091,62.1496,0.685882
"Nov 11, 06:00 am",0,144.305,53.1826,0.670561
"Nov 11, 07:00 am",0,161.192,47.0639,0.657313
"Nov 11, 08:00 am",0,180.899,44.9848,0.652217
"Nov 11, 09:00 am",0,200.442,47.4826,0.658327
"Nov 11, 10:00 am",0,216.982,53.9211,0.67171
"Nov 11, 11:00 am",131.637,229.867,63.0949,0.687119
"Nov 11, 12:00 pm",42.829,239.831,73.9714,0.539013
"Nov 11, 01:00 pm",37.6727,247.814,85.7978,0
"Nov 11, 02:00 pm",26.9848,254.588,98.5752,0
"Nov 11, 03:00 pm",15.16,260.764,111.574,0
"Nov 11, 04:00 pm",0,266.94,124.8,0
"Nov 11, 05:00 pm",0,273.974,138.101,0
"Nov 11, 06:00 pm",0,283.827,151.248,0
"Nov 11, 07:00 pm",0,303.701,163.509,0
"Nov 11, 08:00 pm",0,3.62733,170.134,0
"Nov 11, 09:00 pm",0,58.9896,162.546,0
"Nov 11, 10:00 pm",0,77.3306,150.141,0
"Nov 11, 11:00 pm",0,86.7999,136.972,0
"Nov 12, 12:00 am",0,93.7172,123.679,0
"Nov 12, 01:00 am",0,99.8754,110.478,0
"Nov 12, 02:00 am",0,106.092,97.5228,0
"Nov 12, 03:00 am",0,112.959,84.8359,0
"Nov 12, 04:00 am",0,121.096,73.0875,0.567967
"Nov 12, 05:00 am",0,131.284,62.3637,0.685286
"Nov 12, 06:00 am",0,144.459,53.4266,0.669423
"Nov 12, 07:00 am",180.818,161.266,47.3317,0.655831
"Nov 12, 08:00 am",77.7082,180.853,45.2559,0.651084
"Nov 12, 09:00 am",208.954,200.285,47.7297,0.657268
"Nov 12, 10:00 am",205.15,216.765,54.1293,0.671081
"Nov 12, 11:00 am",176.832,229.628,63.2642,0.686487
"Nov 12, 12:00 pm",39.8609,239.586,74.1077,0.535797
"Nov 12, 01:00 pm",28.2042,247.565,85.9048,0
"Nov 12, 02:00 pm",15.1502,254.329,98.6678,0
"Nov 12, 03:00 pm",0,260.484,111.653,0
"Nov 12, 04:00 pm",0,266.62,124.871,0
"Nov 12, 05:00 pm",0,273.582,138.172,0
"Nov 12, 06:00 pm",0,283.292,151.334,0
"Nov 12, 07:00 pm",0,302.891,163.655,0
"Nov 12, 08:00 pm",0,3.53823,170.405,0
"Nov 12, 09:00 pm",0,59.6499,162.732,0
"Nov 12, 10:00 pm",0,77.7969,150.281,0
"Nov 12, 11:00 pm",0,87.1498,137.099,0
"Nov 13, 12:00 am",0,94.0033,123.807,0
"Nov 13, 01:00 am",0,100.125,110.614,0
"Nov 13, 02:00 am",0,106.32,97.6707,0
"Nov 13, 03:00 am",0,113.173,84.995,0
"Nov 13, 04:00 am",0,121.298,73.2732,0.562907
"Nov 13, 05:00 am",0,131.469,62.5766,0.684671
"Nov 13, 06:00 am",287.427,144.605,53.6683,0.668916
"Nov 13, 07:00 am",299.316,161.332,47.5958,0.655247
"Nov 13, 08:00 am",294.359,180.802,45.5218,0.649959
"Nov 13, 09:00 am",303.064,200.128,47.9713,0.656212
"Nov 13, 10:00 am",311.263,216.549,54.3321,0.670221
"Nov 13, 11:00 am",296.555,229.391,63.4282,0.685855
"Nov 13, 12:00 pm",194.118,239.343,74.239,0.532746
"Nov 13, 01:00 pm",39.7545,247.319,86.0074,0
"Nov 13, 02:00 pm",28.1666,254.073,98.755,0
"Nov 13, 03:00 pm",15.221,260.207,111.726,0
"Nov 13, 04:00 pm",0,266.305,124.936,0
"Nov 13, 05:00 pm",0,273.193,138.237,0
"Nov 13, 06:00 pm",0,282.761,151.414,0
"Nov 13, 07:00 pm",0,302.074,163.791,0
"Nov 13, 08:00 pm",0,3.42165,170.67,0
"Nov 13, 09:00 pm",0,60.3031,162.915,0
"Nov 13, 10:00 pm",0,78.2548,150.42,0
"Nov 13, 11:00 pm",0,87.4925,137.227,0
"Nov 14, 12:00 am",0,94.2831,123.935,0
"Nov 14, 01:00 am",0,100.368,110.75,0
"Nov 14, 02:00 am",0,106.542,97.8192,0
"Nov 14, 03:00 am",0,113.381,85.1564,0
"Nov 14, 04:00 am",0,121.494,73.4594,0.557831
"Nov 14, 05:00 am",0,131.646,62.7887,0.684093
"Nov 14, 06:00 am",314.585,144.743,53.9078,0.668077
"Nov 14, 07:00 am",329.958,161.391,47.8561,0.654232
"Nov 14, 08:00 am",324.634,180.747,45.7827,0.648843
"Nov 14, 09:00 am",330.942,199.97,48.2071,0.655162
"Nov 14, 10:00 am",342.461,216.334,54.529,0.669363
"Nov 14, 11:00 am",336.051,229.157,63.5866,0.685223
"Nov 14, 12:00 pm",191.9,239.104,74.3649,0.529861
"Nov 14, 01:00 pm",39.799,247.076,86.105,0
"Nov 14, 02:00 pm",28.3182,253.821,98.8367,0
"Nov 14, 03:00 pm",15.5096,259.934,111.794,0
"Nov 14, 04:00 pm",0,265.993,124.996,0
"Nov 14, 05:00 pm",0,272.81,138.296,0
"Nov 14, 06:00 pm",0,282.234,151.486,0
"Nov 14, 07:00 pm",0,301.252,163.918,0
"Nov 14, 08:00 pm",0,3.27552,170.931,0
"Nov 14, 09:00 pm",0,60.9486,163.096,0
"Nov 14, 10:00 pm",0,78.7041,150.559,0
"Nov 14, 11:00 pm",0,87.8278,137.354,0
"Nov 15, 12:00 am",0,94.5563,124.064,0
"Nov 15, 01:00 am",0,100.605,110.887,0
"Nov 15, 02:00 am",0,106.757,97.9681,0
"Nov 15, 03:00 am",0,113.582,85.3178,0
"Nov 15, 04:00 am",0,121.683,73.645,0.55274
"Nov 15, 05:00 am",0,131.816,62.9994,0.683526
"Nov 15, 06:00 am",292.67,144.873,54.1448,0.667244
"Nov 15, 07:00 am",310.156,161.444,48.1122,0.65323
"Nov 15, 08:00 am",301.852,180.688,46.0381,0.647738
"Nov 15, 09:00 am",304.931,199.811,48.437,0.654117
"Nov 15, 10:00 am",309.361,216.12,54.7201,0.668507
"Nov 15, 11:00 am",292.082,228.924,63.7392,0.684591
"Nov 15, 12:00 pm",170.626,238.867,74.4852,0.527144
"Nov 15, 01:00 pm",40.2264,246.836,86.1975,0
"Nov 15, 02:00 pm",28.6888,253.571,98.9129,0
"Nov 15, 03:00 pm",15.7585,259.665,111.856,0
"Nov 15, 04:00 pm",0,265.686,125.05,0
"Nov 15, 05:00 pm",0,272.431,138.348,0
"Nov 15, 06:00 pm",0,281.712,151.551,0
"Nov 15, 07:00 pm",0,300.426,164.036,0
"Nov 15, 08:00 pm",0,3.09767,171.186,0
"Nov 15, 09:00 pm",0,61.5857,163.275,0
"Nov 15, 10:00 pm",0,79.1446,150.696,0
"Nov 15, 11:00 pm",0,88.1555,137.482,0
"Nov 16, 12:00 am",0,94.8227,124.194,0
"Nov 16, 01:00 am",0,100.836,111.024,0
"Nov 16, 02:00 am",0,106.966,98.1174,0
"Nov 16, 03:00 am",0,113.777,85.4786,0
"Nov 16, 04:00 am",0,121.865,73.8301,0.547637
"Nov 16, 05:00 am",0,131.979,63.2087,0.682968
"Nov 16, 06:00 am",224.557,144.995,54.3789,0.666331
"Nov 16, 07:00 am",249.848,161.49,48.3642,0.652243
"Nov 16, 08:00 am",245.845,180.626,46.2882,0.646644
"Nov 16, 09:00 am",301.789,199.651,48.6609,0.653079
"Nov 16, 10:00 am",308.519,215.908,54.9053,0.667654
"Nov 16, 11:00 am",292.38,228.694,63.886,0.68396
"Nov 16, 12:00 pm",150.021,238.633,74.5998,0.524596
"Nov 16, 01:00 pm",39.7409,246.599,86.2839,0
"Nov 16, 02:00 pm",28.2374,253.325,98.9837,0
"Nov 16, 03:00 pm",15.3608,259.4,111.913,0
"Nov 16, 04:00 pm",0,265.383,125.098,0
"Nov 16, 05:00 pm",0,272.058,138.395,0
"Nov 16, 06:00 pm",0,281.197,151.609,0
"Nov 16, 07:00 pm",0,299.597,164.146,0
"Nov 16, 08:00 pm",0,2.88584,171.436,0
"Nov 16, 09:00 pm",0,62.2137,163.451,0
"Nov 16, 10:00 pm",0,79.5758,150.834,0
"Nov 16, 11:00 pm",0,88.4755,137.611,0
"Nov 17, 12:00 am",0,95.0824,124.324,0
"Nov 17, 01:00 am",0,101.061,111.162,0
"Nov 17, 02:00 am",0,107.169,98.2671,0
"Nov 17, 03:00 am",0,113.965,85.639,0
"Nov 17, 04:00 am",0,122.04,74.0145,0.542527
"Nov 17, 05:00 am",0,132.134,63.4165,0.682431
"Nov 17, 06:00 am",213.568,145.11,54.6103,0.665501
"Nov 17, 07:00 am",274.573,161.529,48.6118,0.651272
"Nov 17, 08:00 am",270.007,180.559,46.5326,0.645563
"Nov 17, 09:00 am",288.685,199.491,48.8788,0.652049
"Nov 17, 10:00 am",294.46,215.697,55.0843,0.666805
"Nov 17, 11:00 am",280.525,228.466,64.027,0.68333
"Nov 17, 12:00 pm",145.931,238.401,74.7087,0.522218
"Nov 17, 01:00 pm",39.9492,246.365,86.3649,0
"Nov 17, 02:00 pm",28.4379,253.083,99.0489,0
"Nov 17, 03:00 pm",15.5404,259.138,111.964,0
"Nov 17, 04:00 pm",0,265.084,125.14,0
"Nov 17, 05:00 pm",0,271.69,138.435,0
"Nov 17, 06:00 pm",0,280.687,151.66,0
"Nov 17, 07:00 pm",0,298.768,164.246,0
"Nov 17, 08:00 pm",0,2.63768,171.68,0
"Nov 17, 09:00 pm",0,62.832,163.624,0
"Nov 17, 10:00 pm",0,79.9976,150.97,0
"Nov 17, 11:00 pm",0,88.7877,137.739,0
"Nov 18, 12:00 am",0,95.3352,124.455,0
"Nov 18, 01:00 am",0,101.279,111.3,0
"Nov 18, 02:00 am",0,107.366,98.417,0
"Nov 18, 03:00 am",0,114.147,85.7993,0
"Nov 18, 04:00 am",0,122.208,74.1981,0.537411
"Nov 18, 05:00 am",0,132.281,63.6225,0.681892
"Nov 18, 06:00 am",322.821,145.217,54.8387,0.665034
"Nov 18, 07:00 am",320.125,161.562,48.855,0.650318
"Nov 18, 08:00 am",313.65,180.489,46.7714,0.644496
"Nov 18, 09:00 am",322.067,199.33,49.0905,0.651028
"Nov 18, 10:00 am",332.726,215.488,55.2572,0.66596
"Nov 18, 11:00 am",321.178,228.241,64.162,0.682703
"Nov 18, 12:00 pm",177.364,238.173,74.8119,0.520011
"Nov 18, 01:00 pm",40.0141,246.134,86.4401,0
"Nov 18, 02:00 pm",28.6384,252.844,99.1087,0
"Nov 18, 03:00 pm",15.9358,258.881,112.01,0
"Nov 18, 04:00 pm",0,264.791,125.177,0
"Nov 18, 05:00 pm",0,271.328,138.469,0
"Nov 18, 06:00 pm",0,280.185,151.704,0
"Nov 18, 07:00 pm",0,297.94,164.337,0
"Nov 18, 08:00 pm",0,2.35075,171.918,0
"Nov 18, 09:00 pm",0,63.4398,163.795,0
"Nov 18, 10:00 pm",0,80.4096,151.106,0
"Nov 18, 11:00 pm",0,89.0917,137.868,0
"Nov 19, 12:00 am",0,95.5809,124.586,0
"Nov 19, 01:00 am",0,101.491,111.438,0
"Nov 19, 02:00 am",0,107.556,98.5671,0
"Nov 19, 03:00 am",0,114.322,85.9593,0
"Nov 19, 04:00 am",0,122.37,74.3809,0.532294
"Nov 19, 05:00 am",0,132.421,63.8268,0.681401
"Nov 19, 06:00 am",0,145.317,55.0641,0.664305
"Nov 19, 07:00 am",0,161.588,49.0937,0.648725
"Nov 19, 08:00 am",36.4314,180.415,47.0046,0.643444
"Nov 19, 09:00 am",32.4353,199.169,49.296,0.650016
"Nov 19, 10:00 am",39.6639,215.28,55.424,0.665018
"Nov 19, 11:00 am",36.8569,228.018,64.2912,0.68207
"Nov 19, 12:00 pm",34.8463,237.948,74.9097,0.517976
"Nov 19, 01:00 pm",26.1302,245.907,86.5118,0
"Nov 19, 02:00 pm",14.857,252.609,99.163,0
"Nov 19, 03:00 pm",0,258.628,112.05,0
"Nov 19, 04:00 pm",0,264.502,125.208,0
"Nov 19, 05:00 pm",0,270.972,138.497,0
"Nov 19, 06:00 pm",0,279.69,151.741,0
"Nov 19, 07:00 pm",0,297.114,164.42,0
"Nov 19, 08:00 pm",0,2.02253,172.151,0
"Nov 19, 09:00 pm",0,64.0364,163.965,0
"Nov 19, 10:00 pm",0,80.8115,151.242,0
"Nov 19, 11:00 pm",0,89.3876,137.996,0
"Nov 20, 12:00 am",0,95.8195,124.717,0
"Nov 20, 01:00 am",0,101.696,111.577,0
"Nov 20, 02:00 am",0,107.74,98.7173,0
"Nov 20, 03:00 am",0,114.491,86.1191,0
"Nov 20, 04:00 am",0,122.524,74.5629,0
"Nov 20, 05:00 am",0,132.554,64.0292,0.680897
"Nov 20, 06:00 am",0,145.409,55.2863,0.663594
"Nov 20, 07:00 am",0,161.608,49.3277,0.647893
"Nov 20, 08:00 am",179.63,180.338,47.232,0.642409
"Nov 20, 09:00 am",239.693,199.007,49.4954,0.649016
"Nov 20, 10:00 am",174.2,215.074,55.5847,0.664288
"Nov 20, 11:00 am",40.1212,227.798,64.4145,0.681457
"Nov 20, 12:00 pm",29.0753,237.726,75.0018,0.516114
"Nov 20, 01:00 pm",16.4659,245.683,86.5775,0
"Nov 20, 02:00 pm",0,252.379,99.2119,0
"Nov 20, 03:00 pm",0,258.379,112.085,0
"Nov 20, 04:00 pm",0,264.219,125.233,0
"Nov 20, 05:00 pm",0,270.622,138.519,0
"Nov 20, 06:00 pm",0,279.203,151.771,0
"Nov 20, 07:00 pm",0,296.293,164.493,0
"Nov 20, 08:00 pm",0,1.65042,172.377,0
"Nov 20, 09:00 pm",0,64.6211,164.131,0
"Nov 20, 10:00 pm",0,81.2031,151.377,0
"Nov 20, 11:00 pm",0,89.675,138.125,0
"Nov 21, 12:00 am",0,96.0507,124.848,0
"Nov 21, 01:00 am",0,101.894,111.716,0
"Nov 21, 02:00 am",0,107.917,98.8675,0
"Nov 21, 03:00 am",0,114.653,86.2777,0
"Nov 21, 04:00 am",0,122.671,74.7435,0.522068
"Nov 21, 05:00 am",0,132.679,64.2294,0.680408
"Nov 21, 06:00 am",0,145.494,55.505,0.662902
"Nov 21, 07:00 am",0,161.621,49.5569,0.64757
"Nov 21, 08:00 am",0,180.257,47.4533,0.641391
"Nov 21, 09:00 am",0,198.845,49.6883,0.648028
"Nov 21, 10:00 am",0,214.869,55.7391,0.663463
"Nov 21, 11:00 am",0,227.58,64.5318,0.680839
"Nov 21, 12:00 pm",0,237.507,75.0882,0
"Nov 21, 01:00 pm",0,245.463,86.6378,0
"Nov 21, 02:00 pm",0,252.152,99.2553,0
"Nov 21, 03:00 pm",0,258.135,112.115,0
"Nov 21, 04:00 pm",0,263.941,125.253,0
"Nov 21, 05:00 pm",0,270.28,138.536,0
"Nov 21, 06:00 pm",0,278.725,151.795,0
"Nov 21, 07:00 pm",0,295.477,164.558,0
"Nov 21, 08:00 pm",0,1.23176,172.597,0
"Nov 21, 09:00 pm",0,65.1932,164.296,0
"Nov 21, 10:00 pm",0,81.5841,151.512,0
"Nov 21, 11:00 pm",0,89.9539,138.254,0
"Nov 22, 12:00 am",0,96.2746,124.98,0
"Nov 22, 01:00 am",0,102.085,111.856,0
"Nov 22, 02:00 am",0,108.088,99.0176,0
"Nov 22, 03:00 am",0,114.808,86.4356,0
"Nov 22, 04:00 am",0,122.811,74.9231,0.516966
"Nov 22, 05:00 am",0,132.797,64.4276,0.679934
"Nov 22, 06:00 am",0,145.571,55.7204,0.662065
"Nov 22, 07:00 am",21.0007,161.629,49.7813,0.646696
"Nov 22, 08:00 am",121.991,180.172,47.6688,0.639687
"Nov 22, 09:00 am",37.3114,198.682,49.8748,0.647053
"Nov 22, 10:00 am",28.5755,214.666,55.8871,0.662645
"Nov 22, 11:00 am",17.8141,227.365,64.643,0.680226
"Nov 22, 12:00 pm",0,237.291,75.1687,0.510853
"Nov 22, 01:00 pm",0,245.247,86.6927,0
"Nov 22, 02:00 pm",0,251.929,99.2932,0
"Nov 22, 03:00 pm",0,257.896,112.139,0
"Nov 22, 04:00 pm",0,263.669,125.268,0
"Nov 22, 05:00 pm",0,269.944,138.546,0
"Nov 22, 06:00 pm",0,278.257,151.812,0
"Nov 22, 07:00 pm",0,294.669,164.615,0
"Nov 22, 08:00 pm",0,0.763878,172.811,0
"Nov 22, 09:00 pm",0,65.7519,164.459,0
"Nov 22, 10:00 pm",0,81.9542,151.646,0
"Nov 22, 11:00 pm",0,90.2241,138.383,0
"Nov 23, 12:00 am",0,96.4909,125.112,0
"Nov 23, 01:00 am",0,102.269,111.995,0
"Nov 23, 02:00 am",0,108.251,99.1675,0
"Nov 23, 03:00 am",0,114.956,86.5912,0
"Nov 23, 04:00 am",0,122.944,75.1007,0
"Nov 23, 05:00 am",0,132.907,64.6229,0.679476
"Nov 23, 06:00 am",0,145.641,55.9317,0.661579
"Nov 23, 07:00 am",0,161.631,50.0002,0.645845
"Nov 23, 08:00 am",0,180.085,47.8777,0.639415
"Nov 23, 09:00 am",0,198.52,50.0544,0.645459
"Nov 23, 10:00 am",182.872,214.465,56.0282,0.661837
"Nov 23, 11:00 am",166.642,227.154,64.7473,0.679618
"Nov 23, 12:00 pm",58.3841,237.079,75.2421,0.511568
"Nov 23, 01:00 pm",39.3993,245.034,86.7373,0
"Nov 23, 02:00 pm",28.536,251.711,99.3258,0
"Nov 23, 03:00 pm",16.5063,257.662,112.157,0
"Nov 23, 04:00 pm",0,263.403,125.277,0
"Nov 23, 05:00 pm",0,269.616,138.551,0
"Nov 23, 06:00 pm",0,277.798,151.823,0
"Nov 23, 07:00 pm",0,293.871,164.662,0
"Nov 23, 08:00 pm",0,0.24406,173.018,0
"Nov 23, 09:00 pm",0,66.2965,164.619,0
"Nov 23, 10:00 pm",0,82.3131,151.779,0
"Nov 23, 11:00 pm",0,90.4853,138.512,0
"Nov 24, 12:00 am",0,96.6996,125.244,0
"Nov 24, 01:00 am",0,102.447,112.135,0
"Nov 24, 02:00 am",0,108.408,99.3171,0
"Nov 24, 03:00 am",0,115.098,86.7454,0
"Nov 24, 04:00 am",0,123.069,75.2769,0.504428
"Nov 24, 05:00 am",0,133.01,64.8159,0.679035
"Nov 24, 06:00 am",0,145.704,56.1396,0.66095
"Nov 24, 07:00 am",0,161.626,50.2144,0.644319
"Nov 24, 08:00 am",248.7,179.994,48.0808,0.638458
"Nov 24, 09:00 am",284.611,198.357,50.2277,0.645149
"Nov 24, 10:00 am",299.291,214.266,56.1632,0.661038
"Nov 24, 11:00 am",286.729,226.945,64.8461,0.679015
"Nov 24, 12:00 pm",139.475,236.87,75.3107,0.510401
"Nov 24, 01:00 pm",39.9312,244.826,86.7799,0
"Nov 24, 02:00 pm",28.2809,251.497,99.353,0
"Nov 24, 03:00 pm",15.2986,257.433,112.171,0
"Nov 24, 04:00 pm",0,263.143,125.281,0
"Nov 24, 05:00 pm",0,269.296,138.551,0
"Nov 24, 06:00 pm",0,277.349,151.828,0
"Nov 24, 07:00 pm",0,293.083,164.702,0
"Nov 24, 08:00 pm",0,359.67,173.218,0
"Nov 24, 09:00 pm",0,66.8261,164.778,0
"Nov 24, 10:00 pm",0,82.6605,151.912,0
"Nov 24, 11:00 pm",0,90.7375,138.641,0
"Nov 25, 12:00 am",0,96.9005,125.377,0
"Nov 25, 01:00 am",0,102.617,112.274,0
"Nov 25, 02:00 am",0,108.558,99.4664,0
"Nov 25, 03:00 am",0,115.232,86.8979,0
"Nov 25, 04:00 am",0,123.188,75.4514,0.495603
"Nov 25, 05:00 am",0,133.106,65.0063,0.678592
"Nov 25, 06:00 am",262.936,145.76,56.3435,0.660278
"Nov 25, 07:00 am",282.588,161.616,50.4231,0.644217
"Nov 25, 08:00 am",279.904,179.9,48.2775,0.637525
"Nov 25, 09:00 am",316.455,198.194,50.3943,0.644221
"Nov 25, 10:00 am",329.29,214.068,56.2916,0.660249
"Nov 25, 11:00 am",324.397,226.739,64.9385,0.67842
"Nov 25, 12:00 pm",179.041,236.666,75.3731,0.509222
"Nov 25, 01:00 pm",40.0188,244.622,86.8161,0
"Nov 25, 02:00 pm",28.2774,251.287,99.3748,0
"Nov 25, 03:00 pm",15.2881,257.209,112.179,0
"Nov 25, 04:00 pm",0,262.889,125.28,0
"Nov 25, 05:00 pm",0,268.983,138.545,0
"Nov 25, 06:00 pm",0,276.911,151.826,0
"Nov 25, 07:00 pm",0,292.308,164.733,0
"Nov 25, 08:00 pm",0,359.038,173.411,0
"Nov 25, 09:00 pm",0,67.3399,164.934,0
"Nov 25, 10:00 pm",0,82.9961,152.045,0
"Nov 25, 11:00 pm",0,90.9805,138.77,0
"Nov 26, 12:00 am",0,97.0935,125.509,0
"Nov 26, 01:00 am",0,102.78,112.413,0
"Nov 26, 02:00 am",0,108.701,99.6152,0
"Nov 26, 03:00 am",0,115.36,87.0503,0
"Nov 26, 04:00 am",0,123.299,75.6244,0.486885
"Nov 26, 05:00 am",0,133.194,65.1941,0.678188
"Nov 26, 06:00 am",201.149,145.809,56.5434,0.659478
"Nov 26, 07:00 am",234.063,161.6,50.6266,0.643442
"Nov 26, 08:00 am",225.078,179.804,48.4679,0.636616
"Nov 26, 09:00 am",240.845,198.031,50.5543,0.643311
"Nov 26, 10:00 am",239.959,213.873,56.4137,0.659473
"Nov 26, 11:00 am",216.561,226.536,65.0251,0.677831
"Nov 26, 12:00 pm",85.8817,236.464,75.4304,0.507868
"Nov 26, 01:00 pm",39.9816,244.422,86.85,0
"Nov 26, 02:00 pm",28.3791,251.083,99.3914,0
"Nov 26, 03:00 pm",15.4091,256.991,112.182,0
"Nov 26, 04:00 pm",0,262.642,125.273,0
"Nov 26, 05:00 pm",0,268.679,138.534,0
"Nov 26, 06:00 pm",0,276.484,151.818,0
"Nov 26, 07:00 pm",0,291.548,164.756,0
"Nov 26, 08:00 pm",0,358.347,173.596,0
"Nov 26, 09:00 pm",0,67.8372,165.089,0
"Nov 26, 10:00 pm",0,83.3197,152.177,0
"Nov 26, 11:00 pm",0,91.2141,138.898,0
"Nov 27, 12:00 am",0,97.2786,125.641,0
"Nov 27, 01:00 am",0,102.936,112.553,0
"Nov 27, 02:00 am",0,108.838,99.7634,0
"Nov 27, 03:00 am",0,115.481,87.2032,0
"Nov 27, 04:00 am",0,123.404,75.7959,0
"Nov 27, 05:00 am",0,133.275,65.3792,0.677819
"Nov 27, 06:00 am",0,145.85,56.7394,0.659203
"Nov 27, 07:00 am",0,161.579,50.8248,0.642695
"Nov 27, 08:00 am",0,179.704,48.6519,0.635732
"Nov 27, 09:00 am",105.207,197.867,50.7075,0.641848
"Nov 27, 10:00 am",38.1473,213.68,56.5291,0.658709
"Nov 27, 11:00 am",32.0343,226.336,65.1054,0.67725
"Nov 27, 12:00 pm",21.9181,236.267,75.4817,0.506821
"Nov 27, 01:00 pm",10.8299,244.226,86.8779,0
"Nov 27, 02:00 pm",0,250.883,99.4026,0
"Nov 27, 03:00 pm",0,256.778,112.18,0
"Nov 27, 04:00 pm",0,262.401,125.262,0
"Nov 27, 05:00 pm",0,268.382,138.517,0
"Nov 27, 06:00 pm",0,276.069,151.805,0
"Nov 27, 07:00 pm",0,290.803,164.772,0
"Nov 27, 08:00 pm",0,357.593,173.774,0
"Nov 27, 09:00 pm",0,68.3171,165.241,0
"Nov 27, 10:00 pm",0,83.6309,152.308,0
"Nov 27, 11:00 pm",0,91.4381,139.027,0
"Nov 28, 12:00 am",0,97.4556,125.774,0
"Nov 28, 01:00 am",0,103.084,112.691,0
"Nov 28, 02:00 am",0,108.967,99.911,0
"Nov 28, 03:00 am",0,115.594,87.3527,0
"Nov 28, 04:00 am",0,123.501,75.9651,0.469792
"Nov 28, 05:00 am",0,133.349,65.5611,0.677451
"Nov 28, 06:00 am",0,145.885,56.931,0.658403
"Nov 28, 07:00 am",192.962,161.552,51.0173,0.641403
"Nov 28, 08:00 am",219.708,179.601,48.8294,0.634875
"Nov 28, 09:00 am",222.191,197.704,50.8538,0.64155
"Nov 28, 10:00 am",225.616,213.488,56.6378,0.657959
"Nov 28, 11:00 am",207.21,226.14,65.1792,0.676677
"Nov 28, 12:00 pm",81.7178,236.074,75.527,0.50608
"Nov 28, 01:00 pm",40.0036,244.035,86.8994,0
"Nov 28, 02:00 pm",28.3294,250.688,99.4085,0
"Nov 28, 03:00 pm",15.3043,256.57,112.173,0
"Nov 28, 04:00 pm",0,262.167,125.245,0
"Nov 28, 05:00 pm",0,268.095,138.495,0
"Nov 28, 06:00 pm",0,275.666,151.785,0
"Nov 28, 07:00 pm",0,290.075,164.779,0
"Nov 28, 08:00 pm",0,356.776,173.944,0
"Nov 28, 09:00 pm",0,68.7788,165.392,0
"Nov 28, 10:00 pm",0,83.9295,152.439,0
"Nov 28, 11:00 pm",0,91.6524,139.156,0
"Nov 29, 12:00 am",0,97.6243,125.906,0
"Nov 29, 01:00 am",0,103.226,112.83,0
"Nov 29, 02:00 am",0,109.089,100.058,0
"Nov 29, 03:00 am",0,115.701,87.5006,0
"Nov 29, 04:00 am",0,123.591,76.1325,0.461428
"Nov 29, 05:00 am",0,133.415,65.7401,0.677104
"Nov 29, 06:00 am",178.65,145.913,57.1184,0.657864
"Nov 29, 07:00 am",247.973,161.519,51.2042,0.641288
"Nov 29, 08:00 am",245.997,179.496,49.0003,0.634045
"Nov 29, 09:00 am",255.111,197.542,50.9934,0.640701
"Nov 29, 10:00 am",256.837,213.299,56.74,0.657223
"Nov 29, 11:00 am",236.223,225.947,65.247,0.676114
"Nov 29, 12:00 pm",86.8046,235.884,75.5667,0.505643
"Nov 29, 01:00 pm",39.9416,243.848,86.917,0
"Nov 29, 02:00 pm",28.3697,250.498,99.4092,0
"Nov 29, 03:00 pm",15.4055,256.369,112.16,0
"Nov 29, 04:00 pm",0,261.939,125.223,0
"Nov 29, 05:00 pm",0,267.816,138.468,0
"Nov 29, 06:00 pm",0,275.275,151.761,0
"Nov 29, 07:00 pm",0,289.366,164.78,0
"Nov 29, 08:00 pm",0,355.892,174.106,0
"Nov 29, 09:00 pm",0,69.2214,165.541,0
"Nov 29, 10:00 pm",0,84.2151,152.57,0
"Nov 29, 11:00 pm",0,91.8568,139.284,0
"Nov 30, 12:00 am",0,97.7848,126.038,0
"Nov 30, 01:00 am",0,103.359,112.968,0
"Nov 30, 02:00 am",0,109.204,100.204,0
"Nov 30, 03:00 am",0,115.8,87.6477,0
"Nov 30, 04:00 am",0,123.674,76.2978,0.453191
"Nov 30, 05:00 am",0,133.475,65.9159,0.676776
"Nov 30, 06:00 am",0,145.934,57.3014,0.657683
"Nov 30, 07:00 am",0,161.481,51.3855,0.640066
"Nov 30, 08:00 am",155.365,179.388,49.1646,0.6326
"Nov 30, 09:00 am",192.557,197.379,51.126,0.639875
"Nov 30, 10:00 am",42.2184,213.113,56.8354,0.656502
"Nov 30, 11:00 am",124.389,225.757,65.3084,0.675537
"Nov 30, 12:00 pm",43.4036,235.699,75.6004,0.50551
"Nov 30, 01:00 pm",38.7055,243.665,86.9287,0
"Nov 30, 02:00 pm",28.1776,250.314,99.4047,0
"Nov 30, 03:00 pm",16.3988,256.173,112.143,0
"Nov 30, 04:00 pm",0,261.719,125.197,0
"Nov 30, 05:00 pm",0,267.547,138.436,0
"Nov 30, 06:00 pm",0,274.897,151.73,0
"Nov 30, 07:00 pm",0,288.676,164.773,0
"Nov 30, 08:00 pm",0,354.942,174.259,0
"Nov 30, 09:00 pm",0,69.644,165.688,0
"Nov 30, 10:00 pm",0,84.4875,152.7,0
"Nov 30, 11:00 pm",0,92.0513,139.413,0
"Dec 1, 12:00 am",0,97.9369,126.17,0
"Dec 1, 01:00 am",0,103.485,113.106,0
"Dec 1, 02:00 am",0,109.312,100.349,0
"Dec 1, 03:00 am",0,115.893,87.7922,0
"Dec 1, 04:00 am",0,123.75,76.4605,0.445087
"Dec 1, 05:00 am",0,133.527,66.0882,0.676469
"Dec 1, 06:00 am",0,145.948,57.4797,0.657063
"Dec 1, 07:00 am",19.8286,161.438,51.5607,0.640004
"Dec 1, 08:00 am",20.7818,179.277,49.3219,0.632475
"Dec 1, 09:00 am",70.0144,197.217,51.2513,0.63843
"Dec 1, 10:00 am",140.404,212.928,56.9238,0.655798
"Dec 1, 11:00 am",41.3759,225.571,65.3633,0.675017
"Dec 1, 12:00 pm",39.3077,235.518,75.6283,0.505679
"Dec 1, 01:00 pm",35.7848,243.488,86.9359,0
"Dec 1, 02:00 pm",27.5009,250.134,99.3951,0
"Dec 1, 03:00 pm",14.6399,255.984,112.121,0
"Dec 1, 04:00 pm",0,261.506,125.165,0
"Dec 1, 05:00 pm",0,267.286,138.4,0
"Dec 1, 06:00 pm",0,274.532,151.695,0
"Dec 1, 07:00 pm",0,288.008,164.759,0
"Dec 1, 08:00 pm",0,353.923,174.403,0
"Dec 1, 09:00 pm",0,70.0458,165.834,0
"Dec 1, 10:00 pm",0,84.7464,152.83,0
"Dec 1, 11:00 pm",0,92.2355,139.541,0
"Dec 2, 12:00 am",0,98.0804,126.301,0
"Dec 2, 01:00 am",0,103.603,113.243,0
"Dec 2, 02:00 am",0,109.412,100.493,0
"Dec 2, 03:00 am",0,115.978,87.9319,0
"Dec 2, 04:00 am",0,123.818,76.6202,0.437121
"Dec 2, 05:00 am",0,133.572,66.2569,0.676184
"Dec 2, 06:00 am",0,145.955,57.6532,0.656806
"Dec 2, 07:00 am",0,161.39,51.7301,0.639411
"Dec 2, 08:00 am",0,179.164,49.4726,0.631319
"Dec 2, 09:00 am",185.056,197.055,51.3696,0.637658
"Dec 2, 10:00 am",237.996,212.746,57.0053,0.65511
"Dec 2, 11:00 am",214.14,225.389,65.4117,0.674485
"Dec 2, 12:00 pm",76.7983,235.341,75.6497,0.506149
"Dec 2, 01:00 pm",39.887,243.315,86.9349,0
"Dec 2, 02:00 pm",28.1991,249.96,99.3803,0
"Dec 2, 03:00 pm",15.1762,255.8,112.094,0
"Dec 2, 04:00 pm",0,261.301,125.129,0
"Dec 2, 05:00 pm",0,267.035,138.358,0
"Dec 2, 06:00 pm",0,274.181,151.654,0
"Dec 2, 07:00 pm",0,287.361,164.738,0
"Dec 2, 08:00 pm",0,352.837,174.539,0
"Dec 2, 09:00 pm",0,70.4258,165.977,0
"Dec 2, 10:00 pm",0,84.9915,152.959,0
"Dec 2, 11:00 pm",0,92.4094,139.669,0
"Dec 3, 12:00 am",0,98.2153,126.432,0
"Dec 3, 01:00 am",0,103.714,113.379,0
"Dec 3, 02:00 am",0,109.505,100.636,0
"Dec 3, 03:00 am",0,116.056,88.0693,0
"Dec 3, 04:00 am",0,123.88,76.7776,0.429296
"Dec 3, 05:00 am",0,133.61,66.4221,0.67592
"Dec 3, 06:00 am",0,145.956,57.8221,0.656081
"Dec 3, 07:00 am",257.788,161.336,51.8936,0.638852
"Dec 3, 08:00 am",261.31,179.049,49.6164,0.631031
"Dec 3, 09:00 am",279.065,196.893,51.481,0.637543
"Dec 3, 10:00 am",289.869,212.567,57.0802,0.654441
"Dec 3, 11:00 am",285.884,225.21,65.454,0.673965
"Dec 3, 12:00 pm",147.228,235.169,75.6657,0.506919
"Dec 3, 01:00 pm",40.0258,243.147,86.931,0
"Dec 3, 02:00 pm",28.2593,249.792,99.3604,0
"Dec 3, 03:00 pm",15.2099,255.623,112.062,0
"Dec 3, 04:00 pm",0,261.103,125.089,0
"Dec 3, 05:00 pm",0,266.794,138.312,0
"Dec 3, 06:00 pm",0,273.844,151.608,0
"Dec 3, 07:00 pm",0,286.738,164.71,0
"Dec 3, 08:00 pm",0,351.685,174.665,0
"Dec 3, 09:00 pm",0,70.7832,166.12,0
"Dec 3, 10:00 pm",0,85.2225,153.087,0
"Dec 3, 11:00 pm",0,92.5728,139.797,0
"Dec 4, 12:00 am",0,98.3416,126.563,0
"Dec 4, 01:00 am",0,103.817,113.515,0
"Dec 4, 02:00 am",0,109.591,100.778,0
"Dec 4, 03:00 am",0,116.127,88.2064,0
"Dec 4, 04:00 am",0,123.934,76.9329,0.421617
"Dec 4, 05:00 am",0,133.641,66.584,0.675678
"Dec 4, 06:00 am",0,145.95,57.9862,0.655764
"Dec 4, 07:00 am",203.619,161.278,52.051,0.638326
"Dec 4, 08:00 am",212.115,178.93,49.7534,0.630359
"Dec 4, 09:00 am",274.423,196.732,51.5852,0.636818
"Dec 4, 10:00 am",285.392,212.39,57.1482,0.653791
"Dec 4, 11:00 am",280.111,225.035,65.4898,0.673458
"Dec 4, 12:00 pm",145.864,235.001,75.6758,0.507988
"Dec 4, 01:00 pm",40.0414,242.984,86.9216,0
"Dec 4, 02:00 pm",28.3334,249.629,99.3354,0
"Dec 4, 03:00 pm",15.3557,255.452,112.025,0
"Dec 4, 04:00 pm",0,260.912,125.043,0
"Dec 4, 05:00 pm",0,266.562,138.262,0
"Dec 4, 06:00 pm",0,273.52,151.558,0
"Dec 4, 07:00 pm",0,286.138,164.676,0
"Dec 4, 08:00 pm",0,350.466,174.781,0
"Dec 4, 09:00 pm",0,71.117,166.26,0
"Dec 4, 10:00 pm",0,85.4391,153.216,0
"Dec 4, 11:00 pm",0,92.7256,139.924,0
"Dec 5, 12:00 am",0,98.459,126.693,0
"Dec 5, 01:00 am",0,103.912,113.65,0
"Dec 5, 02:00 am",0,109.67,100.919,0
"Dec 5, 03:00 am",0,116.191,88.3404,0
"Dec 5, 04:00 am",0,123.981,77.0852,0.414089
"Dec 5, 05:00 am",0,133.664,66.742,0.675445
"Dec 5, 06:00 am",289.137,145.938,58.1453,0.655527
"Dec 5, 07:00 am",310.753,161.214,52.2023,0.637837
"Dec 5, 08:00 am",302.426,178.81,49.8833,0.629721
"Dec 5, 09:00 am",318.286,196.571,51.6822,0.636121
"Dec 5, 10:00 am",337.595,212.215,57.2092,0.653161
"Dec 5, 11:00 am",344.288,224.863,65.5192,0.672963
"Dec 5, 12:00 pm",207.105,234.837,75.6801,0.509013
"Dec 5, 01:00 pm",40.1141,242.826,86.9073,0
"Dec 5, 02:00 pm",28.505,249.471,99.3054,0
"Dec 5, 03:00 pm",15.683,255.287,111.984,0
"Dec 5, 04:00 pm",0,260.729,124.994,0
"Dec 5, 05:00 pm",0,266.341,138.207,0
"Dec 5, 06:00 pm",0,273.211,151.502,0
"Dec 5, 07:00 pm",0,285.564,164.636,0
"Dec 5, 08:00 pm",0,349.186,174.888,0
"Dec 5, 09:00 pm",0,71.4264,166.399,0
"Dec 5, 10:00 pm",0,85.6411,153.343,0
"Dec 5, 11:00 pm",0,92.8676,140.051,0
"Dec 6, 12:00 am",0,98.5676,126.823,0
"Dec 6, 01:00 am",0,103.999,113.784,0
"Dec 6, 02:00 am",0,109.741,101.058,0
"Dec 6, 03:00 am",0,116.248,88.4747,0
"Dec 6, 04:00 am",0,124.021,77.2353,0.406715
"Dec 6, 05:00 am",0,133.681,66.8965,0.67525
"Dec 6, 06:00 am",295.506,145.92,58.2997,0.655144
"Dec 6, 07:00 am",313.427,161.146,52.3475,0.637383
"Dec 6, 08:00 am",306.238,178.687,50.0063,0.62912
"Dec 6, 09:00 am",104.343,196.411,51.772,0.635454
"Dec 6, 10:00 am",109.616,212.043,57.2635,0.652551
"Dec 6, 11:00 am",43.2761,224.696,65.5424,0.672483
"Dec 6, 12:00 pm",36.7269,234.678,75.6788,0.509911
"Dec 6, 01:00 pm",25.6708,242.674,86.8889,0
"Dec 6, 02:00 pm",13.998,249.32,99.2705,0
"Dec 6, 03:00 pm",0,255.129,111.938,0
"Dec 6, 04:00 pm",0,260.554,124.939,0
"Dec 6, 05:00 pm",0,266.129,138.147,0
"Dec 6, 06:00 pm",0,272.916,151.443,0
"Dec 6, 07:00 pm",0,285.014,164.591,0
"Dec 6, 08:00 pm",0,347.847,174.985,0
"Dec 6, 09:00 pm",0,71.7103,166.536,0
"Dec 6, 10:00 pm",0,85.8282,153.47,0
"Dec 6, 11:00 pm",0,92.9987,140.178,0
"Dec 7, 12:00 am",0,98.6671,126.953,0
"Dec 7, 01:00 am",0,104.078,113.917,0
"Dec 7, 02:00 am",0,109.805,101.196,0
"Dec 7, 03:00 am",0,116.297,88.6046,0
"Dec 7, 04:00 am",0,124.054,77.3822,0.399498
"Dec 7, 05:00 am",0,133.691,67.047,0.675087
"Dec 7, 06:00 am",0,145.895,58.4489,0.654804
"Dec 7, 07:00 am",262.489,161.072,52.4865,0.636967
"Dec 7, 08:00 am",231.442,178.562,50.1224,0.628555
"Dec 7, 09:00 am",142.398,196.251,51.8548,0.634817
"Dec 7, 10:00 am",99.6017,211.874,57.311,0.651963
"Dec 7, 11:00 am",40.1185,224.532,65.5594,0.672017
"Dec 7, 12:00 pm",29.7405,234.524,75.6721,0.510976
"Dec 7, 01:00 pm",18.055,242.526,86.8664,0
"Dec 7, 02:00 pm",0,249.174,99.2307,0
"Dec 7, 03:00 pm",0,254.978,111.887,0
"Dec 7, 04:00 pm",0,260.387,124.881,0
"Dec 7, 05:00 pm",0,265.927,138.084,0
"Dec 7, 06:00 pm",0,272.636,151.378,0
"Dec 7, 07:00 pm",0,284.491,164.539,0
"Dec 7, 08:00 pm",0,346.455,175.071,0
"Dec 7, 09:00 pm",0,71.9678,166.672,0
"Dec 7, 10:00 pm",0,86,153.597,0
"Dec 7, 11:00 pm",0,93.1187,140.304,0
"Dec 8, 12:00 am",0,98.7577,127.081,0
"Dec 8, 01:00 am",0,104.149,114.05,0
"Dec 8, 02:00 am",0,109.861,101.333,0
"Dec 8, 03:00 am",0,116.34,88.7289,0
"Dec 8, 04:00 am",0,124.08,77.5255,0.392443
"Dec 8, 05:00 am",0,133.693,67.1929,0.674936
"Dec 8, 06:00 am",0,145.863,58.5924,0.654721
"Dec 8, 07:00 am",86.3457,160.994,52.6186,0.6362
"Dec 8, 08:00 am",152.698,178.435,50.2306,0.628027
"Dec 8, 09:00 am",166.491,196.092,51.9293,0.634211
"Dec 8, 10:00 am",163.761,211.707,57.3503,0.651398
"Dec 8, 11:00 am",131.938,224.373,65.5684,0.671567
"Dec 8, 12:00 pm",43.153,234.374,75.6568,0.512206
"Dec 8, 01:00 pm",35.941,242.384,86.8299,0
"Dec 8, 02:00 pm",24.3614,249.034,99.186,0
"Dec 8, 03:00 pm",11.8497,254.834,111.832,0
"Dec 8, 04:00 pm",0,260.228,124.818,0
"Dec 8, 05:00 pm",0,265.736,138.016,0
"Dec 8, 06:00 pm",0,272.371,151.31,0
"Dec 8, 07:00 pm",0,283.995,164.482,0
"Dec 8, 08:00 pm",0,345.016,175.147,0
"Dec 8, 09:00 pm",0,72.1981,166.805,0
"Dec 8, 10:00 pm",0,86.1564,153.723,0
"Dec 8, 11:00 pm",0,93.2276,140.43,0
"Dec 9, 12:00 am",0,98.8391,127.209,0
"Dec 9, 01:00 am",0,104.213,114.181,0
"Dec 9, 02:00 am",0,109.91,101.468,0
"Dec 9, 03:00 am",0,116.375,88.851,0
"Dec 9, 04:00 am",0,124.099,77.666,0.385553
"Dec 9, 05:00 am",0,133.689,67.3352,0.674809
"Dec 9, 06:00 am",0,145.826,58.7311,0.654367
"Dec 9, 07:00 am",226.328,160.912,52.7447,0.636247
"Dec 9, 08:00 am",233.701,178.306,50.3322,0.627539
"Dec 9, 09:00 am",222.365,195.934,51.9972,0.633637
"Dec 9, 10:00 am",237.262,211.544,57.3836,0.650857
"Dec 9, 11:00 am",231.909,224.217,65.5723,0.671132
"Dec 9, 12:00 pm",107.378,234.23,75.6381,0.513599
"Dec 9, 01:00 pm",39.9656,242.247,86.7961,0
"Dec 9, 02:00 pm",28.1082,248.9,99.1365,0
"Dec 9, 03:00 pm",14.9906,254.696,111.773,0
"Dec 9, 04:00 pm",0,260.077,124.752,0
"Dec 9, 05:00 pm",0,265.555,137.944,0
"Dec 9, 06:00 pm",0,272.121,151.237,0
"Dec 9, 07:00 pm",0,283.526,164.419,0
"Dec 9, 08:00 pm",0,343.538,175.212,0
"Dec 9, 09:00 pm",0,72.4001,166.938,0
"Dec 9, 10:00 pm",0,86.2971,153.848,0
"Dec 9, 11:00 pm",0,93.3251,140.555,0
"Dec 10, 12:00 am",0,98.9112,127.336,0
"Dec 10, 01:00 am",0,104.268,114.311,0
"Dec 10, 02:00 am",0,109.951,101.601,0
"Dec 10, 03:00 am",0,116.402,88.9725,0
"Dec 10, 04:00 am",0,124.11,77.8037,0.378832
"Dec 10, 05:00 am",0,133.678,67.4733,0.674696
"Dec 10, 06:00 am",267.589,145.782,58.8645,0.65424
"Dec 10, 07:00 am",308.747,160.825,52.8644,0.635944
"Dec 10, 08:00 am",299.86,178.175,50.4266,0.627089
"Dec 10, 09:00 am",286.575,195.776,52.0578,0.633097
"Dec 10, 10:00 am",290.167,211.383,57.4098,0.650339
"Dec 10, 11:00 am",270.769,224.066,65.5696,0.670714
"Dec 10, 12:00 pm",122.134,234.09,75.6132,0.515153
"Dec 10, 01:00 pm",40.0197,242.116,86.7557,0
"Dec 10, 02:00 pm",28.1583,248.772,99.0822,0
"Dec 10, 03:00 pm",15.0743,254.565,111.709,0
"Dec 10, 04:00 pm",0,259.934,124.681,0
"Dec 10, 05:00 pm",0,265.385,137.869,0
"Dec 10, 06:00 pm",0,271.886,151.16,0
"Dec 10, 07:00 pm",0,283.084,164.352,0
"Dec 10, 08:00 pm",0,342.029,175.266,0
"Dec 10, 09:00 pm",0,72.5729,167.068,0
"Dec 10, 10:00 pm",0,86.4217,153.973,0
"Dec 10, 11:00 pm",0,93.4112,140.68,0
"Dec 11, 12:00 am",0,98.9742,127.463,0
"Dec 11, 01:00 am",0,104.314,114.44,0
"Dec 11, 02:00 am",0,109.985,101.733,0
"Dec 11, 03:00 am",0,116.423,89.0904,0
"Dec 11, 04:00 am",0,124.115,77.9382,0.372281
"Dec 11, 05:00 am",0,133.661,67.6072,0.674616
"Dec 11, 06:00 am",250.757,145.732,58.9924,0.654094
"Dec 11, 07:00 am",285.945,160.733,52.9776,0.63568
"Dec 11, 08:00 am",279.637,178.042,50.5137,0.62668
"Dec 11, 09:00 am",314.839,195.619,52.111,0.632591
"Dec 11, 10:00 am",332.811,211.225,57.4291,0.649847
"Dec 11, 11:00 am",337.193,223.919,65.5607,0.670313
"Dec 11, 12:00 pm",200.901,233.955,75.5827,0.516868
"Dec 11, 01:00 pm",40.1012,241.99,86.7114,0
"Dec 11, 02:00 pm",28.2571,248.65,99.0234,0
"Dec 11, 03:00 pm",15.2344,254.441,111.641,0
"Dec 11, 04:00 pm",0,259.8,124.606,0
"Dec 11, 05:00 pm",0,265.225,137.79,0
"Dec 11, 06:00 pm",0,271.666,151.08,0
"Dec 11, 07:00 pm",0,282.67,164.28,0
"Dec 11, 08:00 pm",0,340.499,175.309,0
"Dec 11, 09:00 pm",0,72.7155,167.197,0
"Dec 11, 10:00 pm",0,86.5301,154.097,0
"Dec 11, 11:00 pm",0,93.4858,140.804,0
"Dec 12, 12:00 am",0,99.0278,127.588,0
"Dec 12, 01:00 am",0,104.353,114.567,0
"Dec 12, 02:00 am",0,110.011,101.862,0
"Dec 12, 03:00 am",0,116.436,89.2072,0
"Dec 12, 04:00 am",0,124.112,78.0694,0.365904
"Dec 12, 05:00 am",0,133.636,67.7368,0.674559
"Dec 12, 06:00 am",257.516,145.677,59.1149,0.65398
"Dec 12, 07:00 am",290.612,160.637,53.0842,0.635456
"Dec 12, 08:00 am",272.669,177.907,50.5936,0.626311
"Dec 12, 09:00 am",259.293,195.464,52.1567,0.63212
"Dec 12, 10:00 am",248.253,211.07,57.4414,0.649381
"Dec 12, 11:00 am",206.791,223.776,65.5454,0.669931
"Dec 12, 12:00 pm",64.5562,233.825,75.5469,0.518739
"Dec 12, 01:00 pm",40.0099,241.87,86.6628,0
"Dec 12, 02:00 pm",28.2645,248.535,98.9599,0
"Dec 12, 03:00 pm",15.175,254.324,111.569,0
"Dec 12, 04:00 pm",0,259.673,124.528,0
"Dec 12, 05:00 pm",0,265.076,137.707,0
"Dec 12, 06:00 pm",0,271.461,150.996,0
"Dec 12, 07:00 pm",0,282.285,164.203,0
"Dec 12, 08:00 pm",0,338.958,175.341,0
"Dec 12, 09:00 pm",0,72.8271,167.325,0
"Dec 12, 10:00 pm",0,86.622,154.22,0
"Dec 12, 11:00 pm",0,93.5486,140.927,0
"Dec 13, 12:00 am",0,99.072,127.713,0
"Dec 13, 01:00 am",0,104.384,114.693,0
"Dec 13, 02:00 am",0,110.03,101.99,0
"Dec 13, 03:00 am",0,116.443,89.319,0
"Dec 13, 04:00 am",0,124.103,78.1969,0.359705
"Dec 13, 05:00 am",0,133.605,67.8618,0.674533
"Dec 13, 06:00 am",0,145.615,59.2317,0.653846
"Dec 13, 07:00 am",230.288,160.536,53.1841,0.635272
"Dec 13, 08:00 am",239.734,177.77,50.6661,0.625984
"Dec 13, 09:00 am",293.639,195.309,52.1951,0.631684
"Dec 13, 10:00 am",312.964,210.919,57.4466,0.648942
"Dec 13, 11:00 am",319.648,223.638,65.5237,0.669567
"Dec 13, 12:00 pm",40.0487,233.701,75.5051,0.520766
"Dec 13, 01:00 pm",28.362,241.756,86.6088,0
"Dec 13, 02:00 pm",15.5191,248.426,98.892,0
"Dec 13, 03:00 pm",0,254.215,111.493,0
"Dec 13, 04:00 pm",0,259.556,124.445,0
"Dec 13, 05:00 pm",0,264.937,137.621,0
"Dec 13, 06:00 pm",0,271.272,150.908,0
"Dec 13, 07:00 pm",0,281.927,164.122,0
"Dec 13, 08:00 pm",0,337.418,175.363,0
"Dec 13, 09:00 pm",0,72.9066,167.45,0
"Dec 13, 10:00 pm",0,86.6971,154.342,0
"Dec 13, 11:00 pm",0,93.5998,141.049,0
"Dec 14, 12:00 am",0,99.1067,127.836,0
"Dec 14, 01:00 am",0,104.406,114.818,0
"Dec 14, 02:00 am",0,110.041,102.115,0
"Dec 14, 03:00 am",0,116.442,89.4314,0
"Dec 14, 04:00 am",0,124.087,78.3215,0.353685
"Dec 14, 05:00 am",0,133.568,67.9825,0.674522
"Dec 14, 06:00 am",0,145.548,59.3431,0.653844
"Dec 14, 07:00 am",307.53,160.432,53.2775,0.634748
"Dec 14, 08:00 am",307.05,177.632,50.7314,0.625699
"Dec 14, 09:00 am",313.735,195.156,52.2262,0.631286
"Dec 14, 10:00 am",325.173,210.771,57.4452,0.64853
"Dec 14, 11:00 am",325.956,223.504,65.4961,0.669222
"Dec 14, 12:00 pm",190.778,233.582,75.4583,0.522946
"Dec 14, 01:00 pm",39.9569,241.648,86.551,0
"Dec 14, 02:00 pm",28.2853,248.323,98.8197,0
"Dec 14, 03:00 pm",15.3902,254.112,111.413,0
"Dec 14, 04:00 pm",0,259.447,124.36,0
"Dec 14, 05:00 pm",0,264.81,137.531,0
"Dec 14, 06:00 pm",0,271.098,150.817,0
"Dec 14, 07:00 pm",0,281.598,164.037,0
"Dec 14, 08:00 pm",0,335.889,175.374,0
"Dec 14, 09:00 pm",0,72.9531,167.573,0
"Dec 14, 10:00 pm",0,86.7552,154.463,0
"Dec 14, 11:00 pm",0,93.639,141.17,0
"Dec 15, 12:00 am",0,99.132,127.958,0
"Dec 15, 01:00 am",0,104.42,114.94,0
"Dec 15, 02:00 am",0,110.045,102.238,0
"Dec 15, 03:00 am",0,116.434,89.5335,0
"Dec 15, 04:00 am",0,124.064,78.4411,0.347846
"Dec 15, 05:00 am",0,133.524,68.098,0.674535
"Dec 15, 06:00 am",0,145.474,59.4483,0.653744
"Dec 15, 07:00 am",202.389,160.323,53.3639,0.635022
"Dec 15, 08:00 am",85.8211,177.493,50.7892,0.625456
"Dec 15, 09:00 am",66.788,195.004,52.2497,0.630925
"Dec 15, 10:00 am",213.56,210.626,57.4365,0.648148
"Dec 15, 11:00 am",43.7985,223.375,65.4619,0.668898
"Dec 15, 12:00 pm",37.7231,233.468,75.4053,0.525277
"Dec 15, 01:00 pm",26.7743,241.545,86.4869,0
"Dec 15, 02:00 pm",15.0792,248.227,98.7431,0
"Dec 15, 03:00 pm",0,254.017,111.329,0
"Dec 15, 04:00 pm",0,259.346,124.27,0
"Dec 15, 05:00 pm",0,264.693,137.438,0
"Dec 15, 06:00 pm",0,270.94,150.723,0
"Dec 15, 07:00 pm",0,281.298,163.948,0
"Dec 15, 08:00 pm",0,334.383,175.374,0
"Dec 15, 09:00 pm",0,72.9658,167.695,0
"Dec 15, 10:00 pm",0,86.7961,154.583,0
"Dec 15, 11:00 pm",0,93.6663,141.29,0
"Dec 16, 12:00 am",0,99.1477,128.078,0
"Dec 16, 01:00 am",0,104.426,115.061,0
"Dec 16, 02:00 am",0,110.041,102.359,0
"Dec 16, 03:00 am",0,116.419,89.6342,0
"Dec 16, 04:00 am",0,124.034,78.5572,0.342192
"Dec 16, 05:00 am",0,133.473,68.2089,0.674571
"Dec 16, 06:00 am",0,145.396,59.5477,0.654086
"Dec 16, 07:00 am",0,160.211,53.4434,0.634303
"Dec 16, 08:00 am",117.732,177.352,50.8393,0.624483
"Dec 16, 09:00 am",211.864,194.853,52.2656,0.630602
"Dec 16, 10:00 am",214.11,210.484,57.4206,0.647795
"Dec 16, 11:00 am",189.96,223.251,65.421,0.668594
"Dec 16, 12:00 pm",71.5457,233.36,75.3462,0.527756
"Dec 16, 01:00 pm",40.0032,241.449,86.4157,0
"Dec 16, 02:00 pm",28.3764,248.137,98.6622,0
"Dec 16, 03:00 pm",15.4881,253.93,111.241,0
"Dec 16, 04:00 pm",0,259.254,124.178,0
"Dec 16, 05:00 pm",0,264.587,137.343,0
"Dec 16, 06:00 pm",0,270.798,150.626,0
"Dec 16, 07:00 pm",0,281.025,163.856,0
"Dec 16, 08:00 pm",0,332.91,175.364,0
"Dec 16, 09:00 pm",0,72.9436,167.814,0
"Dec 16, 10:00 pm",0,86.8195,154.702,0
"Dec 16, 11:00 pm",0,93.6815,141.409,0
"Dec 17, 12:00 am",0,99.1539,128.197,0
"Dec 17, 01:00 am",0,104.424,115.18,0
"Dec 17, 02:00 am",0,110.03,102.478,0
"Dec 17, 03:00 am",0,116.397,89.7372,0
"Dec 17, 04:00 am",0,123.997,78.6705,0.336725
"Dec 17, 05:00 am",0,133.417,68.3154,0.67463
"Dec 17, 06:00 am",0,145.312,59.6417,0.65386
"Dec 17, 07:00 am",200.651,160.095,53.5164,0.634643
"Dec 17, 08:00 am",219.066,177.209,50.8823,0.625099
"Dec 17, 09:00 am",226.018,194.704,52.2743,0.630319
"Dec 17, 10:00 am",233.131,210.347,57.3982,0.647471
"Dec 17, 11:00 am",224.319,223.131,65.3745,0.668311
"Dec 17, 12:00 pm",109.475,233.257,75.2827,0.530381
"Dec 17, 01:00 pm",39.9865,241.358,86.3434,0
"Dec 17, 02:00 pm",28.2592,248.055,98.5773,0
"Dec 17, 03:00 pm",15.2586,253.849,111.15,0
"Dec 17, 04:00 pm",0,259.171,124.082,0
"Dec 17, 05:00 pm",0,264.492,137.244,0
"Dec 17, 06:00 pm",0,270.671,150.526,0
"Dec 17, 07:00 pm",0,280.781,163.76,0
"Dec 17, 08:00 pm",0,331.48,175.343,0
"Dec 17, 09:00 pm",0,72.8857,167.931,0
"Dec 17, 10:00 pm",0,86.8253,154.819,0
"Dec 17, 11:00 pm",0,93.6846,141.526,0
"Dec 18, 12:00 am",0,99.1505,128.314,0
"Dec 18, 01:00 am",0,104.414,115.297,0
"Dec 18, 02:00 am",0,110.011,102.593,0
"Dec 18, 03:00 am",0,116.368,89.8334,0
"Dec 18, 04:00 am",0,123.954,78.779,0.331446
"Dec 18, 05:00 am",0,133.354,68.4165,0.674712
"Dec 18, 06:00 am",0,145.222,59.7293,0.653938
"Dec 18, 07:00 am",201.8,159.975,53.5822,0.634756
"Dec 18, 08:00 am",214.16,177.066,50.9177,0.624986
"Dec 18, 09:00 am",234.816,194.556,52.2755,0.630075
"Dec 18, 10:00 am",247.733,210.212,57.3687,0.647179
"Dec 18, 11:00 am",244.944,223.017,65.3217,0.668051
"Dec 18, 12:00 pm",133.82,233.16,75.2135,0.533148
"Dec 18, 01:00 pm",39.9121,241.274,86.265,0
"Dec 18, 02:00 pm",28.1487,247.978,98.4884,0
"Dec 18, 03:00 pm",15.1358,253.777,111.056,0
"Dec 18, 04:00 pm",0,259.097,123.983,0
"Dec 18, 05:00 pm",0,264.409,137.142,0
"Dec 18, 06:00 pm",0,270.559,150.424,0
"Dec 18, 07:00 pm",0,280.566,163.66,0
"Dec 18, 08:00 pm",0,330.103,175.313,0
"Dec 18, 09:00 pm",0,72.7913,168.045,0
"Dec 18, 10:00 pm",0,86.8132,154.935,0
"Dec 18, 11:00 pm",0,93.6754,141.642,0
"Dec 19, 12:00 am",0,99.1375,128.43,0
"Dec 19, 01:00 am",0,104.395,115.412,0
"Dec 19, 02:00 am",0,109.985,102.707,0
"Dec 19, 03:00 am",0,116.332,89.9226,0
"Dec 19, 04:00 am",0,123.904,78.8827,0.326357
"Dec 19, 05:00 am",0,133.284,68.5123,0.674816
"Dec 19, 06:00 am",0,145.127,59.8107,0.65402
"Dec 19, 07:00 am",265.53,159.851,53.6409,0.635001
"Dec 19, 08:00 am",257.307,176.921,50.9455,0.624916
"Dec 19, 09:00 am",259.046,194.41,52.2692,0.629871
"Dec 19, 10:00 am",267.35,210.082,57.3324,0.646919
"Dec 19, 11:00 am",260.504,222.907,65.2629,0.667813
"Dec 19, 12:00 pm",144.126,233.069,75.1393,0.536055
"Dec 19, 01:00 pm",40.0587,241.196,86.1828,0
"Dec 19, 02:00 pm",28.3004,247.909,98.3956,0
"Dec 19, 03:00 pm",15.2979,253.712,110.958,0
"Dec 19, 04:00 pm",0,259.031,123.882,0
"Dec 19, 05:00 pm",0,264.336,137.038,0
"Dec 19, 06:00 pm",0,270.463,150.319,0
"Dec 19, 07:00 pm",0,280.378,163.558,0
"Dec 19, 08:00 pm",0,328.787,175.273,0
"Dec 19, 09:00 pm",0,72.6595,168.157,0
"Dec 19, 10:00 pm",0,86.783,155.05,0
"Dec 19, 11:00 pm",0,93.654,141.756,0
"Dec 20, 12:00 am",0,99.1148,128.543,0
"Dec 20, 01:00 am",0,104.368,115.524,0
"Dec 20, 02:00 am",0,109.951,102.817,0
"Dec 20, 03:00 am",0,116.289,90.0112,0
"Dec 20, 04:00 am",0,123.848,78.9828,0.32146
"Dec 20, 05:00 am",0,133.209,68.6032,0.674941
"Dec 20, 06:00 am",0,145.027,59.8862,0.654175
"Dec 20, 07:00 am",234.18,159.724,53.6928,0.635095
"Dec 20, 08:00 am",237.554,176.776,50.9659,0.62489
"Dec 20, 09:00 am",270.542,194.266,52.2556,0.629707
"Dec 20, 10:00 am",284.199,209.956,57.2895,0.64669
"Dec 20, 11:00 am",287.768,222.803,65.1983,0.667598
"Dec 20, 12:00 pm",179.656,232.984,75.06,0.539099
"Dec 20, 01:00 pm",40.0796,241.125,86.0967,0
"Dec 20, 02:00 pm",28.412,247.847,98.299,0
"Dec 20, 03:00 pm",15.4952,253.654,110.856,0
"Dec 20, 04:00 pm",0,258.975,123.777,0
"Dec 20, 05:00 pm",0,264.274,136.932,0
"Dec 20, 06:00 pm",0,270.383,150.211,0
"Dec 20, 07:00 pm",0,280.218,163.453,0
"Dec 20, 08:00 pm",0,327.538,175.223,0
"Dec 20, 09:00 pm",0,72.4896,168.266,0
"Dec 20, 10:00 pm",0,86.7347,155.162,0
"Dec 20, 11:00 pm",0,93.6203,141.869,0
"Dec 21, 12:00 am",0,99.0825,128.655,0
"Dec 21, 01:00 am",0,104.333,115.634,0
"Dec 21, 02:00 am",0,109.91,102.924,0
"Dec 21, 03:00 am",0,116.239,90.0968,0
"Dec 21, 04:00 am",0,123.785,79.0784,0.316756
"Dec 21, 05:00 am",0,133.128,68.6888,0.675088
"Dec 21, 06:00 am",239.567,144.922,59.9555,0.654391
"Dec 21, 07:00 am",277.386,159.593,53.7376,0.635227
"Dec 21, 08:00 am",270.105,176.63,50.9788,0.624908
"Dec 21, 09:00 am",267.441,194.124,52.2346,0.629585
"Dec 21, 10:00 am",279.678,209.834,57.2397,0.646495
"Dec 21, 11:00 am",279.818,222.704,65.1278,0.667407
"Dec 21, 12:00 pm",171.749,232.904,74.9758,0.542277
"Dec 21, 01:00 pm",40.1508,241.06,86.0069,0
"Dec 21, 02:00 pm",28.694,247.791,98.1988,0
"Dec 21, 03:00 pm",15.917,253.604,110.752,0
"Dec 21, 04:00 pm",0,258.927,123.67,0
"Dec 21, 05:00 pm",0,264.223,136.823,0
"Dec 21, 06:00 pm",0,270.318,150.102,0
"Dec 21, 07:00 pm",0,280.085,163.345,0
"Dec 21, 08:00 pm",0,326.363,175.165,0
"Dec 21, 09:00 pm",0,72.2808,168.372,0
"Dec 21, 10:00 pm",0,86.6679,155.273,0
"Dec 21, 11:00 pm",0,93.5742,141.98,0
"Dec 22, 12:00 am",0,99.0405,128.765,0
"Dec 22, 01:00 am",0,104.289,115.742,0
"Dec 22, 02:00 am",0,109.862,103.028,0
"Dec 22, 03:00 am",0,116.182,90.1799,0
"Dec 22, 04:00 am",0,123.716,79.1697,0.312248
"Dec 22, 05:00 am",0,133.041,68.7692,0.675257
"Dec 22, 06:00 am",259.954,144.812,60.0185,0.654591
"Dec 22, 07:00 am",284.247,159.46,53.7753,0.635398
"Dec 22, 08:00 am",274.452,176.483,50.9842,0.624969
"Dec 22, 09:00 am",286.245,193.984,52.2063,0.629505
"Dec 22, 10:00 am",298.138,209.715,57.1832,0.646333
"Dec 22, 11:00 am",301.76,222.611,65.0514,0.667241
"Dec 22, 12:00 pm",195.696,232.831,74.8867,0.545585
"Dec 22, 01:00 pm",39.9489,241.001,85.913,0
"Dec 22, 02:00 pm",28.6106,247.742,98.095,0
"Dec 22, 03:00 pm",15.9383,253.562,110.645,0
"Dec 22, 04:00 pm",0,258.888,123.56,0
"Dec 22, 05:00 pm",0,264.184,136.712,0
"Dec 22, 06:00 pm",0,270.268,149.99,0
"Dec 22, 07:00 pm",0,279.98,163.235,0
"Dec 22, 08:00 pm",0,325.266,175.099,0
"Dec 22, 09:00 pm",0,72.0324,168.476,0
"Dec 22, 10:00 pm",0,86.5826,155.382,0
"Dec 22, 11:00 pm",0,93.5157,142.088,0
"Dec 23, 12:00 am",0,98.9889,128.872,0
"Dec 23, 01:00 am",0,104.238,115.846,0
"Dec 23, 02:00 am",0,109.807,103.129,0
"Dec 23, 03:00 am",0,116.119,90.8802,0
"Dec 23, 04:00 am",0,123.64,79.2569,0.307936
"Dec 23, 05:00 am",0,132.948,68.8443,0.675447
"Dec 23, 06:00 am",0,144.697,60.0752,0.655041
"Dec 23, 07:00 am",0,159.323,53.806,0.635239
"Dec 23, 08:00 am",260.496,176.335,50.9821,0.625074
"Dec 23, 09:00 am",105.955,193.846,52.1707,0.628741
"Dec 23, 10:00 am",77.9471,209.602,57.1202,0.646205
"Dec 23, 11:00 am",43.4873,222.523,64.9694,0.667098
"Dec 23, 12:00 pm",38.6292,232.764,74.7926,0.549021
"Dec 23, 01:00 pm",29.311,240.949,85.8144,0
"Dec 23, 02:00 pm",18.3843,247.701,97.9878,0
"Dec 23, 03:00 pm",0,253.528,110.534,0
"Dec 23, 04:00 pm",0,258.858,123.448,0
"Dec 23, 05:00 pm",0,264.155,136.598,0
"Dec 23, 06:00 pm",0,270.234,149.877,0
"Dec 23, 07:00 pm",0,279.902,163.122,0
"Dec 23, 08:00 pm",0,324.249,175.024,0
"Dec 23, 09:00 pm",0,71.7438,168.575,0
"Dec 23, 10:00 pm",0,86.4786,155.489,0
"Dec 23, 11:00 pm",0,93.4447,142.195,0
"Dec 24, 12:00 am",0,98.9277,128.977,0
"Dec 24, 01:00 am",0,104.178,115.948,0
"Dec 24, 02:00 am",0,109.744,103.227,0
"Dec 24, 03:00 am",0,116.049,90.9717,0
"Dec 24, 04:00 am",0,123.559,79.3389,0.303822
"Dec 24, 05:00 am",0,132.85,68.9137,0.675658
"Dec 24, 06:00 am",303.771,144.577,60.1255,0.655079
"Dec 24, 07:00 am",331.446,159.183,53.8295,0.635854
"Dec 24, 08:00 am",318.448,176.187,50.9724,0.625222
"Dec 24, 09:00 am",322.4,193.711,52.1276,0.629469
"Dec 24, 10:00 am",339.126,209.492,57.0504,0.646111
"Dec 24, 11:00 am",348.15,222.44,64.8816,0.666981
"Dec 24, 12:00 pm",248.031,232.703,74.6939,0.55258
"Dec 24, 01:00 pm",39.8838,240.904,85.7123,0
"Dec 24, 02:00 pm",29.01,247.667,97.8773,0
"Dec 24, 03:00 pm",15.7503,253.501,110.421,0
"Dec 24, 04:00 pm",0,258.837,123.334,0
"Dec 24, 05:00 pm",0,264.138,136.483,0
"Dec 24, 06:00 pm",0,270.215,149.761,0
"Dec 24, 07:00 pm",0,279.849,163.007,0
"Dec 24, 08:00 pm",0,323.316,174.942,0
"Dec 24, 09:00 pm",0,71.4145,168.671,0
"Dec 24, 10:00 pm",0,86.3558,155.593,0
"Dec 24, 11:00 pm",0,93.3613,142.299,0
"Dec 25, 12:00 am",0,98.8568,129.079,0
"Dec 25, 01:00 am",0,104.11,116.047,0
"Dec 25, 02:00 am",0,109.674,103.321,0
"Dec 25, 03:00 am",0,115.972,91.0592,0
"Dec 25, 04:00 am",0,123.471,79.4162,0.299907
"Dec 25, 05:00 am",0,132.745,68.9775,0.675887
"Dec 25, 06:00 am",0,144.453,60.1694,0.65558
"Dec 25, 07:00 am",0,159.04,53.8457,0.635478
"Dec 25, 08:00 am",238.715,176.039,50.9551,0.625413
"Dec 25, 09:00 am",283.672,193.578,52.0772,0.629514
"Dec 25, 10:00 am",64.4724,209.387,56.974,0.646052
"Dec 25, 11:00 am",41.888,222.364,64.788,0.66689
"Dec 25, 12:00 pm",33.5025,232.648,74.5902,0.55626
"Dec 25, 01:00 pm",21.7313,240.865,85.6062,0
"Dec 25, 02:00 pm",9.89027,247.639,97.7636,0
"Dec 25, 03:00 pm",0,253.482,110.306,0
"Dec 25, 04:00 pm",0,258.825,123.217,0
"Dec 25, 05:00 pm",0,264.131,136.366,0
"Dec 25, 06:00 pm",0,270.211,149.644,0
"Dec 25, 07:00 pm",0,279.823,162.89,0
"Dec 25, 08:00 pm",0,322.466,174.852,0
"Dec 25, 09:00 pm",0,71.044,168.764,0
"Dec 25, 10:00 pm",0,86.2141,155.695,0
"Dec 25, 11:00 pm",0,93.2654,142.401,0
"Dec 26, 12:00 am",0,98.7763,129.178,0
"Dec 26, 01:00 am",0,104.035,116.143,0
"Dec 26, 02:00 am",0,109.597,103.412,0
"Dec 26, 03:00 am",0,115.889,91.1425,0
"Dec 26, 04:00 am",0,123.377,79.4891,0.296192
"Dec 26, 05:00 am",0,132.636,69.0358,0.676136
"Dec 26, 06:00 am",0,144.324,60.2067,0.65589
"Dec 26, 07:00 am",0,158.894,53.8545,0.636458
"Dec 26, 08:00 am",114.196,175.89,50.9299,0.62499
"Dec 26, 09:00 am",38.3927,193.447,52.0191,0.629601
"Dec 26, 10:00 am",179.161,209.287,56.8904,0.645599
"Dec 26, 11:00 am",39.3758,222.293,64.6879,0.666824
"Dec 26, 12:00 pm",34.3234,232.6,74.4804,0.560056
"Dec 26, 01:00 pm",30.4168,240.833,85.4911,0
"Dec 26, 02:00 pm",23.0967,247.619,97.6468,0
"Dec 26, 03:00 pm",12.0988,253.471,110.188,0
"Dec 26, 04:00 pm",0,258.822,123.099,0
"Dec 26, 05:00 pm",0,264.135,136.248,0
"Dec 26, 06:00 pm",0,270.222,149.525,0
"Dec 26, 07:00 pm",0,279.823,162.771,0
"Dec 26, 08:00 pm",0,321.7,174.756,0
"Dec 26, 09:00 pm",0,70.632,168.852,0
"Dec 26, 10:00 pm",0,86.0534,155.794,0
"Dec 26, 11:00 pm",0,93.1569,142.5,0
"Dec 27, 12:00 am",0,98.6862,129.275,0
"Dec 27, 01:00 am",0,103.951,116.236,0
"Dec 27, 02:00 am",0,109.513,103.499,0
"Dec 27, 03:00 am",0,115.799,91.2216,0
"Dec 27, 04:00 am",0,123.277,79.5558,0.292678
"Dec 27, 05:00 am",0,132.521,69.0879,0.676404
"Dec 27, 06:00 am",0,144.191,60.2373,0.656091
"Dec 27, 07:00 am",110.34,158.746,53.8562,0.636288
"Dec 27, 08:00 am",178.568,175.741,50.8974,0.625922
"Dec 27, 09:00 am",221.699,193.319,51.954,0.62973
"Dec 27, 10:00 am",230.853,209.191,56.801,0.646039
"Dec 27, 11:00 am",222.88,222.227,64.5833,0.666784
"Dec 27, 12:00 pm",125.146,232.558,74.3675,0.563966
"Dec 27, 01:00 pm",40.0276,240.808,85.3767,0
"Dec 27, 02:00 pm",28.2819,247.606,97.5269,0
"Dec 27, 03:00 pm",15.2988,253.468,110.067,0
"Dec 27, 04:00 pm",0,258.827,122.978,0
"Dec 27, 05:00 pm",0,264.15,136.127,0
"Dec 27, 06:00 pm",0,270.248,149.405,0
"Dec 27, 07:00 pm",0,279.848,162.651,0
"Dec 27, 08:00 pm",0,321.017,174.652,0
"Dec 27, 09:00 pm",0,70.1782,168.936,0
"Dec 27, 10:00 pm",0,85.8736,155.89,0
"Dec 27, 11:00 pm",0,93.036,142.597,0
"Dec 28, 12:00 am",0,98.5866,129.369,0
"Dec 28, 01:00 am",0,103.859,116.325,0
"Dec 28, 02:00 am",0,109.421,103.582,0
"Dec 28, 03:00 am",0,115.703,91.2964,0
"Dec 28, 04:00 am",0,123.171,79.6186,0.289366
"Dec 28, 05:00 am",0,132.4,69.1348,0.676691
"Dec 28, 06:00 am",0,144.053,60.2617,0.656356
"Dec 28, 07:00 am",232.371,158.595,53.8508,0.637069
"Dec 28, 08:00 am",248.307,175.593,50.8575,0.626239
"Dec 28, 09:00 am",254.702,193.193,51.8819,0.629901
"Dec 28, 10:00 am",259.14,209.1,56.7052,0.646086
"Dec 28, 11:00 am",249.854,222.168,64.4732,0.666771
"Dec 28, 12:00 pm",147.239,232.523,74.2502,0.567986
"Dec 28, 01:00 pm",40.0792,240.789,85.259,0
"Dec 28, 02:00 pm",28.4282,247.601,97.4042,0
"Dec 28, 03:00 pm",15.5335,253.473,109.944,0
"Dec 28, 04:00 pm",0,258.842,122.855,0
"Dec 28, 05:00 pm",0,264.176,136.005,0
"Dec 28, 06:00 pm",0,270.288,149.284,0
"Dec 28, 07:00 pm",0,279.898,162.528,0
"Dec 28, 08:00 pm",0,320.415,174.543,0
"Dec 28, 09:00 pm",0,69.6826,169.015,0
"Dec 28, 10:00 pm",0,85.6748,155.984,0
"Dec 28, 11:00 pm",0,92.9027,142.69,0
"Dec 29, 12:00 am",0,98.4775,129.46,0
"Dec 29, 01:00 am",0,103.759,116.411,0
"Dec 29, 02:00 am",0,109.323,103.661,0
"Dec 29, 03:00 am",0,115.601,91.3668,0
"Dec 29, 04:00 am",0,123.059,79.6766,0.286257
"Dec 29, 05:00 am",0,132.274,69.176,0.676995
"Dec 29, 06:00 am",0,143.911,60.2795,0.656749
"Dec 29, 07:00 am",220.766,158.441,53.8382,0.637629
"Dec 29, 08:00 am",222.507,175.444,50.8101,0.626598
"Dec 29, 09:00 am",228.397,193.071,51.8025,0.630114
"Dec 29, 10:00 am",239.646,209.014,56.6029,0.646168
"Dec 29, 11:00 am",44.4536,222.115,64.3578,0.666784
"Dec 29, 12:00 pm",144.444,232.494,74.1286,0.569469
"Dec 29, 01:00 pm",40.082,240.778,85.1379,0
"Dec 29, 02:00 pm",28.5535,247.602,97.2786,0
"Dec 29, 03:00 pm",15.7487,253.486,109.819,0
"Dec 29, 04:00 pm",0,258.866,122.731,0
"Dec 29, 05:00 pm",0,264.213,135.882,0
"Dec 29, 06:00 pm",0,270.343,149.161,0
"Dec 29, 07:00 pm",0,279.971,162.404,0
"Dec 29, 08:00 pm",0,319.892,174.427,0
"Dec 29, 09:00 pm",0,69.1451,169.09,0
"Dec 29, 10:00 pm",0,85.4568,156.074,0
"Dec 29, 11:00 pm",0,92.7569,142.781,0
"Dec 30, 12:00 am",0,98.3589,129.548,0
"Dec 30, 01:00 am",0,103.652,116.494,0
"Dec 30, 02:00 am",0,109.218,103.737,0
"Dec 30, 03:00 am",0,115.492,91.4327,0
"Dec 30, 04:00 am",0,122.941,79.729,0.283353
"Dec 30, 05:00 am",0,132.143,69.211,0.677316
"Dec 30, 06:00 am",0,143.765,60.2906,0.657395
"Dec 30, 07:00 am",0,158.285,53.8182,0.637405
"Dec 30, 08:00 am",247.534,175.295,50.7551,0.626997
"Dec 30, 09:00 am",244.958,192.951,51.7159,0.630368
"Dec 30, 10:00 am",253.827,208.933,56.4944,0.646285
"Dec 30, 11:00 am",250.137,222.068,64.2372,0.666823
"Dec 30, 12:00 pm",156.134,232.472,74.0026,0.576338
"Dec 30, 01:00 pm",39.9883,240.774,85.0128,0
"Dec 30, 02:00 pm",28.3501,247.611,97.1504,0
"Dec 30, 03:00 pm",15.4475,253.506,109.692,0
"Dec 30, 04:00 pm",0,258.898,122.605,0
"Dec 30, 05:00 pm",0,264.261,135.758,0
"Dec 30, 06:00 pm",0,270.413,149.037,0
"Dec 30, 07:00 pm",0,280.069,162.278,0
"Dec 30, 08:00 pm",0,319.446,174.305,0
"Dec 30, 09:00 pm",0,68.5659,169.159,0
"Dec 30, 10:00 pm",0,85.2198,156.161,0
"Dec 30, 11:00 pm",0,92.5987,142.869,0
"Dec 31, 12:00 am",0,98.2309,129.632,0
"Dec 31, 01:00 am",0,103.536,116.573,0
"Dec 31, 02:00 am",0,109.106,103.808,0
"Dec 31, 03:00 am",0,115.377,91.4941,0
"Dec 31, 04:00 am",0,122.818,79.7764,0.280653
"Dec 31, 05:00 am",0,132.007,69.2403,0.677655
"Dec 31, 06:00 am",231.589,143.614,60.295,0.657608
"Dec 31, 07:00 am",284.657,158.126,53.791,0.638578
"Dec 31, 08:00 am",279.23,175.146,50.6927,0.627436
"Dec 31, 09:00 am",274.23,192.834,51.6222,0.630663
"Dec 31, 10:00 am",288.425,208.857,56.3796,0.646438
"Dec 31, 11:00 am",291.523,222.027,64.1113,0.66689
"Dec 31, 12:00 pm",196.79,232.457,73.8725,0.580664
"Dec 31, 01:00 pm",39.9142,240.776,84.885,0
"Dec 31, 02:00 pm",28.3721,247.627,97.0195,0
"Dec 31, 03:00 pm",15.5889,253.534,109.562,0
"Dec 31, 04:00 pm",0,258.939,122.478,0
"Dec 31, 05:00 pm",0,264.319,135.632,0
"Dec 31, 06:00 pm",0,270.496,148.911,0
"Dec 31, 07:00 pm",0,280.19,162.151,0
"Dec 31, 08:00 pm",0,319.073,174.178,0
"Dec 31, 09:00 pm",0,67.9454,169.223,0
"Dec 31, 10:00 pm",0,84.9636,156.245,0
"Dec 31, 11:00 pm",0,92.4281,142.953,0
