"Time stamp","Estimate rec. thermal power TO HTF | (MWt)","Resource Solar Azimuth | (deg)","Resource Solar Zenith | (deg)","Field optical efficiency before defocus"
"Jan 1, 12:00 am",0,1.3657,165.543,0
"Jan 1, 01:00 am",0,46.7279,160.427,0
"Jan 1, 02:00 am",0,69.6112,150.238,0
"Jan 1, 03:00 am",0,82.7487,138.68,0
"Jan 1, 04:00 am",0,92.3656,126.797,0
"Jan 1, 05:00 am",0,100.701,114.98,0
"Jan 1, 06:00 am",0,108.789,103.474,0
"Jan 1, 07:00 am",0,117.281,92.5225,0
"Jan 1, 08:00 am",0,126.708,82.3074,0.17381
"Jan 1, 09:00 am",0,137.558,73.5314,0.654896
"Jan 1, 10:00 am",0,150.203,66.5167,0.612511
"Jan 1, 11:00 am",169.266,164.667,61.9383,0.566278
"Jan 1, 12:00 pm",176.866,180.33,60.3763,0.543542
"Jan 1, 01:00 pm",200.973,195.966,62.0647,0.567262
"Jan 1, 02:00 pm",244.16,210.367,66.7515,0.614271
"Jan 1, 03:00 pm",253.793,222.94,73.8491,0.633631
"Jan 1, 04:00 pm",42.698,233.728,82.6815,0.143158
"Jan 1, 05:00 pm",34.8685,243.115,92.9397,0
"Jan 1, 06:00 pm",23.5509,251.587,103.918,0
"Jan 1, 07:00 pm",11.7621,259.683,115.439,0
"Jan 1, 08:00 pm",0,268.061,127.262,0
"Jan 1, 09:00 pm",0,277.788,139.136,0
"Jan 1, 10:00 pm",0,291.195,150.658,0
"Jan 1, 11:00 pm",0,314.773,160.721,0
"Jan 2, 12:00 am",0,0.927412,165.459,0
"Jan 2, 01:00 am",0,46.3144,160.427,0
"Jan 2, 02:00 am",0,69.3413,150.275,0
"Jan 2, 03:00 am",0,82.5509,138.727,0
"Jan 2, 04:00 am",0,92.2029,126.845,0
"Jan 2, 05:00 am",0,100.555,115.025,0
"Jan 2, 06:00 am",0,108.651,103.512,0
"Jan 2, 07:00 am",0,117.144,92.5485,0
"Jan 2, 08:00 am",0,126.568,82.319,0
"Jan 2, 09:00 am",0,137.413,73.5225,0.655474
"Jan 2, 10:00 am",0,150.055,66.4827,0.613769
"Jan 2, 11:00 am",0,164.525,61.8762,0.566408
"Jan 2, 12:00 pm",157.317,180.206,60.2863,0.544483
"Jan 2, 01:00 pm",198.92,195.872,61.9521,0.567707
"Jan 2, 02:00 pm",54.851,210.305,66.6238,0.614393
"Jan 2, 03:00 pm",40.3333,222.905,73.7133,0.638495
"Jan 2, 04:00 pm",30.797,233.715,82.5436,0.148733
"Jan 2, 05:00 pm",19.5957,243.116,92.7987,0
"Jan 2, 06:00 pm",0,251.601,103.778,0
"Jan 2, 07:00 pm",0,259.706,115.299,0
"Jan 2, 08:00 pm",0,268.093,127.123,0
"Jan 2, 09:00 pm",0,277.824,138.997,0
"Jan 2, 10:00 pm",0,291.217,150.517,0
"Jan 2, 11:00 pm",0,314.69,160.581,0
"Jan 3, 12:00 am",0,0.498856,165.367,0
"Jan 3, 01:00 am",0,45.8899,160.42,0
"Jan 3, 02:00 am",0,69.0601,150.305,0
"Jan 3, 03:00 am",0,82.3439,138.769,0
"Jan 3, 04:00 am",0,92.0328,126.889,0
"Jan 3, 05:00 am",0,100.404,115.064,0
"Jan 3, 06:00 am",0,108.507,103.543,0
"Jan 3, 07:00 am",0,117.002,92.5686,0
"Jan 3, 08:00 am",0,126.423,82.3229,0
"Jan 3, 09:00 am",0,137.264,73.5059,0
"Jan 3, 10:00 am",0,149.905,66.4409,0.614673
"Jan 3, 11:00 am",0,164.383,61.806,0.568553
"Jan 3, 12:00 pm",0,180.084,60.1885,0.545501
"Jan 3, 01:00 pm",0,195.781,61.832,0.568224
"Jan 3, 02:00 pm",0,210.247,66.4894,0.614564
"Jan 3, 03:00 pm",0,222.875,73.5717,0.643498
"Jan 3, 04:00 pm",0,233.707,82.4009,0
"Jan 3, 05:00 pm",0,243.125,92.6538,0
"Jan 3, 06:00 pm",0,251.622,103.634,0
"Jan 3, 07:00 pm",0,259.738,115.157,0
"Jan 3, 08:00 pm",0,268.133,126.981,0
"Jan 3, 09:00 pm",0,277.871,138.854,0
"Jan 3, 10:00 pm",0,291.253,150.372,0
"Jan 3, 11:00 pm",0,314.626,160.437,0
"Jan 4, 12:00 am",0,0.0809678,165.266,0
"Jan 4, 01:00 am",0,45.4554,160.405,0
"Jan 4, 02:00 am",0,68.768,150.329,0
"Jan 4, 03:00 am",0,82.1281,138.805,0
"Jan 4, 04:00 am",0,91.8553,126.927,0
"Jan 4, 05:00 am",0,100.246,115.099,0
"Jan 4, 06:00 am",0,108.358,103.57,0
"Jan 4, 07:00 am",0,116.855,92.5828,0
"Jan 4, 08:00 am",0,126.274,82.3212,0.171314
"Jan 4, 09:00 am",0,137.112,73.4832,0.655572
"Jan 4, 10:00 am",0,149.752,66.3924,0.61528
"Jan 4, 11:00 am",140.021,164.239,61.7287,0.568952
"Jan 4, 12:00 pm",143.12,179.964,60.0836,0.546592
"Jan 4, 01:00 pm",160.895,195.693,61.7053,0.568813
"Jan 4, 02:00 pm",190.345,210.194,66.3491,0.614784
"Jan 4, 03:00 pm",186.86,222.852,73.4251,0.648635
"Jan 4, 04:00 pm",41.7845,233.705,82.2538,0.160557
"Jan 4, 05:00 pm",32.4346,243.14,92.5053,0
"Jan 4, 06:00 pm",20.4666,251.65,103.487,0
"Jan 4, 07:00 pm",8.85332,259.777,115.011,0
"Jan 4, 08:00 pm",0,268.182,126.836,0
"Jan 4, 09:00 pm",0,277.927,138.709,0
"Jan 4, 10:00 pm",0,291.303,150.224,0
"Jan 4, 11:00 pm",0,314.579,160.287,0
"Jan 5, 12:00 am",0,359.675,165.157,0
"Jan 5, 01:00 am",0,45.0117,160.382,0
"Jan 5, 02:00 am",0,68.4653,150.346,0
"Jan 5, 03:00 am",0,81.9036,138.836,0
"Jan 5, 04:00 am",0,91.6707,126.96,0
"Jan 5, 05:00 am",0,100.082,115.127,0
"Jan 5, 06:00 am",0,108.204,103.59,0
"Jan 5, 07:00 am",0,116.703,92.5911,0
"Jan 5, 08:00 am",0,126.121,82.3123,0.170946
"Jan 5, 09:00 am",0,136.956,73.4529,0.655433
"Jan 5, 10:00 am",167.226,149.598,66.3362,0.616245
"Jan 5, 11:00 am",208.912,164.096,61.6437,0.57103
"Jan 5, 12:00 pm",192.337,179.844,59.9713,0.547756
"Jan 5, 01:00 pm",211.434,195.609,61.5718,0.569471
"Jan 5, 02:00 pm",258.338,210.146,66.2029,0.615052
"Jan 5, 03:00 pm",285.906,222.834,73.2736,0.653901
"Jan 5, 04:00 pm",40.2369,233.71,82.1029,0.166807
"Jan 5, 05:00 pm",28.6352,243.161,92.3533,0
"Jan 5, 06:00 pm",15.9329,251.685,103.337,0
"Jan 5, 07:00 pm",0,259.823,114.863,0
"Jan 5, 08:00 pm",0,268.24,126.689,0
"Jan 5, 09:00 pm",0,277.995,138.561,0
"Jan 5, 10:00 pm",0,291.366,150.073,0
"Jan 5, 11:00 pm",0,314.55,160.133,0
"Jan 6, 12:00 am",0,359.281,165.04,0
"Jan 6, 01:00 am",0,44.5595,160.351,0
"Jan 6, 02:00 am",0,68.1523,150.357,0
"Jan 6, 03:00 am",0,81.6705,138.861,0
"Jan 6, 04:00 am",0,91.479,126.988,0
"Jan 6, 05:00 am",0,99.9115,115.151,0
"Jan 6, 06:00 am",0,108.044,103.605,0
"Jan 6, 07:00 am",0,116.547,92.5935,0
"Jan 6, 08:00 am",0,125.964,82.2973,0.170811
"Jan 6, 09:00 am",0,136.797,73.4164,0.65549
"Jan 6, 10:00 am",187.704,149.441,66.2731,0.617232
"Jan 6, 11:00 am",212.196,163.951,61.5516,0.572339
"Jan 6, 12:00 pm",195.346,179.727,59.8517,0.548989
"Jan 6, 01:00 pm",212.404,195.529,61.4315,0.570199
"Jan 6, 02:00 pm",257.361,210.103,66.0506,0.61537
"Jan 6, 03:00 pm",290.329,222.822,73.1166,0.656532
"Jan 6, 04:00 pm",43.8729,233.721,81.947,0.173285
"Jan 6, 05:00 pm",37.5392,243.19,92.1978,0
"Jan 6, 06:00 pm",26.6264,251.727,103.184,0
"Jan 6, 07:00 pm",15.2975,259.878,114.713,0
"Jan 6, 08:00 pm",0,268.307,126.54,0
"Jan 6, 09:00 pm",0,278.072,138.411,0
"Jan 6, 10:00 pm",0,291.442,149.918,0
"Jan 6, 11:00 pm",0,314.538,159.974,0
"Jan 7, 12:00 am",0,358.899,164.914,0
"Jan 7, 01:00 am",0,44.0998,160.312,0
"Jan 7, 02:00 am",0,67.8294,150.362,0
"Jan 7, 03:00 am",0,81.4292,138.881,0
"Jan 7, 04:00 am",0,91.2803,127.01,0
"Jan 7, 05:00 am",0,99.7355,115.169,0
"Jan 7, 06:00 am",0,107.879,103.615,0
"Jan 7, 07:00 am",0,116.386,92.5898,0
"Jan 7, 08:00 am",0,125.803,82.2768,0.17091
"Jan 7, 09:00 am",0,136.635,73.3732,0.655744
"Jan 7, 10:00 am",195.279,149.283,66.2029,0.618243
"Jan 7, 11:00 am",216.446,163.807,61.452,0.57369
"Jan 7, 12:00 pm",196.732,179.611,59.7248,0.550289
"Jan 7, 01:00 pm",215.772,195.452,61.2845,0.570995
"Jan 7, 02:00 pm",262.373,210.065,65.8923,0.615736
"Jan 7, 03:00 pm",295.375,222.816,72.9547,0.656695
"Jan 7, 04:00 pm",44.115,233.739,81.7866,0.179991
"Jan 7, 05:00 pm",38.07,243.225,92.039,0
"Jan 7, 06:00 pm",27.2293,251.776,103.028,0
"Jan 7, 07:00 pm",15.8334,259.94,114.56,0
"Jan 7, 08:00 pm",0,268.382,126.388,0
"Jan 7, 09:00 pm",0,278.16,138.258,0
"Jan 7, 10:00 pm",0,291.531,149.761,0
"Jan 7, 11:00 pm",0,314.544,159.81,0
"Jan 8, 12:00 am",0,358.532,164.782,0
"Jan 8, 01:00 am",0,43.6334,160.265,0
"Jan 8, 02:00 am",0,67.4971,150.36,0
"Jan 8, 03:00 am",0,81.1797,138.894,0
"Jan 8, 04:00 am",0,91.075,127.026,0
"Jan 8, 05:00 am",0,99.5537,115.181,0
"Jan 8, 06:00 am",0,107.709,103.618,0
"Jan 8, 07:00 am",0,116.221,92.5801,0
"Jan 8, 08:00 am",0,125.639,82.2488,0
"Jan 8, 09:00 am",0,136.471,73.3226,0.656196
"Jan 8, 10:00 am",0,149.122,66.1254,0.619584
"Jan 8, 11:00 am",0,163.662,61.3451,0.574074
"Jan 8, 12:00 pm",197.347,179.497,59.5909,0.551653
"Jan 8, 01:00 pm",229.782,195.378,61.1309,0.571858
"Jan 8, 02:00 pm",280.277,210.032,65.7285,0.616149
"Jan 8, 03:00 pm",307.534,222.816,72.7882,0.656888
"Jan 8, 04:00 pm",44.5035,233.763,81.6229,0.186925
"Jan 8, 05:00 pm",39.0281,243.266,91.877,0
"Jan 8, 06:00 pm",28.3691,251.833,102.87,0
"Jan 8, 07:00 pm",16.8898,260.01,114.405,0
"Jan 8, 08:00 pm",0,268.466,126.234,0
"Jan 8, 09:00 pm",0,278.258,138.103,0
"Jan 8, 10:00 pm",0,291.632,149.601,0
"Jan 8, 11:00 pm",0,314.566,159.642,0
"Jan 9, 12:00 am",0,358.178,164.641,0
"Jan 9, 01:00 am",0,43.1613,160.21,0
"Jan 9, 02:00 am",0,67.1556,150.351,0
"Jan 9, 03:00 am",0,80.9224,138.902,0
"Jan 9, 04:00 am",0,90.8631,127.036,0
"Jan 9, 05:00 am",0,99.3663,115.188,0
"Jan 9, 06:00 am",0,107.535,103.616,0
"Jan 9, 07:00 am",0,116.051,92.5643,0
"Jan 9, 08:00 am",0,125.47,82.2153,0.171815
"Jan 9, 09:00 am",0,136.303,73.2658,0.637136
"Jan 9, 10:00 am",252.26,148.96,66.0409,0.62037
"Jan 9, 11:00 am",237.812,163.517,61.2311,0.576515
"Jan 9, 12:00 pm",212.951,179.384,59.4501,0.55308
"Jan 9, 01:00 pm",233.865,195.309,60.9711,0.572787
"Jan 9, 02:00 pm",283.996,210.005,65.5594,0.616611
"Jan 9, 03:00 pm",320.818,222.822,72.6175,0.65711
"Jan 9, 04:00 pm",49.5571,233.793,81.4561,0.194086
"Jan 9, 05:00 pm",39.5644,243.315,91.7118,0
"Jan 9, 06:00 pm",28.9736,251.896,102.709,0
"Jan 9, 07:00 pm",17.4164,260.087,114.247,0
"Jan 9, 08:00 pm",0,268.558,126.079,0
"Jan 9, 09:00 pm",0,278.366,137.946,0
"Jan 9, 10:00 pm",0,291.747,149.437,0
"Jan 9, 11:00 pm",0,314.605,159.469,0
"Jan 10, 12:00 am",0,357.839,164.493,0
"Jan 10, 01:00 am",0,42.6841,160.146,0
"Jan 10, 02:00 am",0,66.8055,150.336,0
"Jan 10, 03:00 am",0,80.6575,138.903,0
"Jan 10, 04:00 am",0,90.6447,127.041,0
"Jan 10, 05:00 am",0,99.1734,115.189,0
"Jan 10, 06:00 am",0,107.355,103.608,0
"Jan 10, 07:00 am",0,115.877,92.5424,0
"Jan 10, 08:00 am",0,125.298,82.1756,0
"Jan 10, 09:00 am",0,136.132,73.2021,0.657691
"Jan 10, 10:00 am",0,148.796,65.9492,0.621703
"Jan 10, 11:00 am",0,163.372,61.1096,0.577473
"Jan 10, 12:00 pm",22.3174,179.274,59.3021,0.554567
"Jan 10, 01:00 pm",24.5212,195.243,60.8047,0.573779
"Jan 10, 02:00 pm",41.9183,209.982,65.3845,0.61712
"Jan 10, 03:00 pm",34.6201,222.833,72.4418,0.657361
"Jan 10, 04:00 pm",32.3123,233.83,81.2853,0.201476
"Jan 10, 05:00 pm",24.3082,243.37,91.5436,0
"Jan 10, 06:00 pm",11.9543,251.966,102.546,0
"Jan 10, 07:00 pm",0,260.172,114.088,0
"Jan 10, 08:00 pm",0,268.659,125.921,0
"Jan 10, 09:00 pm",0,278.484,137.787,0
"Jan 10, 10:00 pm",0,291.873,149.271,0
"Jan 10, 11:00 pm",0,314.659,159.292,0
"Jan 11, 12:00 am",0,357.515,164.337,0
"Jan 11, 01:00 am",0,42.2029,160.075,0
"Jan 11, 02:00 am",0,66.447,150.313,0
"Jan 11, 03:00 am",0,80.3852,138.899,0
"Jan 11, 04:00 am",0,90.4201,127.04,0
"Jan 11, 05:00 am",0,98.9751,115.184,0
"Jan 11, 06:00 am",0,107.171,103.594,0
"Jan 11, 07:00 am",0,115.7,92.5144,0
"Jan 11, 08:00 am",0,125.123,82.1303,0
"Jan 11, 09:00 am",0,135.959,73.1324,0.658734
"Jan 11, 10:00 am",0,148.631,65.8513,0.62279
"Jan 11, 11:00 am",0,163.227,60.9816,0.579015
"Jan 11, 12:00 pm",163.439,179.166,59.1475,0.554991
"Jan 11, 01:00 pm",226.313,195.182,60.6322,0.574834
"Jan 11, 02:00 pm",275.457,209.965,65.2043,0.617674
"Jan 11, 03:00 pm",313.595,222.852,72.2618,0.657642
"Jan 11, 04:00 pm",55.723,233.873,81.1105,0.209093
"Jan 11, 05:00 pm",39.5554,243.432,91.3725,0
"Jan 11, 06:00 pm",28.9403,252.044,102.38,0
"Jan 11, 07:00 pm",17.3835,260.264,113.926,0
"Jan 11, 08:00 pm",0,268.768,125.761,0
"Jan 11, 09:00 pm",0,278.612,137.626,0
"Jan 11, 10:00 pm",0,292.012,149.103,0
"Jan 11, 11:00 pm",0,314.73,159.11,0
"Jan 12, 12:00 am",0,357.206,164.174,0
"Jan 12, 01:00 am",0,41.7185,159.995,0
"Jan 12, 02:00 am",0,66.0807,150.284,0
"Jan 12, 03:00 am",0,80.1057,138.888,0
"Jan 12, 04:00 am",0,90.1894,127.034,0
"Jan 12, 05:00 am",0,98.7716,115.173,0
"Jan 12, 06:00 am",0,106.982,103.574,0
"Jan 12, 07:00 am",0,115.518,92.4803,0
"Jan 12, 08:00 am",0,124.944,82.0772,0.174956
"Jan 12, 09:00 am",0,135.783,73.0549,0.640019
"Jan 12, 10:00 am",234.57,148.464,65.7452,0.623642
"Jan 12, 11:00 am",233.308,163.082,60.8457,0.581024
"Jan 12, 12:00 pm",208.46,179.059,58.9854,0.557709
"Jan 12, 01:00 pm",225.709,195.124,60.4529,0.575949
"Jan 12, 02:00 pm",270.222,209.954,65.0182,0.618275
"Jan 12, 03:00 pm",302.261,222.876,72.0769,0.657951
"Jan 12, 04:00 pm",53.5818,233.923,80.9316,0.216938
"Jan 12, 05:00 pm",39.5567,243.501,91.1985,0
"Jan 12, 06:00 pm",28.9276,252.128,102.212,0
"Jan 12, 07:00 pm",17.3454,260.364,113.762,0
"Jan 12, 08:00 pm",0,268.885,125.599,0
"Jan 12, 09:00 pm",0,278.749,137.462,0
"Jan 12, 10:00 pm",0,292.162,148.931,0
"Jan 12, 11:00 pm",0,314.816,158.924,0
"Jan 13, 12:00 am",0,356.912,164.003,0
"Jan 13, 01:00 am",0,41.2317,159.907,0
"Jan 13, 02:00 am",0,65.707,150.247,0
"Jan 13, 03:00 am",0,79.8193,138.871,0
"Jan 13, 04:00 am",0,89.9528,127.021,0
"Jan 13, 05:00 am",0,98.563,115.157,0
"Jan 13, 06:00 am",0,106.788,103.548,0
"Jan 13, 07:00 am",0,115.332,92.44,0
"Jan 13, 08:00 am",0,124.761,82.0189,0.176485
"Jan 13, 09:00 am",0,135.605,72.9714,0.641312
"Jan 13, 10:00 am",260.613,148.295,65.6328,0.624765
"Jan 13, 11:00 am",251.8,162.937,60.703,0.58259
"Jan 13, 12:00 pm",224.303,178.955,58.8166,0.559358
"Jan 13, 01:00 pm",242.436,195.07,60.2675,0.577122
"Jan 13, 02:00 pm",289.61,209.947,64.8269,0.61892
"Jan 13, 03:00 pm",329.249,222.906,71.8876,0.658289
"Jan 13, 04:00 pm",68.8264,233.979,80.749,0.225009
"Jan 13, 05:00 pm",40.1826,243.576,91.0218,0
"Jan 13, 06:00 pm",28.5343,252.219,102.042,0
"Jan 13, 07:00 pm",15.7266,260.471,113.597,0
"Jan 13, 08:00 pm",0,269.011,125.436,0
"Jan 13, 09:00 pm",0,278.895,137.297,0
"Jan 13, 10:00 pm",0,292.324,148.757,0
"Jan 13, 11:00 pm",0,314.917,158.735,0
"Jan 14, 12:00 am",0,356.633,163.826,0
"Jan 14, 01:00 am",0,40.7434,159.811,0
"Jan 14, 02:00 am",0,65.3264,150.204,0
"Jan 14, 03:00 am",0,79.5263,138.847,0
"Jan 14, 04:00 am",0,89.7105,127.002,0
"Jan 14, 05:00 am",0,98.3494,115.135,0
"Jan 14, 06:00 am",0,106.591,103.516,0
"Jan 14, 07:00 am",0,115.142,92.3937,0
"Jan 14, 08:00 am",0,124.576,81.9521,0.178259
"Jan 14, 09:00 am",0,135.423,72.8805,0.642771
"Jan 14, 10:00 am",261.722,148.125,65.513,0.625903
"Jan 14, 11:00 am",253.068,162.792,60.5531,0.584184
"Jan 14, 12:00 pm",225.929,178.853,58.641,0.561056
"Jan 14, 01:00 pm",246.206,195.021,60.076,0.578351
"Jan 14, 02:00 pm",296.441,209.947,64.6304,0.619609
"Jan 14, 03:00 pm",340.861,222.942,71.6941,0.658655
"Jan 14, 04:00 pm",79.7113,234.042,80.563,0.233306
"Jan 14, 05:00 pm",40.083,243.658,90.8424,0
"Jan 14, 06:00 pm",28.3823,252.317,101.869,0
"Jan 14, 07:00 pm",15.5424,260.586,113.429,0
"Jan 14, 08:00 pm",0,269.144,125.271,0
"Jan 14, 09:00 pm",0,279.051,137.129,0
"Jan 14, 10:00 pm",0,292.498,148.581,0
"Jan 14, 11:00 pm",0,315.032,158.541,0
"Jan 15, 12:00 am",0,356.37,163.641,0
"Jan 15, 01:00 am",0,40.2543,159.706,0
"Jan 15, 02:00 am",0,64.9392,150.153,0
"Jan 15, 03:00 am",0,79.2269,138.817,0
"Jan 15, 04:00 am",0,89.4626,126.977,0
"Jan 15, 05:00 am",0,98.131,115.106,0
"Jan 15, 06:00 am",0,106.389,103.478,0
"Jan 15, 07:00 am",0,114.949,92.3412,0
"Jan 15, 08:00 am",0,124.387,81.8802,0.180279
"Jan 15, 09:00 am",0,135.24,72.7832,0.644395
"Jan 15, 10:00 am",283.176,147.954,65.3866,0.627053
"Jan 15, 11:00 am",256.532,162.648,60.3965,0.585805
"Jan 15, 12:00 pm",227.636,178.753,58.4588,0.5628
"Jan 15, 01:00 pm",246.089,194.975,59.8786,0.579634
"Jan 15, 02:00 pm",293.182,209.951,64.4292,0.620341
"Jan 15, 03:00 pm",329.746,222.985,71.4969,0.659048
"Jan 15, 04:00 pm",79.8359,234.111,80.3745,0.241827
"Jan 15, 05:00 pm",40.1133,243.746,90.0612,0
"Jan 15, 06:00 pm",28.4615,252.422,101.695,0
"Jan 15, 07:00 pm",15.6687,260.708,113.26,0
"Jan 15, 08:00 pm",0,269.286,125.104,0
"Jan 15, 09:00 pm",0,279.216,136.96,0
"Jan 15, 10:00 pm",0,292.682,148.402,0
"Jan 15, 11:00 pm",0,315.162,158.343,0
"Jan 16, 12:00 am",0,356.122,163.45,0
"Jan 16, 01:00 am",0,39.7654,159.593,0
"Jan 16, 02:00 am",0,64.5459,150.095,0
"Jan 16, 03:00 am",0,78.9213,138.781,0
"Jan 16, 04:00 am",0,89.2093,126.947,0
"Jan 16, 05:00 am",0,97.9078,115.072,0
"Jan 16, 06:00 am",0,106.183,103.435,0
"Jan 16, 07:00 am",0,114.752,92.2826,0
"Jan 16, 08:00 am",0,124.195,81.8036,0.182548
"Jan 16, 09:00 am",0,135.054,72.6801,0.633179
"Jan 16, 10:00 am",282.527,147.781,65.2538,0.628215
"Jan 16, 11:00 am",257.923,162.503,60.2333,0.58745
"Jan 16, 12:00 pm",229.642,178.655,58.2704,0.564588
"Jan 16, 01:00 pm",247.587,194.934,59.6756,0.58097
"Jan 16, 02:00 pm",295.714,209.962,64.2232,0.621114
"Jan 16, 03:00 pm",335.371,223.034,71.2962,0.659469
"Jan 16, 04:00 pm",86.4757,234.187,80.184,0.25057
"Jan 16, 05:00 pm",40.2651,243.842,89.9153,0
"Jan 16, 06:00 pm",28.6214,252.534,101.518,0
"Jan 16, 07:00 pm",15.8313,260.837,113.089,0
"Jan 16, 08:00 pm",0,269.435,124.935,0
"Jan 16, 09:00 pm",0,279.39,136.789,0
"Jan 16, 10:00 pm",0,292.877,148.22,0
"Jan 16, 11:00 pm",0,315.305,158.141,0
"Jan 17, 12:00 am",0,355.89,163.252,0
"Jan 17, 01:00 am",0,39.2773,159.472,0
"Jan 17, 02:00 am",0,64.1471,150.03,0
"Jan 17, 03:00 am",0,78.6099,138.738,0
"Jan 17, 04:00 am",0,88.9508,126.91,0
"Jan 17, 05:00 am",0,97.6802,115.032,0
"Jan 17, 06:00 am",0,105.972,103.385,0
"Jan 17, 07:00 am",0,114.551,92.2179,0
"Jan 17, 08:00 am",0,124.001,81.721,0.185069
"Jan 17, 09:00 am",0,134.866,72.5707,0.648132
"Jan 17, 10:00 am",278.751,147.607,65.1143,0.629388
"Jan 17, 11:00 am",253.927,162.359,60.0633,0.589117
"Jan 17, 12:00 pm",226.907,178.56,58.0754,0.566416
"Jan 17, 01:00 pm",244.027,194.897,59.4667,0.582355
"Jan 17, 02:00 pm",290.198,209.978,64.0123,0.621927
"Jan 17, 03:00 pm",327.254,223.089,71.0915,0.659915
"Jan 17, 04:00 pm",87.748,234.269,79.9901,0.259534
"Jan 17, 05:00 pm",40.2485,243.943,89.7647,0
"Jan 17, 06:00 pm",28.5578,252.652,101.34,0
"Jan 17, 07:00 pm",15.7053,260.973,112.917,0
"Jan 17, 08:00 pm",0,269.592,124.765,0
"Jan 17, 09:00 pm",0,279.573,136.616,0
"Jan 17, 10:00 pm",0,293.083,148.036,0
"Jan 17, 11:00 pm",0,315.461,157.935,0
"Jan 18, 12:00 am",0,355.672,163.047,0
"Jan 18, 01:00 am",0,38.7909,159.343,0
"Jan 18, 02:00 am",0,63.7432,149.957,0
"Jan 18, 03:00 am",0,78.293,138.689,0
"Jan 18, 04:00 am",0,88.6873,126.867,0
"Jan 18, 05:00 am",0,97.4481,114.986,0
"Jan 18, 06:00 am",0,105.758,103.329,0
"Jan 18, 07:00 am",0,114.347,92.1472,0
"Jan 18, 08:00 am",0,123.803,81.6282,0.187843
"Jan 18, 09:00 am",0,134.675,72.4526,0.636702
"Jan 18, 10:00 am",311.414,147.432,64.9666,0.630662
"Jan 18, 11:00 am",281.125,162.216,59.8852,0.590804
"Jan 18, 12:00 pm",253.784,178.467,57.8727,0.568281
"Jan 18, 01:00 pm",265.606,194.864,59.2508,0.583788
"Jan 18, 02:00 pm",317.113,209.999,63.7951,0.62278
"Jan 18, 03:00 pm",353.594,223.151,70.8811,0.660388
"Jan 18, 04:00 pm",99.5748,234.358,79.7902,0.268718
"Jan 18, 05:00 pm",40.1634,244.052,89.5938,0
"Jan 18, 06:00 pm",28.3243,252.778,101.159,0
"Jan 18, 07:00 pm",15.3614,261.116,112.743,0
"Jan 18, 08:00 pm",0,269.757,124.594,0
"Jan 18, 09:00 pm",0,279.765,136.442,0
"Jan 18, 10:00 pm",0,293.3,147.85,0
"Jan 18, 11:00 pm",0,315.63,157.725,0
"Jan 19, 12:00 am",0,355.47,162.836,0
"Jan 19, 01:00 am",0,38.3069,159.205,0
"Jan 19, 02:00 am",0,63.3347,149.877,0
"Jan 19, 03:00 am",0,77.9708,138.633,0
"Jan 19, 04:00 am",0,88.419,126.818,0
"Jan 19, 05:00 am",0,97.2118,114.934,0
"Jan 19, 06:00 am",0,105.541,103.268,0
"Jan 19, 07:00 am",0,114.14,92.0703,0
"Jan 19, 08:00 am",0,123.602,81.5323,0
"Jan 19, 09:00 am",0,134.483,72.3297,0
"Jan 19, 10:00 am",0,147.256,64.8135,0
"Jan 19, 11:00 am",0,162.073,59.7018,0.592509
"Jan 19, 12:00 pm",0,178.377,57.6648,0.570182
"Jan 19, 01:00 pm",0,194.836,59.0304,0.585266
"Jan 19, 02:00 pm",0,210.026,63.5746,0.623671
"Jan 19, 03:00 pm",0,223.219,70.6686,0.65321
"Jan 19, 04:00 pm",17.7542,234.453,79.59,0.278117
"Jan 19, 05:00 pm",16.0734,244.167,89.4346,0
"Jan 19, 06:00 pm",0,252.91,100.977,0
"Jan 19, 07:00 pm",0,261.265,112.567,0
"Jan 19, 08:00 pm",0,269.929,124.421,0
"Jan 19, 09:00 pm",0,279.965,136.265,0
"Jan 19, 10:00 pm",0,293.526,147.661,0
"Jan 19, 11:00 pm",0,315.811,157.511,0
"Jan 20, 12:00 am",0,355.283,162.618,0
"Jan 20, 01:00 am",0,37.8259,159.06,0
"Jan 20, 02:00 am",0,62.9221,149.79,0
"Jan 20, 03:00 am",0,77.6436,138.571,0
"Jan 20, 04:00 am",0,88.1461,126.762,0
"Jan 20, 05:00 am",0,96.9714,114.876,0
"Jan 20, 06:00 am",0,105.319,103.2,0
"Jan 20, 07:00 am",0,113.93,91.9874,0
"Jan 20, 08:00 am",0,123.399,81.4305,0
"Jan 20, 09:00 am",0,134.288,72.2007,0
"Jan 20, 10:00 am",0,147.078,64.6539,0.633187
"Jan 20, 11:00 am",0,161.93,59.5115,0.594231
"Jan 20, 12:00 pm",0,178.289,57.4505,0
"Jan 20, 01:00 pm",0,194.812,58.8044,0.586786
"Jan 20, 02:00 pm",0,210.059,63.3495,0.624598
"Jan 20, 03:00 pm",0,223.293,70.4527,0
"Jan 20, 04:00 pm",0,234.554,79.3874,0.28773
"Jan 20, 05:00 pm",0,244.288,89.2702,0
"Jan 20, 06:00 pm",0,253.048,100.794,0
"Jan 20, 07:00 pm",0,261.422,112.39,0
"Jan 20, 08:00 pm",0,270.108,124.246,0
"Jan 20, 09:00 pm",0,280.173,136.087,0
"Jan 20, 10:00 pm",0,293.762,147.469,0
"Jan 20, 11:00 pm",0,316.004,157.294,0
"Jan 21, 12:00 am",0,355.11,162.395,0
"Jan 21, 01:00 am",0,37.3488,158.906,0
"Jan 21, 02:00 am",0,62.5058,149.695,0
"Jan 21, 03:00 am",0,77.3117,138.501,0
"Jan 21, 04:00 am",0,87.8688,126.701,0
"Jan 21, 05:00 am",0,96.727,114.812,0
"Jan 21, 06:00 am",0,105.094,103.126,0
"Jan 21, 07:00 am",0,113.716,91.8984,0
"Jan 21, 08:00 am",0,123.193,81.3219,0.197722
"Jan 21, 09:00 am",0,134.091,72.0647,0.668632
"Jan 21, 10:00 am",0,146.9,64.4875,0.634105
"Jan 21, 11:00 am",214.448,161.788,59.3146,0.595967
"Jan 21, 12:00 pm",219.149,178.203,57.2299,0.574077
"Jan 21, 01:00 pm",237.028,194.793,58.5728,0.588347
"Jan 21, 02:00 pm",277.946,210.098,63.1198,0.62556
"Jan 21, 03:00 pm",311.501,223.373,70.2332,0.661954
"Jan 21, 04:00 pm",96.6048,234.663,79.1814,0.297555
"Jan 21, 05:00 pm",40.2267,244.416,89.0989,0
"Jan 21, 06:00 pm",28.49,253.193,100.609,0
"Jan 21, 07:00 pm",15.5992,261.586,112.212,0
"Jan 21, 08:00 pm",0,270.295,124.071,0
"Jan 21, 09:00 pm",0,280.39,135.908,0
"Jan 21, 10:00 pm",0,294.008,147.276,0
"Jan 21, 11:00 pm",0,316.208,157.073,0
"Jan 22, 12:00 am",0,354.952,162.165,0
"Jan 22, 01:00 am",0,36.8761,158.744,0
"Jan 22, 02:00 am",0,62.0864,149.593,0
"Jan 22, 03:00 am",0,76.9754,138.426,0
"Jan 22, 04:00 am",0,87.5873,126.633,0
"Jan 22, 05:00 am",0,96.4789,114.742,0
"Jan 22, 06:00 am",0,104.866,103.047,0
"Jan 22, 07:00 am",0,113.5,91.8034,0
"Jan 22, 08:00 am",0,122.984,81.2071,0.201543
"Jan 22, 09:00 am",0,133.892,71.9226,0.660279
"Jan 22, 10:00 am",288.123,146.72,64.3147,0.635377
"Jan 22, 11:00 am",263.545,161.646,59.1113,0.597716
"Jan 22, 12:00 pm",239.535,178.12,57.0032,0.576067
"Jan 22, 01:00 pm",253.007,194.778,58.3358,0.589946
"Jan 22, 02:00 pm",297.793,210.143,62.8857,0.626556
"Jan 22, 03:00 pm",331.264,223.46,70.0101,0.662523
"Jan 22, 04:00 pm",111.23,234.777,78.9728,0.307587
"Jan 22, 05:00 pm",40.1839,244.55,88.9244,0
"Jan 22, 06:00 pm",28.4142,253.344,100.422,0
"Jan 22, 07:00 pm",15.5315,261.756,112.033,0
"Jan 22, 08:00 pm",0,270.489,123.894,0
"Jan 22, 09:00 pm",0,280.615,135.727,0
"Jan 22, 10:00 pm",0,294.262,147.08,0
"Jan 22, 11:00 pm",0,316.424,156.849,0
"Jan 23, 12:00 am",0,354.808,161.929,0
"Jan 23, 01:00 am",0,36.4085,158.575,0
"Jan 23, 02:00 am",0,61.6644,149.483,0
"Jan 23, 03:00 am",0,76.6351,138.343,0
"Jan 23, 04:00 am",0,87.3019,126.559,0
"Jan 23, 05:00 am",0,96.2271,114.665,0
"Jan 23, 06:00 am",0,104.635,102.961,0
"Jan 23, 07:00 am",0,113.28,91.7024,0
"Jan 23, 08:00 am",0,122.773,81.086,0.205634
"Jan 23, 09:00 am",0,133.692,71.7741,0.647767
"Jan 23, 10:00 am",290.535,146.54,64.1353,0.636592
"Jan 23, 11:00 am",264.638,161.505,58.9014,0.599475
"Jan 23, 12:00 pm",242.54,178.04,56.7703,0.578081
"Jan 23, 01:00 pm",256.601,194.768,58.0934,0.591581
"Jan 23, 02:00 pm",301.883,210.193,62.6472,0.627584
"Jan 23, 03:00 pm",339.305,223.553,69.7837,0.663115
"Jan 23, 04:00 pm",122.753,234.898,78.7616,0.317823
"Jan 23, 05:00 pm",40.2176,244.691,88.7458,0
"Jan 23, 06:00 pm",28.4704,253.502,100.234,0
"Jan 23, 07:00 pm",15.6168,261.933,111.852,0
"Jan 23, 08:00 pm",0,270.69,123.716,0
"Jan 23, 09:00 pm",0,280.847,135.544,0
"Jan 23, 10:00 pm",0,294.526,146.882,0
"Jan 23, 11:00 pm",0,316.65,156.621,0
"Jan 24, 12:00 am",0,354.678,161.687,0
"Jan 24, 01:00 am",0,35.9467,158.397,0
"Jan 24, 02:00 am",0,61.2403,149.366,0
"Jan 24, 03:00 am",0,76.291,138.254,0
"Jan 24, 04:00 am",0,87.0127,126.478,0
"Jan 24, 05:00 am",0,95.9719,114.583,0
"Jan 24, 06:00 am",0,104.4,102.87,0
"Jan 24, 07:00 am",0,113.058,91.5954,0
"Jan 24, 08:00 am",0,122.56,80.9591,0.209998
"Jan 24, 09:00 am",0,133.489,71.6193,0.650358
"Jan 24, 10:00 am",287.547,146.359,63.9495,0.637894
"Jan 24, 11:00 am",270.903,161.365,58.6853,0.601244
"Jan 24, 12:00 pm",246.137,177.963,56.5314,0.580116
"Jan 24, 01:00 pm",258.928,194.763,57.8458,0.593248
"Jan 24, 02:00 pm",302.132,210.25,62.4046,0.628644
"Jan 24, 03:00 pm",339.169,223.653,69.5542,0.663728
"Jan 24, 04:00 pm",129,235.026,78.5483,0.32826
"Jan 24, 05:00 pm",40.2783,244.838,88.5657,0
"Jan 24, 06:00 pm",28.5946,253.667,100.045,0
"Jan 24, 07:00 pm",15.8284,262.117,111.67,0
"Jan 24, 08:00 pm",0,270.899,123.536,0
"Jan 24, 09:00 pm",0,281.088,135.36,0
"Jan 24, 10:00 pm",0,294.799,146.682,0
"Jan 24, 11:00 pm",0,316.886,156.389,0
"Jan 25, 12:00 am",0,354.562,161.44,0
"Jan 25, 01:00 am",0,35.4911,158.212,0
"Jan 25, 02:00 am",0,60.8145,149.241,0
"Jan 25, 03:00 am",0,75.9435,138.157,0
"Jan 25, 04:00 am",0,86.72,126.392,0
"Jan 25, 05:00 am",0,95.7134,114.495,0
"Jan 25, 06:00 am",0,104.162,102.772,0
"Jan 25, 07:00 am",0,112.833,91.4824,0
"Jan 25, 08:00 am",0,122.344,80.8259,0.21464
"Jan 25, 09:00 am",0,133.285,71.4584,0.65307
"Jan 25, 10:00 am",308.566,146.177,63.7576,0.639114
"Jan 25, 11:00 am",280.783,161.225,58.4628,0.60302
"Jan 25, 12:00 pm",254.012,177.888,56.2867,0.582171
"Jan 25, 01:00 pm",266.758,194.763,57.5931,0.594947
"Jan 25, 02:00 pm",310.628,210.312,62.1579,0.629732
"Jan 25, 03:00 pm",344.399,223.759,69.3217,0.664362
"Jan 25, 04:00 pm",135.554,235.159,78.3328,0.338894
"Jan 25, 05:00 pm",40.1991,244.991,88.3816,0
"Jan 25, 06:00 pm",28.4985,253.837,99.8546,0
"Jan 25, 07:00 pm",15.7313,262.307,111.488,0
"Jan 25, 08:00 pm",0,271.114,123.356,0
"Jan 25, 09:00 pm",0,281.336,135.175,0
"Jan 25, 10:00 pm",0,295.08,146.48,0
"Jan 25, 11:00 pm",0,317.132,156.154,0
"Jan 26, 12:00 am",0,354.459,161.187,0
"Jan 26, 01:00 am",0,35.0422,158.019,0
"Jan 26, 02:00 am",0,60.3876,149.109,0
"Jan 26, 03:00 am",0,75.5929,138.054,0
"Jan 26, 04:00 am",0,86.4239,126.299,0
"Jan 26, 05:00 am",0,95.4518,114.4,0
"Jan 26, 06:00 am",0,103.922,102.669,0
"Jan 26, 07:00 am",0,112.606,91.3635,0
"Jan 26, 08:00 am",0,122.127,80.6885,0
"Jan 26, 09:00 am",0,133.08,71.292,0
"Jan 26, 10:00 am",0,145.995,63.5596,0.640463
"Jan 26, 11:00 am",0,161.087,58.2344,0.604803
"Jan 26, 12:00 pm",0,177.817,56.0364,0.584243
"Jan 26, 01:00 pm",0,194.767,57.3357,0.596674
"Jan 26, 02:00 pm",0,210.381,61.9076,0.630848
"Jan 26, 03:00 pm",0,223.871,69.0867,0
"Jan 26, 04:00 pm",0,235.3,78.1166,0
"Jan 26, 05:00 pm",0,245.151,88.204,0
"Jan 26, 06:00 pm",0,254.014,99.6631,0
"Jan 26, 07:00 pm",0,262.503,111.304,0
"Jan 26, 08:00 pm",0,271.335,123.175,0
"Jan 26, 09:00 pm",0,281.591,134.988,0
"Jan 26, 10:00 pm",0,295.37,146.276,0
"Jan 26, 11:00 pm",0,317.387,155.916,0
"Jan 27, 12:00 am",0,354.37,160.928,0
"Jan 27, 01:00 am",0,34.6007,157.819,0
"Jan 27, 02:00 am",0,59.9601,148.969,0
"Jan 27, 03:00 am",0,75.2394,137.945,0
"Jan 27, 04:00 am",0,86.1248,126.199,0
"Jan 27, 05:00 am",0,95.1873,114.3,0
"Jan 27, 06:00 am",0,103.679,102.559,0
"Jan 27, 07:00 am",0,112.376,91.2387,0
"Jan 27, 08:00 am",0,121.907,80.5449,0.22477
"Jan 27, 09:00 am",0,132.872,71.1194,0.673186
"Jan 27, 10:00 am",0,145.811,63.3555,0
"Jan 27, 11:00 am",0,160.949,57.9999,0
"Jan 27, 12:00 pm",0,177.748,55.7803,0.586329
"Jan 27, 01:00 pm",0,194.777,57.0733,0.598427
"Jan 27, 02:00 pm",0,210.456,61.6532,0.631991
"Jan 27, 03:00 pm",0,223.99,68.8484,0.665681
"Jan 27, 04:00 pm",114.38,235.446,77.8964,0.359973
"Jan 27, 05:00 pm",38.1643,245.317,88.01,0
"Jan 27, 06:00 pm",27.3674,254.197,99.4707,0
"Jan 27, 07:00 pm",15.045,262.705,111.12,0
"Jan 27, 08:00 pm",0,271.564,122.993,0
"Jan 27, 09:00 pm",0,281.853,134.8,0
"Jan 27, 10:00 pm",0,295.667,146.069,0
"Jan 27, 11:00 pm",0,317.652,155.674,0
"Jan 28, 12:00 am",0,354.293,160.664,0
"Jan 28, 01:00 am",0,34.1669,157.611,0
"Jan 28, 02:00 am",0,59.5323,148.822,0
"Jan 28, 03:00 am",0,74.8835,137.828,0
"Jan 28, 04:00 am",0,85.8228,126.093,0
"Jan 28, 05:00 am",0,94.9199,114.193,0
"Jan 28, 06:00 am",0,103.433,102.444,0
"Jan 28, 07:00 am",0,112.143,91.108,0
"Jan 28, 08:00 am",0,121.685,80.3908,0.230266
"Jan 28, 09:00 am",0,132.664,70.9391,0.673949
"Jan 28, 10:00 am",287.363,145.628,63.1447,0.642698
"Jan 28, 11:00 am",266.096,160.812,57.7591,0.608378
"Jan 28, 12:00 pm",238.509,177.683,55.5185,0.588428
"Jan 28, 01:00 pm",42.3093,194.791,56.8061,0.600204
"Jan 28, 02:00 pm",37.1804,210.537,61.3953,0.633158
"Jan 28, 03:00 pm",31.0844,224.116,68.6077,0.666375
"Jan 28, 04:00 pm",23.0884,235.599,77.6748,0.371933
"Jan 28, 05:00 pm",11.9028,245.489,87.8176,0
"Jan 28, 06:00 pm",0,254.386,99.2774,0
"Jan 28, 07:00 pm",0,262.914,110.934,0
"Jan 28, 08:00 pm",0,271.798,122.81,0
"Jan 28, 09:00 pm",0,282.123,134.611,0
"Jan 28, 10:00 pm",0,295.972,145.861,0
"Jan 28, 11:00 pm",0,317.924,155.43,0
"Jan 29, 12:00 am",0,354.229,160.395,0
"Jan 29, 01:00 am",0,33.7413,157.395,0
"Jan 29, 02:00 am",0,59.1049,148.668,0
"Jan 29, 03:00 am",0,74.5255,137.705,0
"Jan 29, 04:00 am",0,85.5182,125.981,0
"Jan 29, 05:00 am",0,94.65,114.081,0
"Jan 29, 06:00 am",0,103.185,102.323,0
"Jan 29, 07:00 am",0,111.909,90.9715,0
"Jan 29, 08:00 am",0,121.461,80.2353,0
"Jan 29, 09:00 am",0,132.454,70.7546,0
"Jan 29, 10:00 am",0,145.444,62.9285,0.644122
"Jan 29, 11:00 am",0,160.677,57.5127,0.609381
"Jan 29, 12:00 pm",237.953,177.621,55.2515,0.590536
"Jan 29, 01:00 pm",257.695,194.811,56.5346,0.602002
"Jan 29, 02:00 pm",296.86,210.624,61.1341,0.634348
"Jan 29, 03:00 pm",325.576,224.247,68.3648,0.667086
"Jan 29, 04:00 pm",144.652,235.759,77.4524,0.38331
"Jan 29, 05:00 pm",40.2743,245.667,87.6261,0
"Jan 29, 06:00 pm",28.6616,254.581,99.0833,0
"Jan 29, 07:00 pm",15.9254,263.129,110.748,0
"Jan 29, 08:00 pm",0,272.04,122.626,0
"Jan 29, 09:00 pm",0,282.399,134.421,0
"Jan 29, 10:00 pm",0,296.285,145.65,0
"Jan 29, 11:00 pm",0,318.205,155.182,0
"Jan 30, 12:00 am",0,354.177,160.121,0
"Jan 30, 01:00 am",0,33.3241,157.173,0
"Jan 30, 02:00 am",0,58.6782,148.506,0
"Jan 30, 03:00 am",0,74.1656,137.575,0
"Jan 30, 04:00 am",0,85.2111,125.863,0
"Jan 30, 05:00 am",0,94.3776,113.962,0
"Jan 30, 06:00 am",0,102.934,102.196,0
"Jan 30, 07:00 am",0,111.673,90.2041,0
"Jan 30, 08:00 am",0,121.236,80.0728,0.24214
"Jan 30, 09:00 am",0,132.242,70.564,0.668408
"Jan 30, 10:00 am",299.888,145.259,62.7064,0.645218
"Jan 30, 11:00 am",281.197,160.542,57.2606,0.611958
"Jan 30, 12:00 pm",260.056,177.561,54.9792,0.592652
"Jan 30, 01:00 pm",274.328,194.835,56.2585,0.60382
"Jan 30, 02:00 pm",315.687,210.717,60.8695,0.63556
"Jan 30, 03:00 pm",353.887,224.386,68.1195,0.66781
"Jan 30, 04:00 pm",173.235,235.925,77.228,0.39486
"Jan 30, 05:00 pm",40.3155,245.851,87.4302,0
"Jan 30, 06:00 pm",28.6424,254.782,98.8885,0
"Jan 30, 07:00 pm",15.8986,263.35,110.562,0
"Jan 30, 08:00 pm",0,272.287,122.441,0
"Jan 30, 09:00 pm",0,282.682,134.229,0
"Jan 30, 10:00 pm",0,296.605,145.438,0
"Jan 30, 11:00 pm",0,318.494,154.93,0
"Jan 31, 12:00 am",0,354.137,159.842,0
"Jan 31, 01:00 am",0,32.9158,156.943,0
"Jan 31, 02:00 am",0,58.2526,148.337,0
"Jan 31, 03:00 am",0,73.8041,137.438,0
"Jan 31, 04:00 am",0,84.9018,125.738,0
"Jan 31, 05:00 am",0,94.103,113.838,0
"Jan 31, 06:00 am",0,102.681,102.063,0
"Jan 31, 07:00 am",0,111.434,90.0853,0
"Jan 31, 08:00 am",0,121.008,79.9051,0
"Jan 31, 09:00 am",0,132.03,70.3676,0.676211
"Jan 31, 10:00 am",0,145.074,62.4786,0.646303
"Jan 31, 11:00 am",74.3393,160.409,57.0028,0.613747
"Jan 31, 12:00 pm",40.7976,177.505,54.7015,0.594774
"Jan 31, 01:00 pm",30.7573,194.865,55.9781,0.605654
"Jan 31, 02:00 pm",19.0269,210.817,60.6015,0.636791
"Jan 31, 03:00 pm",0,224.531,67.8718,0.668524
"Jan 31, 04:00 pm",0,236.097,77.0023,0.406579
"Jan 31, 05:00 pm",16.9576,246.042,87.2348,0
"Jan 31, 06:00 pm",13.9406,254.989,98.6932,0
"Jan 31, 07:00 pm",0,263.577,110.375,0
"Jan 31, 08:00 pm",0,272.541,122.256,0
"Jan 31, 09:00 pm",0,282.972,134.036,0
"Jan 31, 10:00 pm",0,296.932,145.224,0
"Jan 31, 11:00 pm",0,318.791,154.676,0
"Feb 1, 12:00 am",0,354.108,159.558,0
"Feb 1, 01:00 am",0,32.5166,156.706,0
"Feb 1, 02:00 am",0,57.8286,148.161,0
"Feb 1, 03:00 am",0,73.4415,137.294,0
"Feb 1, 04:00 am",0,84.5905,125.607,0
"Feb 1, 05:00 am",0,93.8262,113.707,0
"Feb 1, 06:00 am",0,102.427,101.924,0
"Feb 1, 07:00 am",0,111.194,89.9649,0
"Feb 1, 08:00 am",0,120.779,79.7321,0.255218
"Feb 1, 09:00 am",0,131.816,70.1656,0.675338
"Feb 1, 10:00 am",30.4222,144.889,62.2447,0.647553
"Feb 1, 11:00 am",24.3028,160.277,56.7391,0.615533
"Feb 1, 12:00 pm",132.149,177.453,54.4186,0.59604
"Feb 1, 01:00 pm",268.428,194.9,55.6932,0.607503
"Feb 1, 02:00 pm",313.568,210.923,60.3303,0.638041
"Feb 1, 03:00 pm",343.399,224.682,67.622,0.669303
"Feb 1, 04:00 pm",40.1625,236.275,76.7746,0.418461
"Feb 1, 05:00 pm",29.191,246.238,87.0343,0
"Feb 1, 06:00 pm",15.6687,255.202,98.4972,0
"Feb 1, 07:00 pm",0,263.809,110.187,0
"Feb 1, 08:00 pm",0,272.8,122.07,0
"Feb 1, 09:00 pm",0,283.268,133.843,0
"Feb 1, 10:00 pm",0,297.265,145.008,0
"Feb 1, 11:00 pm",0,319.094,154.419,0
"Feb 2, 12:00 am",0,354.091,159.27,0
"Feb 2, 01:00 am",0,32.1268,156.462,0
"Feb 2, 02:00 am",0,57.4066,147.977,0
"Feb 2, 03:00 am",0,73.0778,137.144,0
"Feb 2, 04:00 am",0,84.2775,125.47,0
"Feb 2, 05:00 am",0,93.5474,113.571,0
"Feb 2, 06:00 am",0,102.17,101.78,0
"Feb 2, 07:00 am",0,110.951,89.8359,0
"Feb 2, 08:00 am",0,120.549,79.5531,0
"Feb 2, 09:00 am",0,131.601,69.958,0
"Feb 2, 10:00 am",0,144.703,62.0056,0
"Feb 2, 11:00 am",0,160.146,56.4702,0
"Feb 2, 12:00 pm",0,177.404,54.1308,0
"Feb 2, 01:00 pm",0,194.941,55.4044,0.609365
"Feb 2, 02:00 pm",0,211.035,60.0563,0.639307
"Feb 2, 03:00 pm",0,224.84,67.3703,0.67007
"Feb 2, 04:00 pm",0,236.46,76.5463,0.4305
"Feb 2, 05:00 pm",0,246.44,86.8343,0
"Feb 2, 06:00 pm",0,255.42,98.3008,0
"Feb 2, 07:00 pm",0,264.048,109.999,0
"Feb 2, 08:00 pm",0,273.066,121.884,0
"Feb 2, 09:00 pm",0,283.57,133.648,0
"Feb 2, 10:00 pm",0,297.605,144.79,0
"Feb 2, 11:00 pm",0,319.404,154.159,0
"Feb 3, 12:00 am",0,354.083,158.977,0
"Feb 3, 01:00 am",0,31.7464,156.212,0
"Feb 3, 02:00 am",0,56.987,147.787,0
"Feb 3, 03:00 am",0,72.7135,136.987,0
"Feb 3, 04:00 am",0,83.9628,125.326,0
"Feb 3, 05:00 am",0,93.2669,113.428,0
"Feb 3, 06:00 am",0,101.912,101.63,0
"Feb 3, 07:00 am",0,110.708,89.692,0
"Feb 3, 08:00 am",0,120.317,79.3673,0
"Feb 3, 09:00 am",0,131.385,69.7441,0.678454
"Feb 3, 10:00 am",0,144.517,61.7603,0.650178
"Feb 3, 11:00 am",0,160.016,56.1954,0.619092
"Feb 3, 12:00 pm",0,177.358,53.8377,0.601152
"Feb 3, 01:00 pm",0,194.987,55.1112,0.611237
"Feb 3, 02:00 pm",0,211.154,59.7789,0.640589
"Feb 3, 03:00 pm",0,225.005,67.1162,0.670849
"Feb 3, 04:00 pm",0,236.65,76.316,0.442691
"Feb 3, 05:00 pm",0,246.648,86.6321,0
"Feb 3, 06:00 pm",0,255.644,98.104,0
"Feb 3, 07:00 pm",0,264.291,109.811,0
"Feb 3, 08:00 pm",0,273.337,121.696,0
"Feb 3, 09:00 pm",0,283.878,133.452,0
"Feb 3, 10:00 pm",0,297.951,144.57,0
"Feb 3, 11:00 pm",0,319.72,153.895,0
"Feb 4, 12:00 am",0,354.087,158.679,0
"Feb 4, 01:00 am",0,31.3757,155.955,0
"Feb 4, 02:00 am",0,56.57,147.589,0
"Feb 4, 03:00 am",0,72.3487,136.823,0
"Feb 4, 04:00 am",0,83.6468,125.177,0
"Feb 4, 05:00 am",0,92.9847,113.28,0
"Feb 4, 06:00 am",0,101.651,101.474,0
"Feb 4, 07:00 am",0,110.462,89.5484,0
"Feb 4, 08:00 am",0,120.084,79.1769,0
"Feb 4, 09:00 am",0,131.168,69.5252,0
"Feb 4, 10:00 am",0,144.331,61.5099,0.651376
"Feb 4, 11:00 am",0,159.888,55.9157,0.620862
"Feb 4, 12:00 pm",0,177.316,53.5402,0.603277
"Feb 4, 01:00 pm",0,195.038,54.8146,0
"Feb 4, 02:00 pm",0,211.279,59.4994,0
"Feb 4, 03:00 pm",0,225.176,66.8611,0.671633
"Feb 4, 04:00 pm",26.7969,236.847,76.0857,0.455028
"Feb 4, 05:00 pm",22.1049,246.862,86.4302,0
"Feb 4, 06:00 pm",13.2153,255.874,97.9069,0
"Feb 4, 07:00 pm",0,264.541,109.623,0
"Feb 4, 08:00 pm",0,273.614,121.509,0
"Feb 4, 09:00 pm",0,284.192,133.255,0
"Feb 4, 10:00 pm",0,298.304,144.349,0
"Feb 4, 11:00 pm",0,320.042,153.629,0
"Feb 5, 12:00 am",0,354.099,158.377,0
"Feb 5, 01:00 am",0,31.0147,155.691,0
"Feb 5, 02:00 am",0,56.1561,147.384,0
"Feb 5, 03:00 am",0,71.9839,136.653,0
"Feb 5, 04:00 am",0,83.3296,125.021,0
"Feb 5, 05:00 am",0,92.7009,113.126,0
"Feb 5, 06:00 am",0,101.39,101.313,0
"Feb 5, 07:00 am",0,110.215,89.3928,0
"Feb 5, 08:00 am",0,119.849,78.9802,0.285119
"Feb 5, 09:00 am",0,130.95,69.3006,0.679938
"Feb 5, 10:00 am",313.545,144.145,61.2539,0.652454
"Feb 5, 11:00 am",298.589,159.761,55.6305,0.622626
"Feb 5, 12:00 pm",274.677,177.277,53.2377,0.605398
"Feb 5, 01:00 pm",287.902,195.095,54.5139,0.615003
"Feb 5, 02:00 pm",323.856,211.411,59.2168,0.64319
"Feb 5, 03:00 pm",340.624,225.353,66.6038,0.67244
"Feb 5, 04:00 pm",186.92,237.05,75.8531,0.467506
"Feb 5, 05:00 pm",40.2002,247.082,86.2219,0
"Feb 5, 06:00 pm",28.4122,256.109,97.7096,0
"Feb 5, 07:00 pm",15.5797,264.795,109.434,0
"Feb 5, 08:00 pm",0,273.896,121.321,0
"Feb 5, 09:00 pm",0,284.511,133.057,0
"Feb 5, 10:00 pm",0,298.661,144.125,0
"Feb 5, 11:00 pm",0,320.37,153.36,0
"Feb 6, 12:00 am",0,354.122,158.071,0
"Feb 6, 01:00 am",0,30.6636,155.421,0
"Feb 6, 02:00 am",0,55.7454,147.172,0
"Feb 6, 03:00 am",0,71.6191,136.476,0
"Feb 6, 04:00 am",0,83.0113,124.859,0
"Feb 6, 05:00 am",0,92.4158,112.966,0
"Feb 6, 06:00 am",0,101.126,101.146,0
"Feb 6, 07:00 am",0,109.967,89.2263,0
"Feb 6, 08:00 am",0,119.613,78.7776,0.293398
"Feb 6, 09:00 am",0,130.731,69.0705,0.678172
"Feb 6, 10:00 am",337.245,143.959,60.9928,0.653756
"Feb 6, 11:00 am",311.825,159.635,55.3404,0.624382
"Feb 6, 12:00 pm",289.849,177.242,52.9309,0.607513
"Feb 6, 01:00 pm",303.784,195.158,54.2099,0.616893
"Feb 6, 02:00 pm",341.833,211.549,58.9321,0.644506
"Feb 6, 03:00 pm",376.563,225.537,66.3455,0.67325
"Feb 6, 04:00 pm",233.748,237.259,75.6209,0.480117
"Feb 6, 05:00 pm",40.1582,247.307,86.0176,0
"Feb 6, 06:00 pm",29.2762,256.349,97.512,0
"Feb 6, 07:00 pm",15.762,265.055,109.244,0
"Feb 6, 08:00 pm",0,274.183,121.132,0
"Feb 6, 09:00 pm",0,284.836,132.858,0
"Feb 6, 10:00 pm",0,299.025,143.9,0
"Feb 6, 11:00 pm",0,320.703,153.089,0
"Feb 7, 12:00 am",0,354.153,157.761,0
"Feb 7, 01:00 am",0,30.3222,155.145,0
"Feb 7, 02:00 am",0,55.3383,146.954,0
"Feb 7, 03:00 am",0,71.2546,136.292,0
"Feb 7, 04:00 am",0,82.6922,124.691,0
"Feb 7, 05:00 am",0,92.1294,112.8,0
"Feb 7, 06:00 am",0,100.862,100.973,0
"Feb 7, 07:00 am",0,109.717,89.0672,0
"Feb 7, 08:00 am",0,119.376,78.5717,0.302007
"Feb 7, 09:00 am",0,130.511,68.8361,0.681403
"Feb 7, 10:00 am",163.387,143.772,60.7268,0.654936
"Feb 7, 11:00 am",215.29,159.511,55.0454,0.626128
"Feb 7, 12:00 pm",94.5926,177.21,52.6195,0.609621
"Feb 7, 01:00 pm",73.773,195.226,53.9021,0.618786
"Feb 7, 02:00 pm",61.699,211.693,58.6447,0.645831
"Feb 7, 03:00 pm",42.8489,225.727,66.0855,0.674068
"Feb 7, 04:00 pm",35.4597,237.474,75.3878,0.492856
"Feb 7, 05:00 pm",24.1691,247.538,85.8132,0
"Feb 7, 06:00 pm",12.041,256.595,97.3143,0
"Feb 7, 07:00 pm",0,265.32,109.055,0
"Feb 7, 08:00 pm",0,274.476,120.943,0
"Feb 7, 09:00 pm",0,285.167,132.658,0
"Feb 7, 10:00 pm",0,299.393,143.673,0
"Feb 7, 11:00 pm",0,321.04,152.814,0
"Feb 8, 12:00 am",0,354.193,157.446,0
"Feb 8, 01:00 am",0,29.9906,154.863,0
"Feb 8, 02:00 am",0,54.9351,146.729,0
"Feb 8, 03:00 am",0,70.8907,136.103,0
"Feb 8, 04:00 am",0,82.3724,124.517,0
"Feb 8, 05:00 am",0,91.8419,112.629,0
"Feb 8, 06:00 am",0,100.596,100.796,0
"Feb 8, 07:00 am",0,109.466,88.8918,0
"Feb 8, 08:00 am",0,119.137,78.3593,0.310949
"Feb 8, 09:00 am",0,130.291,68.5959,0.675143
"Feb 8, 10:00 am",374.469,143.586,60.4553,0.656109
"Feb 8, 11:00 am",337.315,159.388,54.7452,0.627865
"Feb 8, 12:00 pm",313.796,177.182,52.3035,0.611721
"Feb 8, 01:00 pm",325.319,195.299,53.5909,0.620678
"Feb 8, 02:00 pm",367.772,211.844,58.3551,0.647163
"Feb 8, 03:00 pm",406.863,225.923,65.8242,0.674894
"Feb 8, 04:00 pm",270.484,237.695,75.1535,0.499903
"Feb 8, 05:00 pm",40.2817,247.774,85.605,0
"Feb 8, 06:00 pm",29.341,256.846,97.1164,0
"Feb 8, 07:00 pm",15.8177,265.59,108.866,0
"Feb 8, 08:00 pm",0,274.774,120.753,0
"Feb 8, 09:00 pm",0,285.502,132.457,0
"Feb 8, 10:00 pm",0,299.766,143.445,0
"Feb 8, 11:00 pm",0,321.382,152.537,0
"Feb 9, 12:00 am",0,354.24,157.128,0
"Feb 9, 01:00 am",0,29.6688,154.575,0
"Feb 9, 02:00 am",0,54.5359,146.497,0
"Feb 9, 03:00 am",0,70.5276,135.907,0
"Feb 9, 04:00 am",0,82.0521,124.337,0
"Feb 9, 05:00 am",0,91.5534,112.453,0
"Feb 9, 06:00 am",0,100.329,100.613,0
"Feb 9, 07:00 am",0,109.213,88.7201,0
"Feb 9, 08:00 am",0,118.898,78.1434,0
"Feb 9, 09:00 am",0,130.069,68.3514,0.682832
"Feb 9, 10:00 am",0,143.399,60.1793,0.657067
"Feb 9, 11:00 am",100.085,159.266,54.4406,0.629377
"Feb 9, 12:00 pm",88.2433,177.157,51.9836,0.613811
"Feb 9, 01:00 pm",101.546,195.378,53.2766,0.62257
"Feb 9, 02:00 pm",54.3277,212.002,58.0636,0.648501
"Feb 9, 03:00 pm",95.992,226.126,65.5619,0.675703
"Feb 9, 04:00 pm",40.4003,237.922,74.9195,0.506881
"Feb 9, 05:00 pm",29.2106,248.015,85.3998,0
"Feb 9, 06:00 pm",16.6538,257.102,96.9185,0
"Feb 9, 07:00 pm",0,265.865,108.676,0
"Feb 9, 08:00 pm",0,275.076,120.563,0
"Feb 9, 09:00 pm",0,285.842,132.256,0
"Feb 9, 10:00 pm",0,300.144,143.214,0
"Feb 9, 11:00 pm",0,321.728,152.256,0
"Feb 10, 12:00 am",0,354.296,156.806,0
"Feb 10, 01:00 am",0,29.3566,154.282,0
"Feb 10, 02:00 am",0,54.1409,146.259,0
"Feb 10, 03:00 am",0,70.1654,135.705,0
"Feb 10, 04:00 am",0,81.7315,124.152,0
"Feb 10, 05:00 am",0,91.264,112.27,0
"Feb 10, 06:00 am",0,100.061,100.425,0
"Feb 10, 07:00 am",0,108.96,88.5421,0
"Feb 10, 08:00 am",0,118.657,77.9225,0
"Feb 10, 09:00 am",0,129.847,68.1021,0.683545
"Feb 10, 10:00 am",0,143.212,59.8985,0.658433
"Feb 10, 11:00 am",0,159.146,54.1311,0.631307
"Feb 10, 12:00 pm",0,177.136,51.6592,0.61589
"Feb 10, 01:00 pm",0,195.463,52.9587,0.624458
"Feb 10, 02:00 pm",0,212.166,57.7695,0.649842
"Feb 10, 03:00 pm",0,226.335,65.2981,0
"Feb 10, 04:00 pm",0,238.154,74.6843,0
"Feb 10, 05:00 pm",0,248.262,85.192,0
"Feb 10, 06:00 pm",0,257.362,96.7206,0
"Feb 10, 07:00 pm",0,266.145,108.486,0
"Feb 10, 08:00 pm",0,275.383,120.373,0
"Feb 10, 09:00 pm",0,286.187,132.053,0
"Feb 10, 10:00 pm",0,300.526,142.982,0
"Feb 10, 11:00 pm",0,322.078,151.974,0
"Feb 11, 12:00 am",0,354.358,156.48,0
"Feb 11, 01:00 am",0,29.0539,153.983,0
"Feb 11, 02:00 am",0,53.7504,146.015,0
"Feb 11, 03:00 am",0,69.8044,135.497,0
"Feb 11, 04:00 am",0,81.4105,123.961,0
"Feb 11, 05:00 am",0,90.9737,112.083,0
"Feb 11, 06:00 am",0,99.7916,100.231,0
"Feb 11, 07:00 am",0,108.705,88.3579,0
"Feb 11, 08:00 am",0,118.415,77.6969,0
"Feb 11, 09:00 am",0,129.623,67.848,0
"Feb 11, 10:00 am",0,143.025,59.613,0.659584
"Feb 11, 11:00 am",0,159.027,53.8173,0
"Feb 11, 12:00 pm",0,177.119,51.3312,0.617957
"Feb 11, 01:00 pm",0,195.553,52.6382,0.626341
"Feb 11, 02:00 pm",0,212.336,57.4741,0.651186
"Feb 11, 03:00 pm",0,226.551,65.034,0.677403
"Feb 11, 04:00 pm",0,238.392,74.4495,0
"Feb 11, 05:00 pm",0,248.514,84.9859,0
"Feb 11, 06:00 pm",0,257.628,96.5226,0
"Feb 11, 07:00 pm",0,266.429,108.296,0
"Feb 11, 08:00 pm",0,275.695,120.182,0
"Feb 11, 09:00 pm",0,286.536,131.849,0
"Feb 11, 10:00 pm",0,300.912,142.748,0
"Feb 11, 11:00 pm",0,322.431,151.688,0
"Feb 12, 12:00 am",0,354.428,156.15,0
"Feb 12, 01:00 am",0,28.7607,153.678,0
"Feb 12, 02:00 am",0,53.3644,145.764,0
"Feb 12, 03:00 am",0,69.4446,135.282,0
"Feb 12, 04:00 am",0,81.0895,123.764,0
"Feb 12, 05:00 am",0,90.6828,111.89,0
"Feb 12, 06:00 am",0,99.5214,100.033,0
"Feb 12, 07:00 am",0,108.45,88.1726,0
"Feb 12, 08:00 am",0,118.173,77.4679,0
"Feb 12, 09:00 am",0,129.399,67.5901,0.684954
"Feb 12, 10:00 am",0,142.838,59.3234,0.660726
"Feb 12, 11:00 am",0,158.909,53.4992,0
"Feb 12, 12:00 pm",0,177.105,50.9992,0
"Feb 12, 01:00 pm",0,195.649,52.3147,0
"Feb 12, 02:00 pm",0,212.513,57.1767,0.652531
"Feb 12, 03:00 pm",0,226.772,64.7687,0
"Feb 12, 04:00 pm",0,238.636,74.2144,0
"Feb 12, 05:00 pm",0,248.771,84.7797,0
"Feb 12, 06:00 pm",0,257.898,96.3247,0
"Feb 12, 07:00 pm",0,266.718,108.106,0
"Feb 12, 08:00 pm",0,276.011,119.99,0
"Feb 12, 09:00 pm",0,286.89,131.644,0
"Feb 12, 10:00 pm",0,301.302,142.512,0
"Feb 12, 11:00 pm",0,322.787,151.4,0
"Feb 13, 12:00 am",0,354.503,155.817,0
"Feb 13, 01:00 am",0,28.4767,153.368,0
"Feb 13, 02:00 am",0,52.9832,145.508,0
"Feb 13, 03:00 am",0,69.0863,135.062,0
"Feb 13, 04:00 am",0,80.7685,123.562,0
"Feb 13, 05:00 am",0,90.3913,111.692,0
"Feb 13, 06:00 am",0,99.2504,99.8301,0
"Feb 13, 07:00 am",0,108.193,87.9667,0
"Feb 13, 08:00 am",0,117.929,77.2312,0
"Feb 13, 09:00 am",0,129.175,67.3261,0.68565
"Feb 13, 10:00 am",0,142.651,59.0285,0.661637
"Feb 13, 11:00 am",325.04,158.793,53.1764,0.636378
"Feb 13, 12:00 pm",41.4955,177.095,50.663,0.622047
"Feb 13, 01:00 pm",33.8696,195.751,51.988,0.630086
"Feb 13, 02:00 pm",251.935,212.696,56.8772,0.653564
"Feb 13, 03:00 pm",366.199,227,64.5021,0.679093
"Feb 13, 04:00 pm",40.2223,238.885,73.9774,0.534566
"Feb 13, 05:00 pm",29.3401,249.033,84.5672,0
"Feb 13, 06:00 pm",15.8035,258.173,96.1268,0
"Feb 13, 07:00 pm",0,267.011,107.916,0
"Feb 13, 08:00 pm",0,276.332,119.799,0
"Feb 13, 09:00 pm",0,287.247,131.438,0
"Feb 13, 10:00 pm",0,301.696,142.274,0
"Feb 13, 11:00 pm",0,323.145,151.109,0
"Feb 14, 12:00 am",0,354.585,155.481,0
"Feb 14, 01:00 am",0,28.2018,153.053,0
"Feb 14, 02:00 am",0,52.6068,145.246,0
"Feb 14, 03:00 am",0,68.7297,134.837,0
"Feb 14, 04:00 am",0,80.4477,123.354,0
"Feb 14, 05:00 am",0,90.0993,111.49,0
"Feb 14, 06:00 am",0,98.9786,99.6223,0
"Feb 14, 07:00 am",0,107.935,87.7559,0
"Feb 14, 08:00 am",0,117.684,76.9899,0
"Feb 14, 09:00 am",0,128.949,67.0577,0
"Feb 14, 10:00 am",0,142.463,58.7291,0.662984
"Feb 14, 11:00 am",0,158.678,52.8492,0.638042
"Feb 14, 12:00 pm",0,177.088,50.3231,0.624069
"Feb 14, 01:00 pm",0,195.858,51.6586,0
"Feb 14, 02:00 pm",0,212.885,56.5762,0.655218
"Feb 14, 03:00 pm",0,227.233,64.2349,0.67994
"Feb 14, 04:00 pm",0,239.139,73.7412,0
"Feb 14, 05:00 pm",0,249.299,84.3583,0
"Feb 14, 06:00 pm",0,258.452,95.9291,0
"Feb 14, 07:00 pm",0,267.308,107.726,0
"Feb 14, 08:00 pm",0,276.656,119.606,0
"Feb 14, 09:00 pm",0,287.609,131.231,0
"Feb 14, 10:00 pm",0,302.092,142.034,0
"Feb 14, 11:00 pm",0,323.506,150.816,0
"Feb 15, 12:00 am",0,354.672,155.141,0
"Feb 15, 01:00 am",0,27.9359,152.734,0
"Feb 15, 02:00 am",0,52.2353,144.977,0
"Feb 15, 03:00 am",0,68.3748,134.605,0
"Feb 15, 04:00 am",0,80.1272,123.141,0
"Feb 15, 05:00 am",0,89.8069,111.282,0
"Feb 15, 06:00 am",0,98.706,99.4098,0
"Feb 15, 07:00 am",0,107.677,87.5435,0
"Feb 15, 08:00 am",0,117.438,76.7456,0.383189
"Feb 15, 09:00 am",0,128.722,66.7857,0.687025
"Feb 15, 10:00 am",0,142.275,58.426,0.663927
"Feb 15, 11:00 am",99.3616,158.564,52.5183,0.639476
"Feb 15, 12:00 pm",49.4104,177.085,49.9799,0.626074
"Feb 15, 01:00 pm",39.804,195.971,51.3268,0.633793
"Feb 15, 02:00 pm",47.0372,213.081,56.2739,0.65627
"Feb 15, 03:00 pm",151.04,227.473,63.9674,0.680788
"Feb 15, 04:00 pm",39.9622,239.399,73.5047,0.548236
"Feb 15, 05:00 pm",29.1465,249.571,84.1487,0
"Feb 15, 06:00 pm",16.6879,258.736,95.7314,0
"Feb 15, 07:00 pm",0,267.61,107.535,0
"Feb 15, 08:00 pm",0,276.985,119.413,0
"Feb 15, 09:00 pm",0,287.974,131.023,0
"Feb 15, 10:00 pm",0,302.492,141.793,0
"Feb 15, 11:00 pm",0,323.869,150.52,0
"Feb 16, 12:00 am",0,354.765,154.798,0
"Feb 16, 01:00 am",0,27.6786,152.409,0
"Feb 16, 02:00 am",0,51.8689,144.704,0
"Feb 16, 03:00 am",0,68.0219,134.368,0
"Feb 16, 04:00 am",0,79.807,122.923,0
"Feb 16, 05:00 am",0,89.5142,111.069,0
"Feb 16, 06:00 am",0,98.4327,99.1927,0
"Feb 16, 07:00 am",0,107.417,87.327,0
"Feb 16, 08:00 am",0,117.191,76.4966,0.394925
"Feb 16, 09:00 am",0,128.495,66.5091,0.687703
"Feb 16, 10:00 am",0,142.087,58.1183,0.665205
"Feb 16, 11:00 am",0,158.451,52.1829,0.641326
"Feb 16, 12:00 pm",0,177.086,49.6328,0.62741
"Feb 16, 01:00 pm",26.1534,196.09,50.992,0.635629
"Feb 16, 02:00 pm",138.649,213.283,55.9697,0.65773
"Feb 16, 03:00 pm",91.7475,227.718,63.6987,0.681636
"Feb 16, 04:00 pm",39.9508,239.664,73.2678,0.555019
"Feb 16, 05:00 pm",29.02,249.847,83.9387,0
"Feb 16, 06:00 pm",16.5264,259.023,95.5339,0
"Feb 16, 07:00 pm",0,267.915,107.345,0
"Feb 16, 08:00 pm",0,277.317,119.22,0
"Feb 16, 09:00 pm",0,288.343,130.814,0
"Feb 16, 10:00 pm",0,302.894,141.55,0
"Feb 16, 11:00 pm",0,324.233,150.221,0
"Feb 17, 12:00 am",0,354.862,154.451,0
"Feb 17, 01:00 am",0,27.43,152.08,0
"Feb 17, 02:00 am",0,51.5076,144.425,0
"Feb 17, 03:00 am",0,67.671,134.126,0
"Feb 17, 04:00 am",0,79.4874,122.699,0
"Feb 17, 05:00 am",0,89.2213,110.852,0
"Feb 17, 06:00 am",0,98.1588,98.9712,0
"Feb 17, 07:00 am",0,107.157,87.1059,0
"Feb 17, 08:00 am",0,116.944,76.2446,0.407022
"Feb 17, 09:00 am",0,128.267,66.2295,0.688379
"Feb 17, 10:00 am",322.767,141.899,57.8074,0.666301
"Feb 17, 11:00 am",309.692,158.34,51.8445,0.642945
"Feb 17, 12:00 pm",308.573,177.09,49.283,0.63003
"Feb 17, 01:00 pm",318.975,196.214,50.6555,0.637451
"Feb 17, 02:00 pm",349.684,213.491,55.6649,0.659224
"Feb 17, 03:00 pm",357.535,227.97,63.4304,0.682482
"Feb 17, 04:00 pm",252.304,239.934,73.0322,0.561764
"Feb 17, 05:00 pm",40.1025,250.127,83.7319,0
"Feb 17, 06:00 pm",29.3407,259.315,95.3365,0
"Feb 17, 07:00 pm",16.0333,268.224,107.154,0
"Feb 17, 08:00 pm",0,277.653,119.026,0
"Feb 17, 09:00 pm",0,288.715,130.604,0
"Feb 17, 10:00 pm",0,303.299,141.305,0
"Feb 17, 11:00 pm",0,324.599,149.921,0
"Feb 18, 12:00 am",0,354.964,154.102,0
"Feb 18, 01:00 am",0,27.1897,151.746,0
"Feb 18, 02:00 am",0,51.1516,144.14,0
"Feb 18, 03:00 am",0,67.3222,133.878,0
"Feb 18, 04:00 am",0,79.1684,122.471,0
"Feb 18, 05:00 am",0,88.9282,110.63,0
"Feb 18, 06:00 am",0,97.8844,98.7453,0
"Feb 18, 07:00 am",0,106.896,86.8797,0
"Feb 18, 08:00 am",0,116.695,75.9879,0.419484
"Feb 18, 09:00 am",0,128.038,65.9454,0.689044
"Feb 18, 10:00 am",362.785,141.71,57.4924,0.667388
"Feb 18, 11:00 am",337.089,158.23,51.502,0.644548
"Feb 18, 12:00 pm",298.495,177.098,48.9296,0.631978
"Feb 18, 01:00 pm",109.233,196.344,50.3165,0.639259
"Feb 18, 02:00 pm",44.0972,213.706,55.3587,0.660548
"Feb 18, 03:00 pm",39.922,228.227,63.1614,0.683326
"Feb 18, 04:00 pm",31.356,240.21,72.7958,0.566623
"Feb 18, 05:00 pm",20.7536,250.412,83.5222,0
"Feb 18, 06:00 pm",8.26782,259.611,95.1394,0
"Feb 18, 07:00 pm",0,268.537,106.964,0
"Feb 18, 08:00 pm",0,277.992,118.832,0
"Feb 18, 09:00 pm",0,289.09,130.393,0
"Feb 18, 10:00 pm",0,303.707,141.058,0
"Feb 18, 11:00 pm",0,324.966,149.617,0
"Feb 19, 12:00 am",0,355.07,153.75,0
"Feb 19, 01:00 am",0,26.9576,151.409,0
"Feb 19, 02:00 am",0,50.8007,143.85,0
"Feb 19, 03:00 am",0,66.9757,133.626,0
"Feb 19, 04:00 am",0,78.8501,122.238,0
"Feb 19, 05:00 am",0,88.635,110.403,0
"Feb 19, 06:00 am",0,97.6095,98.5153,0
"Feb 19, 07:00 am",0,106.634,86.6511,0
"Feb 19, 08:00 am",0,116.446,75.7278,0
"Feb 19, 09:00 am",0,127.808,65.6576,0.6897
"Feb 19, 10:00 am",0,141.521,57.1734,0.668464
"Feb 19, 11:00 am",0,158.12,51.1556,0.646135
"Feb 19, 12:00 pm",0,177.109,48.5729,0.633129
"Feb 19, 01:00 pm",40.6763,196.479,49.975,0.640927
"Feb 19, 02:00 pm",34.9283,213.926,55.0511,0.661864
"Feb 19, 03:00 pm",29.6928,228.49,62.8919,0.68416
"Feb 19, 04:00 pm",24.2645,240.49,72.5593,0.575135
"Feb 19, 05:00 pm",17.4951,250.702,83.3129,0
"Feb 19, 06:00 pm",0,259.911,94.9425,0
"Feb 19, 07:00 pm",0,268.854,106.773,0
"Feb 19, 08:00 pm",0,278.334,118.638,0
"Feb 19, 09:00 pm",0,289.468,130.181,0
"Feb 19, 10:00 pm",0,304.116,140.809,0
"Feb 19, 11:00 pm",0,325.334,149.311,0
"Feb 20, 12:00 am",0,355.18,153.395,0
"Feb 20, 01:00 am",0,26.7334,151.067,0
"Feb 20, 02:00 am",0,50.4552,143.556,0
"Feb 20, 03:00 am",0,66.6317,133.368,0
"Feb 20, 04:00 am",0,78.5326,122,0
"Feb 20, 05:00 am",0,88.3419,110.172,0
"Feb 20, 06:00 am",0,97.3342,98.2811,0
"Feb 20, 07:00 am",0,106.372,86.4135,0
"Feb 20, 08:00 am",0,116.196,75.4632,0
"Feb 20, 09:00 am",0,127.577,65.3661,0
"Feb 20, 10:00 am",0,141.332,56.8509,0.669529
"Feb 20, 11:00 am",0,158.012,50.806,0.647705
"Feb 20, 12:00 pm",0,177.124,48.2134,0.635814
"Feb 20, 01:00 pm",0,196.62,49.6318,0.642826
"Feb 20, 02:00 pm",0,214.153,54.7428,0.663172
"Feb 20, 03:00 pm",0,228.758,62.6225,0.685004
"Feb 20, 04:00 pm",0,240.775,72.3235,0
"Feb 20, 05:00 pm",0,250.995,83.1045,0
"Feb 20, 06:00 pm",0,260.214,94.7458,0
"Feb 20, 07:00 pm",0,269.173,106.583,0
"Feb 20, 08:00 pm",0,278.68,118.443,0
"Feb 20, 09:00 pm",0,289.849,129.967,0
"Feb 20, 10:00 pm",0,304.527,140.559,0
"Feb 20, 11:00 pm",0,325.702,149.003,0
"Feb 21, 12:00 am",0,355.294,153.037,0
"Feb 21, 01:00 am",0,26.5171,150.721,0
"Feb 21, 02:00 am",0,50.115,143.256,0
"Feb 21, 03:00 am",0,66.2901,133.105,0
"Feb 21, 04:00 am",0,78.2161,121.758,0
"Feb 21, 05:00 am",0,88.0489,109.937,0
"Feb 21, 06:00 am",0,97.0585,98.0428,0
"Feb 21, 07:00 am",0,106.109,86.1752,0
"Feb 21, 08:00 am",0,115.944,75.1959,0.459072
"Feb 21, 09:00 am",0,127.346,65.0715,0.690997
"Feb 21, 10:00 am",0,141.142,56.5254,0.670584
"Feb 21, 11:00 am",0,157.905,50.4533,0.648693
"Feb 21, 12:00 pm",189.484,177.143,47.8512,0.637699
"Feb 21, 01:00 pm",42.0032,196.767,49.2867,0.644584
"Feb 21, 02:00 pm",36.9604,214.386,54.4338,0.66447
"Feb 21, 03:00 pm",113.092,229.032,62.3531,0.685804
"Feb 21, 04:00 pm",56.167,241.065,72.0883,0.588334
"Feb 21, 05:00 pm",38.6644,251.293,82.8971,0
"Feb 21, 06:00 pm",28.4385,260.521,94.5494,0
"Feb 21, 07:00 pm",17.0085,269.497,106.392,0
"Feb 21, 08:00 pm",0,279.029,118.247,0
"Feb 21, 09:00 pm",0,290.232,129.753,0
"Feb 21, 10:00 pm",0,304.939,140.307,0
"Feb 21, 11:00 pm",0,326.071,148.693,0
"Feb 22, 12:00 am",0,355.411,152.677,0
"Feb 22, 01:00 am",0,26.3083,150.371,0
"Feb 22, 02:00 am",0,49.7802,142.952,0
"Feb 22, 03:00 am",0,65.9511,132.838,0
"Feb 22, 04:00 am",0,77.9006,121.511,0
"Feb 22, 05:00 am",0,87.7561,109.697,0
"Feb 22, 06:00 am",0,96.7826,97.8007,0
"Feb 22, 07:00 am",0,105.845,85.9305,0
"Feb 22, 08:00 am",0,115.693,74.9246,0
"Feb 22, 09:00 am",0,127.113,64.7732,0.691636
"Feb 22, 10:00 am",0,140.952,56.1962,0.671628
"Feb 22, 11:00 am",0,157.8,50.0971,0.650794
"Feb 22, 12:00 pm",0,177.165,47.486,0.638851
"Feb 22, 01:00 pm",228.719,196.92,48.9398,0.646323
"Feb 22, 02:00 pm",226.582,214.626,54.1239,0.665758
"Feb 22, 03:00 pm",160.849,229.312,62.0836,0.686665
"Feb 22, 04:00 pm",42.5851,241.359,71.8532,0.594865
"Feb 22, 05:00 pm",34.5209,251.595,82.6899,0
"Feb 22, 06:00 pm",22.9755,260.832,94.3534,0
"Feb 22, 07:00 pm",11.1107,269.823,106.202,0
"Feb 22, 08:00 pm",0,279.381,118.051,0
"Feb 22, 09:00 pm",0,290.618,129.538,0
"Feb 22, 10:00 pm",0,305.353,140.053,0
"Feb 22, 11:00 pm",0,326.439,148.38,0
"Feb 23, 12:00 am",0,355.531,152.314,0
"Feb 23, 01:00 am",0,26.107,150.018,0
"Feb 23, 02:00 am",0,49.4508,142.643,0
"Feb 23, 03:00 am",0,65.6149,132.566,0
"Feb 23, 04:00 am",0,77.5862,121.26,0
"Feb 23, 05:00 am",0,87.4636,109.454,0
"Feb 23, 06:00 am",0,96.5064,97.5549,0
"Feb 23, 07:00 am",0,105.581,85.6844,0
"Feb 23, 08:00 am",0,115.44,74.6504,0
"Feb 23, 09:00 am",0,126.88,64.4719,0
"Feb 23, 10:00 am",0,140.761,55.8638,0
"Feb 23, 11:00 am",0,157.695,49.7377,0
"Feb 23, 12:00 pm",0,177.19,47.1181,0.641402
"Feb 23, 01:00 pm",0,197.078,48.5911,0
"Feb 23, 02:00 pm",0,214.871,53.8134,0
"Feb 23, 03:00 pm",0,229.597,61.8141,0.687487
"Feb 23, 04:00 pm",0,241.658,71.6182,0.601347
"Feb 23, 05:00 pm",0,251.9,82.4814,0
"Feb 23, 06:00 pm",0,261.146,94.1577,0
"Feb 23, 07:00 pm",0,270.152,106.011,0
"Feb 23, 08:00 pm",0,279.735,117.855,0
"Feb 23, 09:00 pm",0,291.006,129.321,0
"Feb 23, 10:00 pm",0,305.768,139.798,0
"Feb 23, 11:00 pm",0,326.808,148.066,0
"Feb 24, 12:00 am",0,355.653,151.948,0
"Feb 24, 01:00 am",0,25.9128,149.661,0
"Feb 24, 02:00 am",0,49.1268,142.33,0
"Feb 24, 03:00 am",0,65.2814,132.289,0
"Feb 24, 04:00 am",0,77.2731,121.004,0
"Feb 24, 05:00 am",0,87.1715,109.206,0
"Feb 24, 06:00 am",0,96.2301,97.3053,0
"Feb 24, 07:00 am",0,105.316,85.4312,0
"Feb 24, 08:00 am",0,115.186,74.3724,0.499639
"Feb 24, 09:00 am",0,126.646,64.1672,0.692891
"Feb 24, 10:00 am",0,140.57,55.5283,0.673683
"Feb 24, 11:00 am",0,157.591,49.3753,0.653811
"Feb 24, 12:00 pm",0,177.219,46.7477,0.643218
"Feb 24, 01:00 pm",109.118,197.242,48.2408,0.649247
"Feb 24, 02:00 pm",178.193,215.123,53.5023,0.6683
"Feb 24, 03:00 pm",166.252,229.887,61.5449,0.688303
"Feb 24, 04:00 pm",82.9968,241.962,71.3838,0.607781
"Feb 24, 05:00 pm",40.2062,252.21,82.2736,0.106507
"Feb 24, 06:00 pm",28.6063,261.463,93.9624,0
"Feb 24, 07:00 pm",15.7784,270.485,105.821,0
"Feb 24, 08:00 pm",0,280.092,117.658,0
"Feb 24, 09:00 pm",0,291.396,129.104,0
"Feb 24, 10:00 pm",0,306.184,139.54,0
"Feb 24, 11:00 pm",0,327.176,147.749,0
"Feb 25, 12:00 am",0,355.779,151.58,0
"Feb 25, 01:00 am",0,25.7257,149.3,0
"Feb 25, 02:00 am",0,48.8083,142.013,0
"Feb 25, 03:00 am",0,64.9508,132.008,0
"Feb 25, 04:00 am",0,76.9612,120.744,0
"Feb 25, 05:00 am",0,86.8797,108.955,0
"Feb 25, 06:00 am",0,95.9537,97.0522,0
"Feb 25, 07:00 am",0,105.051,85.1743,0
"Feb 25, 08:00 am",0,114.932,74.0912,0.507767
"Feb 25, 09:00 am",0,126.412,63.8594,0
"Feb 25, 10:00 am",0,140.379,55.1896,0
"Feb 25, 11:00 am",0,157.488,49.0099,0.655291
"Feb 25, 12:00 pm",0,177.252,46.3747,0.645011
"Feb 25, 01:00 pm",0,197.412,47.8889,0
"Feb 25, 02:00 pm",0,215.38,53.1906,0.669553
"Feb 25, 03:00 pm",0,230.183,61.2755,0.689113
"Feb 25, 04:00 pm",0,242.27,71.1496,0
"Feb 25, 05:00 pm",0,252.523,82.0656,0.113663
"Feb 25, 06:00 pm",0,261.784,93.7675,0
"Feb 25, 07:00 pm",0,270.82,105.631,0
"Feb 25, 08:00 pm",0,280.451,117.461,0
"Feb 25, 09:00 pm",0,291.788,128.886,0
"Feb 25, 10:00 pm",0,306.601,139.282,0
"Feb 25, 11:00 pm",0,327.544,147.43,0
"Feb 26, 12:00 am",0,355.907,151.21,0
"Feb 26, 01:00 am",0,25.5454,148.937,0
"Feb 26, 02:00 am",0,48.4952,141.691,0
"Feb 26, 03:00 am",0,64.6232,131.723,0
"Feb 26, 04:00 am",0,76.6508,120.48,0
"Feb 26, 05:00 am",0,86.5885,108.7,0
"Feb 26, 06:00 am",0,95.6773,96.7956,0
"Feb 26, 07:00 am",0,104.785,84.9143,0
"Feb 26, 08:00 am",0,114.678,73.8069,0
"Feb 26, 09:00 am",0,126.176,63.5486,0
"Feb 26, 10:00 am",0,140.187,54.848,0.67569
"Feb 26, 11:00 am",0,157.386,48.6417,0.656753
"Feb 26, 12:00 pm",0,177.289,45.9994,0.646779
"Feb 26, 01:00 pm",0,197.588,47.5358,0.653078
"Feb 26, 02:00 pm",0,215.644,52.8788,0
"Feb 26, 03:00 pm",0,230.484,61.0068,0
"Feb 26, 04:00 pm",0,242.582,70.9162,0
"Feb 26, 05:00 pm",0,252.839,81.859,0
"Feb 26, 06:00 pm",0,262.107,93.5732,0
"Feb 26, 07:00 pm",0,271.158,105.44,0
"Feb 26, 08:00 pm",0,280.813,117.264,0
"Feb 26, 09:00 pm",0,292.182,128.666,0
"Feb 26, 10:00 pm",0,307.018,139.021,0
"Feb 26, 11:00 pm",0,327.911,147.109,0
"Feb 27, 12:00 am",0,356.037,150.838,0
"Feb 27, 01:00 am",0,25.3718,148.57,0
"Feb 27, 02:00 am",0,48.1875,141.365,0
"Feb 27, 03:00 am",0,64.2987,131.433,0
"Feb 27, 04:00 am",0,76.3419,120.213,0
"Feb 27, 05:00 am",0,86.2979,108.441,0
"Feb 27, 06:00 am",0,95.4009,96.5357,0
"Feb 27, 07:00 am",0,104.519,84.65,0
"Feb 27, 08:00 am",0,114.422,73.5197,0
"Feb 27, 09:00 am",0,125.94,63.2352,0
"Feb 27, 10:00 am",0,139.995,54.504,0
"Feb 27, 11:00 am",0,157.286,48.271,0.658195
"Feb 27, 12:00 pm",0,177.329,45.6222,0.648521
"Feb 27, 01:00 pm",0,197.769,47.1817,0.654713
"Feb 27, 02:00 pm",0,215.914,52.5671,0.672017
"Feb 27, 03:00 pm",0,230.79,60.7389,0.690708
"Feb 27, 04:00 pm",0,242.899,70.684,0.624993
"Feb 27, 05:00 pm",34.6745,253.159,81.6533,0.0668338
"Feb 27, 06:00 pm",28.5466,262.434,93.3793,0
"Feb 27, 07:00 pm",16.6476,271.498,105.25,0
"Feb 27, 08:00 pm",0,281.177,117.066,0
"Feb 27, 09:00 pm",0,292.577,128.446,0
"Feb 27, 10:00 pm",0,307.436,138.759,0
"Feb 27, 11:00 pm",0,328.278,146.786,0
"Feb 28, 12:00 am",0,356.169,150.464,0
"Feb 28, 01:00 am",0,25.2046,148.2,0
"Feb 28, 02:00 am",0,47.8853,141.036,0
"Feb 28, 03:00 am",0,63.9772,131.14,0
"Feb 28, 04:00 am",0,76.0345,119.941,0
"Feb 28, 05:00 am",0,86.0079,108.179,0
"Feb 28, 06:00 am",0,95.1246,96.2725,0
"Feb 28, 07:00 am",0,104.253,84.3834,0
"Feb 28, 08:00 am",0,114.166,73.2298,0.532665
"Feb 28, 09:00 am",0,125.703,62.9191,0
"Feb 28, 10:00 am",0,139.803,54.1572,0.677492
"Feb 28, 11:00 am",12.0763,157.186,47.8978,0.659618
"Feb 28, 12:00 pm",0,177.373,45.2428,0.650239
"Feb 28, 01:00 pm",0,197.956,46.8264,0.656326
"Feb 28, 02:00 pm",0,216.19,52.2551,0
"Feb 28, 03:00 pm",0,231.101,60.4713,0
"Feb 28, 04:00 pm",0,243.219,70.4523,0
"Feb 28, 05:00 pm",0,253.483,81.4481,0
"Feb 28, 06:00 pm",0,262.763,93.1859,0
"Feb 28, 07:00 pm",0,271.841,105.061,0
"Feb 28, 08:00 pm",0,281.543,116.868,0
"Feb 28, 09:00 pm",0,292.973,128.225,0
"Feb 28, 10:00 pm",0,307.854,138.496,0
"Feb 28, 11:00 pm",0,328.643,146.461,0
"Mar 1, 12:00 am",0,356.302,150.088,0
"Mar 1, 01:00 am",0,25.0437,147.828,0
"Mar 1, 02:00 am",0,47.5884,140.703,0
"Mar 1, 03:00 am",0,63.6589,130.843,0
"Mar 1, 04:00 am",0,75.7287,119.666,0
"Mar 1, 05:00 am",0,85.7187,107.913,0
"Mar 1, 06:00 am",0,94.8484,96.0063,0
"Mar 1, 07:00 am",0,103.987,84.1132,0
"Mar 1, 08:00 am",0,113.909,72.9374,0.541122
"Mar 1, 09:00 am",0,125.465,62.6007,0.695893
"Mar 1, 10:00 am",416.042,139.609,53.8081,0.678611
"Mar 1, 11:00 am",394.507,157.087,47.5222,0.661021
"Mar 1, 12:00 pm",376.315,177.421,44.8616,0.651931
"Mar 1, 01:00 pm",389.057,198.149,46.4703,0.657916
"Mar 1, 02:00 pm",417.222,216.471,51.9435,0.674423
"Mar 1, 03:00 pm",442.585,231.417,60.2047,0.692269
"Mar 1, 04:00 pm",385.543,243.544,70.222,0.639189
"Mar 1, 05:00 pm",43.7044,253.809,81.2443,0.143076
"Mar 1, 06:00 pm",38.0378,263.095,92.9931,0
"Mar 1, 07:00 pm",27.1095,272.186,104.871,0
"Mar 1, 08:00 pm",14.9606,281.911,116.669,0
"Mar 1, 09:00 pm",0,293.371,128.003,0
"Mar 1, 10:00 pm",0,308.272,138.231,0
"Mar 1, 11:00 pm",0,329.007,146.135,0
"Mar 2, 12:00 am",0,356.438,149.71,0
"Mar 2, 01:00 am",0,24.8888,147.453,0
"Mar 2, 02:00 am",0,47.2969,140.366,0
"Mar 2, 03:00 am",0,63.3438,130.542,0
"Mar 2, 04:00 am",0,75.4247,119.387,0
"Mar 2, 05:00 am",0,85.4302,107.644,0
"Mar 2, 06:00 am",0,94.5724,95.7371,0
"Mar 2, 07:00 am",0,103.72,83.8408,0
"Mar 2, 08:00 am",0,113.652,72.6427,0.549648
"Mar 2, 09:00 am",0,125.226,62.28,0.69647
"Mar 2, 10:00 am",435.303,139.416,53.4568,0.67956
"Mar 2, 11:00 am",405.648,156.989,47.1445,0.662405
"Mar 2, 12:00 pm",380.576,177.472,44.4786,0.653597
"Mar 2, 01:00 pm",390.959,198.348,46.1134,0.659482
"Mar 2, 02:00 pm",419.915,216.759,51.6319,0.675602
"Mar 2, 03:00 pm",445.177,231.738,59.9388,0.693036
"Mar 2, 04:00 pm",386.275,243.872,69.9922,0.645375
"Mar 2, 05:00 pm",43.8448,254.139,81.0406,0.150615
"Mar 2, 06:00 pm",38.3287,263.43,92.8009,0
"Mar 2, 07:00 pm",27.4733,272.533,104.681,0
"Mar 2, 08:00 pm",15.258,282.28,116.47,0
"Mar 2, 09:00 pm",0,293.77,127.78,0
"Mar 2, 10:00 pm",0,308.689,137.964,0
"Mar 2, 11:00 pm",0,329.369,145.807,0
"Mar 3, 12:00 am",0,356.574,149.33,0
"Mar 3, 01:00 am",0,24.7398,147.075,0
"Mar 3, 02:00 am",0,47.0107,140.027,0
"Mar 3, 03:00 am",0,63.0319,130.237,0
"Mar 3, 04:00 am",0,75.1223,119.105,0
"Mar 3, 05:00 am",0,85.1426,107.372,0
"Mar 3, 06:00 am",0,94.2966,95.4651,0
"Mar 3, 07:00 am",0,103.453,83.5666,0
"Mar 3, 08:00 am",0,113.394,72.3456,0
"Mar 3, 09:00 am",0,124.987,61.9568,0.697046
"Mar 3, 10:00 am",0,139.222,53.1029,0.680495
"Mar 3, 11:00 am",0,156.892,46.7642,0
"Mar 3, 12:00 pm",0,177.527,44.0935,0
"Mar 3, 01:00 pm",0,198.553,45.7554,0.661024
"Mar 3, 02:00 pm",0,217.053,51.3202,0.676766
"Mar 3, 03:00 pm",0,232.064,59.6731,0.693793
"Mar 3, 04:00 pm",0,244.204,69.7627,0.650441
"Mar 3, 05:00 pm",21.7991,254.472,80.8367,0.158222
"Mar 3, 06:00 pm",19.2118,263.767,92.6094,0
"Mar 3, 07:00 pm",11.499,272.883,104.492,0
"Mar 3, 08:00 pm",0,282.651,116.271,0
"Mar 3, 09:00 pm",0,294.169,127.556,0
"Mar 3, 10:00 pm",0,309.107,137.696,0
"Mar 3, 11:00 pm",0,329.731,145.477,0
"Mar 4, 12:00 am",0,356.712,148.949,0
"Mar 4, 01:00 am",0,24.5964,146.695,0
"Mar 4, 02:00 am",0,46.7297,139.683,0
"Mar 4, 03:00 am",0,62.7233,129.929,0
"Mar 4, 04:00 am",0,74.8218,118.819,0
"Mar 4, 05:00 am",0,84.8558,107.097,0
"Mar 4, 06:00 am",0,94.0211,95.1903,0
"Mar 4, 07:00 am",0,103.185,83.2879,0
"Mar 4, 08:00 am",0,113.136,72.0461,0
"Mar 4, 09:00 am",0,124.746,61.6317,0
"Mar 4, 10:00 am",0,139.027,52.7472,0
"Mar 4, 11:00 am",0,156.796,46.3824,0.66511
"Mar 4, 12:00 pm",0,177.585,43.7075,0
"Mar 4, 01:00 pm",0,198.764,45.3975,0.662543
"Mar 4, 02:00 pm",0,217.352,51.0098,0.677913
"Mar 4, 03:00 pm",0,232.395,59.4094,0.69454
"Mar 4, 04:00 pm",0,244.54,69.5358,0.636627
"Mar 4, 05:00 pm",34.5545,254.807,80.6357,0.165876
"Mar 4, 06:00 pm",32.9522,264.106,92.4184,0
"Mar 4, 07:00 pm",24.1609,273.234,104.303,0
"Mar 4, 08:00 pm",12.9361,283.024,116.072,0
"Mar 4, 09:00 pm",0,294.57,127.331,0
"Mar 4, 10:00 pm",0,309.523,137.427,0
"Mar 4, 11:00 pm",0,330.09,145.145,0
"Mar 5, 12:00 am",0,356.851,148.566,0
"Mar 5, 01:00 am",0,24.4584,146.313,0
"Mar 5, 02:00 am",0,46.4539,139.337,0
"Mar 5, 03:00 am",0,62.4179,129.618,0
"Mar 5, 04:00 am",0,74.5231,118.531,0
"Mar 5, 05:00 am",0,84.5699,106.819,0
"Mar 5, 06:00 am",0,93.7459,94.913,0
"Mar 5, 07:00 am",0,102.918,83.0046,0
"Mar 5, 08:00 am",0,112.877,71.7437,0
"Mar 5, 09:00 am",0,124.505,61.3041,0
"Mar 5, 10:00 am",0,138.831,52.3893,0
"Mar 5, 11:00 am",0,156.7,45.9983,0
"Mar 5, 12:00 pm",0,177.648,43.3195,0.658439
"Mar 5, 01:00 pm",0,198.98,45.0386,0.664036
"Mar 5, 02:00 pm",0,217.657,50.6992,0
"Mar 5, 03:00 pm",0,232.73,59.1459,0
"Mar 5, 04:00 pm",0,244.879,69.3089,0
"Mar 5, 05:00 pm",0,255.146,80.4343,0
"Mar 5, 06:00 pm",0,264.448,92.2281,0
"Mar 5, 07:00 pm",0,273.587,104.114,0
"Mar 5, 08:00 pm",0,283.397,115.872,0
"Mar 5, 09:00 pm",0,294.971,127.105,0
"Mar 5, 10:00 pm",0,309.939,137.156,0
"Mar 5, 11:00 pm",0,330.447,144.812,0
"Mar 6, 12:00 am",0,356.991,148.182,0
"Mar 6, 01:00 am",0,24.3257,145.929,0
"Mar 6, 02:00 am",0,46.1833,138.988,0
"Mar 6, 03:00 am",0,62.1159,129.304,0
"Mar 6, 04:00 am",0,74.2263,118.239,0
"Mar 6, 05:00 am",0,84.2851,106.538,0
"Mar 6, 06:00 am",0,93.4711,94.6332,0
"Mar 6, 07:00 am",0,102.651,82.7214,0
"Mar 6, 08:00 am",0,112.618,71.4402,0.584367
"Mar 6, 09:00 am",0,124.263,60.9752,0.698708
"Mar 6, 10:00 am",0,138.635,52.0298,0.683226
"Mar 6, 11:00 am",0,156.605,45.6126,0.667341
"Mar 6, 12:00 pm",213.884,177.713,42.9304,0.66
"Mar 6, 01:00 pm",208.882,199.203,44.6796,0.665505
"Mar 6, 02:00 pm",191.077,217.968,50.3894,0.680156
"Mar 6, 03:00 pm",402.874,233.07,58.8839,0.696001
"Mar 6, 04:00 pm",40.863,245.222,69.0834,0.669579
"Mar 6, 05:00 pm",31.1544,255.487,80.2339,0.181442
"Mar 6, 06:00 pm",18.1357,264.791,92.0384,0
"Mar 6, 07:00 pm",0,273.941,103.925,0
"Mar 6, 08:00 pm",0,283.772,115.672,0
"Mar 6, 09:00 pm",0,295.372,126.879,0
"Mar 6, 10:00 pm",0,310.354,136.884,0
"Mar 6, 11:00 pm",0,330.803,144.478,0
"Mar 7, 12:00 am",0,357.131,147.796,0
"Mar 7, 01:00 am",0,24.198,145.543,0
"Mar 7, 02:00 am",0,45.9176,138.637,0
"Mar 7, 03:00 am",0,61.8172,128.986,0
"Mar 7, 04:00 am",0,73.9314,117.945,0
"Mar 7, 05:00 am",0,84.0012,106.255,0
"Mar 7, 06:00 am",0,93.1966,94.3511,0
"Mar 7, 07:00 am",0,102.383,82.4354,0
"Mar 7, 08:00 am",0,112.357,71.1347,0.593176
"Mar 7, 09:00 am",0,124.02,60.6447,0.699236
"Mar 7, 10:00 am",443.539,138.438,51.6689,0.68411
"Mar 7, 11:00 am",418.872,156.511,45.2255,0.669016
"Mar 7, 12:00 pm",409.685,177.783,42.5403,0.661534
"Mar 7, 01:00 pm",418.267,199.431,44.3206,0.666949
"Mar 7, 02:00 pm",449.556,218.284,50.0807,0.68125
"Mar 7, 03:00 pm",219.793,233.414,58.6233,0.696715
"Mar 7, 04:00 pm",88.0889,245.568,68.8596,0.675494
"Mar 7, 05:00 pm",40.5334,255.83,80.0355,0.189304
"Mar 7, 06:00 pm",30.3207,265.137,91.8493,0
"Mar 7, 07:00 pm",17.8683,274.298,103.737,0
"Mar 7, 08:00 pm",0,284.148,115.472,0
"Mar 7, 09:00 pm",0,295.773,126.651,0
"Mar 7, 10:00 pm",0,310.768,136.61,0
"Mar 7, 11:00 pm",0,331.156,144.142,0
"Mar 8, 12:00 am",0,357.271,147.409,0
"Mar 8, 01:00 am",0,24.075,145.155,0
"Mar 8, 02:00 am",0,45.6568,138.283,0
"Mar 8, 03:00 am",0,61.5217,128.666,0
"Mar 8, 04:00 am",0,73.6385,117.648,0
"Mar 8, 05:00 am",0,83.7183,105.969,0
"Mar 8, 06:00 am",0,92.9225,94.0668,0
"Mar 8, 07:00 am",0,102.115,82.1483,0
"Mar 8, 08:00 am",0,112.097,70.8278,0.602027
"Mar 8, 09:00 am",0,123.777,60.3126,0.699764
"Mar 8, 10:00 am",463.227,138.24,51.3062,0.684981
"Mar 8, 11:00 am",433.088,156.418,44.8367,0.670277
"Mar 8, 12:00 pm",418.836,177.856,42.1489,0.663041
"Mar 8, 01:00 pm",430.959,199.665,43.9613,0.668368
"Mar 8, 02:00 pm",456.217,218.606,49.7725,0.682327
"Mar 8, 03:00 pm",477.489,233.762,58.3636,0.697417
"Mar 8, 04:00 pm",443.092,245.918,68.6367,0.681355
"Mar 8, 05:00 pm",67.0804,256.176,79.8377,0.19719
"Mar 8, 06:00 pm",40.2692,265.484,91.6609,0
"Mar 8, 07:00 pm",29.6364,274.655,103.549,0
"Mar 8, 08:00 pm",17.1186,284.525,115.271,0
"Mar 8, 09:00 pm",0,296.175,126.423,0
"Mar 8, 10:00 pm",0,311.181,136.336,0
"Mar 8, 11:00 pm",0,331.507,143.805,0
"Mar 9, 12:00 am",0,357.412,147.021,0
"Mar 9, 01:00 am",0,23.9567,144.766,0
"Mar 9, 02:00 am",0,45.4008,137.926,0
"Mar 9, 03:00 am",0,61.2295,128.344,0
"Mar 9, 04:00 am",0,73.3474,117.348,0
"Mar 9, 05:00 am",0,83.4364,105.681,0
"Mar 9, 06:00 am",0,92.6488,93.7805,0
"Mar 9, 07:00 am",0,101.847,81.8582,0.109104
"Mar 9, 08:00 am",0,111.836,70.5191,0.606266
"Mar 9, 09:00 am",460.538,123.532,59.9789,0.700293
"Mar 9, 10:00 am",461.136,138.042,50.9422,0.685839
"Mar 9, 11:00 am",433.368,156.325,44.4465,0.671516
"Mar 9, 12:00 pm",419.47,177.933,41.7565,0.664522
"Mar 9, 01:00 pm",430.823,199.904,43.6019,0.669761
"Mar 9, 02:00 pm",456.635,218.934,49.4651,0.683386
"Mar 9, 03:00 pm",483.755,234.115,58.1051,0.698107
"Mar 9, 04:00 pm",450.665,246.27,68.4148,0.687162
"Mar 9, 05:00 pm",73.948,256.524,79.6402,0.205134
"Mar 9, 06:00 pm",40.2442,265.833,91.4732,0
"Mar 9, 07:00 pm",29.5868,275.014,103.361,0
"Mar 9, 08:00 pm",17.0799,284.903,115.071,0
"Mar 9, 09:00 pm",0,296.576,126.194,0
"Mar 9, 10:00 pm",0,311.592,136.06,0
"Mar 9, 11:00 pm",0,331.855,143.466,0
"Mar 10, 12:00 am",0,357.553,146.632,0
"Mar 10, 01:00 am",0,23.8426,144.375,0
"Mar 10, 02:00 am",0,45.1495,137.567,0
"Mar 10, 03:00 am",0,60.9405,128.019,0
"Mar 10, 04:00 am",0,73.0583,117.046,0
"Mar 10, 05:00 am",0,83.1557,105.391,0
"Mar 10, 06:00 am",0,92.3755,93.4923,0
"Mar 10, 07:00 am",0,101.579,81.5668,0.119365
"Mar 10, 08:00 am",0,111.574,70.2091,0.612375
"Mar 10, 09:00 am",472.841,123.286,59.6441,0.700805
"Mar 10, 10:00 am",471.467,137.842,50.5769,0.686684
"Mar 10, 11:00 am",445.111,156.232,44.0551,0.672736
"Mar 10, 12:00 pm",430.221,178.013,41.3633,0.665975
"Mar 10, 01:00 pm",440.758,200.149,43.2426,0.671129
"Mar 10, 02:00 pm",465.335,219.266,49.1587,0.684425
"Mar 10, 03:00 pm",487.709,234.472,57.8479,0.698785
"Mar 10, 04:00 pm",456.303,246.625,68.1943,0.692914
"Mar 10, 05:00 pm",78.5424,256.874,79.4437,0.213134
"Mar 10, 06:00 pm",40.2492,266.184,91.2861,0
"Mar 10, 07:00 pm",29.5842,275.373,103.173,0
"Mar 10, 08:00 pm",17.0702,285.281,114.869,0
"Mar 10, 09:00 pm",0,296.977,125.964,0
"Mar 10, 10:00 pm",0,312.001,135.782,0
"Mar 10, 11:00 pm",0,332.201,143.127,0
"Mar 11, 12:00 am",0,357.694,146.243,0
"Mar 11, 01:00 am",0,23.7327,143.982,0
"Mar 11, 02:00 am",0,44.9027,137.206,0
"Mar 11, 03:00 am",0,60.6547,127.691,0
"Mar 11, 04:00 am",0,72.7711,116.742,0
"Mar 11, 05:00 am",0,82.8759,105.099,0
"Mar 11, 06:00 am",0,92.1026,93.2024,0
"Mar 11, 07:00 am",0,101.311,81.274,0.129922
"Mar 11, 08:00 am",0,111.312,69.8978,0.618501
"Mar 11, 09:00 am",122.926,123.04,59.3082,0.701308
"Mar 11, 10:00 am",203.966,137.641,50.2105,0.687515
"Mar 11, 11:00 am",85.5705,156.14,43.6625,0.673934
"Mar 11, 12:00 pm",399.721,178.096,40.9693,0.667402
"Mar 11, 01:00 pm",402.173,200.4,42.8834,0.672471
"Mar 11, 02:00 pm",412.115,219.604,48.8532,0.685446
"Mar 11, 03:00 pm",427.782,234.832,57.5919,0.699451
"Mar 11, 04:00 pm",375.074,246.983,67.9748,0.698612
"Mar 11, 05:00 pm",40.3217,257.226,79.248,0.221188
"Mar 11, 06:00 pm",29.8753,266.536,91.0996,0
"Mar 11, 07:00 pm",17.3622,275.734,102.985,0
"Mar 11, 08:00 pm",0,285.659,114.668,0
"Mar 11, 09:00 pm",0,297.378,125.733,0
"Mar 11, 10:00 pm",0,312.409,135.504,0
"Mar 11, 11:00 pm",0,332.544,142.786,0
"Mar 12, 12:00 am",0,357.835,145.852,0
"Mar 12, 01:00 am",0,23.6266,143.589,0
"Mar 12, 02:00 am",0,44.6604,136.844,0
"Mar 12, 03:00 am",0,60.372,127.361,0
"Mar 12, 04:00 am",0,72.4859,116.435,0
"Mar 12, 05:00 am",0,82.5973,104.805,0
"Mar 12, 06:00 am",0,91.8302,92.9108,0
"Mar 12, 07:00 am",0,101.043,80.9781,0.140775
"Mar 12, 08:00 am",0,111.049,69.5848,0.624641
"Mar 12, 09:00 am",469.638,122.792,58.9709,0.701804
"Mar 12, 10:00 am",478.414,137.439,49.8429,0.688333
"Mar 12, 11:00 am",453.654,156.047,43.2687,0.675112
"Mar 12, 12:00 pm",439.514,178.183,40.5744,0.668802
"Mar 12, 01:00 pm",449.762,200.657,42.5244,0.673787
"Mar 12, 02:00 pm",473.971,219.947,48.5486,0.686448
"Mar 12, 03:00 pm",491.769,235.196,57.3372,0.700104
"Mar 12, 04:00 pm",465.679,247.343,67.7564,0.704257
"Mar 12, 05:00 pm",88.825,257.58,79.0526,0.229297
"Mar 12, 06:00 pm",40.3266,266.889,90.9137,0
"Mar 12, 07:00 pm",29.3632,276.096,102.798,0
"Mar 12, 08:00 pm",16.526,286.038,114.466,0
"Mar 12, 09:00 pm",0,297.778,125.502,0
"Mar 12, 10:00 pm",0,312.815,135.224,0
"Mar 12, 11:00 pm",0,332.883,142.444,0
"Mar 13, 12:00 am",0,357.975,145.46,0
"Mar 13, 01:00 am",0,23.5242,143.194,0
"Mar 13, 02:00 am",0,44.4224,136.479,0
"Mar 13, 03:00 am",0,60.0925,127.03,0
"Mar 13, 04:00 am",0,72.2026,116.127,0
"Mar 13, 05:00 am",0,82.3197,104.509,0
"Mar 13, 06:00 am",0,91.5582,92.6179,0
"Mar 13, 07:00 am",0,100.775,80.6806,0.151922
"Mar 13, 08:00 am",0,110.785,69.2708,0
"Mar 13, 09:00 am",0,122.543,58.6328,0.702295
"Mar 13, 10:00 am",0,137.236,49.4744,0.689138
"Mar 13, 11:00 am",0,155.955,42.8739,0.676269
"Mar 13, 12:00 pm",0,178.273,40.1789,0.670175
"Mar 13, 01:00 pm",0,200.919,42.1657,0.675078
"Mar 13, 02:00 pm",0,220.295,48.2452,0.687431
"Mar 13, 03:00 pm",0,235.564,57.0837,0.700744
"Mar 13, 04:00 pm",0,247.706,67.5391,0.709848
"Mar 13, 05:00 pm",0,257.936,78.8583,0
"Mar 13, 06:00 pm",0,267.244,90.1352,0
"Mar 13, 07:00 pm",0,276.458,102.61,0
"Mar 13, 08:00 pm",0,286.416,114.263,0
"Mar 13, 09:00 pm",0,298.177,125.269,0
"Mar 13, 10:00 pm",0,313.218,134.943,0
"Mar 13, 11:00 pm",0,333.22,142.101,0
"Mar 14, 12:00 am",0,358.114,145.068,0
"Mar 14, 01:00 am",0,23.4252,142.798,0
"Mar 14, 02:00 am",0,44.1885,136.113,0
"Mar 14, 03:00 am",0,59.816,126.696,0
"Mar 14, 04:00 am",0,71.9212,115.817,0
"Mar 14, 05:00 am",0,82.0431,104.212,0
"Mar 14, 06:00 am",0,91.2866,92.3236,0
"Mar 14, 07:00 am",0,100.506,80.384,0
"Mar 14, 08:00 am",0,110.521,68.9567,0
"Mar 14, 09:00 am",0,122.293,58.2944,0.702774
"Mar 14, 10:00 am",0,137.032,49.1055,0.68993
"Mar 14, 11:00 am",0,155.863,42.4786,0.677405
"Mar 14, 12:00 pm",0,178.367,39.7832,0.671521
"Mar 14, 01:00 pm",0,201.186,41.8076,0
"Mar 14, 02:00 pm",0,220.648,47.9431,0.688394
"Mar 14, 03:00 pm",0,235.936,56.832,0.701371
"Mar 14, 04:00 pm",0,248.071,67.3235,0.712298
"Mar 14, 05:00 pm",0,258.293,78.6653,0
"Mar 14, 06:00 pm",0,267.599,89.9789,0
"Mar 14, 07:00 pm",0,276.82,102.423,0
"Mar 14, 08:00 pm",0,286.795,114.061,0
"Mar 14, 09:00 pm",0,298.576,125.036,0
"Mar 14, 10:00 pm",0,313.619,134.661,0
"Mar 14, 11:00 pm",0,333.553,141.757,0
"Mar 15, 12:00 am",0,358.252,144.676,0
"Mar 15, 01:00 am",0,23.3295,142.402,0
"Mar 15, 02:00 am",0,43.9587,135.746,0
"Mar 15, 03:00 am",0,59.5425,126.361,0
"Mar 15, 04:00 am",0,71.6417,115.505,0
"Mar 15, 05:00 am",0,81.7677,103.913,0
"Mar 15, 06:00 am",0,91.0155,92.0283,0
"Mar 15, 07:00 am",0,100.238,80.0858,0
"Mar 15, 08:00 am",0,110.256,68.6417,0.664742
"Mar 15, 09:00 am",0,122.041,57.9554,0.703245
"Mar 15, 10:00 am",0,136.826,48.7361,0.690708
"Mar 15, 11:00 am",0,155.771,42.0828,0.678521
"Mar 15, 12:00 pm",0,178.463,39.3873,0.672365
"Mar 15, 01:00 pm",397.941,201.459,41.4504,0.677581
"Mar 15, 02:00 pm",433.472,221.006,47.6429,0.689337
"Mar 15, 03:00 pm",446.626,236.31,56.5825,0.701985
"Mar 15, 04:00 pm",81.9618,248.439,67.1103,0.712709
"Mar 15, 05:00 pm",40.4374,258.651,78.4745,0.253937
"Mar 15, 06:00 pm",29.8554,267.956,89.8282,0
"Mar 15, 07:00 pm",16.6022,277.184,102.236,0
"Mar 15, 08:00 pm",0,287.174,113.857,0
"Mar 15, 09:00 pm",0,298.973,124.801,0
"Mar 15, 10:00 pm",0,314.018,134.378,0
"Mar 15, 11:00 pm",0,333.884,141.412,0
"Mar 16, 12:00 am",0,358.39,144.282,0
"Mar 16, 01:00 am",0,23.2368,142.005,0
"Mar 16, 02:00 am",0,43.7327,135.377,0
"Mar 16, 03:00 am",0,59.2719,126.025,0
"Mar 16, 04:00 am",0,71.3641,115.192,0
"Mar 16, 05:00 am",0,81.4932,103.613,0
"Mar 16, 06:00 am",0,90.7447,91.7319,0
"Mar 16, 07:00 am",0,99.9692,79.7864,0
"Mar 16, 08:00 am",0,109.99,68.3264,0.673751
"Mar 16, 09:00 am",0,121.789,57.6163,0.703707
"Mar 16, 10:00 am",0,136.619,48.3665,0.691308
"Mar 16, 11:00 am",357.959,155.679,41.6865,0.679616
"Mar 16, 12:00 pm",345.737,178.563,38.9912,0.674134
"Mar 16, 01:00 pm",333.071,201.738,41.0936,0.678794
"Mar 16, 02:00 pm",118.389,221.369,47.3436,0.690262
"Mar 16, 03:00 pm",40.9296,236.688,56.3339,0.702585
"Mar 16, 04:00 pm",33.4953,248.808,66.8974,0.713111
"Mar 16, 05:00 pm",23.8408,259.011,78.2839,0.262254
"Mar 16, 06:00 pm",13.8442,268.313,89.678,0
"Mar 16, 07:00 pm",0,277.547,102.048,0
"Mar 16, 08:00 pm",0,287.552,113.654,0
"Mar 16, 09:00 pm",0,299.368,124.566,0
"Mar 16, 10:00 pm",0,314.414,134.094,0
"Mar 16, 11:00 pm",0,334.21,141.067,0
"Mar 17, 12:00 am",0,358.526,143.889,0
"Mar 17, 01:00 am",0,23.147,141.607,0
"Mar 17, 02:00 am",0,43.5106,135.007,0
"Mar 17, 03:00 am",0,59.0042,125.687,0
"Mar 17, 04:00 am",0,71.0883,114.877,0
"Mar 17, 05:00 am",0,81.2199,103.312,0
"Mar 17, 06:00 am",0,90.4744,91.4347,0
"Mar 17, 07:00 am",0,99.7004,79.4865,0
"Mar 17, 08:00 am",0,109.723,68.0106,0.682758
"Mar 17, 09:00 am",0,121.535,57.2768,0.704162
"Mar 17, 10:00 am",0,136.41,47.9964,0.692225
"Mar 17, 11:00 am",0,155.586,41.2898,0.680691
"Mar 17, 12:00 pm",267.701,178.666,38.5948,0.674921
"Mar 17, 01:00 pm",188.585,202.021,40.7376,0.679982
"Mar 17, 02:00 pm",123.559,221.736,47.0458,0.691166
"Mar 17, 03:00 pm",108.376,237.069,56.087,0.703173
"Mar 17, 04:00 pm",42.2164,249.18,66.6861,0.713502
"Mar 17, 05:00 pm",36.2746,259.372,78.0942,0.270621
"Mar 17, 06:00 pm",28.1928,268.67,89.5209,0
"Mar 17, 07:00 pm",18.5715,277.91,101.861,0
"Mar 17, 08:00 pm",0,287.929,113.45,0
"Mar 17, 09:00 pm",0,299.763,124.33,0
"Mar 17, 10:00 pm",0,314.807,133.809,0
"Mar 17, 11:00 pm",0,334.533,140.72,0
"Mar 18, 12:00 am",0,358.661,143.495,0
"Mar 18, 01:00 am",0,23.0597,141.209,0
"Mar 18, 02:00 am",0,43.2921,134.636,0
"Mar 18, 03:00 am",0,58.7394,125.347,0
"Mar 18, 04:00 am",0,70.8144,114.562,0
"Mar 18, 05:00 am",0,80.9476,103.01,0
"Mar 18, 06:00 am",0,90.2046,91.1368,0
"Mar 18, 07:00 am",0,99.4314,79.1864,0.211995
"Mar 18, 08:00 am",0,109.456,67.6948,0.691757
"Mar 18, 09:00 am",299.671,121.279,56.9374,0.704595
"Mar 18, 10:00 am",382.07,136.199,47.6264,0.692964
"Mar 18, 11:00 am",375.511,155.492,40.8928,0.681745
"Mar 18, 12:00 pm",404.389,178.772,38.1985,0.676641
"Mar 18, 01:00 pm",413.156,202.31,40.3825,0.681143
"Mar 18, 02:00 pm",429.924,222.108,46.7495,0.692051
"Mar 18, 03:00 pm",425.413,237.453,55.8417,0.703746
"Mar 18, 04:00 pm",385.041,249.553,66.4762,0.713885
"Mar 18, 05:00 pm",72.1811,259.734,77.9058,0.279039
"Mar 18, 06:00 pm",40.1593,269.028,89.3678,0
"Mar 18, 07:00 pm",29.7091,278.274,101.674,0
"Mar 18, 08:00 pm",17.4235,288.306,113.246,0
"Mar 18, 09:00 pm",0,300.156,124.093,0
"Mar 18, 10:00 pm",0,315.197,133.523,0
"Mar 18, 11:00 pm",0,334.852,140.373,0
"Mar 19, 12:00 am",0,358.795,143.101,0
"Mar 19, 01:00 am",0,22.975,140.81,0
"Mar 19, 02:00 am",0,43.0771,134.265,0
"Mar 19, 03:00 am",0,58.4773,125.007,0
"Mar 19, 04:00 am",0,70.5423,114.245,0
"Mar 19, 05:00 am",0,80.6764,102.707,0
"Mar 19, 06:00 am",0,89.9351,90.8384,0
"Mar 19, 07:00 am",0,99.1623,78.886,0.224856
"Mar 19, 08:00 am",0,109.188,67.379,0.665109
"Mar 19, 09:00 am",488.008,121.022,56.5981,0.705045
"Mar 19, 10:00 am",485.316,135.987,47.2564,0.693689
"Mar 19, 11:00 am",461.377,155.398,40.4957,0.682779
"Mar 19, 12:00 pm",458.656,178.88,37.8023,0.677855
"Mar 19, 01:00 pm",470.137,202.604,40.0283,0.682279
"Mar 19, 02:00 pm",493.693,222.483,46.4549,0.692916
"Mar 19, 03:00 pm",509.466,237.84,55.598,0.704307
"Mar 19, 04:00 pm",490.688,249.927,66.2677,0.714257
"Mar 19, 05:00 pm",133.138,260.097,77.7182,0.287508
"Mar 19, 06:00 pm",40.2054,269.387,89.2109,0
"Mar 19, 07:00 pm",29.5645,278.637,101.487,0
"Mar 19, 08:00 pm",17.0765,288.683,113.041,0
"Mar 19, 09:00 pm",0,300.547,123.856,0
"Mar 19, 10:00 pm",0,315.584,133.235,0
"Mar 19, 11:00 pm",0,335.167,140.026,0
"Mar 20, 12:00 am",0,358.928,142.707,0
"Mar 20, 01:00 am",0,22.8926,140.412,0
"Mar 20, 02:00 am",0,42.8655,133.892,0
"Mar 20, 03:00 am",0,58.218,124.666,0
"Mar 20, 04:00 am",0,70.272,113.928,0
"Mar 20, 05:00 am",0,80.4062,102.403,0
"Mar 20, 06:00 am",0,89.6661,89.9763,0
"Mar 20, 07:00 am",0,98.8931,78.5855,0.23799
"Mar 20, 08:00 am",0,108.919,67.0632,0.669629
"Mar 20, 09:00 am",486.611,120.764,56.259,0.705474
"Mar 20, 10:00 am",481.917,135.772,46.8866,0.694259
"Mar 20, 11:00 am",456.419,155.304,40.0986,0.683792
"Mar 20, 12:00 pm",446.419,178.991,37.4063,0.679043
"Mar 20, 01:00 pm",452.803,202.903,39.675,0.68339
"Mar 20, 02:00 pm",472.688,222.864,46.1616,0.693762
"Mar 20, 03:00 pm",486.366,238.229,55.3557,0.704853
"Mar 20, 04:00 pm",464.829,250.304,66.06,0.714619
"Mar 20, 05:00 pm",127.245,260.461,77.5301,0.296027
"Mar 20, 06:00 pm",40.3611,269.745,89.0444,0
"Mar 20, 07:00 pm",29.5628,279,101.3,0
"Mar 20, 08:00 pm",16.9356,289.058,112.835,0
"Mar 20, 09:00 pm",0,300.936,123.617,0
"Mar 20, 10:00 pm",0,315.968,132.947,0
"Mar 20, 11:00 pm",0,335.479,139.677,0
"Mar 21, 12:00 am",0,359.058,142.313,0
"Mar 21, 01:00 am",0,22.8123,140.013,0
"Mar 21, 02:00 am",0,42.6572,133.52,0
"Mar 21, 03:00 am",0,57.9613,124.324,0
"Mar 21, 04:00 am",0,70.0035,113.61,0
"Mar 21, 05:00 am",0,80.1371,102.099,0
"Mar 21, 06:00 am",0,89.3976,89.7198,0
"Mar 21, 07:00 am",0,98.6237,78.2833,0.251392
"Mar 21, 08:00 am",0,108.65,66.7469,0.715397
"Mar 21, 09:00 am",0,120.504,55.9196,0.705944
"Mar 21, 10:00 am",194.069,135.556,46.5166,0.6951
"Mar 21, 11:00 am",84.5656,155.208,39.7012,0.684785
"Mar 21, 12:00 pm",40.1378,179.106,37.0102,0.680205
"Mar 21, 01:00 pm",33.9768,203.207,39.3225,0.684476
"Mar 21, 02:00 pm",29.0829,223.248,45.8698,0.694571
"Mar 21, 03:00 pm",21.6596,238.621,55.1149,0.705378
"Mar 21, 04:00 pm",11.3195,250.681,65.8534,0.714972
"Mar 21, 05:00 pm",0,260.825,77.3432,0
"Mar 21, 06:00 pm",0,270.104,88.8813,0
"Mar 21, 07:00 pm",0,279.363,101.113,0
"Mar 21, 08:00 pm",0,289.432,112.63,0
"Mar 21, 09:00 pm",0,301.323,123.378,0
"Mar 21, 10:00 pm",0,316.349,132.658,0
"Mar 21, 11:00 pm",0,335.786,139.329,0
"Mar 22, 12:00 am",0,359.187,141.919,0
"Mar 22, 01:00 am",0,22.734,139.614,0
"Mar 22, 02:00 am",0,42.452,133.147,0
"Mar 22, 03:00 am",0,57.7073,123.982,0
"Mar 22, 04:00 am",0,69.7368,113.291,0
"Mar 22, 05:00 am",0,79.869,101.795,0
"Mar 22, 06:00 am",0,89.1295,89.4621,0
"Mar 22, 07:00 am",0,98.3541,77.9817,0.265057
"Mar 22, 08:00 am",0,108.38,66.4312,0.715654
"Mar 22, 09:00 am",0,120.243,55.5811,0.706344
"Mar 22, 10:00 am",0,135.338,46.1473,0.695664
"Mar 22, 11:00 am",19.2028,155.112,39.3044,0.685759
"Mar 22, 12:00 pm",21.1964,179.222,36.6148,0.681342
"Mar 22, 01:00 pm",25.7695,203.515,38.9715,0.685176
"Mar 22, 02:00 pm",27.3209,223.636,45.5799,0.695395
"Mar 22, 03:00 pm",344.511,239.015,54.8759,0.705947
"Mar 22, 04:00 pm",40.1754,251.06,65.6484,0.715314
"Mar 22, 05:00 pm",29.1695,261.19,77.1571,0.313217
"Mar 22, 06:00 pm",15.6157,270.463,88.716,0
"Mar 22, 07:00 pm",0,279.725,100.926,0
"Mar 22, 08:00 pm",0,289.805,112.424,0
"Mar 22, 09:00 pm",0,301.708,123.138,0
"Mar 22, 10:00 pm",0,316.726,132.369,0
"Mar 22, 11:00 pm",0,336.09,138.979,0
"Mar 23, 12:00 am",0,359.314,141.525,0
"Mar 23, 01:00 am",0,22.6576,139.216,0
"Mar 23, 02:00 am",0,42.25,132.773,0
"Mar 23, 03:00 am",0,57.4559,123.639,0
"Mar 23, 04:00 am",0,69.4719,112.972,0
"Mar 23, 05:00 am",0,79.6021,101.49,0
"Mar 23, 06:00 am",0,88.8618,89.201,0
"Mar 23, 07:00 am",0,98.0845,77.6802,0
"Mar 23, 08:00 am",0,108.108,66.116,0.715905
"Mar 23, 09:00 am",0,119.98,55.2431,0.706814
"Mar 23, 10:00 am",0,135.117,45.7787,0.696307
"Mar 23, 11:00 am",469.431,155.014,38.9079,0.686712
"Mar 23, 12:00 pm",49.225,179.342,36.2199,0.682453
"Mar 23, 01:00 pm",41.949,203.829,38.6217,0.686572
"Mar 23, 02:00 pm",464.184,224.028,45.2917,0.696036
"Mar 23, 03:00 pm",41.9942,239.411,54.6387,0.706466
"Mar 23, 04:00 pm",35.0213,251.439,65.4449,0.715647
"Mar 23, 05:00 pm",25.4443,261.555,76.9723,0.321888
"Mar 23, 06:00 pm",13.965,270.821,88.5513,0
"Mar 23, 07:00 pm",0,280.086,100.739,0
"Mar 23, 08:00 pm",0,290.177,112.217,0
"Mar 23, 09:00 pm",0,302.091,122.898,0
"Mar 23, 10:00 pm",0,317.1,132.078,0
"Mar 23, 11:00 pm",0,336.389,138.63,0
"Mar 24, 12:00 am",0,359.44,141.132,0
"Mar 24, 01:00 am",0,22.5829,138.818,0
"Mar 24, 02:00 am",0,42.051,132.4,0
"Mar 24, 03:00 am",0,57.207,123.296,0
"Mar 24, 04:00 am",0,69.2088,112.652,0
"Mar 24, 05:00 am",0,79.3362,101.186,0
"Mar 24, 06:00 am",0,88.5947,88.9387,0
"Mar 24, 07:00 am",0,97.8147,77.3798,0.293151
"Mar 24, 08:00 am",0,107.837,65.802,0.688029
"Mar 24, 09:00 am",521.403,119.716,54.9064,0.707276
"Mar 24, 10:00 am",516.274,134.895,45.4109,0.697117
"Mar 24, 11:00 am",493.834,154.916,38.5119,0.687645
"Mar 24, 12:00 pm",40.8676,179.464,35.8256,0.683539
"Mar 24, 01:00 pm",413.526,204.148,38.2734,0.687583
"Mar 24, 02:00 pm",487.994,224.423,45.0056,0.696951
"Mar 24, 03:00 pm",471.088,239.809,54.4035,0.70704
"Mar 24, 04:00 pm",422.471,251.82,65.243,0.715969
"Mar 24, 05:00 pm",112.744,261.92,76.7887,0.33061
"Mar 24, 06:00 pm",40.3101,271.18,88.3873,0
"Mar 24, 07:00 pm",29.5151,280.447,100.552,0
"Mar 24, 08:00 pm",16.8826,290.548,112.01,0
"Mar 24, 09:00 pm",0,302.472,122.657,0
"Mar 24, 10:00 pm",0,317.47,131.787,0
"Mar 24, 11:00 pm",0,336.684,138.28,0
"Mar 25, 12:00 am",0,359.563,140.739,0
"Mar 25, 01:00 am",0,22.5098,138.42,0
"Mar 25, 02:00 am",0,41.8548,132.027,0
"Mar 25, 03:00 am",0,56.9606,122.953,0
"Mar 25, 04:00 am",0,68.9474,112.333,0
"Mar 25, 05:00 am",0,79.0713,100.881,0
"Mar 25, 06:00 am",0,88.328,88.6785,0
"Mar 25, 07:00 am",0,97.5448,77.0808,0
"Mar 25, 08:00 am",0,107.564,65.4889,0.716389
"Mar 25, 09:00 am",0,119.449,54.5706,0.707729
"Mar 25, 10:00 am",0,134.67,45.0441,0.697616
"Mar 25, 11:00 am",40.4177,154.816,38.1167,0.688558
"Mar 25, 12:00 pm",28.0301,179.588,35.4322,0.6846
"Mar 25, 01:00 pm",21.8031,204.471,37.9267,0.688569
"Mar 25, 02:00 pm",21.5775,224.823,44.7216,0.697564
"Mar 25, 03:00 pm",21.0768,240.209,54.1702,0.7076
"Mar 25, 04:00 pm",331.886,252.202,65.0428,0.702749
"Mar 25, 05:00 pm",135.674,262.285,76.6067,0.339384
"Mar 25, 06:00 pm",40.2181,271.538,88.2265,0
"Mar 25, 07:00 pm",28.6096,280.806,100.365,0
"Mar 25, 08:00 pm",15.9705,290.916,111.803,0
"Mar 25, 09:00 pm",0,302.85,122.415,0
"Mar 25, 10:00 pm",0,317.836,131.495,0
"Mar 25, 11:00 pm",0,336.975,137.931,0
"Mar 26, 12:00 am",0,359.685,140.347,0
"Mar 26, 01:00 am",0,22.4382,138.023,0
"Mar 26, 02:00 am",0,41.6615,131.654,0
"Mar 26, 03:00 am",0,56.7167,122.609,0
"Mar 26, 04:00 am",0,68.6878,112.014,0
"Mar 26, 05:00 am",0,78.8076,100.577,0
"Mar 26, 06:00 am",0,88.0619,88.4102,0
"Mar 26, 07:00 am",0,97.2749,76.7818,0
"Mar 26, 08:00 am",0,107.291,65.1766,0
"Mar 26, 09:00 am",0,119.182,54.2359,0.708173
"Mar 26, 10:00 am",0,134.443,44.6784,0
"Mar 26, 11:00 am",0,154.715,37.7223,0
"Mar 26, 12:00 pm",0,179.715,35.0397,0
"Mar 26, 01:00 pm",0,204.799,37.5815,0.689532
"Mar 26, 02:00 pm",0,225.225,44.4396,0.698295
"Mar 26, 03:00 pm",190.931,240.611,53.9388,0.708146
"Mar 26, 04:00 pm",40.0496,252.584,64.844,0.716583
"Mar 26, 05:00 pm",28.3377,262.65,76.4255,0.348209
"Mar 26, 06:00 pm",15.5075,271.895,88.0635,0
"Mar 26, 07:00 pm",0,281.165,100.178,0
"Mar 26, 08:00 pm",0,291.284,111.596,0
"Mar 26, 09:00 pm",0,303.225,122.172,0
"Mar 26, 10:00 pm",0,318.199,131.203,0
"Mar 26, 11:00 pm",0,337.261,137.581,0
"Mar 27, 12:00 am",0,359.804,139.955,0
"Mar 27, 01:00 am",0,22.3681,137.627,0
"Mar 27, 02:00 am",0,41.4709,131.281,0
"Mar 27, 03:00 am",0,56.4753,122.266,0
"Mar 27, 04:00 am",0,68.43,111.694,0
"Mar 27, 05:00 am",0,78.5451,100.272,0
"Mar 27, 06:00 am",0,87.7963,88.1357,0
"Mar 27, 07:00 am",0,97.0049,76.4828,0
"Mar 27, 08:00 am",0,107.016,64.865,0
"Mar 27, 09:00 am",0,118.913,53.9021,0
"Mar 27, 10:00 am",0,134.213,44.3135,0.699016
"Mar 27, 11:00 am",0,154.612,37.3285,0.690325
"Mar 27, 12:00 pm",0,179.844,34.6479,0.686647
"Mar 27, 01:00 pm",0,205.132,37.2379,0.69047
"Mar 27, 02:00 pm",0,225.631,44.1594,0.699142
"Mar 27, 03:00 pm",0,241.014,53.709,0.708678
"Mar 27, 04:00 pm",0,252.966,64.6463,0.716876
"Mar 27, 05:00 pm",0,263.015,76.2445,0
"Mar 27, 06:00 pm",0,272.252,87.8962,0
"Mar 27, 07:00 pm",0,281.523,99.9915,0
"Mar 27, 08:00 pm",0,291.649,111.388,0
"Mar 27, 09:00 pm",0,303.598,121.929,0
"Mar 27, 10:00 pm",0,318.557,130.911,0
"Mar 27, 11:00 pm",0,337.543,137.231,0
"Mar 28, 12:00 am",0,359.921,139.564,0
"Mar 28, 01:00 am",0,22.2992,137.231,0
"Mar 28, 02:00 am",0,41.283,130.909,0
"Mar 28, 03:00 am",0,56.2362,121.923,0
"Mar 28, 04:00 am",0,68.1739,111.375,0
"Mar 28, 05:00 am",0,78.2836,99.9687,0
"Mar 28, 06:00 am",0,87.5312,87.8567,0
"Mar 28, 07:00 am",0,96.7349,76.1846,0.352205
"Mar 28, 08:00 am",0,106.741,64.5547,0
"Mar 28, 09:00 am",0,118.642,53.5698,0
"Mar 28, 10:00 am",0,133.982,43.9501,0.699494
"Mar 28, 11:00 am",487.242,154.508,36.9359,0.69118
"Mar 28, 12:00 pm",487.962,179.976,34.2574,0.687222
"Mar 28, 01:00 pm",493.778,205.469,36.8962,0.691385
"Mar 28, 02:00 pm",511.389,226.04,43.8816,0.699835
"Mar 28, 03:00 pm",519.746,241.419,53.4816,0.709197
"Mar 28, 04:00 pm",496.222,253.349,64.4507,0.717158
"Mar 28, 05:00 pm",184.302,263.38,76.0657,0.366019
"Mar 28, 06:00 pm",40.27,272.607,87.734,0
"Mar 28, 07:00 pm",29.5858,281.879,99.8048,0
"Mar 28, 08:00 pm",17.068,292.013,111.18,0
"Mar 28, 09:00 pm",0,303.967,121.686,0
"Mar 28, 10:00 pm",0,318.911,130.618,0
"Mar 28, 11:00 pm",0,337.821,136.882,0
"Mar 29, 12:00 am",0,0.0366666,139.173,0
"Mar 29, 01:00 am",0,22.2315,136.837,0
"Mar 29, 02:00 am",0,41.0976,130.537,0
"Mar 29, 03:00 am",0,55.9996,121.581,0
"Mar 29, 04:00 am",0,67.9196,111.056,0
"Mar 29, 05:00 am",0,78.0233,99.6655,0
"Mar 29, 06:00 am",0,87.2668,87.5806,0
"Mar 29, 07:00 am",0,96.4649,75.8879,0.367521
"Mar 29, 08:00 am",0,106.466,64.2458,0.705657
"Mar 29, 09:00 am",517.956,118.369,53.2391,0.709454
"Mar 29, 10:00 am",513.085,133.747,43.5882,0.700215
"Mar 29, 11:00 am",497.603,154.402,36.5444,0.692015
"Mar 29, 12:00 pm",488.888,180.11,33.868,0.688598
"Mar 29, 01:00 pm",492.775,205.81,36.5564,0.692277
"Mar 29, 02:00 pm",506.47,226.452,43.6059,0.70051
"Mar 29, 03:00 pm",306.289,241.825,53.2559,0.709701
"Mar 29, 04:00 pm",223.735,253.732,64.2563,0.71743
"Mar 29, 05:00 pm",42.5174,263.745,75.8869,0.375005
"Mar 29, 06:00 pm",35.1541,272.962,87.567,0
"Mar 29, 07:00 pm",23.7078,282.234,99.6182,0
"Mar 29, 08:00 pm",11.9789,292.374,110.971,0
"Mar 29, 09:00 pm",0,304.334,121.442,0
"Mar 29, 10:00 pm",0,319.262,130.324,0
"Mar 29, 11:00 pm",0,338.094,136.533,0
"Mar 30, 12:00 am",0,0.149724,138.784,0
"Mar 30, 01:00 am",0,22.165,136.443,0
"Mar 30, 02:00 am",0,40.9148,130.166,0
"Mar 30, 03:00 am",0,55.7652,121.239,0
"Mar 30, 04:00 am",0,67.667,110.738,0
"Mar 30, 05:00 am",0,77.7642,99.363,0
"Mar 30, 06:00 am",0,87.003,87.3032,0
"Mar 30, 07:00 am",0,96.195,75.5921,0
"Mar 30, 08:00 am",0,106.19,63.938,0.717497
"Mar 30, 09:00 am",0,118.095,52.9097,0.709849
"Mar 30, 10:00 am",280.81,133.51,43.2276,0.700795
"Mar 30, 11:00 am",240.396,154.294,36.154,0.692831
"Mar 30, 12:00 pm",268.819,180.246,33.4797,0.689538
"Mar 30, 01:00 pm",469.966,206.156,36.2184,0.693146
"Mar 30, 02:00 pm",167.988,226.867,43.3324,0.701166
"Mar 30, 03:00 pm",101.242,242.232,53.0321,0.710192
"Mar 30, 04:00 pm",145.364,254.115,64.0632,0.717692
"Mar 30, 05:00 pm",41.3802,264.108,75.7092,0.384045
"Mar 30, 06:00 pm",31.5652,273.316,87.4012,0
"Mar 30, 07:00 pm",19.4533,282.587,99.4318,0
"Mar 30, 08:00 pm",0,292.733,110.763,0
"Mar 30, 09:00 pm",0,304.698,121.198,0
"Mar 30, 10:00 pm",0,319.608,130.031,0
"Mar 30, 11:00 pm",0,338.363,136.184,0
"Mar 31, 12:00 am",0,0.260571,138.396,0
"Mar 31, 01:00 am",0,22.0995,136.051,0
"Mar 31, 02:00 am",0,40.7344,129.796,0
"Mar 31, 03:00 am",0,55.5332,120.898,0
"Mar 31, 04:00 am",0,67.4162,110.421,0
"Mar 31, 05:00 am",0,77.5062,99.0614,0
"Mar 31, 06:00 am",0,86.7398,87.0263,0
"Mar 31, 07:00 am",0,95.9251,75.2983,0.398758
"Mar 31, 08:00 am",0,105.913,63.6324,0.708922
"Mar 31, 09:00 am",496.6,117.819,52.5823,0.710265
"Mar 31, 10:00 am",493.721,133.271,42.8689,0.701363
"Mar 31, 11:00 am",482.402,154.185,35.7651,0.693627
"Mar 31, 12:00 pm",482.683,180.385,33.0929,0.690454
"Mar 31, 01:00 pm",490.331,206.507,35.8824,0.693992
"Mar 31, 02:00 pm",275.635,227.285,43.0611,0.701804
"Mar 31, 03:00 pm",220.945,242.641,52.8103,0.71067
"Mar 31, 04:00 pm",453.027,254.498,63.8716,0.717945
"Mar 31, 05:00 pm",177.306,264.472,75.5325,0.39314
"Mar 31, 06:00 pm",40.3014,273.669,87.2344,0
"Mar 31, 07:00 pm",29.4139,282.939,99.2455,0
"Mar 31, 08:00 pm",16.6865,293.09,110.554,0
"Mar 31, 09:00 pm",0,305.058,120.953,0
"Mar 31, 10:00 pm",0,319.95,129.737,0
"Mar 31, 11:00 pm",0,338.628,135.836,0
"Apr 1, 12:00 am",0,0.369166,138.009,0
"Apr 1, 01:00 am",0,22.0349,135.66,0
"Apr 1, 02:00 am",0,40.5563,129.427,0
"Apr 1, 03:00 am",0,55.3035,120.557,0
"Apr 1, 04:00 am",0,67.1672,110.104,0
"Apr 1, 05:00 am",0,77.2495,98.7607,0
"Apr 1, 06:00 am",0,86.4772,86.7438,0
"Apr 1, 07:00 am",0,95.6552,75.0044,0.414659
"Apr 1, 08:00 am",0,105.635,63.3276,0.710502
"Apr 1, 09:00 am",541.132,117.542,52.2564,0.710657
"Apr 1, 10:00 am",539.668,133.029,42.5117,0.701917
"Apr 1, 11:00 am",525.773,154.073,35.3775,0.694405
"Apr 1, 12:00 pm",503.772,180.525,32.7075,0.691348
"Apr 1, 01:00 pm",510.947,206.861,35.5484,0.694815
"Apr 1, 02:00 pm",527.068,227.705,42.7922,0.702425
"Apr 1, 03:00 pm",519.18,243.05,52.5905,0.711134
"Apr 1, 04:00 pm",488.247,254.881,63.6814,0.718064
"Apr 1, 05:00 pm",197.985,264.834,75.3564,0.402291
"Apr 1, 06:00 pm",40.3211,274.021,87.0664,0
"Apr 1, 07:00 pm",29.4326,283.289,99.0594,0
"Apr 1, 08:00 pm",16.7348,293.445,110.345,0
"Apr 1, 09:00 pm",0,305.416,120.708,0
"Apr 1, 10:00 pm",0,320.288,129.443,0
"Apr 1, 11:00 pm",0,338.888,135.488,0
"Apr 2, 12:00 am",0,0.475467,137.623,0
"Apr 2, 01:00 am",0,21.9711,135.27,0
"Apr 2, 02:00 am",0,40.3805,129.06,0
"Apr 2, 03:00 am",0,55.076,120.218,0
"Apr 2, 04:00 am",0,66.9199,109.789,0
"Apr 2, 05:00 am",0,76.9939,98.461,0
"Apr 2, 06:00 am",0,86.2154,86.4657,0
"Apr 2, 07:00 am",0,95.3855,74.7131,0.430736
"Apr 2, 08:00 am",0,105.357,63.0252,0.712057
"Apr 2, 09:00 am",537.959,117.263,51.9329,0.71104
"Apr 2, 10:00 am",535.52,132.784,42.1568,0.702458
"Apr 2, 11:00 am",522.689,153.96,34.9917,0.695164
"Apr 2, 12:00 pm",514.742,180.667,32.3238,0.692218
"Apr 2, 01:00 pm",522.385,207.22,35.2169,0.695617
"Apr 2, 02:00 pm",538.841,228.128,42.5259,0.703028
"Apr 2, 03:00 pm",538.107,243.46,52.3731,0.711585
"Apr 2, 04:00 pm",525.802,255.264,63.4935,0.718155
"Apr 2, 05:00 pm",231.577,265.195,75.1825,0.411498
"Apr 2, 06:00 pm",40.1982,274.371,86.9025,0
"Apr 2, 07:00 pm",29.3468,283.638,98.8735,0
"Apr 2, 08:00 pm",16.6632,293.797,110.136,0
"Apr 2, 09:00 pm",0,305.769,120.463,0
"Apr 2, 10:00 pm",0,320.621,129.15,0
"Apr 2, 11:00 pm",0,339.144,135.141,0
"Apr 3, 12:00 am",0,0.579429,137.239,0
"Apr 3, 01:00 am",0,21.9082,134.882,0
"Apr 3, 02:00 am",0,40.2069,128.693,0
"Apr 3, 03:00 am",0,54.8507,119.88,0
"Apr 3, 04:00 am",0,66.6743,109.474,0
"Apr 3, 05:00 am",0,76.7396,98.1626,0
"Apr 3, 06:00 am",0,85.9542,86.1871,0
"Apr 3, 07:00 am",0,95.1159,74.4235,0.446979
"Apr 3, 08:00 am",0,105.078,62.7249,0.713545
"Apr 3, 09:00 am",528.934,116.982,51.6115,0.711415
"Apr 3, 10:00 am",521.347,132.537,41.804,0.702987
"Apr 3, 11:00 am",506.669,153.844,34.6076,0.695905
"Apr 3, 12:00 pm",304.033,180.812,31.9417,0.693066
"Apr 3, 01:00 pm",495.368,207.582,34.8876,0.696397
"Apr 3, 02:00 pm",515.369,228.553,42.2619,0.703614
"Apr 3, 03:00 pm",299.046,243.87,52.1575,0.712023
"Apr 3, 04:00 pm",498.602,255.646,63.3066,0.718245
"Apr 3, 05:00 pm",222.814,265.556,75.0091,0.420763
"Apr 3, 06:00 pm",40.2312,274.72,86.7378,0
"Apr 3, 07:00 pm",29.5645,283.984,98.6877,0
"Apr 3, 08:00 pm",17.104,294.147,109.927,0
"Apr 3, 09:00 pm",0,306.12,120.218,0
"Apr 3, 10:00 pm",0,320.95,128.856,0
"Apr 3, 11:00 pm",0,339.395,134.795,0
"Apr 4, 12:00 am",0,0.681008,136.856,0
"Apr 4, 01:00 am",0,21.8458,134.496,0
"Apr 4, 02:00 am",0,40.0354,128.328,0
"Apr 4, 03:00 am",0,54.6276,119.543,0
"Apr 4, 04:00 am",0,66.4305,109.161,0
"Apr 4, 05:00 am",0,76.4865,97.8655,0
"Apr 4, 06:00 am",0,85.6938,85.9075,0
"Apr 4, 07:00 am",0,94.8465,74.1352,0.463376
"Apr 4, 08:00 am",0,104.798,62.4262,0.715006
"Apr 4, 09:00 am",540.387,116.7,51.2922,0.711782
"Apr 4, 10:00 am",538.619,132.286,41.4532,0.703502
"Apr 4, 11:00 am",536.918,153.726,34.2253,0.696627
"Apr 4, 12:00 pm",519.318,180.958,31.5614,0.693892
"Apr 4, 01:00 pm",528.257,207.949,34.5606,0.697155
"Apr 4, 02:00 pm",537.168,228.98,42.0004,0.704182
"Apr 4, 03:00 pm",538.098,244.28,51.944,0.712448
"Apr 4, 04:00 pm",527.468,256.027,63.1212,0.718334
"Apr 4, 05:00 pm",246.581,265.915,74.8365,0.430086
"Apr 4, 06:00 pm",40.103,275.067,86.572,0
"Apr 4, 07:00 pm",29.3591,284.328,98.5022,0
"Apr 4, 08:00 pm",16.8177,294.494,109.718,0
"Apr 4, 09:00 pm",0,306.467,119.973,0
"Apr 4, 10:00 pm",0,321.274,128.563,0
"Apr 4, 11:00 pm",0,339.641,134.45,0
"Apr 5, 12:00 am",0,0.780155,136.475,0
"Apr 5, 01:00 am",0,21.7841,134.111,0
"Apr 5, 02:00 am",0,39.866,127.965,0
"Apr 5, 03:00 am",0,54.4066,119.207,0
"Apr 5, 04:00 am",0,66.1884,108.849,0
"Apr 5, 05:00 am",0,76.2346,97.5699,0
"Apr 5, 06:00 am",0,85.4341,85.631,0
"Apr 5, 07:00 am",0,94.5772,73.8493,0.479918
"Apr 5, 08:00 am",0,104.519,62.1301,0.716448
"Apr 5, 09:00 am",539.51,116.416,50.9755,0.712139
"Apr 5, 10:00 am",538.388,132.033,41.1049,0.704005
"Apr 5, 11:00 am",530.632,153.605,33.8451,0.697331
"Apr 5, 12:00 pm",517.01,181.106,31.1831,0.694696
"Apr 5, 01:00 pm",524.873,208.319,34.236,0.697892
"Apr 5, 02:00 pm",537.645,229.409,41.7415,0.704734
"Apr 5, 03:00 pm",516.488,244.691,51.7327,0.712859
"Apr 5, 04:00 pm",488.086,256.408,62.9374,0.718423
"Apr 5, 05:00 pm",225.209,266.273,74.6646,0.439468
"Apr 5, 06:00 pm",40.1866,275.412,86.404,0
"Apr 5, 07:00 pm",29.2943,284.67,98.3168,0
"Apr 5, 08:00 pm",16.5681,294.838,109.509,0
"Apr 5, 09:00 pm",0,306.81,119.728,0
"Apr 5, 10:00 pm",0,321.594,128.27,0
"Apr 5, 11:00 pm",0,339.883,134.105,0
"Apr 6, 12:00 am",0,0.876823,136.095,0
"Apr 6, 01:00 am",0,21.7228,133.728,0
"Apr 6, 02:00 am",0,39.6985,127.603,0
"Apr 6, 03:00 am",0,54.1877,118.873,0
"Apr 6, 04:00 am",0,65.9479,108.538,0
"Apr 6, 05:00 am",0,75.9839,97.2759,0
"Apr 6, 06:00 am",0,85.1751,85.3531,0
"Apr 6, 07:00 am",0,94.3082,73.5648,0.496356
"Apr 6, 08:00 am",0,104.238,61.836,0.717876
"Apr 6, 09:00 am",539.38,116.13,50.661,0.712489
"Apr 6, 10:00 am",538.955,131.777,40.7589,0.704496
"Apr 6, 11:00 am",525.592,153.482,33.4668,0.698018
"Apr 6, 12:00 pm",514.734,181.255,30.8065,0.695478
"Apr 6, 01:00 pm",522.636,208.692,33.9138,0.698608
"Apr 6, 02:00 pm",534.466,229.839,41.4849,0.705269
"Apr 6, 03:00 pm",531.819,245.101,51.5232,0.713258
"Apr 6, 04:00 pm",507.784,256.787,62.7549,0.71851
"Apr 6, 05:00 pm",245.884,266.629,74.4939,0.448909
"Apr 6, 06:00 pm",40.1256,275.756,86.2385,0
"Apr 6, 07:00 pm",29.3469,285.01,98.1317,0
"Apr 6, 08:00 pm",16.7629,295.179,109.3,0
"Apr 6, 09:00 pm",0,307.149,119.483,0
"Apr 6, 10:00 pm",0,321.909,127.977,0
"Apr 6, 11:00 pm",0,340.12,133.762,0
"Apr 7, 12:00 am",0,0.970959,135.718,0
"Apr 7, 01:00 am",0,21.662,133.347,0
"Apr 7, 02:00 am",0,39.5329,127.243,0
"Apr 7, 03:00 am",0,53.9708,118.54,0
"Apr 7, 04:00 am",0,65.7092,108.229,0
"Apr 7, 05:00 am",0,75.7345,96.9836,0
"Apr 7, 06:00 am",0,84.9169,85.0777,0
"Apr 7, 07:00 am",0,94.0394,73.2829,0.505195
"Apr 7, 08:00 am",0,103.957,61.5445,0.718383
"Apr 7, 09:00 am",532.964,115.843,50.3493,0.712829
"Apr 7, 10:00 am",529.339,131.518,40.4158,0.704974
"Apr 7, 11:00 am",516.452,153.356,33.0908,0.698686
"Apr 7, 12:00 pm",519.851,181.406,30.4321,0.696239
"Apr 7, 01:00 pm",527.161,209.07,33.5943,0.699304
"Apr 7, 02:00 pm",539.615,230.271,41.231,0.705787
"Apr 7, 03:00 pm",532.661,245.512,51.3159,0.713645
"Apr 7, 04:00 pm",498.645,257.166,62.5741,0.718598
"Apr 7, 05:00 pm",239.886,266.984,74.324,0.458411
"Apr 7, 06:00 pm",40.1493,276.098,86.0714,0
"Apr 7, 07:00 pm",29.3127,285.347,97.9468,0
"Apr 7, 08:00 pm",16.6821,295.517,109.091,0
"Apr 7, 09:00 pm",0,307.484,119.237,0
"Apr 7, 10:00 pm",0,322.219,127.684,0
"Apr 7, 11:00 pm",0,340.352,133.42,0
"Apr 8, 12:00 am",0,1.06251,135.342,0
"Apr 8, 01:00 am",0,21.6014,132.969,0
"Apr 8, 02:00 am",0,39.3691,126.885,0
"Apr 8, 03:00 am",0,53.7558,118.209,0
"Apr 8, 04:00 am",0,65.4721,107.922,0
"Apr 8, 05:00 am",0,75.4863,96.6933,0
"Apr 8, 06:00 am",0,84.6595,84.8029,0
"Apr 8, 07:00 am",0,93.7708,73.003,0.513959
"Apr 8, 08:00 am",0,103.675,61.2554,0.718452
"Apr 8, 09:00 am",541.464,115.555,50.0404,0.713162
"Apr 8, 10:00 am",540.822,131.256,40.0752,0.70544
"Apr 8, 11:00 am",529.361,153.227,32.7171,0.699337
"Apr 8, 12:00 pm",522.23,181.559,30.0598,0.696979
"Apr 8, 01:00 pm",527.24,209.45,33.2773,0.69998
"Apr 8, 02:00 pm",538.927,230.705,40.9796,0.706324
"Apr 8, 03:00 pm",534.745,245.922,51.1107,0.714018
"Apr 8, 04:00 pm",504.789,257.543,62.3946,0.718684
"Apr 8, 05:00 pm",253.044,267.337,74.1551,0.467973
"Apr 8, 06:00 pm",40.0929,276.437,85.9055,0
"Apr 8, 07:00 pm",29.2661,285.682,97.7622,0
"Apr 8, 08:00 pm",16.6407,295.852,108.882,0
"Apr 8, 09:00 pm",0,307.816,118.992,0
"Apr 8, 10:00 pm",0,322.524,127.392,0
"Apr 8, 11:00 pm",0,340.58,133.079,0
"Apr 9, 12:00 am",0,1.15143,134.968,0
"Apr 9, 01:00 am",0,21.541,132.592,0
"Apr 9, 02:00 am",0,39.2069,126.529,0
"Apr 9, 03:00 am",0,53.5428,117.88,0
"Apr 9, 04:00 am",0,65.2366,107.617,0
"Apr 9, 05:00 am",0,75.2393,96.4049,0
"Apr 9, 06:00 am",0,84.4029,84.5303,0
"Apr 9, 07:00 am",0,93.5024,72.7256,0.522644
"Apr 9, 08:00 am",0,103.393,60.9692,0.718521
"Apr 9, 09:00 am",539.198,115.264,49.7345,0.713486
"Apr 9, 10:00 am",540.15,130.991,39.7377,0.705894
"Apr 9, 11:00 am",533.848,153.095,32.346,0.699971
"Apr 9, 12:00 pm",532.83,181.712,29.6898,0.697699
"Apr 9, 01:00 pm",538.543,209.833,32.963,0.700635
"Apr 9, 02:00 pm",537.847,231.139,40.7308,0.70689
"Apr 9, 03:00 pm",537.758,246.331,50.9075,0.71438
"Apr 9, 04:00 pm",505.781,257.919,62.2166,0.718769
"Apr 9, 05:00 pm",253.278,267.688,73.9871,0.477597
"Apr 9, 06:00 pm",40.0723,276.774,85.7396,0
"Apr 9, 07:00 pm",29.207,286.014,97.5778,0
"Apr 9, 08:00 pm",16.5466,296.184,108.673,0
"Apr 9, 09:00 pm",0,308.143,118.747,0
"Apr 9, 10:00 pm",0,322.825,127.101,0
"Apr 9, 11:00 pm",0,340.803,132.739,0
"Apr 10, 12:00 am",0,1.23765,134.596,0
"Apr 10, 01:00 am",0,21.4807,132.218,0
"Apr 10, 02:00 am",0,39.0464,126.175,0
"Apr 10, 03:00 am",0,53.3316,117.554,0
"Apr 10, 04:00 am",0,65.0027,107.314,0
"Apr 10, 05:00 am",0,74.9936,96.1186,0
"Apr 10, 06:00 am",0,84.147,84.2592,0
"Apr 10, 07:00 am",0,93.2344,72.4508,0.531247
"Apr 10, 08:00 am",0,103.111,60.6858,0.71859
"Apr 10, 09:00 am",541.653,114.972,49.4316,0.713802
"Apr 10, 10:00 am",539.85,130.723,39.4032,0.706377
"Apr 10, 11:00 am",529.829,152.959,31.9774,0.700588
"Apr 10, 12:00 pm",515.295,181.866,29.3221,0.698398
"Apr 10, 01:00 pm",520.945,210.22,32.6515,0.701271
"Apr 10, 02:00 pm",529.909,231.574,40.4848,0.707441
"Apr 10, 03:00 pm",517.347,246.74,50.7065,0.714729
"Apr 10, 04:00 pm",476.725,258.293,62.0404,0.718854
"Apr 10, 05:00 pm",237.195,268.037,73.8205,0.487282
"Apr 10, 06:00 pm",40.1288,277.109,85.5754,0
"Apr 10, 07:00 pm",29.3381,286.343,97.3936,0
"Apr 10, 08:00 pm",16.7264,296.512,108.464,0
"Apr 10, 09:00 pm",0,308.466,118.502,0
"Apr 10, 10:00 pm",0,323.12,126.81,0
"Apr 10, 11:00 pm",0,341.021,132.401,0
"Apr 11, 12:00 am",0,1.32114,134.227,0
"Apr 11, 01:00 am",0,21.4205,131.847,0
"Apr 11, 02:00 am",0,38.8874,125.824,0
"Apr 11, 03:00 am",0,53.1222,117.229,0
"Apr 11, 04:00 am",0,64.7705,107.013,0
"Apr 11, 05:00 am",0,74.7491,95.8347,0
"Apr 11, 06:00 am",0,83.892,83.9896,0
"Apr 11, 07:00 am",0,92.9666,72.1784,0.539763
"Apr 11, 08:00 am",0,102.828,60.4052,0.718658
"Apr 11, 09:00 am",538.826,114.679,49.1319,0.714109
"Apr 11, 10:00 am",537.788,130.451,39.0719,0.706878
"Apr 11, 11:00 am",538.692,152.82,31.6116,0.701188
"Apr 11, 12:00 pm",528.601,182.022,28.9569,0.699077
"Apr 11, 01:00 pm",536.546,210.609,32.3427,0.701889
"Apr 11, 02:00 pm",536.49,232.01,40.2413,0.707974
"Apr 11, 03:00 pm",536.935,247.148,50.5076,0.715067
"Apr 11, 04:00 pm",520.171,258.666,61.8655,0.718938
"Apr 11, 05:00 pm",281.375,268.384,73.6549,0.496222
"Apr 11, 06:00 pm",40.1609,277.442,85.4121,0
"Apr 11, 07:00 pm",29.3826,286.67,97.2096,0
"Apr 11, 08:00 pm",16.7914,296.837,108.256,0
"Apr 11, 09:00 pm",0,308.785,118.258,0
"Apr 11, 10:00 pm",0,323.41,126.52,0
"Apr 11, 11:00 pm",0,341.234,132.064,0
"Apr 12, 12:00 am",0,1.40183,133.859,0
"Apr 12, 01:00 am",0,21.3601,131.478,0
"Apr 12, 02:00 am",0,38.7298,125.475,0
"Apr 12, 03:00 am",0,52.9146,116.907,0
"Apr 12, 04:00 am",0,64.5397,106.714,0
"Apr 12, 05:00 am",0,74.5058,95.5531,0
"Apr 12, 06:00 am",0,83.6378,83.7254,0
"Apr 12, 07:00 am",0,92.6992,71.9099,0.548189
"Apr 12, 08:00 am",0,102.545,60.1283,0.718726
"Apr 12, 09:00 am",538.573,114.383,48.8358,0.714409
"Apr 12, 10:00 am",537.81,130.177,38.744,0.707366
"Apr 12, 11:00 am",536.289,152.678,31.2486,0.701772
"Apr 12, 12:00 pm",522.944,182.177,28.5942,0.699737
"Apr 12, 01:00 pm",528.889,211.001,32.0368,0.702487
"Apr 12, 02:00 pm",536.397,232.446,40.0004,0.708492
"Apr 12, 03:00 pm",518.566,247.554,50.3106,0.715392
"Apr 12, 04:00 pm",471.18,259.037,61.6919,0.719021
"Apr 12, 05:00 pm",233.547,268.729,73.4896,0.501359
"Apr 12, 06:00 pm",40.1197,277.771,85.2466,0
"Apr 12, 07:00 pm",29.3359,286.993,97.0259,0
"Apr 12, 08:00 pm",16.7386,297.158,108.047,0
"Apr 12, 09:00 pm",0,309.1,118.013,0
"Apr 12, 10:00 pm",0,323.696,126.231,0
"Apr 12, 11:00 pm",0,341.443,131.729,0
"Apr 13, 12:00 am",0,1.47969,133.494,0
"Apr 13, 01:00 am",0,21.2996,131.111,0
"Apr 13, 02:00 am",0,38.5736,125.129,0
"Apr 13, 03:00 am",0,52.7087,116.587,0
"Apr 13, 04:00 am",0,64.3106,106.418,0
"Apr 13, 05:00 am",0,74.2637,95.274,0
"Apr 13, 06:00 am",0,83.3845,83.4606,0
"Apr 13, 07:00 am",0,92.4321,71.6432,0
"Apr 13, 08:00 am",0,102.261,59.8539,0.71879
"Apr 13, 09:00 am",0,114.087,48.5427,0.714688
"Apr 13, 10:00 am",378.535,129.898,38.4193,0.707816
"Apr 13, 11:00 am",392.899,152.531,30.8885,0.70234
"Apr 13, 12:00 pm",425.575,182.334,28.2339,0.700378
"Apr 13, 01:00 pm",425.867,211.394,31.7335,0.703066
"Apr 13, 02:00 pm",426.905,232.883,39.762,0.708994
"Apr 13, 03:00 pm",226.673,247.959,50.1153,0.715706
"Apr 13, 04:00 pm",136.089,259.406,61.5193,0.719104
"Apr 13, 05:00 pm",156.859,269.072,73.3249,0.506482
"Apr 13, 06:00 pm",40.1869,278.099,85.0814,0
"Apr 13, 07:00 pm",29.405,287.314,96.8424,0
"Apr 13, 08:00 pm",16.095,297.476,107.839,0
"Apr 13, 09:00 pm",0,309.41,117.769,0
"Apr 13, 10:00 pm",0,323.976,125.942,0
"Apr 13, 11:00 pm",0,341.646,131.395,0
"Apr 14, 12:00 am",0,1.55466,133.132,0
"Apr 14, 01:00 am",0,21.2389,130.748,0
"Apr 14, 02:00 am",0,38.4187,124.785,0
"Apr 14, 03:00 am",0,52.5044,116.27,0
"Apr 14, 04:00 am",0,64.0829,106.124,0
"Apr 14, 05:00 am",0,74.0229,94.9976,0
"Apr 14, 06:00 am",0,83.1319,83.1986,0
"Apr 14, 07:00 am",0,92.1654,71.3799,0.564757
"Apr 14, 08:00 am",0,101.977,59.5833,0
"Apr 14, 09:00 am",0,113.788,48.2535,0.714978
"Apr 14, 10:00 am",18.1293,129.617,38.0984,0.708306
"Apr 14, 11:00 am",414.324,152.381,30.5315,0.702611
"Apr 14, 12:00 pm",513.957,182.49,27.8764,0.700999
"Apr 14, 01:00 pm",522.177,211.79,31.4333,0.703628
"Apr 14, 02:00 pm",534.342,233.319,39.5263,0.70948
"Apr 14, 03:00 pm",513.474,248.363,49.9223,0.716009
"Apr 14, 04:00 pm",482.484,259.772,61.3485,0.719185
"Apr 14, 05:00 pm",266.735,269.411,73.1616,0.511589
"Apr 14, 06:00 pm",40.1903,278.423,84.9175,0
"Apr 14, 07:00 pm",29.357,287.631,96.6592,0
"Apr 14, 08:00 pm",16.711,297.79,107.631,0
"Apr 14, 09:00 pm",0,309.715,117.526,0
"Apr 14, 10:00 pm",0,324.251,125.654,0
"Apr 14, 11:00 pm",0,341.845,131.063,0
"Apr 15, 12:00 am",0,1.62672,132.772,0
"Apr 15, 01:00 am",0,21.1779,130.387,0
"Apr 15, 02:00 am",0,38.265,124.444,0
"Apr 15, 03:00 am",0,52.3018,115.955,0
"Apr 15, 04:00 am",0,63.8567,105.833,0
"Apr 15, 05:00 am",0,73.7832,94.724,0
"Apr 15, 06:00 am",0,82.8803,82.9392,0
"Apr 15, 07:00 am",0,91.8991,71.1197,0.572893
"Apr 15, 08:00 am",0,101.693,59.316,0.718926
"Apr 15, 09:00 am",538.816,113.489,47.9678,0.715259
"Apr 15, 10:00 am",308.677,129.332,37.7811,0.708758
"Apr 15, 11:00 am",534.372,152.227,30.1777,0.703427
"Apr 15, 12:00 pm",523.945,182.647,27.5216,0.701602
"Apr 15, 01:00 pm",532.177,212.188,31.1359,0.704171
"Apr 15, 02:00 pm",536.749,233.755,39.2932,0.709952
"Apr 15, 03:00 pm",537.644,248.765,49.7311,0.7163
"Apr 15, 04:00 pm",522.427,260.136,61.1789,0.719265
"Apr 15, 05:00 pm",88.9117,269.749,72.9989,0.516681
"Apr 15, 06:00 pm",40.3128,278.744,84.7534,0
"Apr 15, 07:00 pm",29.709,287.945,96.4762,0
"Apr 15, 08:00 pm",17.2162,298.1,107.423,0
"Apr 15, 09:00 pm",0,310.016,117.282,0
"Apr 15, 10:00 pm",0,324.521,125.368,0
"Apr 15, 11:00 pm",0,342.038,130.733,0
"Apr 16, 12:00 am",0,1.69582,132.415,0
"Apr 16, 01:00 am",0,21.1165,130.029,0
"Apr 16, 02:00 am",0,38.1125,124.107,0
"Apr 16, 03:00 am",0,52.1007,115.643,0
"Apr 16, 04:00 am",0,63.6321,105.545,0
"Apr 16, 05:00 am",0,73.5448,94.4533,0
"Apr 16, 06:00 am",0,82.6296,82.6831,0
"Apr 16, 07:00 am",0,91.6333,70.8629,0.580926
"Apr 16, 08:00 am",0,101.408,59.0523,0.718989
"Apr 16, 09:00 am",0,113.187,47.6861,0.715514
"Apr 16, 10:00 am",260.243,129.044,37.4677,0.709199
"Apr 16, 11:00 am",189.798,152.068,29.8273,0.703947
"Apr 16, 12:00 pm",293.761,182.804,27.1697,0.702187
"Apr 16, 01:00 pm",511.16,212.588,30.8415,0.704697
"Apr 16, 02:00 pm",518.546,234.191,39.0627,0.710408
"Apr 16, 03:00 pm",89.1209,249.165,49.5418,0.71658
"Apr 16, 04:00 pm",236.649,260.498,61.0103,0.719345
"Apr 16, 05:00 pm",41.737,270.083,72.8367,0.521731
"Apr 16, 06:00 pm",33.4734,279.063,84.5895,0
"Apr 16, 07:00 pm",21.0923,288.255,96.2936,0
"Apr 16, 08:00 pm",9.58591,298.406,107.215,0
"Apr 16, 09:00 pm",0,310.312,117.04,0
"Apr 16, 10:00 pm",0,324.785,125.082,0
"Apr 16, 11:00 pm",0,342.227,130.405,0
"Apr 17, 12:00 am",0,1.76194,132.06,0
"Apr 17, 01:00 am",0,21.0547,129.675,0
"Apr 17, 02:00 am",0,37.961,123.772,0
"Apr 17, 03:00 am",0,51.9012,115.334,0
"Apr 17, 04:00 am",0,63.4089,105.26,0
"Apr 17, 05:00 am",0,73.3077,94.1855,0
"Apr 17, 06:00 am",0,82.3797,82.4294,0.0962174
"Apr 17, 07:00 am",0,91.3679,70.6094,0.58622
"Apr 17, 08:00 am",431.449,101.123,58.7923,0.719058
"Apr 17, 09:00 am",490.558,112.884,47.4083,0.715787
"Apr 17, 10:00 am",481.709,128.752,37.1584,0.709628
"Apr 17, 11:00 am",470.419,151.904,29.4804,0.704452
"Apr 17, 12:00 pm",479.314,182.96,26.8207,0.702754
"Apr 17, 01:00 pm",484.824,212.989,30.5503,0.705206
"Apr 17, 02:00 pm",489.014,234.626,38.835,0.710849
"Apr 17, 03:00 pm",456.129,249.563,49.3548,0.71685
"Apr 17, 04:00 pm",400.669,260.857,60.8438,0.719424
"Apr 17, 05:00 pm",190.061,270.415,72.6765,0.526684
"Apr 17, 06:00 pm",40.0103,279.378,84.4279,0
"Apr 17, 07:00 pm",29.3368,288.562,96.1112,0
"Apr 17, 08:00 pm",16.8234,298.707,107.008,0
"Apr 17, 09:00 pm",0,310.603,116.798,0
"Apr 17, 10:00 pm",0,325.044,124.798,0
"Apr 17, 11:00 pm",0,342.411,130.079,0
"Apr 18, 12:00 am",0,1.82506,131.708,0
"Apr 18, 01:00 am",0,20.9923,129.323,0
"Apr 18, 02:00 am",0,37.8105,123.44,0
"Apr 18, 03:00 am",0,51.7032,115.029,0
"Apr 18, 04:00 am",0,63.1872,104.977,0
"Apr 18, 05:00 am",0,73.0718,93.9209,0
"Apr 18, 06:00 am",0,82.1309,82.18,0
"Apr 18, 07:00 am",0,91.103,70.3598,0.596671
"Apr 18, 08:00 am",0,100.838,58.5363,0.719123
"Apr 18, 09:00 am",480.782,112.58,47.1347,0.71604
"Apr 18, 10:00 am",493.015,128.457,36.8531,0.710045
"Apr 18, 11:00 am",490.717,151.736,29.137,0.704942
"Apr 18, 12:00 pm",481.852,183.116,26.4747,0.703303
"Apr 18, 01:00 pm",485.408,213.391,30.2621,0.705699
"Apr 18, 02:00 pm",488.113,235.06,38.6099,0.711276
"Apr 18, 03:00 pm",474.517,249.959,49.1695,0.717109
"Apr 18, 04:00 pm",428.893,261.214,60.6783,0.719501
"Apr 18, 05:00 pm",221.572,270.744,72.5167,0.531621
"Apr 18, 06:00 pm",40.0624,279.69,84.2661,0
"Apr 18, 07:00 pm",29.3449,288.865,95.9291,0
"Apr 18, 08:00 pm",16.7976,299.005,106.8,0
"Apr 18, 09:00 pm",0,310.89,116.556,0
"Apr 18, 10:00 pm",0,325.298,124.514,0
"Apr 18, 11:00 pm",0,342.589,129.755,0
"Apr 19, 12:00 am",0,1.88516,131.36,0
"Apr 19, 01:00 am",0,20.9295,128.975,0
"Apr 19, 02:00 am",0,37.6611,123.112,0
"Apr 19, 03:00 am",0,51.5066,114.726,0
"Apr 19, 04:00 am",0,62.9669,104.698,0
"Apr 19, 05:00 am",0,72.8371,93.6596,0
"Apr 19, 06:00 am",0,81.883,81.9324,0.115347
"Apr 19, 07:00 am",0,90.8388,70.1131,0.604376
"Apr 19, 08:00 am",0,100.553,58.2837,0.719188
"Apr 19, 09:00 am",429.826,112.275,46.8649,0.716285
"Apr 19, 10:00 am",452.958,128.158,36.5519,0.710451
"Apr 19, 11:00 am",454.735,151.563,28.7971,0.705417
"Apr 19, 12:00 pm",444.355,183.271,26.1316,0.703835
"Apr 19, 01:00 pm",442.674,213.794,29.9766,0.70619
"Apr 19, 02:00 pm",271.911,235.493,38.3869,0.711689
"Apr 19, 03:00 pm",204.63,250.353,48.9854,0.717357
"Apr 19, 04:00 pm",72.7941,261.567,60.5128,0.719578
"Apr 19, 05:00 pm",40.796,271.069,72.3557,0.536543
"Apr 19, 06:00 pm",31.1201,279.998,84.1,0
"Apr 19, 07:00 pm",18.8305,289.165,95.7474,0
"Apr 19, 08:00 pm",0,299.298,106.594,0
"Apr 19, 09:00 pm",0,311.171,116.315,0
"Apr 19, 10:00 pm",0,325.546,124.232,0
"Apr 19, 11:00 pm",0,342.763,129.434,0
"Apr 20, 12:00 am",0,1.94225,131.014,0
"Apr 20, 01:00 am",0,20.866,128.631,0
"Apr 20, 02:00 am",0,37.5126,122.787,0
"Apr 20, 03:00 am",0,51.3116,114.427,0
"Apr 20, 04:00 am",0,62.7481,104.423,0
"Apr 20, 05:00 am",0,72.6038,93.4015,0
"Apr 20, 06:00 am",0,81.6361,81.6876,0.125036
"Apr 20, 07:00 am",0,90.5751,69.87,0.611968
"Apr 20, 08:00 am",0,100.268,58.035,0.71925
"Apr 20, 09:00 am",0,111.968,46.5993,0.716523
"Apr 20, 10:00 am",0,127.856,36.2549,0.710846
"Apr 20, 11:00 am",0,151.385,28.461,0.705878
"Apr 20, 12:00 pm",0,183.425,25.7917,0.704013
"Apr 20, 01:00 pm",319.908,214.197,29.6945,0.706725
"Apr 20, 02:00 pm",343.973,235.924,38.1668,0.712088
"Apr 20, 03:00 pm",223.224,250.743,48.8037,0.717596
"Apr 20, 04:00 pm",105.975,261.918,60.3495,0.719654
"Apr 20, 05:00 pm",41.4083,271.391,72.1968,0.541448
"Apr 20, 06:00 pm",31.8011,280.303,83.9369,0
"Apr 20, 07:00 pm",19.6051,289.46,95.566,0
"Apr 20, 08:00 pm",0,299.587,106.388,0
"Apr 20, 09:00 pm",0,311.448,116.075,0
"Apr 20, 10:00 pm",0,325.789,123.952,0
"Apr 20, 11:00 pm",0,342.932,129.114,0
"Apr 21, 12:00 am",0,1.99631,130.672,0
"Apr 21, 01:00 am",0,20.802,128.29,0
"Apr 21, 02:00 am",0,37.365,122.465,0
"Apr 21, 03:00 am",0,51.1179,114.131,0
"Apr 21, 04:00 am",0,62.5309,104.15,0
"Apr 21, 05:00 am",0,72.3718,93.1469,0
"Apr 21, 06:00 am",0,81.3903,81.4457,0
"Apr 21, 07:00 am",0,90.3122,69.6305,0.619442
"Apr 21, 08:00 am",0,99.9831,57.7904,0.719313
"Apr 21, 09:00 am",0,111.66,46.3381,0.716753
"Apr 21, 10:00 am",0,127.551,35.9624,0.711229
"Apr 21, 11:00 am",0,151.202,28.1289,0.706365
"Apr 21, 12:00 pm",0,183.578,25.455,0.704849
"Apr 21, 01:00 pm",0,214.602,29.4154,0.707243
"Apr 21, 02:00 pm",0,236.354,37.9492,0.712473
"Apr 21, 03:00 pm",0,251.132,48.6238,0.717824
"Apr 21, 04:00 pm",0,262.265,60.1873,0.719729
"Apr 21, 05:00 pm",0,271.71,72.0387,0
"Apr 21, 06:00 pm",0,280.605,83.7741,0
"Apr 21, 07:00 pm",0,289.752,95.3851,0
"Apr 21, 08:00 pm",0,299.872,106.182,0
"Apr 21, 09:00 pm",0,311.719,115.836,0
"Apr 21, 10:00 pm",0,326.026,123.673,0
"Apr 21, 11:00 pm",0,343.096,128.797,0
"Apr 22, 12:00 am",0,2.04736,130.332,0
"Apr 22, 01:00 am",0,20.7374,127.952,0
"Apr 22, 02:00 am",0,37.2183,122.148,0
"Apr 22, 03:00 am",0,50.9258,113.839,0
"Apr 22, 04:00 am",0,62.3151,103.881,0
"Apr 22, 05:00 am",0,72.1412,92.8959,0
"Apr 22, 06:00 am",0,81.1457,81.2086,0.144604
"Apr 22, 07:00 am",0,90.05,69.3953,0.626797
"Apr 22, 08:00 am",0,99.6982,57.5502,0.719379
"Apr 22, 09:00 am",371.533,111.351,46.0815,0.716971
"Apr 22, 10:00 am",402.865,127.242,35.6745,0.711602
"Apr 22, 11:00 am",401.771,151.014,27.8008,0.706869
"Apr 22, 12:00 pm",396.688,183.73,25.1217,0.705332
"Apr 22, 01:00 pm",389.278,215.006,29.1396,0.707744
"Apr 22, 02:00 pm",367.495,236.782,37.7344,0.712845
"Apr 22, 03:00 pm",353.569,251.517,48.4458,0.71801
"Apr 22, 04:00 pm",270.423,262.609,60.0265,0.719803
"Apr 22, 05:00 pm",41.8736,272.026,71.8817,0.551209
"Apr 22, 06:00 pm",33.5864,280.903,83.6136,0
"Apr 22, 07:00 pm",21.8765,290.04,95.2046,0
"Apr 22, 08:00 pm",9.72641,300.152,105.977,0
"Apr 22, 09:00 pm",0,311.986,115.597,0
"Apr 22, 10:00 pm",0,326.258,123.395,0
"Apr 22, 11:00 pm",0,343.255,128.483,0
"Apr 23, 12:00 am",0,2.09541,129.997,0
"Apr 23, 01:00 am",0,20.6721,127.618,0
"Apr 23, 02:00 am",0,37.0725,121.834,0
"Apr 23, 03:00 am",0,50.735,113.55,0
"Apr 23, 04:00 am",0,62.1008,103.616,0
"Apr 23, 05:00 am",0,71.912,92.6485,0
"Apr 23, 06:00 am",0,80.9022,80.9762,0
"Apr 23, 07:00 am",0,89.7887,69.1649,0.633948
"Apr 23, 08:00 am",0,99.4135,57.3148,0.719442
"Apr 23, 09:00 am",350.876,111.041,45.8298,0.717191
"Apr 23, 10:00 am",391.095,126.93,35.3916,0.711964
"Apr 23, 11:00 am",403.398,150.821,27.4771,0.707358
"Apr 23, 12:00 pm",443.437,183.881,24.7919,0.705798
"Apr 23, 01:00 pm",449.256,215.411,28.8673,0.70823
"Apr 23, 02:00 pm",448.328,237.208,37.5224,0.713204
"Apr 23, 03:00 pm",358.973,251.899,48.2699,0.718089
"Apr 23, 04:00 pm",291.604,262.95,59.8672,0.719875
"Apr 23, 05:00 pm",121.129,272.338,71.7259,0.556065
"Apr 23, 06:00 pm",40.1116,281.197,83.4532,0
"Apr 23, 07:00 pm",29.3606,290.323,95.0247,0
"Apr 23, 08:00 pm",16.7652,300.428,105.772,0
"Apr 23, 09:00 pm",0,312.247,115.36,0
"Apr 23, 10:00 pm",0,326.485,123.12,0
"Apr 23, 11:00 pm",0,343.409,128.171,0
"Apr 24, 12:00 am",0,2.14048,129.664,0
"Apr 24, 01:00 am",0,20.6062,127.288,0
"Apr 24, 02:00 am",0,36.9275,121.523,0
"Apr 24, 03:00 am",0,50.5457,113.265,0
"Apr 24, 04:00 am",0,61.8881,103.354,0
"Apr 24, 05:00 am",0,71.6842,92.4047,0
"Apr 24, 06:00 am",0,80.66,80.7463,0
"Apr 24, 07:00 am",0,89.5283,68.9377,0.640954
"Apr 24, 08:00 am",0,99.1292,57.0832,0.719502
"Apr 24, 09:00 am",0,110.73,45.5824,0.7174
"Apr 24, 10:00 am",0,126.615,35.1132,0.712315
"Apr 24, 11:00 am",56.5955,150.622,27.1574,0.707833
"Apr 24, 12:00 pm",117.348,184.029,24.4655,0.706219
"Apr 24, 01:00 pm",125.471,215.815,28.598,0.7087
"Apr 24, 02:00 pm",108.576,237.632,37.3127,0.713551
"Apr 24, 03:00 pm",80.9983,252.278,48.0955,0.718167
"Apr 24, 04:00 pm",44.0672,263.287,59.7086,0.719947
"Apr 24, 05:00 pm",38.6795,272.646,71.57,0.560903
"Apr 24, 06:00 pm",27.9095,281.487,83.2921,0
"Apr 24, 07:00 pm",16.2846,290.603,94.8453,0
"Apr 24, 08:00 pm",0,300.699,105.568,0
"Apr 24, 09:00 pm",0,312.503,115.124,0
"Apr 24, 10:00 pm",0,326.706,122.846,0
"Apr 24, 11:00 pm",0,343.558,127.862,0
"Apr 25, 12:00 am",0,2.18259,129.335,0
"Apr 25, 01:00 am",0,20.5396,126.962,0
"Apr 25, 02:00 am",0,36.7834,121.217,0
"Apr 25, 03:00 am",0,50.3579,112.984,0
"Apr 25, 04:00 am",0,61.677,103.096,0
"Apr 25, 05:00 am",0,71.4579,92.1648,0
"Apr 25, 06:00 am",0,80.4191,80.5207,0.174273
"Apr 25, 07:00 am",0,89.2689,68.7149,0.647832
"Apr 25, 08:00 am",0,98.8453,56.8561,0.719564
"Apr 25, 09:00 am",0,110.419,45.3398,0.717537
"Apr 25, 10:00 am",41.3666,126.297,34.8396,0.712656
"Apr 25, 11:00 am",32.9728,150.418,26.8421,0.708293
"Apr 25, 12:00 pm",20.8494,184.176,24.1427,0.706784
"Apr 25, 01:00 pm",11.4756,216.219,28.3321,0.709154
"Apr 25, 02:00 pm",0,238.053,37.1059,0.713851
"Apr 25, 03:00 pm",136.94,252.653,47.9232,0.718247
"Apr 25, 04:00 pm",76.6552,263.621,59.5516,0.720018
"Apr 25, 05:00 pm",43.3552,272.95,71.4156,0.565723
"Apr 25, 06:00 pm",38.8723,281.773,83.1326,0
"Apr 25, 07:00 pm",28.586,290.878,94.6665,0
"Apr 25, 08:00 pm",17.0914,300.965,105.365,0
"Apr 25, 09:00 pm",0,312.754,114.889,0
"Apr 25, 10:00 pm",0,326.921,122.573,0
"Apr 25, 11:00 pm",0,343.702,127.556,0
"Apr 26, 12:00 am",0,2.22177,129.01,0
"Apr 26, 01:00 am",0,20.4724,126.64,0
"Apr 26, 02:00 am",0,36.6402,120.915,0
"Apr 26, 03:00 am",0,50.1716,112.707,0
"Apr 26, 04:00 am",0,61.4675,102.842,0
"Apr 26, 05:00 am",0,71.2332,91.9288,0
"Apr 26, 06:00 am",0,80.1796,80.2979,0
"Apr 26, 07:00 am",0,89.0106,68.4958,0.65458
"Apr 26, 08:00 am",0,98.562,56.6332,0.719625
"Apr 26, 09:00 am",0,110.107,45.1018,0.717796
"Apr 26, 10:00 am",0,125.976,34.5709,0.712987
"Apr 26, 11:00 am",466.032,150.209,26.5312,0.708486
"Apr 26, 12:00 pm",57.3298,184.321,23.8234,0.707276
"Apr 26, 01:00 pm",157.796,216.623,28.0695,0.709593
"Apr 26, 02:00 pm",173.42,238.471,36.9015,0.714206
"Apr 26, 03:00 pm",41.9139,253.025,47.7523,0.71832
"Apr 26, 04:00 pm",34.7805,263.95,59.3954,0.720087
"Apr 26, 05:00 pm",30.033,273.251,71.2611,0.570349
"Apr 26, 06:00 pm",26.61,282.056,82.9714,0
"Apr 26, 07:00 pm",18.6103,291.149,94.4883,0
"Apr 26, 08:00 pm",9.18511,301.227,105.163,0
"Apr 26, 09:00 pm",0,313,114.655,0
"Apr 26, 10:00 pm",0,327.131,122.303,0
"Apr 26, 11:00 pm",0,343.841,127.253,0
"Apr 27, 12:00 am",0,2.25804,128.689,0
"Apr 27, 01:00 am",0,20.4045,126.323,0
"Apr 27, 02:00 am",0,36.4978,120.616,0
"Apr 27, 03:00 am",0,49.9867,112.433,0
"Apr 27, 04:00 am",0,61.2596,102.592,0
"Apr 27, 05:00 am",0,71.01,91.6967,0
"Apr 27, 06:00 am",0,79.9415,80.0798,0
"Apr 27, 07:00 am",0,88.7535,68.2814,0
"Apr 27, 08:00 am",0,98.2794,56.4152,0.719686
"Apr 27, 09:00 am",0,109.794,44.8689,0.717984
"Apr 27, 10:00 am",0,125.652,34.3074,0.713307
"Apr 27, 11:00 am",0,149.994,26.2251,0.709173
"Apr 27, 12:00 pm",0,184.464,23.508,0.707399
"Apr 27, 01:00 pm",216.93,217.025,27.8104,0.710018
"Apr 27, 02:00 pm",76.072,238.887,36.6999,0.714516
"Apr 27, 03:00 pm",40.6621,253.393,47.5837,0.718395
"Apr 27, 04:00 pm",30.4751,264.276,59.2409,0.720156
"Apr 27, 05:00 pm",18.3288,273.547,71.1082,0.575309
"Apr 27, 06:00 pm",0,282.334,82.8126,0
"Apr 27, 07:00 pm",0,291.416,94.3109,0
"Apr 27, 08:00 pm",0,301.483,104.961,0
"Apr 27, 09:00 pm",0,313.241,114.422,0
"Apr 27, 10:00 pm",0,327.336,122.035,0
"Apr 27, 11:00 pm",0,343.976,126.952,0
"Apr 28, 12:00 am",0,2.29144,128.371,0
"Apr 28, 01:00 am",0,20.336,126.009,0
"Apr 28, 02:00 am",0,36.3562,120.322,0
"Apr 28, 03:00 am",0,49.8033,112.164,0
"Apr 28, 04:00 am",0,61.0534,102.346,0
"Apr 28, 05:00 am",0,70.7885,91.4686,0
"Apr 28, 06:00 am",0,79.705,79.8654,0
"Apr 28, 07:00 am",0,88.4977,68.0708,0
"Apr 28, 08:00 am",0,97.9976,56.2014,0
"Apr 28, 09:00 am",0,109.482,44.6406,0
"Apr 28, 10:00 am",0,125.325,34.0489,0
"Apr 28, 11:00 am",0,149.773,25.9235,0
"Apr 28, 12:00 pm",0,184.605,23.1963,0
"Apr 28, 01:00 pm",0,217.426,27.5547,0
"Apr 28, 02:00 pm",0,239.299,36.501,0
"Apr 28, 03:00 pm",0,253.757,47.4169,0.718468
"Apr 28, 04:00 pm",0,264.597,59.0876,0
"Apr 28, 05:00 pm",0,273.84,70.9563,0
"Apr 28, 06:00 pm",0,282.608,82.6544,0
"Apr 28, 07:00 pm",0,291.678,94.1343,0
"Apr 28, 08:00 pm",0,301.735,104.761,0
"Apr 28, 09:00 pm",0,313.476,114.191,0
"Apr 28, 10:00 pm",0,327.535,121.77,0
"Apr 28, 11:00 pm",0,344.106,126.655,0
"Apr 29, 12:00 am",0,2.322,128.057,0
"Apr 29, 01:00 am",0,20.2669,125.7,0
"Apr 29, 02:00 am",0,36.2156,120.032,0
"Apr 29, 03:00 am",0,49.6215,111.899,0
"Apr 29, 04:00 am",0,60.8489,102.104,0
"Apr 29, 05:00 am",0,70.5688,91.2447,0
"Apr 29, 06:00 am",0,79.47,79.656,0.213946
"Apr 29, 07:00 am",0,88.2432,67.8653,0
"Apr 29, 08:00 am",0,97.7167,55.9927,0
"Apr 29, 09:00 am",0,109.169,44.4177,0.718123
"Apr 29, 10:00 am",0,124.996,33.7958,0.713918
"Apr 29, 11:00 am",0,149.547,25.6268,0.709999
"Apr 29, 12:00 pm",0,184.742,22.8887,0.708658
"Apr 29, 01:00 pm",0,217.826,27.3026,0.710603
"Apr 29, 02:00 pm",539.929,239.708,36.3049,0.715102
"Apr 29, 03:00 pm",538.803,254.117,47.2522,0.71854
"Apr 29, 04:00 pm",510.496,264.915,58.936,0.72029
"Apr 29, 05:00 pm",329.315,274.128,70.8056,0.584815
"Apr 29, 06:00 pm",41.7439,282.877,82.4969,0.0974651
"Apr 29, 07:00 pm",33.12,291.935,93.9586,0
"Apr 29, 08:00 pm",21.1519,301.982,104.562,0
"Apr 29, 09:00 pm",9.5554,313.706,113.962,0
"Apr 29, 10:00 pm",0,327.728,121.506,0
"Apr 29, 11:00 pm",0,344.231,126.361,0
"Apr 30, 12:00 am",0,2.34975,127.748,0
"Apr 30, 01:00 am",0,20.1972,125.395,0
"Apr 30, 02:00 am",0,36.0758,119.747,0
"Apr 30, 03:00 am",0,49.4412,111.639,0
"Apr 30, 04:00 am",0,60.6462,101.866,0
"Apr 30, 05:00 am",0,70.3508,91.0249,0
"Apr 30, 06:00 am",0,79.2368,79.4485,0.22381
"Apr 30, 07:00 am",0,87.9903,67.6632,0.680238
"Apr 30, 08:00 am",0,97.4368,55.7883,0
"Apr 30, 09:00 am",0,108.856,44.1995,0
"Apr 30, 10:00 am",0,124.665,33.5478,0.714209
"Apr 30, 11:00 am",0,149.315,25.335,0
"Apr 30, 12:00 pm",0,184.877,22.5849,0
"Apr 30, 01:00 pm",0,218.224,27.0539,0
"Apr 30, 02:00 pm",0,240.113,36.1113,0.715378
"Apr 30, 03:00 pm",0,254.473,47.089,0.718611
"Apr 30, 04:00 pm",0,265.228,58.7851,0
"Apr 30, 05:00 pm",0,274.412,70.6554,0.589206
"Apr 30, 06:00 pm",21.6828,283.143,82.3396,0.103569
"Apr 30, 07:00 pm",20.6028,292.188,93.7837,0
"Apr 30, 08:00 pm",13.8183,302.224,104.364,0
"Apr 30, 09:00 pm",0,313.93,113.734,0
"Apr 30, 10:00 pm",0,327.917,121.245,0
"Apr 30, 11:00 pm",0,344.352,126.071,0
"May 1, 12:00 am",0,2.37472,127.442,0
"May 1, 01:00 am",0,20.1269,125.094,0
"May 1, 02:00 am",0,35.9369,119.466,0
"May 1, 03:00 am",0,49.2625,111.382,0
"May 1, 04:00 am",0,60.4453,101.632,0
"May 1, 05:00 am",0,70.1346,90.1913,0
"May 1, 06:00 am",0,79.0053,79.246,0.233629
"May 1, 07:00 am",0,87.7389,67.466,0.659801
"May 1, 08:00 am",528.578,97.1581,55.5887,0.719923
"May 1, 09:00 am",530.865,108.543,43.9865,0.718257
"May 1, 10:00 am",538.309,124.332,33.3053,0.71449
"May 1, 11:00 am",540.814,149.078,25.0482,0.710773
"May 1, 12:00 pm",539.876,185.01,22.2853,0.709505
"May 1, 01:00 pm",539.868,218.62,26.8089,0.711574
"May 1, 02:00 pm",536.826,240.515,35.9206,0
"May 1, 03:00 pm",0,254.824,46.9281,0.718682
"May 1, 04:00 pm",537.478,265.537,58.6362,0.720419
"May 1, 05:00 pm",361.319,274.692,70.5069,0.594235
"May 1, 06:00 pm",42.4772,283.403,82.1845,0.10974
"May 1, 07:00 pm",35.0394,292.436,93.6098,0
"May 1, 08:00 pm",23.6047,302.461,104.167,0
"May 1, 09:00 pm",11.9046,314.149,113.508,0
"May 1, 10:00 pm",0,328.099,120.987,0
"May 1, 11:00 pm",0,344.467,125.784,0
"May 2, 12:00 am",0,2.39694,127.141,0
"May 2, 01:00 am",0,20.056,124.798,0
"May 2, 02:00 am",0,35.7988,119.19,0
"May 2, 03:00 am",0,49.0853,111.13,0
"May 2, 04:00 am",0,60.2462,101.403,0
"May 2, 05:00 am",0,69.9203,90.0224,0
"May 2, 06:00 am",0,78.7756,79.0499,0.243392
"May 2, 07:00 am",0,87.4892,67.2742,0.692244
"May 2, 08:00 am",449.069,96.8808,55.3946,0.719982
"May 2, 09:00 am",538.598,108.231,43.7791,0.71832
"May 2, 10:00 am",539.245,123.996,33.0684,0.714762
"May 2, 11:00 am",537.9,148.835,24.7667,0.711141
"May 2, 12:00 pm",539.495,185.138,21.9898,0.709908
"May 2, 01:00 pm",538.977,219.014,26.5676,0.71193
"May 2, 02:00 pm",535.897,240.912,35.7327,0.715899
"May 2, 03:00 pm",536.428,255.171,46.7691,0.718749
"May 2, 04:00 pm",495.039,265.841,58.4887,0.720482
"May 2, 05:00 pm",325.902,274.967,70.3595,0.598911
"May 2, 06:00 pm",42.0115,283.66,82.0307,0.115975
"May 2, 07:00 pm",34.0184,292.68,93.437,0
"May 2, 08:00 pm",22.4004,302.693,103.971,0
"May 2, 09:00 pm",10.8589,314.363,113.284,0
"May 2, 10:00 pm",0,328.277,120.731,0
"May 2, 11:00 pm",0,344.579,125.5,0
"May 3, 12:00 am",0,2.41645,126.844,0
"May 3, 01:00 am",0,19.9845,124.507,0
"May 3, 02:00 am",0,35.6617,118.918,0
"May 3, 03:00 am",0,48.9098,110.883,0
"May 3, 04:00 am",0,60.049,101.178,0
"May 3, 05:00 am",0,69.7079,89.8543,0
"May 3, 06:00 am",0,78.5478,78.8574,0.253087
"May 3, 07:00 am",0,87.2413,67.0866,0.665748
"May 3, 08:00 am",527.95,96.6049,55.205,0.720038
"May 3, 09:00 am",530.87,107.919,43.5767,0.718386
"May 3, 10:00 am",536.349,123.659,32.837,0.715024
"May 3, 11:00 am",538.827,148.587,24.4903,0.711497
"May 3, 12:00 pm",537.813,185.264,21.6986,0.710297
"May 3, 01:00 pm",372.631,219.405,26.3298,0.712273
"May 3, 02:00 pm",536.876,241.305,35.5475,0.716143
"May 3, 03:00 pm",536.899,255.513,46.612,0.718816
"May 3, 04:00 pm",520.069,266.14,58.3423,0.720543
"May 3, 05:00 pm",348.401,275.237,70.2129,0.603563
"May 3, 06:00 pm",40.485,283.911,81.8767,0.122272
"May 3, 07:00 pm",30.2533,292.919,93.2652,0
"May 3, 08:00 pm",17.8205,302.92,103.777,0
"May 3, 09:00 pm",0,314.571,113.062,0
"May 3, 10:00 pm",0,328.449,120.478,0
"May 3, 11:00 pm",0,344.686,125.221,0
"May 4, 12:00 am",0,2.43326,126.552,0
"May 4, 01:00 am",0,19.9125,124.22,0
"May 4, 02:00 am",0,35.5255,118.651,0
"May 4, 03:00 am",0,48.7359,110.64,0
"May 4, 04:00 am",0,59.8537,100.957,0
"May 4, 05:00 am",0,69.4975,89.6895,0
"May 4, 06:00 am",0,78.322,78.6697,0
"May 4, 07:00 am",0,86.9953,66.9036,0.703687
"May 4, 08:00 am",0,96.3306,55.0202,0.720094
"May 4, 09:00 am",0,107.608,43.3795,0.718447
"May 4, 10:00 am",0,123.32,32.611,0.715202
"May 4, 11:00 am",257.118,148.333,24.2191,0.71184
"May 4, 12:00 pm",274.65,185.385,21.4116,0.710672
"May 4, 01:00 pm",447.957,219.793,26.0955,0.712603
"May 4, 02:00 pm",273.327,241.693,35.3647,0.716378
"May 4, 03:00 pm",339.382,255.85,46.4564,0.718881
"May 4, 04:00 pm",44.3315,266.435,58.1968,0.720604
"May 4, 05:00 pm",40.9663,275.503,70.0667,0.608189
"May 4, 06:00 pm",31.5119,284.158,81.723,0.128628
"May 4, 07:00 pm",19.6475,293.153,93.0945,0
"May 4, 08:00 pm",8.28003,303.141,103.584,0
"May 4, 09:00 pm",0,314.774,112.841,0
"May 4, 10:00 pm",0,328.615,120.228,0
"May 4, 11:00 pm",0,344.788,124.945,0
"May 5, 12:00 am",0,2.4474,126.264,0
"May 5, 01:00 am",0,19.8398,123.939,0
"May 5, 02:00 am",0,35.3902,118.389,0
"May 5, 03:00 am",0,48.5636,110.402,0
"May 5, 04:00 am",0,59.6604,100.742,0
"May 5, 05:00 am",0,69.2892,89.5231,0
"May 5, 06:00 am",0,78.0983,78.486,0.272234
"May 5, 07:00 am",0,86.7513,66.7254,0
"May 5, 08:00 am",0,96.058,54.8404,0
"May 5, 09:00 am",0,107.298,43.1875,0
"May 5, 10:00 am",0,122.98,32.3907,0.715523
"May 5, 11:00 am",0,148.074,23.9533,0.71192
"May 5, 12:00 pm",537.918,185.503,21.1289,0.711035
"May 5, 01:00 pm",539.815,220.178,25.8649,0.712922
"May 5, 02:00 pm",540.141,242.077,35.1845,0.716604
"May 5, 03:00 pm",539.054,256.182,46.3026,0.718945
"May 5, 04:00 pm",44.4713,266.725,58.0528,0.720663
"May 5, 05:00 pm",39.2392,275.764,69.9216,0.612788
"May 5, 06:00 pm",28.3508,284.4,81.5698,0.135022
"May 5, 07:00 pm",15.9515,293.381,92.9251,0
"May 5, 08:00 pm",0,303.358,103.393,0
"May 5, 09:00 pm",0,314.972,112.623,0
"May 5, 10:00 pm",0,328.776,119.98,0
"May 5, 11:00 pm",0,344.885,124.672,0
"May 6, 12:00 am",0,2.45889,125.98,0
"May 6, 01:00 am",0,19.7666,123.662,0
"May 6, 02:00 am",0,35.2557,118.132,0
"May 6, 03:00 am",0,48.393,110.168,0
"May 6, 04:00 am",0,59.469,100.531,0
"May 6, 05:00 am",0,69.083,89.3463,0
"May 6, 06:00 am",0,77.8767,78.3052,0.281662
"May 6, 07:00 am",0,86.5093,66.5513,0.67992
"May 6, 08:00 am",535.845,95.7873,54.6655,0.720205
"May 6, 09:00 am",538.378,106.989,43.001,0.71857
"May 6, 10:00 am",537.219,122.639,32.1762,0.715759
"May 6, 11:00 am",536.889,147.809,23.6932,0.712493
"May 6, 12:00 pm",539.15,185.617,20.8508,0.711384
"May 6, 01:00 pm",539.308,220.559,25.6381,0.713228
"May 6, 02:00 pm",539.443,242.455,35.0073,0.71682
"May 6, 03:00 pm",538.583,256.509,46.1511,0.719008
"May 6, 04:00 pm",526.091,267.01,57.9106,0.720721
"May 6, 05:00 pm",370.437,276.02,69.7785,0.617359
"May 6, 06:00 pm",43.0743,284.637,81.4193,0.141466
"May 6, 07:00 pm",36.567,293.605,92.7569,0
"May 6, 08:00 pm",25.4207,303.569,103.204,0
"May 6, 09:00 pm",13.5053,315.164,112.407,0
"May 6, 10:00 pm",0,328.932,119.736,0
"May 6, 11:00 pm",0,344.979,124.404,0
"May 7, 12:00 am",0,2.46774,125.701,0
"May 7, 01:00 am",0,19.6929,123.39,0
"May 7, 02:00 am",0,35.1222,117.88,0
"May 7, 03:00 am",0,48.2241,109.94,0
"May 7, 04:00 am",0,59.2796,100.324,0
"May 7, 05:00 am",0,68.8789,89.1854,0
"May 7, 06:00 am",0,77.6573,78.1309,0.29098
"May 7, 07:00 am",0,86.2695,66.3826,0.681684
"May 7, 08:00 am",534.991,95.5185,54.4959,0.720259
"May 7, 09:00 am",539.878,106.682,42.8201,0.718631
"May 7, 10:00 am",536.002,122.297,31.9676,0.715987
"May 7, 11:00 am",535.333,147.539,23.4387,0.712803
"May 7, 12:00 pm",535.009,185.726,20.5772,0.711721
"May 7, 01:00 pm",534.854,220.937,25.415,0.713523
"May 7, 02:00 pm",534.855,242.829,34.8328,0.717027
"May 7, 03:00 pm",536.687,256.83,46.0015,0.71907
"May 7, 04:00 pm",517.99,267.289,57.7699,0.720778
"May 7, 05:00 pm",364.189,276.271,69.6366,0.621901
"May 7, 06:00 pm",42.9917,284.87,81.27,0.147956
"May 7, 07:00 pm",36.492,293.824,92.5899,0
"May 7, 08:00 pm",25.3574,303.775,103.016,0
"May 7, 09:00 pm",13.4882,315.35,112.193,0
"May 7, 10:00 pm",0,329.082,119.494,0
"May 7, 11:00 pm",0,345.067,124.14,0
"May 8, 12:00 am",0,2.47399,125.427,0
"May 8, 01:00 am",0,19.6186,123.123,0
"May 8, 02:00 am",0,34.9896,117.632,0
"May 8, 03:00 am",0,48.0569,109.716,0
"May 8, 04:00 am",0,59.0923,100.122,0
"May 8, 05:00 am",0,68.6771,89.0234,0
"May 8, 06:00 am",0,77.4402,77.961,0.300177
"May 8, 07:00 am",0,86.032,66.2188,0.683399
"May 8, 08:00 am",536.52,95.2518,54.3314,0.720312
"May 8, 09:00 am",400.425,106.375,42.6445,0.71869
"May 8, 10:00 am",538.166,121.954,31.7648,0.716206
"May 8, 11:00 am",534.938,147.263,23.1899,0.713101
"May 8, 12:00 pm",534.633,185.83,20.3082,0.712046
"May 8, 01:00 pm",534.471,221.31,25.1956,0.713806
"May 8, 02:00 pm",534.536,243.196,34.6609,0.717225
"May 8, 03:00 pm",537.164,257.146,45.8536,0.71913
"May 8, 04:00 pm",523.543,267.563,57.6304,0.720833
"May 8, 05:00 pm",375.777,276.517,69.4956,0.626411
"May 8, 06:00 pm",40.0496,285.097,81.1212,0.154489
"May 8, 07:00 pm",29.4452,294.038,92.4243,0
"May 8, 08:00 pm",16.9428,303.976,102.83,0
"May 8, 09:00 pm",0,315.531,111.982,0
"May 8, 10:00 pm",0,329.227,119.256,0
"May 8, 11:00 pm",0,345.152,123.88,0
"May 9, 12:00 am",0,2.47763,125.158,0
"May 9, 01:00 am",0,19.5437,122.862,0
"May 9, 02:00 am",0,34.8579,117.39,0
"May 9, 03:00 am",0,47.8914,109.498,0
"May 9, 04:00 am",0,58.9071,99.9256,0
"May 9, 05:00 am",0,68.4775,88.8673,0
"May 9, 06:00 am",0,77.2254,77.7962,0.309242
"May 9, 07:00 am",0,85.7968,66.0599,0.685064
"May 9, 08:00 am",512.378,94.9874,54.172,0.720365
"May 9, 09:00 am",538.823,106.071,42.4744,0.718748
"May 9, 10:00 am",539.692,121.61,31.5679,0.716417
"May 9, 11:00 am",538.449,146.982,22.9468,0.713389
"May 9, 12:00 pm",538.537,185.929,20.0438,0.712359
"May 9, 01:00 pm",538.59,221.678,24.9797,0.714079
"May 9, 02:00 pm",538.328,243.558,34.4913,0.717414
"May 9, 03:00 pm",310.364,257.456,45.7072,0.719189
"May 9, 04:00 pm",458.58,267.832,57.4917,0.720888
"May 9, 05:00 pm",318.914,276.758,69.355,0.63089
"May 9, 06:00 pm",40.2161,285.319,80.9728,0.161062
"May 9, 07:00 pm",29.4333,294.246,92.2601,0
"May 9, 08:00 pm",16.7405,304.171,102.645,0
"May 9, 09:00 pm",0,315.706,111.773,0
"May 9, 10:00 pm",0,329.367,119.021,0
"May 9, 11:00 pm",0,345.232,123.624,0
"May 10, 12:00 am",0,2.47869,124.894,0
"May 10, 01:00 am",0,19.4683,122.606,0
"May 10, 02:00 am",0,34.7272,117.154,0
"May 10, 03:00 am",0,47.7276,109.284,0
"May 10, 04:00 am",0,58.724,99.7338,0
"May 10, 05:00 am",0,68.2802,88.7151,0
"May 10, 06:00 am",0,77.013,77.6363,0
"May 10, 07:00 am",0,85.5641,65.9059,0
"May 10, 08:00 am",0,94.7253,54.0177,0.720417
"May 10, 09:00 am",0,105.768,42.3099,0.718806
"May 10, 10:00 am",0,121.267,31.3769,0.71656
"May 10, 11:00 am",100.216,146.697,22.7095,0.713666
"May 10, 12:00 pm",151.24,186.022,19.784,0.712661
"May 10, 01:00 pm",107.248,222.042,24.7675,0.714341
"May 10, 02:00 pm",40.6446,243.914,34.3245,0.717595
"May 10, 03:00 pm",31.1891,257.76,45.5629,0.719246
"May 10, 04:00 pm",20.9328,268.096,57.3548,0.720941
"May 10, 05:00 pm",11.7128,276.994,69.2162,0.634968
"May 10, 06:00 pm",0,285.536,80.8261,0.16767
"May 10, 07:00 pm",0,294.449,92.0973,0
"May 10, 08:00 pm",0,304.36,102.463,0
"May 10, 09:00 pm",0,315.876,111.567,0
"May 10, 10:00 pm",0,329.501,118.79,0
"May 10, 11:00 pm",0,345.307,123.372,0
"May 11, 12:00 am",0,2.47719,124.635,0
"May 11, 01:00 am",0,19.3923,122.355,0
"May 11, 02:00 am",0,34.5973,116.922,0
"May 11, 03:00 am",0,47.5655,109.076,0
"May 11, 04:00 am",0,58.543,99.5469,0
"May 11, 05:00 am",0,68.0852,88.5612,0
"May 11, 06:00 am",0,76.8032,77.4805,0.326937
"May 11, 07:00 am",0,85.334,65.7567,0.720316
"May 11, 08:00 am",0,94.4658,53.8686,0.720469
"May 11, 09:00 am",0,105.467,42.1509,0.718864
"May 11, 10:00 am",528.618,120.923,31.192,0.716817
"May 11, 11:00 am",42.3959,146.406,22.4783,0.713933
"May 11, 12:00 pm",35.485,186.11,19.5292,0.712654
"May 11, 01:00 pm",469.624,222.4,24.5592,0.714592
"May 11, 02:00 pm",537.367,244.263,34.1604,0.717768
"May 11, 03:00 pm",541.143,258.058,45.4204,0.719302
"May 11, 04:00 pm",43.4106,268.353,57.2193,0.720993
"May 11, 05:00 pm",344.444,277.224,69.0784,0.639744
"May 11, 06:00 pm",43.0472,285.748,80.6803,0.174309
"May 11, 07:00 pm",36.8637,294.647,91.9361,0
"May 11, 08:00 pm",25.7805,304.545,102.282,0
"May 11, 09:00 pm",13.761,316.04,111.363,0
"May 11, 10:00 pm",0,329.63,118.562,0
"May 11, 11:00 pm",0,345.378,123.125,0
"May 12, 12:00 am",0,2.47314,124.381,0
"May 12, 01:00 am",0,19.3158,122.109,0
"May 12, 02:00 am",0,34.4684,116.696,0
"May 12, 03:00 am",0,47.4052,108.873,0
"May 12, 04:00 am",0,58.3642,99.3651,0
"May 12, 05:00 am",0,67.8927,88.4104,0
"May 12, 06:00 am",0,76.5958,77.3294,0.335548
"May 12, 07:00 am",0,85.1066,65.6124,0.689764
"May 12, 08:00 am",537.727,94.2088,53.7247,0.720519
"May 12, 09:00 am",540.549,105.168,41.9975,0.718918
"May 12, 10:00 am",540.421,120.579,31.0131,0.717005
"May 12, 11:00 am",43.2775,146.11,22.2531,0.714191
"May 12, 12:00 pm",506.399,186.192,19.2791,0.71323
"May 12, 01:00 pm",536.389,222.752,24.3545,0.714833
"May 12, 02:00 pm",111.238,244.606,33.9987,0.717933
"May 12, 03:00 pm",43.1133,258.35,45.2796,0.719357
"May 12, 04:00 pm",465.746,268.605,57.085,0.721043
"May 12, 05:00 pm",40.0541,277.449,68.9419,0.644116
"May 12, 06:00 pm",32.3576,285.954,80.5357,0.180975
"May 12, 07:00 pm",24.4006,294.84,91.7763,0
"May 12, 08:00 pm",15.1798,304.723,102.103,0
"May 12, 09:00 pm",0,316.199,111.162,0
"May 12, 10:00 pm",0,329.753,118.337,0
"May 12, 11:00 pm",0,345.445,122.882,0
"May 13, 12:00 am",0,2.46656,124.132,0
"May 13, 01:00 am",0,19.2388,121.869,0
"May 13, 02:00 am",0,34.3404,116.475,0
"May 13, 03:00 am",0,47.2467,108.675,0
"May 13, 04:00 am",0,58.1876,99.1885,0
"May 13, 05:00 am",0,67.7027,88.2594,0
"May 13, 06:00 am",0,76.3912,77.1828,0
"May 13, 07:00 am",0,84.8819,65.4731,0.720221
"May 13, 08:00 am",0,93.9547,53.586,0.72057
"May 13, 09:00 am",540.424,104.872,41.8497,0.718972
"May 13, 10:00 am",41.026,120.236,30.8403,0.717186
"May 13, 11:00 am",36.8627,145.809,22.0341,0.714438
"May 13, 12:00 pm",284.737,186.268,19.034,0.713498
"May 13, 01:00 pm",275.203,223.098,24.1535,0.715064
"May 13, 02:00 pm",47.9672,244.942,33.8396,0.718028
"May 13, 03:00 pm",510.863,258.636,45.1406,0.719412
"May 13, 04:00 pm",224.231,268.852,56.9522,0.721092
"May 13, 05:00 pm",43.0541,277.668,68.8066,0.648449
"May 13, 06:00 pm",36.4726,286.155,80.3923,0.187661
"May 13, 07:00 pm",24.6413,295.027,91.6181,0
"May 13, 08:00 pm",12.7355,304.896,101.926,0
"May 13, 09:00 pm",0,316.352,110.963,0
"May 13, 10:00 pm",0,329.872,118.116,0
"May 13, 11:00 pm",0,345.508,122.644,0
"May 14, 12:00 am",0,2.45747,123.888,0
"May 14, 01:00 am",0,19.1612,121.635,0
"May 14, 02:00 am",0,34.2133,116.26,0
"May 14, 03:00 am",0,47.0899,108.482,0
"May 14, 04:00 am",0,58.0133,99.017,0
"May 14, 05:00 am",0,67.5151,88.1158,0
"May 14, 06:00 am",0,76.1892,77.0416,0.352246
"May 14, 07:00 am",0,84.66,65.339,0.692648
"May 14, 08:00 am",526.394,93.7035,53.4528,0.720618
"May 14, 09:00 am",539.224,104.578,41.7077,0.719026
"May 14, 10:00 am",539.295,119.894,30.6737,0.717359
"May 14, 11:00 am",538.796,145.504,21.8213,0.714676
"May 14, 12:00 pm",537.268,186.336,18.7939,0.713756
"May 14, 01:00 pm",537.29,223.437,23.9563,0.715286
"May 14, 02:00 pm",536.681,245.271,33.6833,0.718085
"May 14, 03:00 pm",524.17,258.915,45.0037,0.719462
"May 14, 04:00 pm",483.745,269.092,56.8213,0.72114
"May 14, 05:00 pm",351.884,277.882,68.6733,0.652741
"May 14, 06:00 pm",40.5918,286.35,80.2518,0.194365
"May 14, 07:00 pm",30.6705,295.208,91.4616,0
"May 14, 08:00 pm",18.411,305.064,101.752,0
"May 14, 09:00 pm",0,316.499,110.767,0
"May 14, 10:00 pm",0,329.984,117.899,0
"May 14, 11:00 pm",0,345.566,122.41,0
"May 15, 12:00 am",0,2.44591,123.65,0
"May 15, 01:00 am",0,19.0831,121.406,0
"May 15, 02:00 am",0,34.0872,116.051,0
"May 15, 03:00 am",0,46.935,108.295,0
"May 15, 04:00 am",0,57.8413,98.8508,0
"May 15, 05:00 am",0,67.3302,87.9806,0
"May 15, 06:00 am",0,75.99,76.9065,0.360316
"May 15, 07:00 am",0,84.4411,65.2106,0.694014
"May 15, 08:00 am",511.923,93.4553,53.3251,0.720666
"May 15, 09:00 am",231.461,104.287,41.5715,0.719078
"May 15, 10:00 am",536.402,119.553,30.5134,0.717526
"May 15, 11:00 am",359.476,145.195,21.6149,0.714905
"May 15, 12:00 pm",529.444,186.398,18.5589,0.714003
"May 15, 01:00 pm",129.074,223.77,23.7629,0.715498
"May 15, 02:00 pm",281.673,245.593,33.5294,0.71814
"May 15, 03:00 pm",332.171,259.187,44.8685,0.719512
"May 15, 04:00 pm",154.104,269.326,56.6915,0.721186
"May 15, 05:00 pm",104.246,278.089,68.541,0.656991
"May 15, 06:00 pm",40.0431,286.54,80.112,0.201079
"May 15, 07:00 pm",29.4769,295.385,91.3067,0
"May 15, 08:00 pm",16.4462,305.226,101.58,0
"May 15, 09:00 pm",0,316.64,110.574,0
"May 15, 10:00 pm",0,330.092,117.686,0
"May 15, 11:00 pm",0,345.62,122.181,0
"May 16, 12:00 am",0,2.4319,123.417,0
"May 16, 01:00 am",0,19.0045,121.182,0
"May 16, 02:00 am",0,33.9621,115.847,0
"May 16, 03:00 am",0,46.7819,108.113,0
"May 16, 04:00 am",0,57.6716,98.6898,0
"May 16, 05:00 am",0,67.1479,87.8494,0
"May 16, 06:00 am",0,75.7937,76.7764,0.368188
"May 16, 07:00 am",0,84.2253,65.0871,0.720083
"May 16, 08:00 am",0,93.2104,53.2026,0.720714
"May 16, 09:00 am",0,103.999,41.4409,0.719132
"May 16, 10:00 am",354.394,119.214,30.3592,0.717686
"May 16, 11:00 am",264.677,144.882,21.4148,0.715125
"May 16, 12:00 pm",388.437,186.452,18.329,0.714241
"May 16, 01:00 pm",534.283,224.095,23.5731,0.715701
"May 16, 02:00 pm",534.924,245.908,33.378,0.718194
"May 16, 03:00 pm",506.21,259.453,44.735,0.719561
"May 16, 04:00 pm",458.378,269.554,56.5631,0.721231
"May 16, 05:00 pm",329.885,278.292,68.4098,0.661197
"May 16, 06:00 pm",43.2501,286.725,79.9733,0.2078
"May 16, 07:00 pm",37.1714,295.555,91.1536,0
"May 16, 08:00 pm",26.2246,305.382,101.41,0
"May 16, 09:00 pm",14.2848,316.776,110.385,0
"May 16, 10:00 pm",0,330.194,117.476,0
"May 16, 11:00 pm",0,345.669,121.957,0
"May 17, 12:00 am",0,2.41548,123.189,0
"May 17, 01:00 am",0,18.9254,120.965,0
"May 17, 02:00 am",0,33.8379,115.649,0
"May 17, 03:00 am",0,46.6308,107.937,0
"May 17, 04:00 am",0,57.5044,98.5342,0
"May 17, 05:00 am",0,66.9683,87.7197,0
"May 17, 06:00 am",0,75.6004,76.6507,0
"May 17, 07:00 am",0,84.0127,64.9685,0.720039
"May 17, 08:00 am",0,92.9688,53.0852,0.720761
"May 17, 09:00 am",345.379,103.715,41.3158,0.71918
"May 17, 10:00 am",536.485,118.876,30.2112,0.71784
"May 17, 11:00 am",536.831,144.564,21.2211,0.715336
"May 17, 12:00 pm",535.861,186.499,18.1042,0.714469
"May 17, 01:00 pm",211.271,224.412,23.387,0.715895
"May 17, 02:00 pm",211.743,246.214,33.229,0.718247
"May 17, 03:00 pm",119.64,259.711,44.6032,0.719609
"May 17, 04:00 pm",477.703,269.775,56.4361,0.721275
"May 17, 05:00 pm",368.712,278.488,68.2802,0.665356
"May 17, 06:00 pm",44.1096,286.903,79.8365,0.214521
"May 17, 07:00 pm",39.5499,295.72,91.0023,0
"May 17, 08:00 pm",29.0951,305.533,101.242,0
"May 17, 09:00 pm",16.1948,316.907,110.198,0
"May 17, 10:00 pm",0,330.291,117.27,0
"May 17, 11:00 pm",0,345.715,121.737,0
"May 18, 12:00 am",0,2.39669,122.967,0
"May 18, 01:00 am",0,18.8459,120.753,0
"May 18, 02:00 am",0,33.7148,115.456,0
"May 18, 03:00 am",0,46.4816,107.767,0
"May 18, 04:00 am",0,57.3396,98.3839,0
"May 18, 05:00 am",0,66.7915,87.5936,0
"May 18, 06:00 am",0,75.4101,76.5297,0.383244
"May 18, 07:00 am",0,83.8034,64.8549,0.697789
"May 18, 08:00 am",539.988,92.7307,52.9731,0.720806
"May 18, 09:00 am",537.276,103.434,41.1963,0.71923
"May 18, 10:00 am",536.808,118.54,30.0693,0.717987
"May 18, 11:00 am",536.393,144.244,21.0337,0.715538
"May 18, 12:00 pm",536.07,186.538,17.8847,0.714687
"May 18, 01:00 pm",535.879,224.722,23.2046,0.716081
"May 18, 02:00 pm",535.88,246.513,33.0825,0.718298
"May 18, 03:00 pm",535.998,259.963,44.473,0.719655
"May 18, 04:00 pm",537.33,269.991,56.3101,0.721317
"May 18, 05:00 pm",432.769,278.678,68.1511,0.669468
"May 18, 06:00 pm",63.7951,287.076,79.699,0.221237
"May 18, 07:00 pm",40.1605,295.879,90.853,0
"May 18, 08:00 pm",29.4795,305.678,101.076,0
"May 18, 09:00 pm",16.8542,317.031,110.014,0
"May 18, 10:00 pm",0,330.383,117.068,0
"May 18, 11:00 pm",0,345.756,121.523,0
"May 19, 12:00 am",0,2.37558,122.751,0
"May 19, 01:00 am",0,18.7661,120.548,0
"May 19, 02:00 am",0,33.5928,115.27,0
"May 19, 03:00 am",0,46.3343,107.602,0
"May 19, 04:00 am",0,57.1772,98.2391,0
"May 19, 05:00 am",0,66.6175,87.4683,0
"May 19, 06:00 am",0,75.2229,76.4136,0.390428
"May 19, 07:00 am",0,83.5975,64.7465,0.704655
"May 19, 08:00 am",540.596,92.4963,52.8665,0.720851
"May 19, 09:00 am",536.661,103.156,41.0827,0.719278
"May 19, 10:00 am",536.1,118.207,29.9337,0.718042
"May 19, 11:00 am",535.444,143.92,20.853,0.715732
"May 19, 12:00 pm",535.08,186.569,17.6705,0.714896
"May 19, 01:00 pm",534.864,225.023,23.0261,0.716258
"May 19, 02:00 pm",534.769,246.803,32.9386,0.718347
"May 19, 03:00 pm",534.826,260.207,44.345,0.719699
"May 19, 04:00 pm",535.764,270.199,56.1862,0.72128
"May 19, 05:00 pm",429.146,278.863,68.0244,0.673529
"May 19, 06:00 pm",65.5641,287.243,79.5654,0.227942
"May 19, 07:00 pm",40.1392,296.033,90.1303,0
"May 19, 08:00 pm",29.5012,305.817,100.914,0
"May 19, 09:00 pm",16.9179,317.151,109.834,0
"May 19, 10:00 pm",0,330.47,116.871,0
"May 19, 11:00 pm",0,345.794,121.313,0
"May 20, 12:00 am",0,2.3522,122.54,0
"May 20, 01:00 am",0,18.6858,120.348,0
"May 20, 02:00 am",0,33.4719,115.089,0
"May 20, 03:00 am",0,46.1891,107.443,0
"May 20, 04:00 am",0,57.0175,98.0997,0
"May 20, 05:00 am",0,66.4465,87.354,0
"May 20, 06:00 am",0,75.039,76.3038,0.397381
"May 20, 07:00 am",0,83.3951,64.6437,0.705197
"May 20, 08:00 am",539.752,92.2657,52.7653,0.720894
"May 20, 09:00 am",536.011,102.883,40.9748,0.719325
"May 20, 10:00 am",535.11,117.877,29.8044,0.718093
"May 20, 11:00 am",534.607,143.593,20.6789,0.715918
"May 20, 12:00 pm",534.249,186.592,17.4618,0.715096
"May 20, 01:00 pm",533.894,225.315,22.8513,0.716428
"May 20, 02:00 pm",533.894,247.085,32.7973,0.718395
"May 20, 03:00 pm",534.275,260.444,44.2187,0.719742
"May 20, 04:00 pm",537.379,270.402,56.0638,0.721241
"May 20, 05:00 pm",408.121,279.041,67.899,0.677539
"May 20, 06:00 pm",39.9526,287.405,79.433,0.234629
"May 20, 07:00 pm",29.0828,296.18,90.0119,0
"May 20, 08:00 pm",16.3834,305.95,100.753,0
"May 20, 09:00 pm",0,317.264,109.656,0
"May 20, 10:00 pm",0,330.551,116.677,0
"May 20, 11:00 pm",0,345.827,121.109,0
"May 21, 12:00 am",0,2.32662,122.335,0
"May 21, 01:00 am",0,18.6053,120.154,0
"May 21, 02:00 am",0,33.3522,114.914,0
"May 21, 03:00 am",0,46.046,107.289,0
"May 21, 04:00 am",0,56.8604,97.9657,0
"May 21, 05:00 am",0,66.2785,87.2488,0
"May 21, 06:00 am",0,74.8584,76.1999,0.404094
"May 21, 07:00 am",0,83.1964,64.5462,0.719868
"May 21, 08:00 am",0,92.0391,52.6694,0.720937
"May 21, 09:00 am",0,102.613,40.8724,0.719372
"May 21, 10:00 am",0,117.549,29.6812,0.718143
"May 21, 11:00 am",0,143.265,20.5113,0.716096
"May 21, 12:00 pm",0,186.606,17.2584,0.715287
"May 21, 01:00 pm",0,225.598,22.6802,0.716589
"May 21, 02:00 pm",0,247.359,32.6582,0.718441
"May 21, 03:00 pm",0,260.673,44.0939,0.719784
"May 21, 04:00 pm",0,270.597,55.9423,0.721202
"May 21, 05:00 pm",0,279.214,67.7744,0.681494
"May 21, 06:00 pm",0,287.561,79.3013,0
"May 21, 07:00 pm",0,296.323,89.8895,0
"May 21, 08:00 pm",0,306.078,100.596,0
"May 21, 09:00 pm",0,317.372,109.483,0
"May 21, 10:00 pm",0,330.628,116.488,0
"May 21, 11:00 pm",0,345.857,120.91,0
"May 22, 12:00 am",0,2.29889,122.136,0
"May 22, 01:00 am",0,18.5245,119.966,0
"May 22, 02:00 am",0,33.2337,114.745,0
"May 22, 03:00 am",0,45.905,107.141,0
"May 22, 04:00 am",0,56.706,97.8373,0
"May 22, 05:00 am",0,66.1136,87.1382,0
"May 22, 06:00 am",0,74.6813,76.099,0.410561
"May 22, 07:00 am",0,83.0015,64.453,0.702172
"May 22, 08:00 am",467.051,91.8167,52.5784,0.72098
"May 22, 09:00 am",521.774,102.348,40.7755,0.719417
"May 22, 10:00 am",536.973,117.226,29.5641,0.718192
"May 22, 11:00 am",537.172,142.934,20.3504,0.716267
"May 22, 12:00 pm",538.005,186.611,17.0607,0.71547
"May 22, 01:00 pm",537.391,225.872,22.5131,0.716742
"May 22, 02:00 pm",537.251,247.624,32.5221,0.718485
"May 22, 03:00 pm",536.186,260.895,43.9716,0.719824
"May 22, 04:00 pm",517.471,270.786,55.8234,0.721166
"May 22, 05:00 pm",410.911,279.38,67.6529,0.685393
"May 22, 06:00 pm",65.6348,287.71,79.1735,0.247926
"May 22, 07:00 pm",40.0951,296.459,89.7763,0
"May 22, 08:00 pm",29.6491,306.2,100.441,0
"May 22, 09:00 pm",17.2663,317.474,109.312,0
"May 22, 10:00 pm",0,330.699,116.303,0
"May 22, 11:00 pm",0,345.882,120.716,0
"May 23, 12:00 am",0,2.2691,121.942,0
"May 23, 01:00 am",0,18.4435,119.784,0
"May 23, 02:00 am",0,33.1164,114.583,0
"May 23, 03:00 am",0,45.7662,106.999,0
"May 23, 04:00 am",0,56.5545,97.7143,0
"May 23, 05:00 am",0,65.9519,87.0381,0
"May 23, 06:00 am",0,74.5077,76.0048,0.416776
"May 23, 07:00 am",0,82.8104,64.3658,0.703113
"May 23, 08:00 am",487.674,91.5986,52.4932,0.721021
"May 23, 09:00 am",511.242,102.088,40.6845,0.719461
"May 23, 10:00 am",512.86,116.906,29.4534,0.71824
"May 23, 11:00 am",501.412,142.602,20.1963,0.71643
"May 23, 12:00 pm",534.016,186.608,16.8686,0.715645
"May 23, 01:00 pm",530.38,226.136,22.3498,0.716888
"May 23, 02:00 pm",516.011,247.88,32.3885,0.718528
"May 23, 03:00 pm",470.054,261.11,43.851,0.719862
"May 23, 04:00 pm",413.233,270.969,55.7059,0.72113
"May 23, 05:00 pm",294.245,279.54,67.5323,0.689234
"May 23, 06:00 pm",43.1008,287.854,79.0464,0.254523
"May 23, 07:00 pm",36.8961,296.589,89.6589,0
"May 23, 08:00 pm",25.8852,306.317,100.289,0
"May 23, 09:00 pm",13.9414,317.571,109.146,0
"May 23, 10:00 pm",0,330.765,116.123,0
"May 23, 11:00 pm",0,345.904,120.527,0
"May 24, 12:00 am",0,2.2373,121.755,0
"May 24, 01:00 am",0,18.3624,119.609,0
"May 24, 02:00 am",0,33.0005,114.426,0
"May 24, 03:00 am",0,45.6297,106.863,0
"May 24, 04:00 am",0,56.4057,97.5969,0
"May 24, 05:00 am",0,65.7935,86.9416,0
"May 24, 06:00 am",0,74.3377,75.915,0.422732
"May 24, 07:00 am",0,82.6235,64.2832,0.71048
"May 24, 08:00 am",357.248,91.385,52.4127,0.721061
"May 24, 09:00 am",424.374,101.832,40.5986,0.719504
"May 24, 10:00 am",450.385,116.59,29.3485,0.718286
"May 24, 11:00 am",460.611,142.269,20.0487,0.716585
"May 24, 12:00 pm",496.431,186.596,16.682,0.715811
"May 24, 01:00 pm",493.457,226.39,22.1902,0.717027
"May 24, 02:00 pm",481.987,248.127,32.2572,0.71857
"May 24, 03:00 pm",457.818,261.316,43.732,0.719899
"May 24, 04:00 pm",398.86,271.144,55.5896,0.721097
"May 24, 05:00 pm",272.846,279.693,67.413,0.693015
"May 24, 06:00 pm",42.8152,287.992,78.9205,0.261076
"May 24, 07:00 pm",36.095,296.714,89.5415,0
"May 24, 08:00 pm",24.9375,306.428,100.14,0
"May 24, 09:00 pm",13.1786,317.663,108.983,0
"May 24, 10:00 pm",0,330.827,115.947,0
"May 24, 11:00 pm",0,345.922,120.344,0
"May 25, 12:00 am",0,2.20359,121.573,0
"May 25, 01:00 am",0,18.2813,119.439,0
"May 25, 02:00 am",0,32.8861,114.275,0
"May 25, 03:00 am",0,45.4956,106.733,0
"May 25, 04:00 am",0,56.26,97.485,0
"May 25, 05:00 am",0,65.6384,86.8502,0
"May 25, 06:00 am",0,74.1715,75.8306,0.428425
"May 25, 07:00 am",0,82.4407,64.2058,0.711782
"May 25, 08:00 am",383.23,91.1761,52.3377,0.7211
"May 25, 09:00 am",438.176,101.582,40.5184,0.719545
"May 25, 10:00 am",447.022,116.28,29.2499,0.718331
"May 25, 11:00 am",445.216,141.936,19.908,0.716733
"May 25, 12:00 pm",498.881,186.574,16.5014,0.71597
"May 25, 01:00 pm",492.081,226.634,22.0348,0.717159
"May 25, 02:00 pm",478.527,248.364,32.1288,0.71861
"May 25, 03:00 pm",419.476,261.515,43.6155,0.719935
"May 25, 04:00 pm",355.86,271.313,55.4756,0.721064
"May 25, 05:00 pm",234.233,279.841,67.296,0.696733
"May 25, 06:00 pm",42.0534,288.124,78.7972,0.267578
"May 25, 07:00 pm",34.3019,296.833,89.4243,0
"May 25, 08:00 pm",22.6937,306.533,99.9937,0
"May 25, 09:00 pm",11.0074,317.749,108.824,0
"May 25, 10:00 pm",0,330.883,115.776,0
"May 25, 11:00 pm",0,345.937,120.166,0
"May 26, 12:00 am",0,2.16803,121.398,0
"May 26, 01:00 am",0,18.2002,119.276,0
"May 26, 02:00 am",0,32.7731,114.13,0
"May 26, 03:00 am",0,45.3639,106.608,0
"May 26, 04:00 am",0,56.1172,97.3786,0
"May 26, 05:00 am",0,65.4868,86.7623,0
"May 26, 06:00 am",0,74.0091,75.7507,0.433848
"May 26, 07:00 am",0,82.2622,64.1332,0
"May 26, 08:00 am",0,90.972,52.2675,0
"May 26, 09:00 am",0,101.337,40.4434,0
"May 26, 10:00 am",0,115.974,29.1571,0
"May 26, 11:00 am",0,141.603,19.7739,0.716875
"May 26, 12:00 pm",0,186.544,16.3264,0.716121
"May 26, 01:00 pm",0,226.867,21.8831,0.717285
"May 26, 02:00 pm",0,248.592,32.0028,0.718648
"May 26, 03:00 pm",0,261.705,43.5005,0.719969
"May 26, 04:00 pm",0,271.474,55.3629,0.721034
"May 26, 05:00 pm",40.6939,279.982,67.1805,0.700387
"May 26, 06:00 pm",33.0838,288.25,78.6756,0.274024
"May 26, 07:00 pm",21.1656,296.947,89.3091,0
"May 26, 08:00 pm",9.78081,306.632,99.8508,0
"May 26, 09:00 pm",0,317.829,108.668,0
"May 26, 10:00 pm",0,330.935,115.61,0
"May 26, 11:00 pm",0,345.948,119.993,0
"May 27, 12:00 am",0,2.13072,121.228,0
"May 27, 01:00 am",0,18.1193,119.119,0
"May 27, 02:00 am",0,32.6617,113.992,0
"May 27, 03:00 am",0,45.2347,106.489,0
"May 27, 04:00 am",0,55.9776,97.2777,0
"May 27, 05:00 am",0,65.3388,86.6795,0
"May 27, 06:00 am",0,73.8507,75.676,0.438998
"May 27, 07:00 am",0,82.0881,64.0655,0.714161
"May 27, 08:00 am",379.624,90.7729,52.2024,0.721176
"May 27, 09:00 am",159.005,101.097,40.3738,0.719625
"May 27, 10:00 am",250.131,115.674,29.0704,0.718416
"May 27, 11:00 am",262.306,141.271,19.6466,0.717009
"May 27, 12:00 pm",260.924,186.505,16.1574,0.716265
"May 27, 01:00 pm",303.181,227.089,21.7355,0.717403
"May 27, 02:00 pm",294.241,248.811,31.8798,0.718684
"May 27, 03:00 pm",236.039,261.888,43.388,0.720002
"May 27, 04:00 pm",144.143,271.629,55.2525,0.721004
"May 27, 05:00 pm",43.3592,280.117,67.0672,0.703975
"May 27, 06:00 pm",37.7808,288.37,78.5565,0.280404
"May 27, 07:00 pm",27.9078,297.054,89.1951,0
"May 27, 08:00 pm",16.9292,306.726,99.7112,0
"May 27, 09:00 pm",0,317.905,108.517,0
"May 27, 10:00 pm",0,330.982,115.449,0
"May 27, 11:00 pm",0,345.955,119.827,0
"May 28, 12:00 am",0,2.09174,121.065,0
"May 28, 01:00 am",0,18.0385,118.969,0
"May 28, 02:00 am",0,32.5519,113.86,0
"May 28, 03:00 am",0,45.1081,106.376,0
"May 28, 04:00 am",0,55.8412,97.1824,0
"May 28, 05:00 am",0,65.1944,86.6015,0
"May 28, 06:00 am",0,73.6964,75.6062,0.443868
"May 28, 07:00 am",0,81.9186,64.0027,0.719602
"May 28, 08:00 am",0,90.5789,52.1422,0.721212
"May 28, 09:00 am",0,100.864,40.3094,0.719663
"May 28, 10:00 am",0,115.38,28.9895,0.718457
"May 28, 11:00 am",0,140.94,19.5259,0.717137
"May 28, 12:00 pm",0,186.456,15.9944,0.716104
"May 28, 01:00 pm",536.789,227.3,21.5918,0.717515
"May 28, 02:00 pm",537.415,249.019,31.7593,0.718719
"May 28, 03:00 pm",531.571,262.062,43.2773,0.720033
"May 28, 04:00 pm",196.96,271.776,55.1436,0.720975
"May 28, 05:00 pm",133.763,280.245,66.9555,0.707493
"May 28, 06:00 pm",40.1207,288.484,78.4389,0.286713
"May 28, 07:00 pm",29.4153,297.156,89.0808,0
"May 28, 08:00 pm",16.8281,306.814,99.575,0
"May 28, 09:00 pm",0,317.974,108.37,0
"May 28, 10:00 pm",0,331.025,115.292,0
"May 28, 11:00 pm",0,345.959,119.666,0
"May 29, 12:00 am",0,2.05116,120.908,0
"May 29, 01:00 am",0,17.9579,118.825,0
"May 29, 02:00 am",0,32.4438,113.734,0
"May 29, 03:00 am",0,44.9842,106.269,0
"May 29, 04:00 am",0,55.708,97.0926,0
"May 29, 05:00 am",0,65.0537,86.5276,0
"May 29, 06:00 am",0,73.5462,75.5415,0.448455
"May 29, 07:00 am",0,81.7537,63.9452,0
"May 29, 08:00 am",0,90.3903,52.0872,0.721247
"May 29, 09:00 am",0,100.636,40.2505,0.7197
"May 29, 10:00 am",466.081,115.092,28.9145,0.718493
"May 29, 11:00 am",53.6013,140.611,19.412,0.717259
"May 29, 12:00 pm",76.1856,186.398,15.8374,0.716531
"May 29, 01:00 pm",39.8982,227.499,21.4523,0.717621
"May 29, 02:00 pm",47.7764,249.218,31.6417,0.718753
"May 29, 03:00 pm",48.9896,262.228,43.1691,0.720063
"May 29, 04:00 pm",92.3229,271.916,55.0372,0.720949
"May 29, 05:00 pm",95.7947,280.367,66.8465,0.710941
"May 29, 06:00 pm",67.5521,288.592,78.3248,0.292942
"May 29, 07:00 pm",39.8587,297.252,88.9734,0
"May 29, 08:00 pm",28.4236,306.897,99.4421,0
"May 29, 09:00 pm",15.6829,318.039,108.227,0
"May 29, 10:00 pm",0,331.063,115.141,0
"May 29, 11:00 pm",0,345.96,119.511,0
"May 30, 12:00 am",0,2.00908,120.758,0
"May 30, 01:00 am",0,17.8777,118.687,0
"May 30, 02:00 am",0,32.3375,113.614,0
"May 30, 03:00 am",0,44.863,106.168,0
"May 30, 04:00 am",0,55.5782,97.0083,0
"May 30, 05:00 am",0,64.9169,86.4617,0
"May 30, 06:00 am",0,73.4003,75.4825,0.452756
"May 30, 07:00 am",0,81.5937,63.8927,0.709256
"May 30, 08:00 am",512.146,90.2072,52.0373,0.721281
"May 30, 09:00 am",536.934,100.415,40.1968,0.719736
"May 30, 10:00 am",537.766,114.811,28.8455,0.718533
"May 30, 11:00 am",537.319,140.286,19.3049,0.717374
"May 30, 12:00 pm",536.715,186.332,15.6866,0.716654
"May 30, 01:00 pm",536.597,227.687,21.317,0.717721
"May 30, 02:00 pm",536.223,249.407,31.5271,0.718784
"May 30, 03:00 pm",518.577,262.386,43.0634,0.72009
"May 30, 04:00 pm",473.189,272.049,54.9333,0.720924
"May 30, 05:00 pm",381.718,280.482,66.7403,0.714316
"May 30, 06:00 pm",68.6131,288.694,78.2141,0.299084
"May 30, 07:00 pm",40.0126,297.342,88.8707,0
"May 30, 08:00 pm",29.4582,306.974,99.3128,0
"May 30, 09:00 pm",17.0343,318.099,108.088,0
"May 30, 10:00 pm",0,331.096,114.994,0
"May 30, 11:00 pm",0,345.957,119.362,0
"May 31, 12:00 am",0,1.96557,120.614,0
"May 31, 01:00 am",0,17.7979,118.556,0
"May 31, 02:00 am",0,32.2331,113.5,0
"May 31, 03:00 am",0,44.7447,106.073,0
"May 31, 04:00 am",0,55.4519,96.9295,0
"May 31, 05:00 am",0,64.784,86.3991,0
"May 31, 06:00 am",0,73.2588,75.4278,0.456766
"May 31, 07:00 am",0,81.4386,63.8447,0.709038
"May 31, 08:00 am",486.228,90.0297,51.9919,0.721314
"May 31, 09:00 am",525.423,100.2,40.148,0.71977
"May 31, 10:00 am",535.768,114.536,28.782,0.71857
"May 31, 11:00 am",535.575,139.963,19.2044,0.717483
"May 31, 12:00 pm",536.349,186.256,15.542,0.71677
"May 31, 01:00 pm",535.716,227.863,21.1858,0.717815
"May 31, 02:00 pm",535.062,249.585,31.4152,0.718814
"May 31, 03:00 pm",531.478,262.535,42.9598,0.720117
"May 31, 04:00 pm",481.374,272.175,54.8312,0.7209
"May 31, 05:00 pm",393.254,280.591,66.6357,0.717616
"May 31, 06:00 pm",79.5845,288.79,78.1048,0.305133
"May 31, 07:00 pm",40.0912,297.426,88.7656,0
"May 31, 08:00 pm",29.5272,307.046,99.1871,0
"May 31, 09:00 pm",17.0801,318.153,107.954,0
"May 31, 10:00 pm",0,331.125,114.853,0
"May 31, 11:00 pm",0,345.952,119.218,0
"Jun 1, 12:00 am",0,1.92072,120.476,0
"Jun 1, 01:00 am",0,17.7187,118.431,0
"Jun 1, 02:00 am",0,32.1306,113.393,0
"Jun 1, 03:00 am",0,44.6292,105.984,0
"Jun 1, 04:00 am",0,55.3291,96.8563,0
"Jun 1, 05:00 am",0,64.6551,86.3423,0
"Jun 1, 06:00 am",0,73.1218,75.3781,0.460484
"Jun 1, 07:00 am",0,81.2885,63.8015,0.709581
"Jun 1, 08:00 am",407.677,89.8579,51.9514,0.721293
"Jun 1, 09:00 am",464.744,99.9925,40.1042,0.719804
"Jun 1, 10:00 am",489.668,114.27,28.7242,0.718605
"Jun 1, 11:00 am",498.331,139.644,19.1106,0.717586
"Jun 1, 12:00 pm",532.377,186.171,15.4036,0.716879
"Jun 1, 01:00 pm",527.499,228.026,21.0588,0.717904
"Jun 1, 02:00 pm",513.492,249.753,31.3063,0.718843
"Jun 1, 03:00 pm",464.136,262.676,42.8586,0.720142
"Jun 1, 04:00 pm",410.891,272.294,54.7313,0.720877
"Jun 1, 05:00 pm",311.852,280.693,66.5336,0.718986
"Jun 1, 06:00 pm",44.1211,288.88,77.9983,0.311079
"Jun 1, 07:00 pm",39.5245,297.505,88.6642,0
"Jun 1, 08:00 pm",28.9793,307.112,99.0651,0
"Jun 1, 09:00 pm",16.6147,318.202,107.824,0
"Jun 1, 10:00 pm",0,331.15,114.717,0
"Jun 1, 11:00 pm",0,345.943,119.081,0
"Jun 2, 12:00 am",0,1.8746,120.344,0
"Jun 2, 01:00 am",0,17.6399,118.313,0
"Jun 2, 02:00 am",0,32.0301,113.292,0
"Jun 2, 03:00 am",0,44.5167,105.9,0
"Jun 2, 04:00 am",0,55.2099,96.7885,0
"Jun 2, 05:00 am",0,64.5303,86.2903,0
"Jun 2, 06:00 am",0,72.9894,75.3334,0.463906
"Jun 2, 07:00 am",0,81.1436,63.7632,0.719442
"Jun 2, 08:00 am",347.357,89.6921,51.9156,0.721262
"Jun 2, 09:00 am",419.236,99.7915,40.0655,0.719836
"Jun 2, 10:00 am",446.976,114.011,28.672,0.718638
"Jun 2, 11:00 am",458.558,139.33,19.0234,0.717683
"Jun 2, 12:00 pm",500.301,186.078,15.2715,0.716982
"Jun 2, 01:00 pm",497.45,228.177,20.9361,0.717987
"Jun 2, 02:00 pm",486.665,249.911,31.2003,0.71887
"Jun 2, 03:00 pm",439.647,262.809,42.7597,0.720165
"Jun 2, 04:00 pm",387.559,272.405,54.6336,0.720857
"Jun 2, 05:00 pm",294.317,280.789,66.4336,0.718967
"Jun 2, 06:00 pm",44.0737,288.964,77.8942,0.316917
"Jun 2, 07:00 pm",39.3849,297.578,88.5635,0
"Jun 2, 08:00 pm",28.7789,307.172,98.9469,0
"Jun 2, 09:00 pm",16.4005,318.246,107.699,0
"Jun 2, 10:00 pm",0,331.17,114.586,0
"Jun 2, 11:00 pm",0,345.932,118.949,0
"Jun 3, 12:00 am",0,1.82728,120.219,0
"Jun 3, 01:00 am",0,17.5618,118.201,0
"Jun 3, 02:00 am",0,31.9316,113.197,0
"Jun 3, 03:00 am",0,44.4073,105.823,0
"Jun 3, 04:00 am",0,55.0944,96.7262,0
"Jun 3, 05:00 am",0,64.4097,86.2407,0
"Jun 3, 06:00 am",0,72.8616,75.2929,0.46703
"Jun 3, 07:00 am",0,81.0039,63.7292,0.710198
"Jun 3, 08:00 am",528.397,89.5324,51.8844,0.721233
"Jun 3, 09:00 am",537.348,99.5976,40.0316,0.719866
"Jun 3, 10:00 am",533.89,113.76,28.6253,0.71867
"Jun 3, 11:00 am",533.525,139.021,18.9428,0.717775
"Jun 3, 12:00 pm",533.352,185.976,15.1458,0.717079
"Jun 3, 01:00 pm",533.264,228.315,20.8175,0.718018
"Jun 3, 02:00 pm",533.322,250.058,31.0972,0.718895
"Jun 3, 03:00 pm",534.675,262.932,42.6632,0.720187
"Jun 3, 04:00 pm",299.108,272.509,54.5381,0.720837
"Jun 3, 05:00 pm",405.72,280.878,66.3359,0.718949
"Jun 3, 06:00 pm",39.9718,289.041,77.7924,0.322637
"Jun 3, 07:00 pm",29.3553,297.645,88.4634,0
"Jun 3, 08:00 pm",16.8106,307.227,98.8325,0
"Jun 3, 09:00 pm",0,318.285,107.578,0
"Jun 3, 10:00 pm",0,331.186,114.461,0
"Jun 3, 11:00 pm",0,345.917,118.824,0
"Jun 4, 12:00 am",0,1.77884,120.101,0
"Jun 4, 01:00 am",0,17.4844,118.096,0
"Jun 4, 02:00 am",0,31.8353,113.108,0
"Jun 4, 03:00 am",0,44.3009,105.751,0
"Jun 4, 04:00 am",0,54.9827,96.6693,0
"Jun 4, 05:00 am",0,64.2933,86.1957,0
"Jun 4, 06:00 am",0,72.7385,75.257,0.469854
"Jun 4, 07:00 am",0,80.8696,63.6996,0.710375
"Jun 4, 08:00 am",507.092,89.3788,51.8576,0.721204
"Jun 4, 09:00 am",537.506,99.411,40.0023,0.719895
"Jun 4, 10:00 am",538.743,113.517,28.5839,0.7187
"Jun 4, 11:00 am",534.58,138.718,18.8688,0.717861
"Jun 4, 12:00 pm",534.244,185.865,15.0265,0.71717
"Jun 4, 01:00 pm",533.89,228.44,20.7033,0.718045
"Jun 4, 02:00 pm",533.859,250.194,30.9971,0.718919
"Jun 4, 03:00 pm",536.1,263.047,42.5692,0.720208
"Jun 4, 04:00 pm",523.907,272.606,54.4451,0.720819
"Jun 4, 05:00 pm",444.203,280.961,66.2408,0.718933
"Jun 4, 06:00 pm",114.501,289.113,77.6937,0.328232
"Jun 4, 07:00 pm",39.9361,297.706,88.3659,0
"Jun 4, 08:00 pm",29.1564,307.277,98.7221,0
"Jun 4, 09:00 pm",16.5102,318.319,107.462,0
"Jun 4, 10:00 pm",0,331.198,114.341,0
"Jun 4, 11:00 pm",0,345.9,118.705,0
"Jun 5, 12:00 am",0,1.72934,119.989,0
"Jun 5, 01:00 am",0,17.4078,117.997,0
"Jun 5, 02:00 am",0,31.7413,113.026,0
"Jun 5, 03:00 am",0,44.1978,105.685,0
"Jun 5, 04:00 am",0,54.8747,96.618,0
"Jun 5, 05:00 am",0,64.1812,86.1572,0
"Jun 5, 06:00 am",0,72.6203,75.2264,0.472378
"Jun 5, 07:00 am",0,80.7407,63.6751,0.710528
"Jun 5, 08:00 am",536.795,89.2316,51.8357,0.721177
"Jun 5, 09:00 am",535.556,99.232,39.978,0.719923
"Jun 5, 10:00 am",534.646,113.284,28.548,0.718729
"Jun 5, 11:00 am",534.25,138.422,18.8013,0.717942
"Jun 5, 12:00 pm",533.776,185.746,14.9137,0.717255
"Jun 5, 01:00 pm",533.623,228.552,20.5935,0.71807
"Jun 5, 02:00 pm",533.591,250.319,30.9002,0.718941
"Jun 5, 03:00 pm",533.678,263.153,42.4778,0.720227
"Jun 5, 04:00 pm",534.591,272.695,54.3546,0.720803
"Jun 5, 05:00 pm",464.013,281.037,66.1487,0.718917
"Jun 5, 06:00 pm",129.331,289.178,77.5982,0.333696
"Jun 5, 07:00 pm",39.8897,297.761,88.2737,0
"Jun 5, 08:00 pm",29.1073,307.321,98.6157,0
"Jun 5, 09:00 pm",16.4779,318.348,107.35,0
"Jun 5, 10:00 pm",0,331.206,114.227,0
"Jun 5, 11:00 pm",0,345.879,118.592,0
"Jun 6, 12:00 am",0,1.67884,119.883,0
"Jun 6, 01:00 am",0,17.332,117.905,0
"Jun 6, 02:00 am",0,31.6494,112.95,0
"Jun 6, 03:00 am",0,44.0978,105.625,0
"Jun 6, 04:00 am",0,54.7707,96.5721,0
"Jun 6, 05:00 am",0,64.0736,86.125,0
"Jun 6, 06:00 am",0,72.507,75.2008,0.4746
"Jun 6, 07:00 am",0,80.6174,63.655,0.710657
"Jun 6, 08:00 am",537.883,89.0907,51.8181,0.721151
"Jun 6, 09:00 am",536.03,99.0605,39.9583,0.71995
"Jun 6, 10:00 am",534.874,113.059,28.5174,0.718757
"Jun 6, 11:00 am",534.342,138.132,18.7404,0.718
"Jun 6, 12:00 pm",533.743,185.618,14.8074,0.717334
"Jun 6, 01:00 pm",533.497,228.65,20.4881,0.718094
"Jun 6, 02:00 pm",533.408,250.434,30.8064,0.718962
"Jun 6, 03:00 pm",535.729,263.251,42.3891,0.720244
"Jun 6, 04:00 pm",524.632,272.776,54.2667,0.720788
"Jun 6, 05:00 pm",445.519,281.107,66.0591,0.718904
"Jun 6, 06:00 pm",120.104,289.238,77.5058,0.339019
"Jun 6, 07:00 pm",40.0212,297.811,88.1844,0
"Jun 6, 08:00 pm",29.3537,307.36,98.5134,0
"Jun 6, 09:00 pm",16.8188,318.372,107.244,0
"Jun 6, 10:00 pm",0,331.21,114.118,0
"Jun 6, 11:00 pm",0,345.857,118.485,0
"Jun 7, 12:00 am",0,1.62742,119.785,0
"Jun 7, 01:00 am",0,17.2571,117.819,0
"Jun 7, 02:00 am",0,31.5599,112.881,0
"Jun 7, 03:00 am",0,44.0012,105.571,0
"Jun 7, 04:00 am",0,54.6706,96.5316,0
"Jun 7, 05:00 am",0,63.9704,86.0978,0
"Jun 7, 06:00 am",0,72.3987,75.1801,0.47652
"Jun 7, 07:00 am",0,80.4997,63.6397,0.710764
"Jun 7, 08:00 am",536.389,88.9564,51.8053,0.721126
"Jun 7, 09:00 am",534.348,98.8968,39.9435,0.719975
"Jun 7, 10:00 am",533.247,112.843,28.4921,0.718783
"Jun 7, 11:00 am",532.634,137.85,18.6859,0.718026
"Jun 7, 12:00 pm",532.362,185.483,14.7078,0.717408
"Jun 7, 01:00 pm",532.01,228.735,20.3872,0.718116
"Jun 7, 02:00 pm",531.986,250.537,30.7158,0.71898
"Jun 7, 03:00 pm",534.7,263.339,42.3031,0.72026
"Jun 7, 04:00 pm",524.276,272.85,54.1815,0.720774
"Jun 7, 05:00 pm",444.093,281.169,65.9725,0.718892
"Jun 7, 06:00 pm",122.887,289.291,77.4168,0.344195
"Jun 7, 07:00 pm",39.9755,297.855,88.1001,0
"Jun 7, 08:00 pm",29.3311,307.394,98.4153,0
"Jun 7, 09:00 pm",16.8516,318.392,107.142,0
"Jun 7, 10:00 pm",0,331.209,114.015,0
"Jun 7, 11:00 pm",0,345.831,118.385,0
"Jun 8, 12:00 am",0,1.57513,119.693,0
"Jun 8, 01:00 am",0,17.1831,117.741,0
"Jun 8, 02:00 am",0,31.4728,112.818,0
"Jun 8, 03:00 am",0,43.9079,105.523,0
"Jun 8, 04:00 am",0,54.5745,96.4965,0
"Jun 8, 05:00 am",0,63.8717,86.0755,0
"Jun 8, 06:00 am",0,72.2954,75.164,0.478138
"Jun 8, 07:00 am",0,80.3877,63.6287,0.710848
"Jun 8, 08:00 am",536.07,88.8286,51.7966,0.721103
"Jun 8, 09:00 am",534.214,98.7411,39.933,0.719999
"Jun 8, 10:00 am",532.889,112.637,28.4719,0.718807
"Jun 8, 11:00 am",532.47,137.575,18.6379,0.718051
"Jun 8, 12:00 pm",532.056,185.34,14.6148,0.717476
"Jun 8, 01:00 pm",385.038,228.806,20.2908,0.718137
"Jun 8, 02:00 pm",297.224,250.629,30.6282,0.718998
"Jun 8, 03:00 pm",298.635,263.418,42.2196,0.720275
"Jun 8, 04:00 pm",486.815,272.917,54.0985,0.720762
"Jun 8, 05:00 pm",42.6346,281.225,65.8881,0.718881
"Jun 8, 06:00 pm",35.9781,289.338,77.3299,0.349215
"Jun 8, 07:00 pm",25.1,297.894,88.0159,0
"Jun 8, 08:00 pm",13.4555,307.422,98.3213,0
"Jun 8, 09:00 pm",0,318.406,107.045,0
"Jun 8, 10:00 pm",0,331.205,113.917,0
"Jun 8, 11:00 pm",0,345.803,118.291,0
"Jun 9, 12:00 am",0,1.52202,119.607,0
"Jun 9, 01:00 am",0,17.1101,117.669,0
"Jun 9, 02:00 am",0,31.388,112.761,0
"Jun 9, 03:00 am",0,43.818,105.481,0
"Jun 9, 04:00 am",0,54.4824,96.4668,0
"Jun 9, 05:00 am",0,63.7776,86.0561,0
"Jun 9, 06:00 am",0,72.1972,75.1517,0
"Jun 9, 07:00 am",0,80.2814,63.6216,0.719257
"Jun 9, 08:00 am",0,88.7076,51.792,0.721081
"Jun 9, 09:00 am",537.831,98.5935,39.9269,0.720022
"Jun 9, 10:00 am",533.406,112.441,28.4567,0.71883
"Jun 9, 11:00 am",396.1,137.31,18.5961,0.718074
"Jun 9, 12:00 pm",532.053,185.189,14.5285,0.717539
"Jun 9, 01:00 pm",409.061,228.863,20.1988,0.718156
"Jun 9, 02:00 pm",535.431,250.71,30.5439,0.719013
"Jun 9, 03:00 pm",533.358,263.489,42.1389,0.720287
"Jun 9, 04:00 pm",499.047,272.976,54.0184,0.720751
"Jun 9, 05:00 pm",191.138,281.275,65.8068,0.718872
"Jun 9, 06:00 pm",111.162,289.379,77.2467,0.354073
"Jun 9, 07:00 pm",39.945,297.927,87.9349,0
"Jun 9, 08:00 pm",29.3736,307.445,98.2316,0
"Jun 9, 09:00 pm",16.925,318.416,106.953,0
"Jun 9, 10:00 pm",0,331.196,113.826,0
"Jun 9, 11:00 pm",0,345.772,118.203,0
"Jun 10, 12:00 am",0,1.46817,119.529,0
"Jun 10, 01:00 am",0,17.0381,117.603,0
"Jun 10, 02:00 am",0,31.3058,112.71,0
"Jun 10, 03:00 am",0,43.7316,105.445,0
"Jun 10, 04:00 am",0,54.3945,96.4425,0
"Jun 10, 05:00 am",0,63.6882,86.0419,0
"Jun 10, 06:00 am",0,72.1042,75.1442,0
"Jun 10, 07:00 am",0,80.181,63.619,0.719235
"Jun 10, 08:00 am",0,88.5934,51.7917,0.72106
"Jun 10, 09:00 am",512.169,98.454,39.9252,0.720043
"Jun 10, 10:00 am",529.689,112.255,28.4465,0.718851
"Jun 10, 11:00 am",535.911,137.053,18.5606,0.718095
"Jun 10, 12:00 pm",537.363,185.031,14.4488,0.717596
"Jun 10, 01:00 pm",536.945,228.906,20.1113,0.718173
"Jun 10, 02:00 pm",536.73,250.779,30.4627,0.719027
"Jun 10, 03:00 pm",455.071,263.55,42.0606,0.720299
"Jun 10, 04:00 pm",403.766,273.027,53.9404,0.720742
"Jun 10, 05:00 pm",310.482,281.318,65.7274,0.718864
"Jun 10, 06:00 pm",59.9616,289.414,77.1651,0.358761
"Jun 10, 07:00 pm",40.045,297.954,87.8533,0
"Jun 10, 08:00 pm",29.4202,307.462,98.1463,0
"Jun 10, 09:00 pm",16.9083,318.421,106.867,0
"Jun 10, 10:00 pm",0,331.184,113.74,0
"Jun 10, 11:00 pm",0,345.739,118.122,0
"Jun 11, 12:00 am",0,1.41363,119.457,0
"Jun 11, 01:00 am",0,16.9673,117.544,0
"Jun 11, 02:00 am",0,31.2261,112.666,0
"Jun 11, 03:00 am",0,43.6486,105.414,0
"Jun 11, 04:00 am",0,54.3108,96.4236,0
"Jun 11, 05:00 am",0,63.6035,86.0334,0
"Jun 11, 06:00 am",0,72.0165,75.1421,0.4811
"Jun 11, 07:00 am",0,80.0866,63.6214,0.710965
"Jun 11, 08:00 am",484.614,88.4861,51.7962,0.721039
"Jun 11, 09:00 am",528.821,98.3229,39.9282,0.720063
"Jun 11, 10:00 am",533.859,112.079,28.4414,0.718871
"Jun 11, 11:00 am",534.294,136.807,18.5316,0.718115
"Jun 11, 12:00 pm",533.456,184.867,14.3761,0.717648
"Jun 11, 01:00 pm",533.941,228.935,20.0287,0.718188
"Jun 11, 02:00 pm",533.439,250.837,30.3852,0.71904
"Jun 11, 03:00 pm",532.266,263.603,41.986,0.720309
"Jun 11, 04:00 pm",488.757,273.071,53.8665,0.720734
"Jun 11, 05:00 pm",404.403,281.354,65.6532,0.718857
"Jun 11, 06:00 pm",107.925,289.443,77.0903,0.363272
"Jun 11, 07:00 pm",39.8577,297.975,87.785,0
"Jun 11, 08:00 pm",29.2574,307.474,98.0654,0
"Jun 11, 09:00 pm",16.7761,318.421,106.785,0
"Jun 11, 10:00 pm",0,331.168,113.66,0
"Jun 11, 11:00 pm",0,345.703,118.047,0
"Jun 12, 12:00 am",0,1.35846,119.391,0
"Jun 12, 01:00 am",0,16.8976,117.492,0
"Jun 12, 02:00 am",0,31.149,112.628,0
"Jun 12, 03:00 am",0,43.5693,105.389,0
"Jun 12, 04:00 am",0,54.2313,96.41,0
"Jun 12, 05:00 am",0,63.5235,86.0298,0
"Jun 12, 06:00 am",0,71.934,75.1439,0.481268
"Jun 12, 07:00 am",0,79.9981,63.6275,0.710959
"Jun 12, 08:00 am",481.8,88.3858,51.8044,0.721021
"Jun 12, 09:00 am",524.369,98.2002,39.9353,0.720081
"Jun 12, 10:00 am",534.034,111.913,28.4411,0.718889
"Jun 12, 11:00 am",533.829,136.57,18.5086,0.718133
"Jun 12, 12:00 pm",534.204,184.696,14.3101,0.717695
"Jun 12, 01:00 pm",533.121,228.949,19.9507,0.718202
"Jun 12, 02:00 pm",532.732,250.884,30.3108,0.719051
"Jun 12, 03:00 pm",533.149,263.646,41.9138,0.720317
"Jun 12, 04:00 pm",490.27,273.107,53.7947,0.720728
"Jun 12, 05:00 pm",410.226,281.383,65.5808,0.718852
"Jun 12, 06:00 pm",119.319,289.466,77.017,0.367598
"Jun 12, 07:00 pm",39.9264,297.991,87.7156,0
"Jun 12, 08:00 pm",29.2261,307.482,97.9889,0
"Jun 12, 09:00 pm",16.6997,318.416,106.709,0
"Jun 12, 10:00 pm",0,331.149,113.585,0
"Jun 12, 11:00 pm",0,345.665,117.979,0
"Jun 13, 12:00 am",0,1.30272,119.333,0
"Jun 13, 01:00 am",0,16.8292,117.447,0
"Jun 13, 02:00 am",0,31.0746,112.597,0
"Jun 13, 03:00 am",0,43.4936,105.371,0
"Jun 13, 04:00 am",0,54.1562,96.4016,0
"Jun 13, 05:00 am",0,63.4484,86.0291,0
"Jun 13, 06:00 am",0,71.8569,75.1498,0.481284
"Jun 13, 07:00 am",0,79.9157,63.6376,0.710932
"Jun 13, 08:00 am",488.734,88.2925,51.8166,0.721004
"Jun 13, 09:00 am",533.101,98.086,39.9465,0.720098
"Jun 13, 10:00 am",534.864,111.758,28.4455,0.718906
"Jun 13, 11:00 am",535.098,136.343,18.4917,0.718149
"Jun 13, 12:00 pm",534.121,184.518,14.251,0.717737
"Jun 13, 01:00 pm",533.532,228.949,19.8773,0.718214
"Jun 13, 02:00 pm",533.361,250.919,30.2397,0.71906
"Jun 13, 03:00 pm",508.312,263.68,41.8444,0.720324
"Jun 13, 04:00 pm",456.434,273.136,53.7254,0.720723
"Jun 13, 05:00 pm",366.522,281.406,65.5107,0.718849
"Jun 13, 06:00 pm",88.3687,289.483,76.9456,0.371733
"Jun 13, 07:00 pm",40.0007,298.001,87.6443,0
"Jun 13, 08:00 pm",29.291,307.484,97.9169,0
"Jun 13, 09:00 pm",16.7078,318.407,106.637,0
"Jun 13, 10:00 pm",0,331.125,113.517,0
"Jun 13, 11:00 pm",0,345.625,117.917,0
"Jun 14, 12:00 am",0,1.24649,119.281,0
"Jun 14, 01:00 am",0,16.7621,117.408,0
"Jun 14, 02:00 am",0,31.0029,112.572,0
"Jun 14, 03:00 am",0,43.4216,105.358,0
"Jun 14, 04:00 am",0,54.0853,96.3986,0
"Jun 14, 05:00 am",0,63.3781,86.0327,0
"Jun 14, 06:00 am",0,71.7853,75.1599,0.481149
"Jun 14, 07:00 am",0,79.8394,63.6518,0.712059
"Jun 14, 08:00 am",433.513,88.2063,51.8327,0.720988
"Jun 14, 09:00 am",479.655,97.9805,39.9617,0.720114
"Jun 14, 10:00 am",497.76,111.614,28.4545,0.718921
"Jun 14, 11:00 am",503.584,136.128,18.4809,0.718163
"Jun 14, 12:00 pm",528.351,184.336,14.1986,0.717774
"Jun 14, 01:00 pm",526.942,228.935,19.8087,0.718225
"Jun 14, 02:00 pm",518.512,250.942,30.1721,0.719067
"Jun 14, 03:00 pm",495.981,263.705,41.778,0.720329
"Jun 14, 04:00 pm",444.497,273.157,53.6594,0.720719
"Jun 14, 05:00 pm",352.31,281.422,65.4445,0.718847
"Jun 14, 06:00 pm",80.1665,289.494,76.8793,0.375669
"Jun 14, 07:00 pm",39.9692,298.006,87.5821,0
"Jun 14, 08:00 pm",29.32,307.48,97.8495,0
"Jun 14, 09:00 pm",16.7594,318.394,106.571,0
"Jun 14, 10:00 pm",0,331.098,113.455,0
"Jun 14, 11:00 pm",0,345.582,117.861,0
"Jun 15, 12:00 am",0,1.18982,119.236,0
"Jun 15, 01:00 am",0,16.6963,117.376,0
"Jun 15, 02:00 am",0,30.9339,112.553,0
"Jun 15, 03:00 am",0,43.3534,105.35,0
"Jun 15, 04:00 am",0,54.0189,96.4008,0
"Jun 15, 05:00 am",0,63.3128,86.0423,0
"Jun 15, 06:00 am",0,71.7191,75.1748,0.480866
"Jun 15, 07:00 am",0,79.7693,63.6704,0.711934
"Jun 15, 08:00 am",422.565,88.1273,51.8531,0.720973
"Jun 15, 09:00 am",481.664,97.8838,39.9813,0.720128
"Jun 15, 10:00 am",508.486,111.481,28.4683,0.718935
"Jun 15, 11:00 am",522.041,135.924,18.4762,0.718176
"Jun 15, 12:00 pm",496.481,184.148,14.1534,0.717807
"Jun 15, 01:00 pm",494.951,228.906,19.7451,0.718233
"Jun 15, 02:00 pm",486.967,250.954,30.1083,0.719073
"Jun 15, 03:00 pm",464.644,263.721,41.715,0.720333
"Jun 15, 04:00 pm",418.702,273.171,53.5967,0.720717
"Jun 15, 05:00 pm",329.948,281.432,65.3819,0.718846
"Jun 15, 06:00 pm",76.7469,289.499,76.817,0.3794
"Jun 15, 07:00 pm",39.7512,298.005,87.5248,0
"Jun 15, 08:00 pm",29.2027,307.472,97.7868,0
"Jun 15, 09:00 pm",16.7998,318.376,106.511,0
"Jun 15, 10:00 pm",0,331.068,113.398,0
"Jun 15, 11:00 pm",0,345.538,117.812,0
"Jun 16, 12:00 am",0,1.1328,119.198,0
"Jun 16, 01:00 am",0,16.6319,117.351,0
"Jun 16, 02:00 am",0,30.8678,112.54,0
"Jun 16, 03:00 am",0,43.2889,105.349,0
"Jun 16, 04:00 am",0,53.957,96.4082,0
"Jun 16, 05:00 am",0,63.2525,86.0582,0
"Jun 16, 06:00 am",0,71.6585,75.1946,0.480325
"Jun 16, 07:00 am",0,79.7055,63.6932,0.711766
"Jun 16, 08:00 am",456.247,88.0556,51.8774,0.72096
"Jun 16, 09:00 am",506.488,97.7958,40.0049,0.720141
"Jun 16, 10:00 am",527.256,111.359,28.4867,0.718947
"Jun 16, 11:00 am",533.79,135.732,18.4774,0.718188
"Jun 16, 12:00 pm",531.94,183.955,14.115,0.717834
"Jun 16, 01:00 pm",531.668,228.863,19.6863,0.71824
"Jun 16, 02:00 pm",523.974,250.954,30.0479,0.719078
"Jun 16, 03:00 pm",498.942,263.728,41.6551,0.720335
"Jun 16, 04:00 pm",450.96,273.176,53.537,0.720717
"Jun 16, 05:00 pm",364.704,281.435,65.3224,0.718846
"Jun 16, 06:00 pm",96.529,289.498,76.7581,0.382919
"Jun 16, 07:00 pm",39.7936,297.999,87.4716,0
"Jun 16, 08:00 pm",29.3206,307.459,97.7287,0
"Jun 16, 09:00 pm",16.992,318.353,106.455,0
"Jun 16, 10:00 pm",0,331.034,113.348,0
"Jun 16, 11:00 pm",0,345.491,117.77,0
"Jun 17, 12:00 am",0,1.07549,119.167,0
"Jun 17, 01:00 am",0,16.5691,117.333,0
"Jun 17, 02:00 am",0,30.8047,112.534,0
"Jun 17, 03:00 am",0,43.2284,105.353,0
"Jun 17, 04:00 am",0,53.8996,96.4208,0
"Jun 17, 05:00 am",0,63.1973,86.0766,0
"Jun 17, 06:00 am",0,71.6035,75.218,0.479285
"Jun 17, 07:00 am",0,79.6479,63.7197,0.719122
"Jun 17, 08:00 am",469.322,87.9913,51.9054,0.720947
"Jun 17, 09:00 am",517.455,97.7168,40.0323,0.720152
"Jun 17, 10:00 am",531.806,111.248,28.5094,0.718958
"Jun 17, 11:00 am",532.449,135.552,18.4845,0.718197
"Jun 17, 12:00 pm",533.791,183.758,14.0836,0.717856
"Jun 17, 01:00 pm",533.215,228.806,19.6325,0.718246
"Jun 17, 02:00 pm",532.84,250.943,29.9912,0.719081
"Jun 17, 03:00 pm",527.405,263.726,41.5982,0.720336
"Jun 17, 04:00 pm",483.892,273.175,53.4803,0.720717
"Jun 17, 05:00 pm",401.765,281.431,65.2659,0.718848
"Jun 17, 06:00 pm",119.104,289.491,76.702,0.38622
"Jun 17, 07:00 pm",39.8192,297.987,87.4178,0
"Jun 17, 08:00 pm",29.2592,307.44,97.6754,0
"Jun 17, 09:00 pm",16.8496,318.326,106.405,0
"Jun 17, 10:00 pm",0,330.996,113.304,0
"Jun 17, 11:00 pm",0,345.442,117.735,0
"Jun 18, 12:00 am",0,1.01798,119.143,0
"Jun 18, 01:00 am",0,16.5078,117.321,0
"Jun 18, 02:00 am",0,30.7445,112.534,0
"Jun 18, 03:00 am",0,43.1718,105.363,0
"Jun 18, 04:00 am",0,53.8468,96.4384,0
"Jun 18, 05:00 am",0,63.1471,86.0992,0
"Jun 18, 06:00 am",0,71.5541,75.2454,0.477964
"Jun 18, 07:00 am",0,79.5967,63.75,0.710479
"Jun 18, 08:00 am",508.63,87.9343,51.9371,0.720937
"Jun 18, 09:00 am",533.502,97.6468,40.0635,0.720162
"Jun 18, 10:00 am",244.056,111.148,28.5366,0.718967
"Jun 18, 11:00 am",533.267,135.385,18.4973,0.718205
"Jun 18, 12:00 pm",531.871,183.558,14.0591,0.717874
"Jun 18, 01:00 pm",531.963,228.735,19.5837,0.718249
"Jun 18, 02:00 pm",530.097,250.92,29.9382,0.719082
"Jun 18, 03:00 pm",508.525,263.714,41.5446,0.720335
"Jun 18, 04:00 pm",460.987,273.165,53.4267,0.72072
"Jun 18, 05:00 pm",376.247,281.421,65.2127,0.718852
"Jun 18, 06:00 pm",103.656,289.478,76.6497,0.389297
"Jun 18, 07:00 pm",39.7786,297.969,87.3693,0
"Jun 18, 08:00 pm",29.199,307.417,97.6269,0
"Jun 18, 09:00 pm",16.7619,318.295,106.361,0
"Jun 18, 10:00 pm",0,330.955,113.266,0
"Jun 18, 11:00 pm",0,345.392,117.706,0
"Jun 19, 12:00 am",0,0.960363,119.125,0
"Jun 19, 01:00 am",0,16.4482,117.316,0
"Jun 19, 02:00 am",0,30.6874,112.54,0
"Jun 19, 03:00 am",0,43.1192,105.379,0
"Jun 19, 04:00 am",0,53.7987,96.4611,0
"Jun 19, 05:00 am",0,63.1021,86.1252,0
"Jun 19, 06:00 am",0,71.5105,75.2766,0.476366
"Jun 19, 07:00 am",0,79.5519,63.7838,0.711011
"Jun 19, 08:00 am",464.953,87.8848,51.9722,0.720927
"Jun 19, 09:00 am",532.838,97.5858,40.0983,0.720171
"Jun 19, 10:00 am",533.417,111.061,28.5678,0.718974
"Jun 19, 11:00 am",533.086,135.231,18.5157,0.718211
"Jun 19, 12:00 pm",532.669,183.355,14.0416,0.717887
"Jun 19, 01:00 pm",117.981,228.649,19.54,0.718251
"Jun 19, 02:00 pm",530.036,250.885,29.8888,0.719081
"Jun 19, 03:00 pm",92.3438,263.694,41.4941,0.720333
"Jun 19, 04:00 pm",429.304,273.149,53.3762,0.720723
"Jun 19, 05:00 pm",336.119,281.404,65.1627,0.718857
"Jun 19, 06:00 pm",79.2083,289.459,76.6007,0.392144
"Jun 19, 07:00 pm",39.9428,297.947,87.3229,0
"Jun 19, 08:00 pm",29.4344,307.389,97.5833,0
"Jun 19, 09:00 pm",17.0257,318.26,106.322,0
"Jun 19, 10:00 pm",0,330.911,113.234,0
"Jun 19, 11:00 pm",0,345.339,117.683,0
"Jun 20, 12:00 am",0,0.90272,119.115,0
"Jun 20, 01:00 am",0,16.3903,117.317,0
"Jun 20, 02:00 am",0,30.6334,112.553,0
"Jun 20, 03:00 am",0,43.0707,105.4,0
"Jun 20, 04:00 am",0,53.7553,96.4888,0
"Jun 20, 05:00 am",0,63.0624,86.1565,0
"Jun 20, 06:00 am",0,71.4726,75.3122,0.474494
"Jun 20, 07:00 am",0,79.5136,63.8215,0.710677
"Jun 20, 08:00 am",452.3,87.8427,52.011,0.720919
"Jun 20, 09:00 am",502.717,97.534,40.1368,0.720178
"Jun 20, 10:00 am",522.644,110.984,28.6033,0.71898
"Jun 20, 11:00 am",530.922,135.09,18.5398,0.718215
"Jun 20, 12:00 pm",530.702,183.15,14.0312,0.717895
"Jun 20, 01:00 pm",526.028,228.55,19.5016,0.718251
"Jun 20, 02:00 pm",516.985,250.839,29.8436,0.719079
"Jun 20, 03:00 pm",494.46,263.664,41.4474,0.720329
"Jun 20, 04:00 pm",449.825,273.125,53.3296,0.720728
"Jun 20, 05:00 pm",366.46,281.381,65.1168,0.718863
"Jun 20, 06:00 pm",101.939,289.434,76.5566,0.394754
"Jun 20, 07:00 pm",39.7959,297.919,87.2834,0
"Jun 20, 08:00 pm",29.1571,307.356,97.5446,0
"Jun 20, 09:00 pm",16.6686,318.22,106.289,0
"Jun 20, 10:00 pm",0,330.864,113.208,0
"Jun 20, 11:00 pm",0,345.285,117.667,0
"Jun 21, 12:00 am",0,0.845147,119.111,0
"Jun 21, 01:00 am",0,16.3343,117.325,0
"Jun 21, 02:00 am",0,30.5827,112.571,0
"Jun 21, 03:00 am",0,43.0264,105.427,0
"Jun 21, 04:00 am",0,53.7167,96.5215,0
"Jun 21, 05:00 am",0,63.028,86.1912,0
"Jun 21, 06:00 am",0,71.4405,75.3513,0.472354
"Jun 21, 07:00 am",0,79.4818,63.8627,0.710302
"Jun 21, 08:00 am",471.166,87.8083,52.0531,0.720913
"Jun 21, 09:00 am",518.487,97.4914,40.1787,0.720183
"Jun 21, 10:00 am",535.574,110.92,28.6428,0.718984
"Jun 21, 11:00 am",533.559,134.962,18.5694,0.718218
"Jun 21, 12:00 pm",535.24,182.943,14.0278,0.717899
"Jun 21, 01:00 pm",534.471,228.437,19.4683,0.71825
"Jun 21, 02:00 pm",535.046,250.782,29.8021,0.719076
"Jun 21, 03:00 pm",535.186,263.626,41.4038,0.720324
"Jun 21, 04:00 pm",501.066,273.093,53.2858,0.720734
"Jun 21, 05:00 pm",430.566,281.351,65.0738,0.71887
"Jun 21, 06:00 pm",148.685,289.404,76.5151,0.397124
"Jun 21, 07:00 pm",39.8703,297.886,87.2443,0
"Jun 21, 08:00 pm",29.1452,307.319,97.511,0
"Jun 21, 09:00 pm",16.6095,318.177,106.261,0
"Jun 21, 10:00 pm",0,330.814,113.188,0
"Jun 21, 11:00 pm",0,345.229,117.658,0
"Jun 22, 12:00 am",0,0.787742,119.114,0
"Jun 22, 01:00 am",0,16.2803,117.34,0
"Jun 22, 02:00 am",0,30.5353,112.596,0
"Jun 22, 03:00 am",0,42.9864,105.459,0
"Jun 22, 04:00 am",0,53.6829,96.559,0
"Jun 22, 05:00 am",0,62.9989,86.2292,0
"Jun 22, 06:00 am",0,71.4143,75.3941,0.469951
"Jun 22, 07:00 am",0,79.4566,63.9074,0.709752
"Jun 22, 08:00 am",531.161,87.7815,52.0986,0.720908
"Jun 22, 09:00 am",537.485,97.4581,40.2241,0.720187
"Jun 22, 10:00 am",533.591,110.867,28.6864,0.718986
"Jun 22, 11:00 am",532.824,134.849,18.6044,0.718219
"Jun 22, 12:00 pm",532.495,182.736,14.0314,0.717897
"Jun 22, 01:00 pm",532.127,228.31,19.4406,0.718247
"Jun 22, 02:00 pm",532.128,250.713,29.7649,0.719071
"Jun 22, 03:00 pm",534.853,263.579,41.3642,0.720318
"Jun 22, 04:00 pm",529.879,273.054,53.2461,0.720742
"Jun 22, 05:00 pm",456.46,281.315,65.0354,0.718879
"Jun 22, 06:00 pm",158.531,289.368,76.4788,0.399246
"Jun 22, 07:00 pm",39.9926,297.848,87.2121,0
"Jun 22, 08:00 pm",29.2304,307.276,97.4824,0
"Jun 22, 09:00 pm",16.6426,318.129,106.239,0
"Jun 22, 10:00 pm",0,330.76,113.175,0
"Jun 22, 11:00 pm",0,345.172,117.656,0
"Jun 23, 12:00 am",0,0.730604,119.124,0
"Jun 23, 01:00 am",0,16.2282,117.361,0
"Jun 23, 02:00 am",0,30.4913,112.627,0
"Jun 23, 03:00 am",0,42.9507,105.496,0
"Jun 23, 04:00 am",0,53.6541,96.6013,0
"Jun 23, 05:00 am",0,62.9753,86.2724,0
"Jun 23, 06:00 am",0,71.3941,75.4411,0.467289
"Jun 23, 07:00 am",0,79.438,63.9557,0.709521
"Jun 23, 08:00 am",495.587,87.7623,52.1476,0.720904
"Jun 23, 09:00 am",520.032,97.4341,40.2731,0.72019
"Jun 23, 10:00 am",521.305,110.826,28.7339,0.718987
"Jun 23, 11:00 am",513.039,134.749,18.6449,0.718219
"Jun 23, 12:00 pm",510.672,182.528,14.0422,0.717892
"Jun 23, 01:00 pm",510.082,228.17,19.4183,0.718242
"Jun 23, 02:00 pm",500.43,250.634,29.7319,0.719064
"Jun 23, 03:00 pm",475.899,263.522,41.3284,0.72031
"Jun 23, 04:00 pm",425.183,273.008,53.2103,0.720751
"Jun 23, 05:00 pm",337.947,281.273,65.001,0.718889
"Jun 23, 06:00 pm",84.4324,289.326,76.4473,0.401117
"Jun 23, 07:00 pm",39.8954,297.804,87.1876,0
"Jun 23, 08:00 pm",29.2894,307.23,97.459,0
"Jun 23, 09:00 pm",16.7716,318.077,106.222,0
"Jun 23, 10:00 pm",0,330.704,113.168,0
"Jun 23, 11:00 pm",0,345.113,117.66,0
"Jun 24, 12:00 am",0,0.673835,119.14,0
"Jun 24, 01:00 am",0,16.1783,117.389,0
"Jun 24, 02:00 am",0,30.4508,112.664,0
"Jun 24, 03:00 am",0,42.9194,105.54,0
"Jun 24, 04:00 am",0,53.6304,96.6483,0
"Jun 24, 05:00 am",0,62.9571,86.3228,0
"Jun 24, 06:00 am",0,71.3798,75.4924,0.464375
"Jun 24, 07:00 am",0,79.4261,64.0076,0
"Jun 24, 08:00 am",0,87.7509,52.1999,0.720901
"Jun 24, 09:00 am",0,97.4194,40.3254,0.720192
"Jun 24, 10:00 am",404.861,110.798,28.7853,0.718987
"Jun 24, 11:00 am",426.581,134.664,18.6906,0.718216
"Jun 24, 12:00 pm",424.319,182.321,14.0599,0.717881
"Jun 24, 01:00 pm",418.71,228.018,19.4017,0.718236
"Jun 24, 02:00 pm",404.153,250.543,29.7032,0.719056
"Jun 24, 03:00 pm",358.073,263.457,41.2964,0.7203
"Jun 24, 04:00 pm",310.51,272.954,53.178,0.720762
"Jun 24, 05:00 pm",226.665,281.224,64.9701,0.7189
"Jun 24, 06:00 pm",43.4254,289.279,76.4194,0.402733
"Jun 24, 07:00 pm",37.9979,297.756,87.1664,0
"Jun 24, 08:00 pm",27.112,307.178,97.4407,0
"Jun 24, 09:00 pm",14.7312,318.022,106.212,0
"Jun 24, 10:00 pm",0,330.645,113.167,0
"Jun 24, 11:00 pm",0,345.053,117.672,0
"Jun 25, 12:00 am",0,0.617537,119.164,0
"Jun 25, 01:00 am",0,16.1307,117.424,0
"Jun 25, 02:00 am",0,30.4139,112.707,0
"Jun 25, 03:00 am",0,42.8926,105.588,0
"Jun 25, 04:00 am",0,53.6116,96.7,0
"Jun 25, 05:00 am",0,62.9444,86.3762,0
"Jun 25, 06:00 am",0,71.3716,75.5473,0.461215
"Jun 25, 07:00 am",0,79.4209,64.063,0.719065
"Jun 25, 08:00 am",264.56,87.7472,52.2554,0.720901
"Jun 25, 09:00 am",39.3125,97.4142,40.3809,0.72019
"Jun 25, 10:00 am",289.693,110.781,28.8403,0.718983
"Jun 25, 11:00 am",147.451,134.593,18.7415,0.718212
"Jun 25, 12:00 pm",411.448,182.115,14.0846,0.717865
"Jun 25, 01:00 pm",262.09,227.853,19.3905,0.718228
"Jun 25, 02:00 pm",426.815,250.441,29.6787,0.719046
"Jun 25, 03:00 pm",417.531,263.384,41.2681,0.720289
"Jun 25, 04:00 pm",365.686,272.894,53.1495,0.720773
"Jun 25, 05:00 pm",282.036,281.169,64.9433,0.718913
"Jun 25, 06:00 pm",67.5163,289.226,76.3959,0.404087
"Jun 25, 07:00 pm",39.8803,297.703,87.148,0
"Jun 25, 08:00 pm",29.0154,307.123,97.4277,0
"Jun 25, 09:00 pm",16.6055,317.963,106.207,0
"Jun 25, 10:00 pm",0,330.583,113.173,0
"Jun 25, 11:00 pm",0,344.992,117.689,0
"Jun 26, 12:00 am",0,0.561813,119.194,0
"Jun 26, 01:00 am",0,16.0853,117.465,0
"Jun 26, 02:00 am",0,30.3807,112.755,0
"Jun 26, 03:00 am",0,42.8703,105.641,0
"Jun 26, 04:00 am",0,53.5981,96.7562,0
"Jun 26, 05:00 am",0,62.9374,86.4283,0
"Jun 26, 06:00 am",0,71.3694,75.6045,0.457814
"Jun 26, 07:00 am",0,79.4224,64.1209,0.70872
"Jun 26, 08:00 am",535.433,87.7513,52.3134,0.720901
"Jun 26, 09:00 am",537.161,97.4184,40.4391,0.720188
"Jun 26, 10:00 am",533.243,110.776,28.8988,0.718981
"Jun 26, 11:00 am",532.686,134.537,18.7974,0.718206
"Jun 26, 12:00 pm",532.503,181.912,14.1164,0.717845
"Jun 26, 01:00 pm",532.476,227.676,19.3852,0.718218
"Jun 26, 02:00 pm",532.529,250.328,29.6587,0.719035
"Jun 26, 03:00 pm",533.911,263.302,41.2438,0.720277
"Jun 26, 04:00 pm",515.685,272.826,53.1248,0.720786
"Jun 26, 05:00 pm",442.585,281.109,64.9203,0.718927
"Jun 26, 06:00 pm",154.144,289.168,76.376,0.405178
"Jun 26, 07:00 pm",39.913,297.644,87.1322,0
"Jun 26, 08:00 pm",29.1242,307.062,97.4201,0
"Jun 26, 09:00 pm",16.5174,317.9,106.208,0
"Jun 26, 10:00 pm",0,330.519,113.185,0
"Jun 26, 11:00 pm",0,344.929,117.714,0
"Jun 27, 12:00 am",0,0.506766,119.231,0
"Jun 27, 01:00 am",0,16.0424,117.512,0
"Jun 27, 02:00 am",0,30.3512,112.81,0
"Jun 27, 03:00 am",0,42.8527,105.7,0
"Jun 27, 04:00 am",0,53.5897,96.8169,0
"Jun 27, 05:00 am",0,62.936,86.4864,0
"Jun 27, 06:00 am",0,71.3733,75.6651,0.454179
"Jun 27, 07:00 am",0,79.4308,64.1815,0.719063
"Jun 27, 08:00 am",0,87.7631,52.3742,0.720903
"Jun 27, 09:00 am",0,97.4321,40.5004,0.720186
"Jun 27, 10:00 am",493.355,110.784,28.9608,0.718975
"Jun 27, 11:00 am",533.712,134.496,18.8583,0.718199
"Jun 27, 12:00 pm",533.438,181.711,14.1551,0.71782
"Jun 27, 01:00 pm",533.291,227.487,19.3856,0.718207
"Jun 27, 02:00 pm",533.261,250.205,29.6433,0.719022
"Jun 27, 03:00 pm",536.125,263.211,41.2236,0.720263
"Jun 27, 04:00 pm",533.372,272.751,53.1041,0.720801
"Jun 27, 05:00 pm",461.48,281.042,64.9015,0.718942
"Jun 27, 06:00 pm",167.847,289.104,76.3608,0.406
"Jun 27, 07:00 pm",40.2752,297.581,87.1224,0
"Jun 27, 08:00 pm",29.316,306.998,97.4178,0
"Jun 27, 09:00 pm",16.5251,317.834,106.215,0
"Jun 27, 10:00 pm",0,330.452,113.204,0
"Jun 27, 11:00 pm",0,344.866,117.745,0
"Jun 28, 12:00 am",0,0.452494,119.275,0
"Jun 28, 01:00 am",0,16.002,117.566,0
"Jun 28, 02:00 am",0,30.3257,112.87,0
"Jun 28, 03:00 am",0,42.8398,105.764,0
"Jun 28, 04:00 am",0,53.5866,96.8821,0
"Jun 28, 05:00 am",0,62.9402,86.548,0
"Jun 28, 06:00 am",0,71.3834,75.7295,0.450316
"Jun 28, 07:00 am",0,79.4459,64.2457,0.708096
"Jun 28, 08:00 am",537.169,87.7829,52.4382,0.720906
"Jun 28, 09:00 am",43.5224,97.4553,40.5646,0.72018
"Jun 28, 10:00 am",531.9,110.803,29.0263,0.718968
"Jun 28, 11:00 am",40.965,134.47,18.9241,0.718189
"Jun 28, 12:00 pm",35.2045,181.513,14.2009,0.717791
"Jun 28, 01:00 pm",507.647,227.286,19.3919,0.718194
"Jun 28, 02:00 pm",67.3941,250.071,29.6325,0.719008
"Jun 28, 03:00 pm",60.8385,263.112,41.2075,0.720248
"Jun 28, 04:00 pm",518.22,272.67,53.0875,0.720816
"Jun 28, 05:00 pm",455.308,280.969,64.8869,0.718958
"Jun 28, 06:00 pm",174.448,289.036,76.3501,0.406551
"Jun 28, 07:00 pm",40.053,297.513,87.1168,0
"Jun 28, 08:00 pm",29.1365,306.93,97.4209,0
"Jun 28, 09:00 pm",15.8694,317.764,106.228,0
"Jun 28, 10:00 pm",0,330.383,113.229,0
"Jun 28, 11:00 pm",0,344.801,117.784,0
"Jun 29, 12:00 am",0,0.399095,119.326,0
"Jun 29, 01:00 am",0,15.9642,117.627,0
"Jun 29, 02:00 am",0,30.304,112.937,0
"Jun 29, 03:00 am",0,42.8317,105.833,0
"Jun 29, 04:00 am",0,53.5888,96.9516,0
"Jun 29, 05:00 am",0,62.9502,86.612,0
"Jun 29, 06:00 am",0,71.3997,75.7965,0.446232
"Jun 29, 07:00 am",0,79.4679,64.3124,0.707758
"Jun 29, 08:00 am",540.185,87.8104,52.5047,0.720911
"Jun 29, 09:00 am",536.72,97.4879,40.6316,0.720173
"Jun 29, 10:00 am",536.099,110.835,29.0951,0.718959
"Jun 29, 11:00 am",535.411,134.459,18.9948,0.718178
"Jun 29, 12:00 pm",535.048,181.319,14.2535,0.717756
"Jun 29, 01:00 pm",534.832,227.075,19.4043,0.71818
"Jun 29, 02:00 pm",534.8,249.927,29.6265,0.718992
"Jun 29, 03:00 pm",537.914,263.005,41.1957,0.720232
"Jun 29, 04:00 pm",537.786,272.581,53.0751,0.720833
"Jun 29, 05:00 pm",471.649,280.89,64.8766,0.718976
"Jun 29, 06:00 pm",176.373,288.962,76.3436,0.406828
"Jun 29, 07:00 pm",40.0156,297.441,87.1142,0
"Jun 29, 08:00 pm",29.031,306.857,97.4295,0
"Jun 29, 09:00 pm",16.2007,317.691,106.247,0
"Jun 29, 10:00 pm",0,330.311,113.26,0
"Jun 29, 11:00 pm",0,344.736,117.829,0
"Jun 30, 12:00 am",0,0.346663,119.383,0
"Jun 30, 01:00 am",0,15.9292,117.693,0
"Jun 30, 02:00 am",0,30.2864,113.009,0
"Jun 30, 03:00 am",0,42.8284,105.907,0
"Jun 30, 04:00 am",0,53.5963,97.0253,0
"Jun 30, 05:00 am",0,62.966,86.68,0
"Jun 30, 06:00 am",0,71.4222,75.8671,0.441934
"Jun 30, 07:00 am",0,79.4967,64.3822,0.707404
"Jun 30, 08:00 am",540.28,87.8459,52.5739,0.720917
"Jun 30, 09:00 am",536.903,97.5301,40.7014,0.720165
"Jun 30, 10:00 am",536.291,110.879,29.1673,0.718949
"Jun 30, 11:00 am",535.781,134.462,19.0703,0.718166
"Jun 30, 12:00 pm",535.177,181.13,14.3131,0.717716
"Jun 30, 01:00 pm",534.959,226.854,19.4226,0.718164
"Jun 30, 02:00 pm",534.833,249.773,29.6254,0.718975
"Jun 30, 03:00 pm",534.861,262.89,41.1884,0.720214
"Jun 30, 04:00 pm",537.008,272.486,53.0671,0.720851
"Jun 30, 05:00 pm",491.718,280.806,64.871,0.718995
"Jun 30, 06:00 pm",188.769,288.882,76.3426,0.406827
"Jun 30, 07:00 pm",39.956,297.364,87.1195,0
"Jun 30, 08:00 pm",29.1437,306.78,97.4436,0
"Jun 30, 09:00 pm",16.5214,317.615,106.272,0
"Jun 30, 10:00 pm",0,330.237,113.298,0
"Jun 30, 11:00 pm",0,344.67,117.88,0
"Jul 1, 12:00 am",0,0.295288,119.447,0
"Jul 1, 01:00 am",0,15.8969,117.766,0
"Jul 1, 02:00 am",0,30.2729,113.086,0
"Jul 1, 03:00 am",0,42.8301,105.986,0
"Jul 1, 04:00 am",0,53.6093,97.1033,0
"Jul 1, 05:00 am",0,62.9875,86.7556,0
"Jul 1, 06:00 am",0,71.451,75.9421,0.43743
"Jul 1, 07:00 am",0,79.5324,64.4556,0.707033
"Jul 1, 08:00 am",539.128,87.8892,52.6463,0.720925
"Jul 1, 09:00 am",534.906,97.5817,40.7743,0.720155
"Jul 1, 10:00 am",534.378,110.935,29.2428,0.718937
"Jul 1, 11:00 am",533.781,134.481,19.1506,0.718151
"Jul 1, 12:00 pm",533.501,180.946,14.3797,0.717672
"Jul 1, 01:00 pm",533.296,226.622,19.4473,0.718146
"Jul 1, 02:00 pm",533.266,249.61,29.6293,0.718956
"Jul 1, 03:00 pm",533.318,262.766,41.1857,0.720195
"Jul 1, 04:00 pm",534.673,272.384,53.0638,0.72087
"Jul 1, 05:00 pm",473.624,280.715,64.8702,0.719014
"Jul 1, 06:00 pm",178.03,288.798,76.3469,0.406547
"Jul 1, 07:00 pm",40.0199,297.282,87.132,0
"Jul 1, 08:00 pm",29.3165,306.699,97.4632,0
"Jul 1, 09:00 pm",16.8022,317.535,106.303,0
"Jul 1, 10:00 pm",0,330.161,113.342,0
"Jul 1, 11:00 pm",0,344.603,117.939,0
"Jul 2, 12:00 am",0,0.245055,119.518,0
"Jul 2, 01:00 am",0,15.8675,117.845,0
"Jul 2, 02:00 am",0,30.2635,113.169,0
"Jul 2, 03:00 am",0,42.8367,106.069,0
"Jul 2, 04:00 am",0,53.6277,97.1853,0
"Jul 2, 05:00 am",0,63.0149,86.8327,0
"Jul 2, 06:00 am",0,71.486,76.0195,0.432726
"Jul 2, 07:00 am",0,79.575,64.5311,0.706647
"Jul 2, 08:00 am",535.231,87.9403,52.7209,0.720934
"Jul 2, 09:00 am",533.969,97.6428,40.8495,0.720144
"Jul 2, 10:00 am",533.418,111.003,29.3214,0.718923
"Jul 2, 11:00 am",532.778,134.515,19.2354,0.718135
"Jul 2, 12:00 pm",532.478,180.768,14.4531,0.717622
"Jul 2, 01:00 pm",532.065,226.381,19.4781,0.718127
"Jul 2, 02:00 pm",531.995,249.436,29.6382,0.718936
"Jul 2, 03:00 pm",532.036,262.635,41.1875,0.720175
"Jul 2, 04:00 pm",534.913,272.276,53.0648,0.720891
"Jul 2, 05:00 pm",496.669,280.62,64.8739,0.719035
"Jul 2, 06:00 pm",191.543,288.709,76.3558,0.405985
"Jul 2, 07:00 pm",39.7988,297.196,87.1485,0
"Jul 2, 08:00 pm",29.0986,306.615,97.4884,0
"Jul 2, 09:00 pm",16.5737,317.452,106.341,0
"Jul 2, 10:00 pm",0,330.083,113.393,0
"Jul 2, 11:00 pm",0,344.536,118.004,0
"Jul 3, 12:00 am",0,0.196045,119.595,0
"Jul 3, 01:00 am",0,15.8411,117.931,0
"Jul 3, 02:00 am",0,30.2584,113.258,0
"Jul 3, 03:00 am",0,42.8484,106.158,0
"Jul 3, 04:00 am",0,53.6517,97.2714,0
"Jul 3, 05:00 am",0,63.0481,86.9133,0
"Jul 3, 06:00 am",0,71.5273,76.0997,0.427831
"Jul 3, 07:00 am",0,79.6245,64.6092,0.706244
"Jul 3, 08:00 am",536.429,87.9993,52.798,0.720944
"Jul 3, 09:00 am",533.501,97.7132,40.9273,0.720131
"Jul 3, 10:00 am",532.743,111.084,29.4031,0.718907
"Jul 3, 11:00 am",532.112,134.563,19.3249,0.718117
"Jul 3, 12:00 pm",531.861,180.596,14.5333,0.717567
"Jul 3, 01:00 pm",531.552,226.131,19.5151,0.718106
"Jul 3, 02:00 pm",531.55,249.253,29.6522,0.718914
"Jul 3, 03:00 pm",533.386,262.496,41.1938,0.720153
"Jul 3, 04:00 pm",509.421,272.161,53.0701,0.720912
"Jul 3, 05:00 pm",427.452,280.518,64.8818,0.719058
"Jul 3, 06:00 pm",141.569,288.615,76.369,0.405141
"Jul 3, 07:00 pm",39.9361,297.106,87.1684,0
"Jul 3, 08:00 pm",29.2404,306.527,97.5192,0
"Jul 3, 09:00 pm",16.7109,317.366,106.384,0
"Jul 3, 10:00 pm",0,330.003,113.451,0
"Jul 3, 11:00 pm",0,344.468,118.076,0
"Jul 4, 12:00 am",0,0.148333,119.679,0
"Jul 4, 01:00 am",0,15.8177,118.023,0
"Jul 4, 02:00 am",0,30.2576,113.352,0
"Jul 4, 03:00 am",0,42.8651,106.251,0
"Jul 4, 04:00 am",0,53.6811,97.3614,0
"Jul 4, 05:00 am",0,63.0873,86.9964,0
"Jul 4, 06:00 am",0,71.5748,76.1826,0.422751
"Jul 4, 07:00 am",0,79.6808,64.6897,0.705827
"Jul 4, 08:00 am",533.413,88.0661,52.8773,0.720957
"Jul 4, 09:00 am",536.534,97.7931,41.0075,0.720117
"Jul 4, 10:00 am",532.849,111.176,29.4878,0.71889
"Jul 4, 11:00 am",532.382,134.626,19.4188,0.718097
"Jul 4, 12:00 pm",534.812,180.43,14.6203,0.717507
"Jul 4, 01:00 pm",534.301,225.873,19.5584,0.718084
"Jul 4, 02:00 pm",533.491,249.061,29.6713,0.718891
"Jul 4, 03:00 pm",533.273,262.35,41.2047,0.72013
"Jul 4, 04:00 pm",485.975,272.04,53.0798,0.720935
"Jul 4, 05:00 pm",394.811,280.411,64.8943,0.719081
"Jul 4, 06:00 pm",115.952,288.516,76.3869,0.404012
"Jul 4, 07:00 pm",39.8162,297.011,87.1937,0
"Jul 4, 08:00 pm",29.1068,306.434,97.5556,0
"Jul 4, 09:00 pm",16.5402,317.277,106.433,0
"Jul 4, 10:00 pm",0,329.92,113.514,0
"Jul 4, 11:00 pm",0,344.4,118.154,0
"Jul 5, 12:00 am",0,0.101993,119.77,0
"Jul 5, 01:00 am",0,15.7974,118.12,0
"Jul 5, 02:00 am",0,30.2611,113.452,0
"Jul 5, 03:00 am",0,42.887,106.348,0
"Jul 5, 04:00 am",0,53.7161,97.4554,0
"Jul 5, 05:00 am",0,63.1323,87.0823,0
"Jul 5, 06:00 am",0,71.6286,76.268,0.417494
"Jul 5, 07:00 am",0,79.744,64.7725,0.701194
"Jul 5, 08:00 am",480.267,88.1407,52.9587,0.72097
"Jul 5, 09:00 am",520.514,97.8823,41.0899,0.720101
"Jul 5, 10:00 am",537.285,111.279,29.5754,0.718872
"Jul 5, 11:00 am",534.852,134.704,19.5171,0.718076
"Jul 5, 12:00 pm",534.763,180.271,14.7139,0.717441
"Jul 5, 01:00 pm",530.159,225.606,19.6079,0.71806
"Jul 5, 02:00 pm",503.262,248.861,29.6955,0.718867
"Jul 5, 03:00 pm",205.49,262.196,41.2201,0.720106
"Jul 5, 04:00 pm",41.5877,271.912,53.0938,0.720959
"Jul 5, 05:00 pm",226.469,280.299,64.9109,0.719105
"Jul 5, 06:00 pm",39.3259,288.412,76.4088,0.402599
"Jul 5, 07:00 pm",29.4164,296.913,87.22,0
"Jul 5, 08:00 pm",17.1896,306.339,97.5977,0
"Jul 5, 09:00 pm",0,317.185,106.488,0
"Jul 5, 10:00 pm",0,329.836,113.585,0
"Jul 5, 11:00 pm",0,344.331,118.239,0
"Jul 6, 12:00 am",0,0.0570888,119.867,0
"Jul 6, 01:00 am",0,15.7803,118.224,0
"Jul 6, 02:00 am",0,30.2691,113.557,0
"Jul 6, 03:00 am",0,42.914,106.451,0
"Jul 6, 04:00 am",0,53.7567,97.5531,0
"Jul 6, 05:00 am",0,63.1832,87.17,0
"Jul 6, 06:00 am",0,71.6887,76.3559,0
"Jul 6, 07:00 am",0,79.814,64.8575,0.719133
"Jul 6, 08:00 am",0,88.2231,53.0423,0.720985
"Jul 6, 09:00 am",0,97.9807,41.1747,0.720085
"Jul 6, 10:00 am",466.748,111.395,29.6659,0.718851
"Jul 6, 11:00 am",506.167,134.796,19.6198,0.718053
"Jul 6, 12:00 pm",536.48,180.119,14.8142,0.71737
"Jul 6, 01:00 pm",537.207,225.332,19.664,0.718034
"Jul 6, 02:00 pm",534.332,248.651,29.7252,0.718841
"Jul 6, 03:00 pm",536.556,262.034,41.2405,0.720081
"Jul 6, 04:00 pm",536.644,271.779,53.1129,0.720984
"Jul 6, 05:00 pm",468.818,280.182,64.9329,0.71913
"Jul 6, 06:00 pm",172.905,288.304,76.4366,0.400899
"Jul 6, 07:00 pm",40.1663,296.81,87.2548,0
"Jul 6, 08:00 pm",29.38,306.239,97.6454,0
"Jul 6, 09:00 pm",16.8266,317.09,106.549,0
"Jul 6, 10:00 pm",0,329.75,113.661,0
"Jul 6, 11:00 pm",0,344.262,118.331,0
"Jul 7, 12:00 am",0,0.0136848,119.971,0
"Jul 7, 01:00 am",0,15.7664,118.334,0
"Jul 7, 02:00 am",0,30.2815,113.667,0
"Jul 7, 03:00 am",0,42.9462,106.557,0
"Jul 7, 04:00 am",0,53.8029,97.6546,0
"Jul 7, 05:00 am",0,63.24,87.2595,0
"Jul 7, 06:00 am",0,71.7551,76.4468,0.406482
"Jul 7, 07:00 am",0,79.8908,64.9454,0.704486
"Jul 7, 08:00 am",535.596,88.3131,53.1285,0.721002
"Jul 7, 09:00 am",538.513,98.0884,41.2621,0.720065
"Jul 7, 10:00 am",534.894,111.522,29.7594,0.718829
"Jul 7, 11:00 am",534.504,134.902,19.727,0.718028
"Jul 7, 12:00 pm",534.244,179.975,14.9212,0.717293
"Jul 7, 01:00 pm",533.89,225.051,19.7265,0.718007
"Jul 7, 02:00 pm",533.83,248.433,29.7602,0.718814
"Jul 7, 03:00 pm",533.856,261.866,41.2658,0.720054
"Jul 7, 04:00 pm",534.836,271.639,53.1367,0.72101
"Jul 7, 05:00 pm",475.7,280.059,64.9598,0.719157
"Jul 7, 06:00 pm",172.049,288.191,76.4697,0.398914
"Jul 7, 07:00 pm",40.0844,296.702,87.2953,0
"Jul 7, 08:00 pm",29.3656,306.136,97.6987,0
"Jul 7, 09:00 pm",16.8151,316.993,106.617,0
"Jul 7, 10:00 pm",0,329.663,113.744,0
"Jul 7, 11:00 pm",0,344.193,118.43,0
"Jul 8, 12:00 am",0,359.972,120.081,0
"Jul 8, 01:00 am",0,15.7558,118.45,0
"Jul 8, 02:00 am",0,30.2985,113.783,0
"Jul 8, 03:00 am",0,42.9836,106.668,0
"Jul 8, 04:00 am",0,53.8547,97.7597,0
"Jul 8, 05:00 am",0,63.3027,87.3547,0
"Jul 8, 06:00 am",0,71.8277,76.5406,0.400743
"Jul 8, 07:00 am",0,79.9745,65.0355,0.698407
"Jul 8, 08:00 am",472.319,88.4109,53.2168,0.72102
"Jul 8, 09:00 am",512.896,98.2052,41.3517,0.720044
"Jul 8, 10:00 am",524.553,111.66,29.8558,0.718806
"Jul 8, 11:00 am",522.323,135.022,19.8385,0.718001
"Jul 8, 12:00 pm",534.939,179.838,15.0348,0.71721
"Jul 8, 01:00 pm",535.132,224.764,19.7955,0.71796
"Jul 8, 02:00 pm",534.703,248.207,29.8008,0.718785
"Jul 8, 03:00 pm",527.248,261.69,41.2961,0.720026
"Jul 8, 04:00 pm",479.425,271.494,53.1653,0.721038
"Jul 8, 05:00 pm",391.84,279.931,64.9914,0.719184
"Jul 8, 06:00 pm",113.335,288.074,76.5077,0.396644
"Jul 8, 07:00 pm",39.8689,296.591,87.3412,0
"Jul 8, 08:00 pm",29.1635,306.03,97.7577,0
"Jul 8, 09:00 pm",16.5906,316.892,106.69,0
"Jul 8, 10:00 pm",0,329.573,113.834,0
"Jul 8, 11:00 pm",0,344.123,118.535,0
"Jul 9, 12:00 am",0,359.932,120.198,0
"Jul 9, 01:00 am",0,15.7485,118.572,0
"Jul 9, 02:00 am",0,30.32,113.903,0
"Jul 9, 03:00 am",0,43.0263,106.784,0
"Jul 9, 04:00 am",0,53.9122,97.8685,0
"Jul 9, 05:00 am",0,63.3713,87.4524,0
"Jul 9, 06:00 am",0,71.9066,76.6368,0.394859
"Jul 9, 07:00 am",0,80.0649,65.1277,0.697421
"Jul 9, 08:00 am",472.377,88.5163,53.3072,0.721039
"Jul 9, 09:00 am",523.066,98.331,41.4436,0.720022
"Jul 9, 10:00 am",534.631,111.81,29.9551,0.718781
"Jul 9, 11:00 am",534.753,135.155,19.9543,0.717944
"Jul 9, 12:00 pm",535.987,179.71,15.1549,0.717122
"Jul 9, 01:00 pm",535.191,224.471,19.871,0.717878
"Jul 9, 02:00 pm",534.932,247.973,29.8468,0.718755
"Jul 9, 03:00 pm",533.991,261.508,41.3314,0.719997
"Jul 9, 04:00 pm",519.164,271.342,53.1988,0.721066
"Jul 9, 05:00 pm",444.454,279.798,65.028,0.719213
"Jul 9, 06:00 pm",153.433,287.952,76.5509,0.394089
"Jul 9, 07:00 pm",39.9201,296.476,87.3926,0
"Jul 9, 08:00 pm",29.1936,305.92,97.8224,0
"Jul 9, 09:00 pm",16.6277,316.789,106.77,0
"Jul 9, 10:00 pm",0,329.482,113.93,0
"Jul 9, 11:00 pm",0,344.054,118.646,0
"Jul 10, 12:00 am",0,359.893,120.321,0
"Jul 10, 01:00 am",0,15.7446,118.7,0
"Jul 10, 02:00 am",0,30.3461,114.029,0
"Jul 10, 03:00 am",0,43.0742,106.904,0
"Jul 10, 04:00 am",0,53.9753,97.9808,0
"Jul 10, 05:00 am",0,63.4458,87.5507,0
"Jul 10, 06:00 am",0,71.9917,76.7351,0.388838
"Jul 10, 07:00 am",0,80.162,65.2221,0.703022
"Jul 10, 08:00 am",536.187,88.6293,53.3997,0.72106
"Jul 10, 09:00 am",533.715,98.4658,41.5377,0.719998
"Jul 10, 10:00 am",532.91,111.971,30.0571,0.718754
"Jul 10, 11:00 am",532.504,135.302,20.0744,0.717862
"Jul 10, 12:00 pm",532.038,179.589,15.2814,0.717028
"Jul 10, 01:00 pm",531.905,224.172,19.9531,0.717791
"Jul 10, 02:00 pm",531.883,247.731,29.8984,0.718724
"Jul 10, 03:00 pm",531.965,261.319,41.3716,0.719966
"Jul 10, 04:00 pm",534.156,271.185,53.237,0.721096
"Jul 10, 05:00 pm",491.398,279.66,65.0694,0.719242
"Jul 10, 06:00 pm",178.149,287.825,76.5987,0.391251
"Jul 10, 07:00 pm",39.9658,296.357,87.4471,0
"Jul 10, 08:00 pm",29.2786,305.807,97.8927,0
"Jul 10, 09:00 pm",16.7614,316.683,106.855,0
"Jul 10, 10:00 pm",0,329.389,114.032,0
"Jul 10, 11:00 pm",0,343.984,118.765,0
"Jul 11, 12:00 am",0,359.856,120.451,0
"Jul 11, 01:00 am",0,15.7441,118.833,0
"Jul 11, 02:00 am",0,30.3768,114.16,0
"Jul 11, 03:00 am",0,43.1275,107.028,0
"Jul 11, 04:00 am",0,54.044,98.0966,0
"Jul 11, 05:00 am",0,63.5262,87.6538,0
"Jul 11, 06:00 am",0,72.083,76.8364,0.382688
"Jul 11, 07:00 am",0,80.2659,65.3188,0.702508
"Jul 11, 08:00 am",534.464,88.7498,53.4942,0.721083
"Jul 11, 09:00 am",533.308,98.6095,41.634,0.719973
"Jul 11, 10:00 am",532.023,112.143,30.162,0.718725
"Jul 11, 11:00 am",531.476,135.463,20.1987,0.717775
"Jul 11, 12:00 pm",531.102,179.477,15.4143,0.716927
"Jul 11, 01:00 pm",531.012,223.869,20.0417,0.717698
"Jul 11, 02:00 pm",530.981,247.482,29.9555,0.718691
"Jul 11, 03:00 pm",531.007,261.124,41.4169,0.719935
"Jul 11, 04:00 pm",531.478,271.023,53.2801,0.721126
"Jul 11, 05:00 pm",454.666,279.517,65.1156,0.719273
"Jul 11, 06:00 pm",144.876,287.695,76.652,0.38813
"Jul 11, 07:00 pm",39.9226,296.234,87.5084,0
"Jul 11, 08:00 pm",29.2791,305.69,97.9686,0
"Jul 11, 09:00 pm",16.8257,316.575,106.947,0
"Jul 11, 10:00 pm",0,329.295,114.141,0
"Jul 11, 11:00 pm",0,343.914,118.889,0
"Jul 12, 12:00 am",0,359.821,120.587,0
"Jul 12, 01:00 am",0,15.7471,118.973,0
"Jul 12, 02:00 am",0,30.4122,114.296,0
"Jul 12, 03:00 am",0,43.1861,107.156,0
"Jul 12, 04:00 am",0,54.1184,98.2158,0
"Jul 12, 05:00 am",0,63.6125,87.7604,0
"Jul 12, 06:00 am",0,72.1804,76.9401,0.376418
"Jul 12, 07:00 am",0,80.3764,65.4176,0.69615
"Jul 12, 08:00 am",395.401,88.8778,53.5907,0.721107
"Jul 12, 09:00 am",440.651,98.7619,41.7325,0.719947
"Jul 12, 10:00 am",459.978,112.325,30.2696,0.718695
"Jul 12, 11:00 am",466.289,135.636,20.3273,0.717682
"Jul 12, 12:00 pm",486.592,179.372,15.5536,0.71682
"Jul 12, 01:00 pm",481.339,223.561,20.1369,0.717601
"Jul 12, 02:00 pm",468.53,247.227,30.0184,0.718656
"Jul 12, 03:00 pm",413.754,260.922,41.4673,0.719902
"Jul 12, 04:00 pm",359.553,270.855,53.3281,0.721158
"Jul 12, 05:00 pm",258.341,279.37,65.1668,0.719304
"Jul 12, 06:00 pm",43.6541,287.56,76.7101,0.38473
"Jul 12, 07:00 pm",38.7386,296.108,87.5749,0
"Jul 12, 08:00 pm",28.1752,305.571,98.0503,0
"Jul 12, 09:00 pm",16.0149,316.464,107.044,0
"Jul 12, 10:00 pm",0,329.199,114.256,0
"Jul 12, 11:00 pm",0,343.844,119.02,0
"Jul 13, 12:00 am",0,359.788,120.729,0
"Jul 13, 01:00 am",0,15.7537,119.118,0
"Jul 13, 02:00 am",0,30.4524,114.437,0
"Jul 13, 03:00 am",0,43.2501,107.288,0
"Jul 13, 04:00 am",0,54.1984,98.3383,0
"Jul 13, 05:00 am",0,63.7047,87.8695,0
"Jul 13, 06:00 am",0,72.284,77.0462,0.370035
"Jul 13, 07:00 am",0,80.4935,65.5183,0.705286
"Jul 13, 08:00 am",382.466,89.0131,53.6891,0.721132
"Jul 13, 09:00 am",460.521,98.9231,41.833,0.719918
"Jul 13, 10:00 am",500.599,112.519,30.38,0.718663
"Jul 13, 11:00 am",520.553,135.821,20.4599,0.717583
"Jul 13, 12:00 pm",521.078,179.277,15.6991,0.716707
"Jul 13, 01:00 pm",525.029,223.25,20.2387,0.717497
"Jul 13, 02:00 pm",519.419,246.964,30.0868,0.718621
"Jul 13, 03:00 pm",495.332,260.714,41.5227,0.719868
"Jul 13, 04:00 pm",449.34,270.682,53.3808,0.72119
"Jul 13, 05:00 pm",362.84,279.218,65.2226,0.719336
"Jul 13, 06:00 pm",91.1868,287.421,76.7727,0.381051
"Jul 13, 07:00 pm",39.8661,295.978,87.6432,0
"Jul 13, 08:00 pm",29.3602,305.448,98.1375,0
"Jul 13, 09:00 pm",16.9633,316.35,107.148,0
"Jul 13, 10:00 pm",0,329.102,114.377,0
"Jul 13, 11:00 pm",0,343.774,119.158,0
"Jul 14, 12:00 am",0,359.757,120.877,0
"Jul 14, 01:00 am",0,15.7639,119.268,0
"Jul 14, 02:00 am",0,30.4973,114.582,0
"Jul 14, 03:00 am",0,43.3194,107.424,0
"Jul 14, 04:00 am",0,54.2842,98.464,0
"Jul 14, 05:00 am",0,63.8027,87.9768,0
"Jul 14, 06:00 am",0,72.3938,77.1537,0.363547
"Jul 14, 07:00 am",0,80.6172,65.6208,0.692101
"Jul 14, 08:00 am",457.527,89.1559,53.7893,0.721159
"Jul 14, 09:00 am",509.532,99.0928,41.9355,0.719889
"Jul 14, 10:00 am",526.46,112.723,30.493,0.71863
"Jul 14, 11:00 am",532.073,136.018,20.5967,0.717478
"Jul 14, 12:00 pm",527.527,179.189,15.8508,0.716587
"Jul 14, 01:00 pm",525.173,222.935,20.347,0.717388
"Jul 14, 02:00 pm",518.398,246.695,30.1609,0.718584
"Jul 14, 03:00 pm",497.563,260.5,41.5833,0.719833
"Jul 14, 04:00 pm",450.937,270.503,53.4384,0.721224
"Jul 14, 05:00 pm",365.21,279.061,65.2832,0.71937
"Jul 14, 06:00 pm",91.5955,287.278,76.8403,0.377097
"Jul 14, 07:00 pm",39.8586,295.844,87.7167,0
"Jul 14, 08:00 pm",29.224,305.322,98.2303,0
"Jul 14, 09:00 pm",16.7292,316.234,107.258,0
"Jul 14, 10:00 pm",0,329.003,114.505,0
"Jul 14, 11:00 pm",0,343.705,119.302,0
"Jul 15, 12:00 am",0,359.727,121.031,0
"Jul 15, 01:00 am",0,15.7777,119.425,0
"Jul 15, 02:00 am",0,30.547,114.732,0
"Jul 15, 03:00 am",0,43.3941,107.564,0
"Jul 15, 04:00 am",0,54.3755,98.593,0
"Jul 15, 05:00 am",0,63.9066,88.0834,0
"Jul 15, 06:00 am",0,72.5096,77.2624,0.356962
"Jul 15, 07:00 am",0,80.7474,65.7247,0.690964
"Jul 15, 08:00 am",470.209,89.3058,53.891,0.721187
"Jul 15, 09:00 am",519.734,99.2711,42.0399,0.719858
"Jul 15, 10:00 am",534.753,112.937,30.6086,0.718595
"Jul 15, 11:00 am",532.444,136.228,20.7375,0.717367
"Jul 15, 12:00 pm",524.969,179.11,16.0086,0.71646
"Jul 15, 01:00 pm",531.536,222.617,20.4619,0.717273
"Jul 15, 02:00 pm",533.071,246.42,30.2407,0.718546
"Jul 15, 03:00 pm",514.921,260.28,41.649,0.719796
"Jul 15, 04:00 pm",480.39,270.32,53.5011,0.721259
"Jul 15, 05:00 pm",404.461,278.9,65.3489,0.719404
"Jul 15, 06:00 pm",113.146,287.131,76.9131,0.372872
"Jul 15, 07:00 pm",39.8034,295.706,87.7952,0
"Jul 15, 08:00 pm",29.1387,305.193,98.3288,0
"Jul 15, 09:00 pm",16.6409,316.116,107.373,0
"Jul 15, 10:00 pm",0,328.903,114.638,0
"Jul 15, 11:00 pm",0,343.635,119.452,0
"Jul 16, 12:00 am",0,359.7,121.192,0
"Jul 16, 01:00 am",0,15.7953,119.587,0
"Jul 16, 02:00 am",0,30.6016,114.887,0
"Jul 16, 03:00 am",0,43.4743,107.708,0
"Jul 16, 04:00 am",0,54.4726,98.725,0
"Jul 16, 05:00 am",0,64.0164,88.1949,0
"Jul 16, 06:00 am",0,72.6315,77.3741,0.350288
"Jul 16, 07:00 am",0,80.8842,65.8307,0.689805
"Jul 16, 08:00 am",452.386,89.4631,53.9947,0.721217
"Jul 16, 09:00 am",500.816,99.4577,42.1465,0.719825
"Jul 16, 10:00 am",518.6,113.161,30.727,0.718558
"Jul 16, 11:00 am",526.922,136.449,20.8825,0.71725
"Jul 16, 12:00 pm",516.907,179.039,16.1726,0.716326
"Jul 16, 01:00 pm",512.869,222.298,20.5834,0.717152
"Jul 16, 02:00 pm",498.715,246.139,30.3265,0.718506
"Jul 16, 03:00 pm",469.425,260.055,41.7203,0.719759
"Jul 16, 04:00 pm",413.823,270.131,53.569,0.721294
"Jul 16, 05:00 pm",314.543,278.734,65.4199,0.719439
"Jul 16, 06:00 pm",54.0469,286.98,76.9915,0.368377
"Jul 16, 07:00 pm",39.8355,295.566,87.8811,0
"Jul 16, 08:00 pm",29.3733,305.06,98.4329,0
"Jul 16, 09:00 pm",16.9561,315.995,107.494,0
"Jul 16, 10:00 pm",0,328.801,114.778,0
"Jul 16, 11:00 pm",0,343.566,119.609,0
"Jul 17, 12:00 am",0,359.674,121.359,0
"Jul 17, 01:00 am",0,15.8166,119.754,0
"Jul 17, 02:00 am",0,30.6611,115.047,0
"Jul 17, 03:00 am",0,43.5599,107.856,0
"Jul 17, 04:00 am",0,54.5754,98.8601,0
"Jul 17, 05:00 am",0,64.1319,88.3113,0
"Jul 17, 06:00 am",0,72.7595,77.4883,0.343533
"Jul 17, 07:00 am",0,81.0273,65.9389,0.719379
"Jul 17, 08:00 am",0,89.6274,54.1003,0.721248
"Jul 17, 09:00 am",334.101,99.6526,42.255,0.719791
"Jul 17, 10:00 am",237.421,113.395,30.848,0.71852
"Jul 17, 11:00 am",183.406,136.681,21.0315,0.717125
"Jul 17, 12:00 pm",372.148,178.977,16.3425,0.716186
"Jul 17, 01:00 pm",154.897,221.976,20.7115,0.717024
"Jul 17, 02:00 pm",389.301,245.853,30.4181,0.718465
"Jul 17, 03:00 pm",363.367,259.825,41.7966,0.71972
"Jul 17, 04:00 pm",41.4689,269.938,53.6417,0.721307
"Jul 17, 05:00 pm",178.347,278.565,65.4956,0.719475
"Jul 17, 06:00 pm",41.6571,286.826,77.0745,0.363618
"Jul 17, 07:00 pm",35.7822,295.422,87.9694,0
"Jul 17, 08:00 pm",25.1138,304.925,98.5426,0
"Jul 17, 09:00 pm",13.3694,315.872,107.622,0
"Jul 17, 10:00 pm",0,328.699,114.924,0
"Jul 17, 11:00 pm",0,343.496,119.771,0
"Jul 18, 12:00 am",0,359.651,121.531,0
"Jul 18, 01:00 am",0,15.8418,119.926,0
"Jul 18, 02:00 am",0,30.7255,115.211,0
"Jul 18, 03:00 am",0,43.651,108.007,0
"Jul 18, 04:00 am",0,54.6838,98.9981,0
"Jul 18, 05:00 am",0,64.2533,88.4272,0
"Jul 18, 06:00 am",0,72.8935,77.6044,0.336704
"Jul 18, 07:00 am",0,81.1769,66.0488,0.71941
"Jul 18, 08:00 am",0,89.7988,54.2077,0.721281
"Jul 18, 09:00 am",0,99.8557,42.3657,0.719756
"Jul 18, 10:00 am",415.347,113.639,30.9718,0.71848
"Jul 18, 11:00 am",440.31,136.924,21.1846,0.716995
"Jul 18, 12:00 pm",457.491,178.924,16.5184,0.716037
"Jul 18, 01:00 pm",443.591,221.654,20.8463,0.716891
"Jul 18, 02:00 pm",420.507,245.561,30.5156,0.718423
"Jul 18, 03:00 pm",386.394,259.589,41.8784,0.719681
"Jul 18, 04:00 pm",330.63,269.74,53.7196,0.72127
"Jul 18, 05:00 pm",233.309,278.391,65.5762,0.719511
"Jul 18, 06:00 pm",42.9132,286.667,77.1622,0.358599
"Jul 18, 07:00 pm",36.7717,295.274,88.0607,0
"Jul 18, 08:00 pm",25.7172,304.788,98.6578,0
"Jul 18, 09:00 pm",13.747,315.747,107.755,0
"Jul 18, 10:00 pm",0,328.595,115.077,0
"Jul 18, 11:00 pm",0,343.428,119.94,0
"Jul 19, 12:00 am",0,359.63,121.71,0
"Jul 19, 01:00 am",0,15.8708,120.104,0
"Jul 19, 02:00 am",0,30.795,115.38,0
"Jul 19, 03:00 am",0,43.7476,108.162,0
"Jul 19, 04:00 am",0,54.7979,99.1389,0
"Jul 19, 05:00 am",0,64.3804,88.5417,0
"Jul 19, 06:00 am",0,73.0334,77.7215,0.329809
"Jul 19, 07:00 am",0,81.3328,66.16,0.686202
"Jul 19, 08:00 am",510.307,89.9773,54.3165,0.721315
"Jul 19, 09:00 am",535.797,100.067,42.478,0.719718
"Jul 19, 10:00 am",533.198,113.892,31.098,0.718439
"Jul 19, 11:00 am",532.573,137.177,21.3416,0.716857
"Jul 19, 12:00 pm",532.103,178.878,16.7001,0.715881
"Jul 19, 01:00 pm",532.033,221.331,20.9876,0.71675
"Jul 19, 02:00 pm",532.057,245.265,30.619,0.71838
"Jul 19, 03:00 pm",534.284,259.348,41.9655,0.71964
"Jul 19, 04:00 pm",520.404,269.538,53.8026,0.721231
"Jul 19, 05:00 pm",443.091,278.213,65.6621,0.719549
"Jul 19, 06:00 pm",127.462,286.505,77.2555,0.353324
"Jul 19, 07:00 pm",39.7703,295.123,88.1587,0
"Jul 19, 08:00 pm",29.0618,304.647,98.7786,0
"Jul 19, 09:00 pm",16.557,315.62,107.894,0
"Jul 19, 10:00 pm",0,328.49,115.235,0
"Jul 19, 11:00 pm",0,343.359,120.115,0
"Jul 20, 12:00 am",0,359.612,121.894,0
"Jul 20, 01:00 am",0,15.9039,120.287,0
"Jul 20, 02:00 am",0,30.8694,115.553,0
"Jul 20, 03:00 am",0,43.8497,108.321,0
"Jul 20, 04:00 am",0,54.9177,99.2825,0
"Jul 20, 05:00 am",0,64.5134,88.6581,0
"Jul 20, 06:00 am",0,73.1793,77.8405,0.322856
"Jul 20, 07:00 am",0,81.495,66.2728,0.684962
"Jul 20, 08:00 am",525.098,90.1626,54.4269,0.721288
"Jul 20, 09:00 am",537.351,100.286,42.5923,0.719679
"Jul 20, 10:00 am",534.274,114.155,31.2269,0.718396
"Jul 20, 11:00 am",533.525,137.441,21.5026,0.716712
"Jul 20, 12:00 pm",533.141,178.842,16.8876,0.715718
"Jul 20, 01:00 pm",532.739,221.007,21.1355,0.716603
"Jul 20, 02:00 pm",532.684,244.965,30.7284,0.718335
"Jul 20, 03:00 pm",532.791,259.103,42.0581,0.719598
"Jul 20, 04:00 pm",534.298,269.331,53.8908,0.721192
"Jul 20, 05:00 pm",474.095,278.032,65.753,0.719587
"Jul 20, 06:00 pm",142.028,286.34,77.3538,0.347798
"Jul 20, 07:00 pm",39.9318,294.97,88.2604,0
"Jul 20, 08:00 pm",29.2159,304.504,98.905,0
"Jul 20, 09:00 pm",16.6416,315.49,108.038,0
"Jul 20, 10:00 pm",0,328.384,115.399,0
"Jul 20, 11:00 pm",0,343.291,120.297,0
"Jul 21, 12:00 am",0,359.595,122.084,0
"Jul 21, 01:00 am",0,15.9409,120.476,0
"Jul 21, 02:00 am",0,30.949,115.73,0
"Jul 21, 03:00 am",0,43.9574,108.483,0
"Jul 21, 04:00 am",0,55.0432,99.4288,0
"Jul 21, 05:00 am",0,64.652,88.7753,0
"Jul 21, 06:00 am",0,73.3311,77.9612,0.315851
"Jul 21, 07:00 am",0,81.6635,66.3872,0.683703
"Jul 21, 08:00 am",532.903,90.3548,54.539,0.721251
"Jul 21, 09:00 am",537.876,100.513,42.7085,0.719638
"Jul 21, 10:00 am",534.506,114.427,31.3583,0.718351
"Jul 21, 11:00 am",533.8,137.714,21.6676,0.71656
"Jul 21, 12:00 pm",533.465,178.813,17.0809,0.715546
"Jul 21, 01:00 pm",533.261,220.685,21.29,0.716449
"Jul 21, 02:00 pm",533.2,244.66,30.8438,0.718289
"Jul 21, 03:00 pm",534.824,258.853,42.1562,0.719555
"Jul 21, 04:00 pm",521.07,269.12,53.9843,0.721152
"Jul 21, 05:00 pm",446.07,277.846,65.8491,0.719626
"Jul 21, 06:00 pm",122.07,286.171,77.4571,0.342027
"Jul 21, 07:00 pm",39.9745,294.813,88.3654,0
"Jul 21, 08:00 pm",29.2705,304.358,99.0369,0
"Jul 21, 09:00 pm",16.729,315.359,108.189,0
"Jul 21, 10:00 pm",0,328.277,115.57,0
"Jul 21, 11:00 pm",0,343.224,120.484,0
"Jul 22, 12:00 am",0,359.581,122.28,0
"Jul 22, 01:00 am",0,15.9821,120.669,0
"Jul 22, 02:00 am",0,31.0338,115.911,0
"Jul 22, 03:00 am",0,44.0707,108.648,0
"Jul 22, 04:00 am",0,55.1744,99.5776,0
"Jul 22, 05:00 am",0,64.7965,88.8972,0
"Jul 22, 06:00 am",0,73.4888,78.0844,0.308803
"Jul 22, 07:00 am",0,81.8382,66.5035,0.682426
"Jul 22, 08:00 am",533.018,90.5539,54.6528,0.721213
"Jul 22, 09:00 am",534.306,100.748,42.8266,0.719597
"Jul 22, 10:00 am",533.328,114.708,31.4925,0.718305
"Jul 22, 11:00 am",532.711,137.997,21.8365,0.7164
"Jul 22, 12:00 pm",532.439,178.793,17.2798,0.715367
"Jul 22, 01:00 pm",532.054,220.363,21.4511,0.716288
"Jul 22, 02:00 pm",532.008,244.352,30.9654,0.718242
"Jul 22, 03:00 pm",532.075,258.599,42.2599,0.719511
"Jul 22, 04:00 pm",533.324,268.905,54.0831,0.721111
"Jul 22, 05:00 pm",470.463,277.657,65.9506,0.719666
"Jul 22, 06:00 pm",132.875,285.999,77.5663,0.336016
"Jul 22, 07:00 pm",39.8514,294.653,88.4784,0
"Jul 22, 08:00 pm",29.1592,304.209,99.1743,0
"Jul 22, 09:00 pm",16.6281,315.226,108.345,0
"Jul 22, 10:00 pm",0,328.169,115.746,0
"Jul 22, 11:00 pm",0,343.157,120.677,0
"Jul 23, 12:00 am",0,359.57,122.482,0
"Jul 23, 01:00 am",0,16.0275,120.867,0
"Jul 23, 02:00 am",0,31.1237,116.097,0
"Jul 23, 03:00 am",0,44.1895,108.816,0
"Jul 23, 04:00 am",0,55.3113,99.7289,0
"Jul 23, 05:00 am",0,64.9467,89.0191,0
"Jul 23, 06:00 am",0,73.6523,78.2088,0.301717
"Jul 23, 07:00 am",0,82.019,66.6211,0.681133
"Jul 23, 08:00 am",533.568,90.7596,54.768,0.721173
"Jul 23, 09:00 am",533.945,100.99,42.9465,0.719553
"Jul 23, 10:00 am",532.566,114.998,31.6291,0.718257
"Jul 23, 11:00 am",531.903,138.289,22.0093,0.716232
"Jul 23, 12:00 pm",531.459,178.781,17.4844,0.715179
"Jul 23, 01:00 pm",531.156,220.042,21.6187,0.71612
"Jul 23, 02:00 pm",531.136,244.041,31.093,0.718193
"Jul 23, 03:00 pm",531.164,258.341,42.3692,0.719467
"Jul 23, 04:00 pm",533.718,268.687,54.1872,0.721069
"Jul 23, 05:00 pm",488.962,277.464,66.0573,0.719707
"Jul 23, 06:00 pm",138.923,285.824,77.6805,0.329772
"Jul 23, 07:00 pm",39.9131,294.49,88.5949,0
"Jul 23, 08:00 pm",29.2395,304.058,99.3172,0
"Jul 23, 09:00 pm",16.7316,315.09,108.507,0
"Jul 23, 10:00 pm",0,328.06,115.928,0
"Jul 23, 11:00 pm",0,343.091,120.876,0
"Jul 24, 12:00 am",0,359.561,122.689,0
"Jul 24, 01:00 am",0,16.0772,121.07,0
"Jul 24, 02:00 am",0,31.2189,116.286,0
"Jul 24, 03:00 am",0,44.3141,108.988,0
"Jul 24, 04:00 am",0,55.454,99.8826,0
"Jul 24, 05:00 am",0,65.1025,89.146,0
"Jul 24, 06:00 am",0,73.8217,78.3356,0.294601
"Jul 24, 07:00 am",0,82.2059,66.7404,0.674364
"Jul 24, 08:00 am",496.911,90.9719,54.8848,0.721132
"Jul 24, 09:00 am",533.881,101.24,43.0682,0.719509
"Jul 24, 10:00 am",535.457,115.296,31.7682,0.718208
"Jul 24, 11:00 am",531.413,138.59,22.1859,0.716056
"Jul 24, 12:00 pm",533.821,178.777,17.6944,0.714982
"Jul 24, 01:00 pm",533.839,219.723,21.7928,0.715944
"Jul 24, 02:00 pm",533.836,243.727,31.2266,0.718144
"Jul 24, 03:00 pm",533.456,258.079,42.484,0.719421
"Jul 24, 04:00 pm",530.309,268.464,54.2966,0.721026
"Jul 24, 05:00 pm",455.708,277.269,66.1691,0.719748
"Jul 24, 06:00 pm",116.075,285.646,77.8,0.323302
"Jul 24, 07:00 pm",39.8623,294.325,88.7181,0
"Jul 24, 08:00 pm",29.2144,303.905,99.4656,0
"Jul 24, 09:00 pm",16.7215,314.953,108.675,0
"Jul 24, 10:00 pm",0,327.951,116.116,0
"Jul 24, 11:00 pm",0,343.026,121.081,0
"Jul 25, 12:00 am",0,359.555,122.902,0
"Jul 25, 01:00 am",0,16.1311,121.278,0
"Jul 25, 02:00 am",0,31.3195,116.48,0
"Jul 25, 03:00 am",0,44.4442,109.162,0
"Jul 25, 04:00 am",0,55.6023,100.039,0
"Jul 25, 05:00 am",0,65.2641,89.273,0
"Jul 25, 06:00 am",0,73.9968,78.4638,0.287461
"Jul 25, 07:00 am",0,82.3988,66.8609,0.678498
"Jul 25, 08:00 am",527.449,91.1908,55.0029,0.72109
"Jul 25, 09:00 am",535.269,101.497,43.1916,0.719462
"Jul 25, 10:00 am",531.443,115.603,31.9099,0.718157
"Jul 25, 11:00 am",531.072,138.9,22.3664,0.715872
"Jul 25, 12:00 pm",532.49,178.78,17.9099,0.714776
"Jul 25, 01:00 pm",529.809,219.407,21.9734,0.715761
"Jul 25, 02:00 pm",525.28,243.41,31.3664,0.718093
"Jul 25, 03:00 pm",504.872,257.814,42.6045,0.719374
"Jul 25, 04:00 pm",460.709,268.239,54.4113,0.720982
"Jul 25, 05:00 pm",377.383,277.069,66.2859,0.71979
"Jul 25, 06:00 pm",73.7329,285.465,77.9245,0.316611
"Jul 25, 07:00 pm",39.7467,294.157,88.8429,0
"Jul 25, 08:00 pm",29.2126,303.75,99.6195,0
"Jul 25, 09:00 pm",16.8191,314.815,108.849,0
"Jul 25, 10:00 pm",0,327.84,116.31,0
"Jul 25, 11:00 pm",0,342.961,121.292,0
"Jul 26, 12:00 am",0,359.551,123.12,0
"Jul 26, 01:00 am",0,16.1895,121.491,0
"Jul 26, 02:00 am",0,31.4254,116.677,0
"Jul 26, 03:00 am",0,44.5801,109.34,0
"Jul 26, 04:00 am",0,55.7562,100.197,0
"Jul 26, 05:00 am",0,65.4313,89.3929,0
"Jul 26, 06:00 am",0,74.1776,78.5914,0.280305
"Jul 26, 07:00 am",0,82.5977,66.9817,0.67036
"Jul 26, 08:00 am",470.622,91.4162,55.1217,0.721046
"Jul 26, 09:00 am",514.128,101.761,43.3164,0.719415
"Jul 26, 10:00 am",528.067,115.917,32.0538,0.718105
"Jul 26, 11:00 am",531.585,139.217,22.5505,0.71568
"Jul 26, 12:00 pm",502.153,178.792,18.1306,0.714562
"Jul 26, 01:00 pm",506.014,219.093,22.1603,0.71557
"Jul 26, 02:00 pm",506.946,243.091,31.5122,0.718041
"Jul 26, 03:00 pm",491.548,257.545,42.7304,0.719326
"Jul 26, 04:00 pm",450.526,268.009,54.531,0.720938
"Jul 26, 05:00 pm",366.748,276.867,66.4077,0.719833
"Jul 26, 06:00 pm",67.0017,285.28,78.0533,0.309708
"Jul 26, 07:00 pm",39.7867,293.986,88.9692,0
"Jul 26, 08:00 pm",29.231,303.592,99.7788,0
"Jul 26, 09:00 pm",16.7784,314.674,109.028,0
"Jul 26, 10:00 pm",0,327.729,116.51,0
"Jul 26, 11:00 pm",0,342.897,121.509,0
"Jul 27, 12:00 am",0,359.551,123.343,0
"Jul 27, 01:00 am",0,16.2524,121.708,0
"Jul 27, 02:00 am",0,31.5366,116.877,0
"Jul 27, 03:00 am",0,44.7216,109.52,0
"Jul 27, 04:00 am",0,55.9159,100.357,0
"Jul 27, 05:00 am",0,65.6042,89.5174,0
"Jul 27, 06:00 am",0,74.3641,78.7217,0.273138
"Jul 27, 07:00 am",0,82.8025,67.1045,0.668392
"Jul 27, 08:00 am",454.297,91.6479,55.2423,0.721
"Jul 27, 09:00 am",508.75,102.033,43.4431,0.719366
"Jul 27, 10:00 am",525.174,116.24,32.2003,0.718051
"Jul 27, 11:00 am",527.097,139.543,22.7385,0.715478
"Jul 27, 12:00 pm",528.357,178.811,18.3567,0.714338
"Jul 27, 01:00 pm",532.765,218.782,22.3537,0.715371
"Jul 27, 02:00 pm",532.747,242.77,31.6641,0.717983
"Jul 27, 03:00 pm",533.647,257.273,42.862,0.719277
"Jul 27, 04:00 pm",500.721,267.777,54.6562,0.720893
"Jul 27, 05:00 pm",426.614,276.662,66.5348,0.719876
"Jul 27, 06:00 pm",96.875,285.093,78.1878,0.302599
"Jul 27, 07:00 pm",39.9515,293.813,89.1006,0
"Jul 27, 08:00 pm",29.3283,303.432,99.9435,0
"Jul 27, 09:00 pm",16.8443,314.533,109.212,0
"Jul 27, 10:00 pm",0,327.617,116.715,0
"Jul 27, 11:00 pm",0,342.834,121.731,0
"Jul 28, 12:00 am",0,359.553,123.572,0
"Jul 28, 01:00 am",0,16.3198,121.93,0
"Jul 28, 02:00 am",0,31.6534,117.082,0
"Jul 28, 03:00 am",0,44.8689,109.703,0
"Jul 28, 04:00 am",0,56.0813,100.519,0
"Jul 28, 05:00 am",0,65.7826,89.643,0
"Jul 28, 06:00 am",0,74.5562,78.8531,0.265966
"Jul 28, 07:00 am",0,83.0131,67.2285,0.674437
"Jul 28, 08:00 am",530.987,91.886,55.3644,0.720954
"Jul 28, 09:00 am",532.436,102.311,43.5716,0.719315
"Jul 28, 10:00 am",531.163,116.571,32.3494,0.717995
"Jul 28, 11:00 am",531.012,139.876,22.9303,0.715268
"Jul 28, 12:00 pm",530.914,178.838,18.588,0.714104
"Jul 28, 01:00 pm",530.867,218.475,22.5534,0.715163
"Jul 28, 02:00 pm",530.868,242.448,31.8223,0.717835
"Jul 28, 03:00 pm",532.68,256.998,42.9994,0.719227
"Jul 28, 04:00 pm",518.338,267.542,54.787,0.720847
"Jul 28, 05:00 pm",437.244,276.454,66.6675,0.717702
"Jul 28, 06:00 pm",92.2514,284.904,78.3279,0.295293
"Jul 28, 07:00 pm",39.8575,293.637,89.2382,0
"Jul 28, 08:00 pm",29.2544,303.27,100.114,0
"Jul 28, 09:00 pm",16.7799,314.389,109.403,0
"Jul 28, 10:00 pm",0,327.505,116.927,0
"Jul 28, 11:00 pm",0,342.773,121.959,0
"Jul 29, 12:00 am",0,359.558,123.806,0
"Jul 29, 01:00 am",0,16.3918,122.156,0
"Jul 29, 02:00 am",0,31.7756,117.29,0
"Jul 29, 03:00 am",0,45.0219,109.888,0
"Jul 29, 04:00 am",0,56.2523,100.684,0
"Jul 29, 05:00 am",0,65.9666,89.7678,0
"Jul 29, 06:00 am",0,74.7539,78.9855,0.258795
"Jul 29, 07:00 am",0,83.2295,67.3533,0.664262
"Jul 29, 08:00 am",440.548,92.1302,55.4874,0.720906
"Jul 29, 09:00 am",490.462,102.597,43.7015,0.719263
"Jul 29, 10:00 am",503.722,116.909,32.5008,0.717848
"Jul 29, 11:00 am",506.412,140.216,23.1258,0.715048
"Jul 29, 12:00 pm",531.953,178.872,18.8244,0.713861
"Jul 29, 01:00 pm",532.398,218.171,22.7593,0.714947
"Jul 29, 02:00 pm",532.398,242.124,31.9864,0.717681
"Jul 29, 03:00 pm",519.851,256.721,43.1423,0.719176
"Jul 29, 04:00 pm",480.627,267.304,54.9229,0.7208
"Jul 29, 05:00 pm",391.718,276.243,66.805,0.713605
"Jul 29, 06:00 pm",65.9835,284.712,78.4726,0.287798
"Jul 29, 07:00 pm",39.7925,293.459,89.3779,0
"Jul 29, 08:00 pm",29.3163,303.105,100.289,0
"Jul 29, 09:00 pm",16.9389,314.244,109.598,0
"Jul 29, 10:00 pm",0,327.392,117.143,0
"Jul 29, 11:00 pm",0,342.712,122.192,0
"Jul 30, 12:00 am",0,359.566,124.046,0
"Jul 30, 01:00 am",0,16.4684,122.387,0
"Jul 30, 02:00 am",0,31.9034,117.501,0
"Jul 30, 03:00 am",0,45.1806,110.076,0
"Jul 30, 04:00 am",0,56.4289,100.85,0
"Jul 30, 05:00 am",0,66.1561,89.897,0
"Jul 30, 06:00 am",0,74.9571,79.1194,0.251631
"Jul 30, 07:00 am",0,83.4516,67.4794,0.662169
"Jul 30, 08:00 am",450.29,92.3805,55.6116,0.720857
"Jul 30, 09:00 am",510.566,102.889,43.8331,0.719209
"Jul 30, 10:00 am",533.358,117.254,32.6547,0.717685
"Jul 30, 11:00 am",532.227,140.563,23.3249,0.714819
"Jul 30, 12:00 pm",532.771,178.914,19.0658,0.713607
"Jul 30, 01:00 pm",533.07,217.871,22.9715,0.714723
"Jul 30, 02:00 pm",533.246,241.799,32.1567,0.71752
"Jul 30, 03:00 pm",532.375,256.441,43.291,0.719125
"Jul 30, 04:00 pm",505.452,267.063,55.0641,0.720753
"Jul 30, 05:00 pm",415.6,276.029,66.9477,0.709353
"Jul 30, 06:00 pm",78.0333,284.517,78.6226,0.280122
"Jul 30, 07:00 pm",39.8117,293.279,89.5222,0
"Jul 30, 08:00 pm",29.2487,302.939,100.47,0
"Jul 30, 09:00 pm",16.8316,314.098,109.799,0
"Jul 30, 10:00 pm",0,327.279,117.365,0
"Jul 30, 11:00 pm",0,342.652,122.431,0
"Jul 31, 12:00 am",0,359.577,124.29,0
"Jul 31, 01:00 am",0,16.5497,122.622,0
"Jul 31, 02:00 am",0,32.0367,117.715,0
"Jul 31, 03:00 am",0,45.345,110.266,0
"Jul 31, 04:00 am",0,56.6111,101.017,0
"Jul 31, 05:00 am",0,66.3511,90.0193,0
"Jul 31, 06:00 am",0,75.1658,79.2535,0.24448
"Jul 31, 07:00 am",0,83.6793,67.6062,0.660058
"Jul 31, 08:00 am",506.907,92.6368,55.7369,0.720806
"Jul 31, 09:00 am",534.931,103.188,43.9662,0.719154
"Jul 31, 10:00 am",535.764,117.607,32.8109,0.717515
"Jul 31, 11:00 am",534.881,140.916,23.5277,0.714579
"Jul 31, 12:00 pm",533.716,178.962,19.3122,0.713343
"Jul 31, 01:00 pm",535.25,217.575,23.1897,0.714489
"Jul 31, 02:00 pm",535.07,241.474,32.3329,0.717353
"Jul 31, 03:00 pm",533.592,256.159,43.445,0.719072
"Jul 31, 04:00 pm",524.92,266.82,55.2105,0.720705
"Jul 31, 05:00 pm",442.055,275.813,67.0951,0.704948
"Jul 31, 06:00 pm",84.4995,284.32,78.7766,0.272275
"Jul 31, 07:00 pm",39.921,293.097,89.6626,0
"Jul 31, 08:00 pm",29.3555,302.771,100.655,0
"Jul 31, 09:00 pm",16.8788,313.95,110.006,0
"Jul 31, 10:00 pm",0,327.165,117.593,0
"Jul 31, 11:00 pm",0,342.593,122.676,0
"Aug 1, 12:00 am",0,359.591,124.539,0
"Aug 1, 01:00 am",0,16.6359,122.861,0
"Aug 1, 02:00 am",0,32.1756,117.933,0
"Aug 1, 03:00 am",0,45.5151,110.459,0
"Aug 1, 04:00 am",0,56.7989,101.187,0
"Aug 1, 05:00 am",0,66.5515,90.144,0
"Aug 1, 06:00 am",0,75.3798,79.3883,0
"Aug 1, 07:00 am",0,83.9125,67.7334,0
"Aug 1, 08:00 am",0,92.899,55.863,0.720754
"Aug 1, 09:00 am",0,103.493,44.1007,0.719098
"Aug 1, 10:00 am",0,117.966,32.9695,0.717336
"Aug 1, 11:00 am",0,141.275,23.7341,0.714149
"Aug 1, 12:00 pm",357.596,179.016,19.5634,0.713069
"Aug 1, 01:00 pm",534.095,217.284,23.4139,0.714247
"Aug 1, 02:00 pm",535.044,241.149,32.5151,0.717179
"Aug 1, 03:00 pm",534.4,255.875,43.6048,0.719019
"Aug 1, 04:00 pm",526.048,266.574,55.3622,0.720656
"Aug 1, 05:00 pm",438.907,275.595,67.248,0.700389
"Aug 1, 06:00 pm",84.9112,284.121,78.9363,0.264244
"Aug 1, 07:00 pm",40.0249,292.912,89.8109,0
"Aug 1, 08:00 pm",29.3726,302.601,100.846,0
"Aug 1, 09:00 pm",16.8419,313.801,110.217,0
"Aug 1, 10:00 pm",0,327.051,117.826,0
"Aug 1, 11:00 pm",0,342.536,122.925,0
"Aug 2, 12:00 am",0,359.608,124.793,0
"Aug 2, 01:00 am",0,16.7267,123.104,0
"Aug 2, 02:00 am",0,32.3201,118.154,0
"Aug 2, 03:00 am",0,45.6909,110.654,0
"Aug 2, 04:00 am",0,56.9922,101.358,0
"Aug 2, 05:00 am",0,66.7572,90.8652,0
"Aug 2, 06:00 am",0,75.5992,79.5247,0.230236
"Aug 2, 07:00 am",0,84.1512,67.8627,0.655788
"Aug 2, 08:00 am",525.303,93.167,55.9911,0.720701
"Aug 2, 09:00 am",530.878,103.804,44.2373,0.719042
"Aug 2, 10:00 am",532.44,118.332,33.1308,0.717149
"Aug 2, 11:00 am",531.896,141.64,23.9443,0.71407
"Aug 2, 12:00 pm",534.612,179.077,19.8196,0.712783
"Aug 2, 01:00 pm",531.398,216.998,23.6443,0.713995
"Aug 2, 02:00 pm",531.167,240.823,32.7035,0.716999
"Aug 2, 03:00 pm",533.36,255.59,43.7703,0.718965
"Aug 2, 04:00 pm",521.047,266.326,55.5196,0.720606
"Aug 2, 05:00 pm",428.03,275.374,67.4063,0.695676
"Aug 2, 06:00 pm",77.2607,283.919,79.1014,0.256052
"Aug 2, 07:00 pm",39.7841,292.725,89.9638,0
"Aug 2, 08:00 pm",29.2583,302.43,101.043,0
"Aug 2, 09:00 pm",16.8615,313.65,110.434,0
"Aug 2, 10:00 pm",0,326.937,118.065,0
"Aug 2, 11:00 pm",0,342.48,123.18,0
"Aug 3, 12:00 am",0,359.629,125.052,0
"Aug 3, 01:00 am",0,16.8225,123.351,0
"Aug 3, 02:00 am",0,32.4701,118.377,0
"Aug 3, 03:00 am",0,45.8725,110.851,0
"Aug 3, 04:00 am",0,57.191,101.531,0
"Aug 3, 05:00 am",0,66.9683,91.018,0
"Aug 3, 06:00 am",0,75.8238,79.6624,0.223147
"Aug 3, 07:00 am",0,84.3953,67.9926,0.653631
"Aug 3, 08:00 am",525.431,93.4407,56.12,0.720646
"Aug 3, 09:00 am",535.236,104.122,44.3754,0.718981
"Aug 3, 10:00 am",531.423,118.704,33.2946,0.716953
"Aug 3, 11:00 am",531.046,142.01,24.1581,0.7138
"Aug 3, 12:00 pm",533.79,179.144,20.0805,0.712487
"Aug 3, 01:00 pm",533.896,216.716,23.8806,0.713734
"Aug 3, 02:00 pm",530.846,240.498,32.8979,0.716812
"Aug 3, 03:00 pm",533.349,255.302,43.9415,0.71891
"Aug 3, 04:00 pm",529.863,266.076,55.6821,0.720556
"Aug 3, 05:00 pm",436.531,275.151,67.5696,0.69081
"Aug 3, 06:00 pm",77.5165,283.715,79.2717,0.247719
"Aug 3, 07:00 pm",39.7378,292.537,90.1226,0
"Aug 3, 08:00 pm",29.2447,302.256,101.244,0
"Aug 3, 09:00 pm",16.836,313.498,110.657,0
"Aug 3, 10:00 pm",0,326.822,118.309,0
"Aug 3, 11:00 pm",0,342.424,123.441,0
"Aug 4, 12:00 am",0,359.653,125.316,0
"Aug 4, 01:00 am",0,16.923,123.602,0
"Aug 4, 02:00 am",0,32.6258,118.604,0
"Aug 4, 03:00 am",0,46.0596,111.05,0
"Aug 4, 04:00 am",0,57.3953,101.705,0
"Aug 4, 05:00 am",0,67.1846,91.1718,0
"Aug 4, 06:00 am",0,76.0535,79.8019,0.216069
"Aug 4, 07:00 am",0,84.6446,68.1239,0.65146
"Aug 4, 08:00 am",525.402,93.7199,56.2503,0.72059
"Aug 4, 09:00 am",534.152,104.445,44.5153,0.718921
"Aug 4, 10:00 am",530.932,119.082,33.4609,0.716749
"Aug 4, 11:00 am",530.798,142.385,24.3756,0.713519
"Aug 4, 12:00 pm",533.793,179.217,20.3461,0.712179
"Aug 4, 01:00 pm",530.641,216.439,24.1227,0.713463
"Aug 4, 02:00 pm",530.642,240.173,33.0981,0.716617
"Aug 4, 03:00 pm",531.06,255.013,44.1181,0.718854
"Aug 4, 04:00 pm",499.891,265.823,55.8499,0.720506
"Aug 4, 05:00 pm",400.302,274.926,67.738,0.685791
"Aug 4, 06:00 pm",57.4773,283.51,79.4471,0.239254
"Aug 4, 07:00 pm",39.7743,292.346,90.8546,0
"Aug 4, 08:00 pm",29.3287,302.081,101.45,0
"Aug 4, 09:00 pm",16.9474,313.345,110.884,0
"Aug 4, 10:00 pm",0,326.706,118.558,0
"Aug 4, 11:00 pm",0,342.371,123.706,0
"Aug 5, 12:00 am",0,359.68,125.584,0
"Aug 5, 01:00 am",0,17.0285,123.856,0
"Aug 5, 02:00 am",0,32.7871,118.834,0
"Aug 5, 03:00 am",0,46.2524,111.251,0
"Aug 5, 04:00 am",0,57.6049,101.88,0
"Aug 5, 05:00 am",0,67.4061,91.3266,0
"Aug 5, 06:00 am",0,76.2884,79.9412,0.20903
"Aug 5, 07:00 am",0,84.899,68.2554,0.649277
"Aug 5, 08:00 am",478.813,94.0045,56.3813,0.720533
"Aug 5, 09:00 am",531.172,104.775,44.6565,0.718859
"Aug 5, 10:00 am",532.577,119.467,33.6295,0.716535
"Aug 5, 11:00 am",532.793,142.765,24.5966,0.713226
"Aug 5, 12:00 pm",531.255,179.295,20.6162,0.711859
"Aug 5, 01:00 pm",531.464,216.168,24.3704,0.713182
"Aug 5, 02:00 pm",531.573,239.849,33.304,0.716416
"Aug 5, 03:00 pm",518.898,254.723,44.3,0.718797
"Aug 5, 04:00 pm",472.506,265.569,56.0225,0.720454
"Aug 5, 05:00 pm",353.199,274.698,67.9108,0.680619
"Aug 5, 06:00 pm",43.4261,283.302,79.626,0.230668
"Aug 5, 07:00 pm",38.1534,292.153,91.0481,0
"Aug 5, 08:00 pm",27.4657,301.904,101.661,0
"Aug 5, 09:00 pm",15.3907,313.191,111.116,0
"Aug 5, 10:00 pm",0,326.59,118.812,0
"Aug 5, 11:00 pm",0,342.318,123.976,0
"Aug 6, 12:00 am",0,359.71,125.857,0
"Aug 6, 01:00 am",0,17.1389,124.115,0
"Aug 6, 02:00 am",0,32.954,119.066,0
"Aug 6, 03:00 am",0,46.4509,111.454,0
"Aug 6, 04:00 am",0,57.8199,102.057,0
"Aug 6, 05:00 am",0,67.6327,91.4825,0
"Aug 6, 06:00 am",0,76.5283,80.0804,0.202034
"Aug 6, 07:00 am",0,85.1586,68.3876,0.64226
"Aug 6, 08:00 am",415.966,94.2944,56.5134,0.720475
"Aug 6, 09:00 am",485.539,105.11,44.7994,0.718795
"Aug 6, 10:00 am",503.651,119.856,33.8008,0.716313
"Aug 6, 11:00 am",504.82,143.149,24.8213,0.712922
"Aug 6, 12:00 pm",531.51,179.378,20.8909,0.711528
"Aug 6, 01:00 pm",531.878,215.901,24.6237,0.71289
"Aug 6, 02:00 pm",532.001,239.526,33.5157,0.716207
"Aug 6, 03:00 pm",484.451,254.432,44.4874,0.71874
"Aug 6, 04:00 pm",434.395,265.314,56.2003,0.720402
"Aug 6, 05:00 pm",306.379,274.469,68.0885,0.675295
"Aug 6, 06:00 pm",42.4233,283.092,79.8096,0.221969
"Aug 6, 07:00 pm",35.6748,291.959,91.2463,0
"Aug 6, 08:00 pm",24.5392,301.725,101.877,0
"Aug 6, 09:00 pm",12.8308,313.035,111.353,0
"Aug 6, 10:00 pm",0,326.474,119.071,0
"Aug 6, 11:00 pm",0,342.266,124.251,0
"Aug 7, 12:00 am",0,359.743,126.134,0
"Aug 7, 01:00 am",0,17.2541,124.377,0
"Aug 7, 02:00 am",0,33.1265,119.301,0
"Aug 7, 03:00 am",0,46.6548,111.659,0
"Aug 7, 04:00 am",0,58.0402,102.235,0
"Aug 7, 05:00 am",0,67.8643,91.6393,0
"Aug 7, 06:00 am",0,76.7731,80.2211,0.195085
"Aug 7, 07:00 am",0,85.4231,68.5209,0.657173
"Aug 7, 08:00 am",283.322,94.5895,56.6467,0.720416
"Aug 7, 09:00 am",425.142,105.45,44.944,0.71873
"Aug 7, 10:00 am",453.621,120.251,33.9745,0.71608
"Aug 7, 11:00 am",463.155,143.536,25.0496,0.712607
"Aug 7, 12:00 pm",453.42,179.467,21.1699,0.711184
"Aug 7, 01:00 pm",457.107,215.639,24.8826,0.712588
"Aug 7, 02:00 pm",454.905,239.203,33.7331,0.71599
"Aug 7, 03:00 pm",435.151,254.14,44.6801,0.718681
"Aug 7, 04:00 pm",390.292,265.056,56.3831,0.72035
"Aug 7, 05:00 pm",268.161,274.238,68.2712,0.66982
"Aug 7, 06:00 pm",42.0499,282.88,79.9982,0.21317
"Aug 7, 07:00 pm",34.6628,291.762,91.4492,0
"Aug 7, 08:00 pm",23.2307,301.545,102.098,0
"Aug 7, 09:00 pm",11.5306,312.878,111.595,0
"Aug 7, 10:00 pm",0,326.358,119.335,0
"Aug 7, 11:00 pm",0,342.216,124.531,0
"Aug 8, 12:00 am",0,359.78,126.416,0
"Aug 8, 01:00 am",0,17.3743,124.643,0
"Aug 8, 02:00 am",0,33.3047,119.538,0
"Aug 8, 03:00 am",0,46.8644,111.866,0
"Aug 8, 04:00 am",0,58.2658,102.414,0
"Aug 8, 05:00 am",0,68.1009,91.797,0
"Aug 8, 06:00 am",0,77.0227,80.3612,0.188187
"Aug 8, 07:00 am",0,85.6925,68.6545,0.63622
"Aug 8, 08:00 am",520.258,94.8896,56.7809,0.720354
"Aug 8, 09:00 am",534.358,105.796,45.0901,0.718664
"Aug 8, 10:00 am",533.328,120.651,34.1507,0.715838
"Aug 8, 11:00 am",532.628,143.927,25.2813,0.712279
"Aug 8, 12:00 pm",532.125,179.559,21.4533,0.710827
"Aug 8, 01:00 pm",531.985,215.383,25.1468,0.712276
"Aug 8, 02:00 pm",531.987,238.882,33.956,0.715766
"Aug 8, 03:00 pm",532.102,253.847,44.878,0.718622
"Aug 8, 04:00 pm",534.39,264.797,56.5707,0.720296
"Aug 8, 05:00 pm",442.752,274.006,68.4581,0.664193
"Aug 8, 06:00 pm",61.1242,282.667,80.1903,0.20428
"Aug 8, 07:00 pm",39.9202,291.564,91.6568,0
"Aug 8, 08:00 pm",29.4142,301.363,102.323,0
"Aug 8, 09:00 pm",16.9394,312.72,111.842,0
"Aug 8, 10:00 pm",0,326.241,119.603,0
"Aug 8, 11:00 pm",0,342.167,124.816,0
"Aug 9, 12:00 am",0,359.82,126.702,0
"Aug 9, 01:00 am",0,17.4995,124.912,0
"Aug 9, 02:00 am",0,33.4883,119.778,0
"Aug 9, 03:00 am",0,47.0794,112.074,0
"Aug 9, 04:00 am",0,58.4965,102.595,0
"Aug 9, 05:00 am",0,68.3424,91.9555,0
"Aug 9, 06:00 am",0,77.277,80.5025,0.181343
"Aug 9, 07:00 am",0,85.9666,68.7894,0.640429
"Aug 9, 08:00 am",526.572,95.1947,56.9166,0.720292
"Aug 9, 09:00 am",530.892,106.146,45.2381,0.718599
"Aug 9, 10:00 am",533.558,121.056,34.3296,0.715586
"Aug 9, 11:00 am",533.139,144.321,25.5168,0.711938
"Aug 9, 12:00 pm",534.451,179.656,21.7411,0.710458
"Aug 9, 01:00 pm",534.409,215.132,25.4164,0.711952
"Aug 9, 02:00 pm",534.358,238.563,34.1845,0.715534
"Aug 9, 03:00 pm",534.065,253.553,45.0813,0.718562
"Aug 9, 04:00 pm",514.205,264.537,56.7635,0.720243
"Aug 9, 05:00 pm",390.31,273.771,68.6503,0.658417
"Aug 9, 06:00 pm",43.9545,282.451,80.388,0.195311
"Aug 9, 07:00 pm",39.2107,291.364,91.8688,0
"Aug 9, 08:00 pm",28.6393,301.179,102.553,0
"Aug 9, 09:00 pm",16.3357,312.56,112.094,0
"Aug 9, 10:00 pm",0,326.124,119.877,0
"Aug 9, 11:00 pm",0,342.119,125.106,0
"Aug 10, 12:00 am",0,359.863,126.992,0
"Aug 10, 01:00 am",0,17.6296,125.184,0
"Aug 10, 02:00 am",0,33.6776,120.021,0
"Aug 10, 03:00 am",0,47.2998,112.284,0
"Aug 10, 04:00 am",0,58.7323,102.776,0
"Aug 10, 05:00 am",0,68.5887,92.1149,0
"Aug 10, 06:00 am",0,77.5361,80.6459,0.174556
"Aug 10, 07:00 am",0,86.2454,68.9254,0.630275
"Aug 10, 08:00 am",512.958,95.5045,57.0535,0.720229
"Aug 10, 09:00 am",536.408,106.502,45.388,0.718528
"Aug 10, 10:00 am",535.772,121.465,34.5112,0.715323
"Aug 10, 11:00 am",535.027,144.717,25.7558,0.711585
"Aug 10, 12:00 pm",534.135,179.757,22.0332,0.710075
"Aug 10, 01:00 pm",534.695,214.886,25.6913,0.711617
"Aug 10, 02:00 pm",534.067,238.245,34.4186,0.715293
"Aug 10, 03:00 pm",533.45,253.259,45.2898,0.718502
"Aug 10, 04:00 pm",516.069,264.275,56.9612,0.720188
"Aug 10, 05:00 pm",392.519,273.535,68.8471,0.652492
"Aug 10, 06:00 pm",43.7912,282.234,80.5901,0.186272
"Aug 10, 07:00 pm",39.0503,291.163,92.0854,0
"Aug 10, 08:00 pm",28.6524,300.994,102.787,0
"Aug 10, 09:00 pm",16.5867,312.399,112.35,0
"Aug 10, 10:00 pm",0,326.006,120.155,0
"Aug 10, 11:00 pm",0,342.072,125.4,0
"Aug 11, 12:00 am",0,359.909,127.287,0
"Aug 11, 01:00 am",0,17.7646,125.46,0
"Aug 11, 02:00 am",0,33.8724,120.265,0
"Aug 11, 03:00 am",0,47.5257,112.496,0
"Aug 11, 04:00 am",0,58.9732,102.959,0
"Aug 11, 05:00 am",0,68.8397,92.2751,0
"Aug 11, 06:00 am",0,77.7997,80.7895,0.16783
"Aug 11, 07:00 am",0,86.5288,69.0622,0.627285
"Aug 11, 08:00 am",489.343,95.819,57.1916,0.720165
"Aug 11, 09:00 am",534.923,106.862,45.5396,0.718458
"Aug 11, 10:00 am",535.259,121.879,34.6954,0.71505
"Aug 11, 11:00 am",534.801,145.116,25.9985,0.711219
"Aug 11, 12:00 pm",533.776,179.862,22.3294,0.709679
"Aug 11, 01:00 pm",533.512,214.646,25.9713,0.711271
"Aug 11, 02:00 pm",533.923,237.928,34.6581,0.715045
"Aug 11, 03:00 pm",532.038,252.965,45.5035,0.71844
"Aug 11, 04:00 pm",497.673,264.012,57.1638,0.720133
"Aug 11, 05:00 pm",370.542,273.298,69.0486,0.646419
"Aug 11, 06:00 pm",43.3254,282.016,80.797,0.177176
"Aug 11, 07:00 pm",37.7578,290.959,92.3064,0
"Aug 11, 08:00 pm",27.033,300.807,103.026,0
"Aug 11, 09:00 pm",15.0788,312.237,112.61,0
"Aug 11, 10:00 pm",0,325.888,120.438,0
"Aug 11, 11:00 pm",0,342.026,125.698,0
"Aug 12, 12:00 am",0,359.959,127.585,0
"Aug 12, 01:00 am",0,17.9046,125.739,0
"Aug 12, 02:00 am",0,34.0728,120.512,0
"Aug 12, 03:00 am",0,47.757,112.709,0
"Aug 12, 04:00 am",0,59.219,103.142,0
"Aug 12, 05:00 am",0,69.0954,92.4361,0
"Aug 12, 06:00 am",0,78.0677,80.9339,0.161167
"Aug 12, 07:00 am",0,86.8166,69.2,0.624436
"Aug 12, 08:00 am",483.257,96.1381,57.331,0.720099
"Aug 12, 09:00 am",535.396,107.227,45.6931,0.718387
"Aug 12, 10:00 am",534.106,122.296,34.8824,0.714766
"Aug 12, 11:00 am",533.756,145.517,26.2447,0.71084
"Aug 12, 12:00 pm",533.418,179.97,22.6297,0.70927
"Aug 12, 01:00 pm",533.457,214.41,26.2564,0.710913
"Aug 12, 02:00 pm",533.781,237.614,34.9028,0.714788
"Aug 12, 03:00 pm",530.033,252.67,45.7223,0.718378
"Aug 12, 04:00 pm",492.055,263.748,57.3711,0.720078
"Aug 12, 05:00 pm",354.081,273.059,69.2546,0.640199
"Aug 12, 06:00 pm",42.7989,281.795,81.008,0.168034
"Aug 12, 07:00 pm",36.4453,290.754,92.5316,0
"Aug 12, 08:00 pm",25.3501,300.618,103.269,0
"Aug 12, 09:00 pm",13.4626,312.074,112.875,0
"Aug 12, 10:00 pm",0,325.769,120.726,0
"Aug 12, 11:00 pm",0,341.982,126.001,0
"Aug 13, 12:00 am",0,0.0123958,127.888,0
"Aug 13, 01:00 am",0,18.0496,126.021,0
"Aug 13, 02:00 am",0,34.2786,120.761,0
"Aug 13, 03:00 am",0,47.9935,112.924,0
"Aug 13, 04:00 am",0,59.4698,103.327,0
"Aug 13, 05:00 am",0,69.3557,92.5978,0
"Aug 13, 06:00 am",0,78.3402,81.0794,0.15457
"Aug 13, 07:00 am",0,87.1087,69.3388,0.621425
"Aug 13, 08:00 am",454.606,96.4615,57.4717,0.720032
"Aug 13, 09:00 am",508.764,107.596,45.8485,0.718314
"Aug 13, 10:00 am",519.497,122.717,35.0721,0.714471
"Aug 13, 11:00 am",518.156,145.92,26.4945,0.710447
"Aug 13, 12:00 pm",532.097,180.081,22.934,0.708846
"Aug 13, 01:00 pm",532.151,214.18,26.5464,0.710543
"Aug 13, 02:00 pm",532.269,237.301,35.1528,0.714522
"Aug 13, 03:00 pm",503.956,252.375,45.946,0.718315
"Aug 13, 04:00 pm",459.536,263.483,57.5831,0.720022
"Aug 13, 05:00 pm",319.221,272.819,69.465,0.633833
"Aug 13, 06:00 pm",42.1265,281.574,81.2231,0.158856
"Aug 13, 07:00 pm",34.7956,290.548,92.7611,0
"Aug 13, 08:00 pm",23.3897,300.428,103.516,0
"Aug 13, 09:00 pm",11.7366,311.909,113.144,0
"Aug 13, 10:00 pm",0,325.65,121.017,0
"Aug 13, 11:00 pm",0,341.938,126.309,0
"Aug 14, 12:00 am",0,0.0688587,128.194,0
"Aug 14, 01:00 am",0,18.1996,126.306,0
"Aug 14, 02:00 am",0,34.49,121.013,0
"Aug 14, 03:00 am",0,48.2354,113.139,0
"Aug 14, 04:00 am",0,59.7254,103.512,0
"Aug 14, 05:00 am",0,69.6205,92.7602,0
"Aug 14, 06:00 am",0,78.6169,81.2253,0.148041
"Aug 14, 07:00 am",0,87.4051,69.4783,0.617401
"Aug 14, 08:00 am",368.465,96.7892,57.6135,0.719965
"Aug 14, 09:00 am",464.465,107.97,46.0055,0.71824
"Aug 14, 10:00 am",482.352,123.142,35.2643,0.714164
"Aug 14, 11:00 am",481.203,146.324,26.7478,0.71004
"Aug 14, 12:00 pm",504.967,180.195,23.2422,0.708408
"Aug 14, 01:00 pm",508.555,213.955,26.8411,0.710161
"Aug 14, 02:00 pm",508.141,236.991,35.4079,0.714248
"Aug 14, 03:00 pm",491.04,252.081,46.1746,0.718251
"Aug 14, 04:00 pm",446.313,263.218,57.7996,0.719965
"Aug 14, 05:00 pm",296.767,272.577,69.6796,0.627323
"Aug 14, 06:00 pm",41.7135,281.35,81.442,0.149654
"Aug 14, 07:00 pm",33.7431,290.34,92.9947,0
"Aug 14, 08:00 pm",22.0861,300.236,103.768,0
"Aug 14, 09:00 pm",10.5028,311.743,113.418,0
"Aug 14, 10:00 pm",0,325.53,121.313,0
"Aug 14, 11:00 pm",0,341.896,126.62,0
"Aug 15, 12:00 am",0,0.128658,128.504,0
"Aug 15, 01:00 am",0,18.3546,126.594,0
"Aug 15, 02:00 am",0,34.7069,121.266,0
"Aug 15, 03:00 am",0,48.4825,113.356,0
"Aug 15, 04:00 am",0,59.9858,103.699,0
"Aug 15, 05:00 am",0,69.8897,92.9233,0
"Aug 15, 06:00 am",0,78.8979,81.3712,0.141582
"Aug 15, 07:00 am",0,87.7056,69.6185,0.621564
"Aug 15, 08:00 am",296.796,97.121,57.7565,0.719896
"Aug 15, 09:00 am",444.855,108.347,46.1645,0.718165
"Aug 15, 10:00 am",471.559,123.57,35.4594,0.713845
"Aug 15, 11:00 am",480.735,146.729,27.0046,0.709619
"Aug 15, 12:00 pm",508.261,180.312,23.5543,0.707955
"Aug 15, 01:00 pm",514.461,213.735,27.1406,0.709766
"Aug 15, 02:00 pm",516.122,236.683,35.668,0.713964
"Aug 15, 03:00 pm",509.17,251.786,46.408,0.718187
"Aug 15, 04:00 pm",467.822,262.951,58.0207,0.719908
"Aug 15, 05:00 pm",313.007,272.334,69.8986,0.620671
"Aug 15, 06:00 pm",41.7029,281.125,81.665,0.14044
"Aug 15, 07:00 pm",33.795,290.13,93.2323,0
"Aug 15, 08:00 pm",22.1907,300.043,104.023,0
"Aug 15, 09:00 pm",10.6082,311.576,113.696,0
"Aug 15, 10:00 pm",0,325.41,121.614,0
"Aug 15, 11:00 pm",0,341.855,126.936,0
"Aug 16, 12:00 am",0,0.191811,128.818,0
"Aug 16, 01:00 am",0,18.5146,126.884,0
"Aug 16, 02:00 am",0,34.9293,121.521,0
"Aug 16, 03:00 am",0,48.7347,113.575,0
"Aug 16, 04:00 am",0,60.2509,103.886,0
"Aug 16, 05:00 am",0,70.1632,93.0869,0
"Aug 16, 06:00 am",0,79.183,81.5174,0.135196
"Aug 16, 07:00 am",0,88.0101,69.7595,0.609841
"Aug 16, 08:00 am",429.362,97.4569,57.9009,0.719826
"Aug 16, 09:00 am",520.145,108.729,46.3255,0.718088
"Aug 16, 10:00 am",532.732,124,35.6572,0.713515
"Aug 16, 11:00 am",532.726,147.134,27.2649,0.709184
"Aug 16, 12:00 pm",532.995,180.431,23.8702,0.707487
"Aug 16, 01:00 pm",531.76,213.52,27.4447,0.709359
"Aug 16, 02:00 pm",532.511,236.377,35.9331,0.713672
"Aug 16, 03:00 pm",532.641,251.492,46.6463,0.718121
"Aug 16, 04:00 pm",493.651,262.684,58.2463,0.719851
"Aug 16, 05:00 pm",337.046,272.09,70.1218,0.613876
"Aug 16, 06:00 pm",42.06,280.899,81.8918,0.131225
"Aug 16, 07:00 pm",34.6978,289.919,93.474,0
"Aug 16, 08:00 pm",23.3479,299.849,104.283,0
"Aug 16, 09:00 pm",11.776,311.407,113.977,0
"Aug 16, 10:00 pm",0,325.289,121.918,0
"Aug 16, 11:00 pm",0,341.815,127.256,0
"Aug 17, 12:00 am",0,0.258334,129.135,0
"Aug 17, 01:00 am",0,18.6797,127.178,0
"Aug 17, 02:00 am",0,35.1571,121.778,0
"Aug 17, 03:00 am",0,48.9921,113.794,0
"Aug 17, 04:00 am",0,60.5206,104.074,0
"Aug 17, 05:00 am",0,70.441,93.2512,0
"Aug 17, 06:00 am",0,79.472,81.6656,0.128883
"Aug 17, 07:00 am",0,88.3186,69.9018,0.609292
"Aug 17, 08:00 am",471.54,97.7966,58.0466,0.719754
"Aug 17, 09:00 am",531.55,109.114,46.4883,0.718011
"Aug 17, 10:00 am",532.444,124.434,35.8577,0.713172
"Aug 17, 11:00 am",531.905,147.541,27.5286,0.708733
"Aug 17, 12:00 pm",525.945,180.553,24.1898,0.707004
"Aug 17, 01:00 pm",528.679,213.31,27.7533,0.708938
"Aug 17, 02:00 pm",530.657,236.074,36.2031,0.71337
"Aug 17, 03:00 pm",519.956,251.198,46.8891,0.718055
"Aug 17, 04:00 pm",479.655,262.416,58.4763,0.719793
"Aug 17, 05:00 pm",318.885,271.845,70.3491,0.606942
"Aug 17, 06:00 pm",41.6444,280.672,82.1228,0.122021
"Aug 17, 07:00 pm",33.6609,289.706,93.7195,0
"Aug 17, 08:00 pm",22.034,299.653,104.546,0
"Aug 17, 09:00 pm",10.519,311.238,114.263,0
"Aug 17, 10:00 pm",0,325.168,122.226,0
"Aug 17, 11:00 pm",0,341.776,127.579,0
"Aug 18, 12:00 am",0,0.32825,129.456,0
"Aug 18, 01:00 am",0,18.8498,127.474,0
"Aug 18, 02:00 am",0,35.3904,122.036,0
"Aug 18, 03:00 am",0,49.2546,114.015,0
"Aug 18, 04:00 am",0,60.795,104.262,0
"Aug 18, 05:00 am",0,70.7229,93.416,0
"Aug 18, 06:00 am",0,79.765,81.8133,0.122646
"Aug 18, 07:00 am",0,88.6308,70.0445,0.601951
"Aug 18, 08:00 am",449.712,98.14,58.1933,0.719682
"Aug 18, 09:00 am",511.611,109.502,46.6529,0.717831
"Aug 18, 10:00 am",520.856,124.87,36.061,0.712816
"Aug 18, 11:00 am",519.096,147.947,27.7957,0.708267
"Aug 18, 12:00 pm",498.787,180.677,24.513,0.706506
"Aug 18, 01:00 pm",501.085,213.105,28.0662,0.708505
"Aug 18, 02:00 pm",500.626,235.773,36.4778,0.713059
"Aug 18, 03:00 pm",496.125,250.904,47.1367,0.717987
"Aug 18, 04:00 pm",453.044,262.147,58.7106,0.719734
"Aug 18, 05:00 pm",291.736,271.598,70.5807,0.59987
"Aug 18, 06:00 pm",41.3344,280.443,82.3579,0.112838
"Aug 18, 07:00 pm",32.8963,289.492,93.9688,0
"Aug 18, 08:00 pm",21.1389,299.455,104.813,0
"Aug 18, 09:00 pm",9.74833,311.067,114.552,0
"Aug 18, 10:00 pm",0,325.046,122.539,0
"Aug 18, 11:00 pm",0,341.739,127.907,0
"Aug 19, 12:00 am",0,0.401583,129.78,0
"Aug 19, 01:00 am",0,19.025,127.773,0
"Aug 19, 02:00 am",0,35.6292,122.297,0
"Aug 19, 03:00 am",0,49.5222,114.236,0
"Aug 19, 04:00 am",0,61.0739,104.451,0
"Aug 19, 05:00 am",0,71.009,93.5813,0
"Aug 19, 06:00 am",0,80.0619,81.9624,0.116487
"Aug 19, 07:00 am",0,88.9467,70.1884,0.598135
"Aug 19, 08:00 am",472.385,98.487,58.3416,0.719609
"Aug 19, 09:00 am",528.831,109.894,46.8196,0.717608
"Aug 19, 10:00 am",534.336,125.308,36.267,0.712448
"Aug 19, 11:00 am",531.248,148.353,28.0662,0.707786
"Aug 19, 12:00 pm",519.808,180.802,24.8397,0.706003
"Aug 19, 01:00 pm",524.536,212.905,28.3835,0.708058
"Aug 19, 02:00 pm",527.632,235.475,36.7572,0.712739
"Aug 19, 03:00 pm",524.821,250.611,47.3887,0.717804
"Aug 19, 04:00 pm",488.366,261.878,58.9491,0.719675
"Aug 19, 05:00 pm",322.647,271.351,70.8159,0.592663
"Aug 19, 06:00 pm",41.4814,280.213,82.5957,0.103688
"Aug 19, 07:00 pm",33.2794,289.276,94.2218,0
"Aug 19, 08:00 pm",21.5845,299.256,105.084,0
"Aug 19, 09:00 pm",10.1294,310.894,114.845,0
"Aug 19, 10:00 pm",0,324.924,122.855,0
"Aug 19, 11:00 pm",0,341.702,128.238,0
"Aug 20, 12:00 am",0,0.478358,130.108,0
"Aug 20, 01:00 am",0,19.2053,128.074,0
"Aug 20, 02:00 am",0,35.8734,122.558,0
"Aug 20, 03:00 am",0,49.7948,114.458,0
"Aug 20, 04:00 am",0,61.3572,104.641,0
"Aug 20, 05:00 am",0,71.299,93.7471,0
"Aug 20, 06:00 am",0,80.3624,82.1109,0.110405
"Aug 20, 07:00 am",0,89.2663,70.3327,0.594604
"Aug 20, 08:00 am",422.726,98.8376,58.4909,0.719535
"Aug 20, 09:00 am",492.731,110.289,46.988,0.717374
"Aug 20, 10:00 am",495.545,125.748,36.4756,0.712066
"Aug 20, 11:00 am",489.492,148.76,28.3399,0.707289
"Aug 20, 12:00 pm",490.471,180.929,25.1698,0.705546
"Aug 20, 01:00 pm",490.369,212.71,28.7049,0.707597
"Aug 20, 02:00 pm",489.424,235.179,37.0411,0.712409
"Aug 20, 03:00 pm",466.734,250.319,47.6451,0.717614
"Aug 20, 04:00 pm",421.513,261.609,59.1917,0.719616
"Aug 20, 05:00 pm",251.477,271.103,71.055,0.585321
"Aug 20, 06:00 pm",40.5931,279.982,82.8373,0.0945838
"Aug 20, 07:00 pm",31.2768,289.059,94.4785,0
"Aug 20, 08:00 pm",19.2295,299.055,105.359,0
"Aug 20, 09:00 pm",0,310.721,115.142,0
"Aug 20, 10:00 pm",0,324.801,123.175,0
"Aug 20, 11:00 pm",0,341.667,128.574,0
"Aug 21, 12:00 am",0,0.558602,130.439,0
"Aug 21, 01:00 am",0,19.3907,128.377,0
"Aug 21, 02:00 am",0,36.123,122.821,0
"Aug 21, 03:00 am",0,50.0723,114.681,0
"Aug 21, 04:00 am",0,61.6449,104.831,0
"Aug 21, 05:00 am",0,71.593,93.9133,0
"Aug 21, 06:00 am",0,80.6666,82.2602,0.104403
"Aug 21, 07:00 am",0,89.5893,70.4779,0.594253
"Aug 21, 08:00 am",0,99.1915,58.6414,0.71946
"Aug 21, 09:00 am",470.696,110.687,47.1583,0.717131
"Aug 21, 10:00 am",486.692,126.19,36.687,0.711671
"Aug 21, 11:00 am",490.356,149.165,28.6169,0.706775
"Aug 21, 12:00 pm",498.758,181.058,25.5034,0.705072
"Aug 21, 01:00 pm",504.245,212.519,29.0303,0.707123
"Aug 21, 02:00 pm",510.084,234.887,37.3295,0.712069
"Aug 21, 03:00 pm",490.977,250.028,47.9058,0.717418
"Aug 21, 04:00 pm",446.578,261.339,59.4383,0.719556
"Aug 21, 05:00 pm",271.124,270.855,71.298,0.577847
"Aug 21, 06:00 pm",39.7884,279.749,83.082,0
"Aug 21, 07:00 pm",29.0064,288.841,94.7387,0
"Aug 21, 08:00 pm",16.42,298.853,105.637,0
"Aug 21, 09:00 pm",0,310.546,115.443,0
"Aug 21, 10:00 pm",0,324.678,123.499,0
"Aug 21, 11:00 pm",0,341.632,128.912,0
"Aug 22, 12:00 am",0,0.642342,130.773,0
"Aug 22, 01:00 am",0,19.5813,128.683,0
"Aug 22, 02:00 am",0,36.378,123.086,0
"Aug 22, 03:00 am",0,50.3548,114.905,0
"Aug 22, 04:00 am",0,61.9369,105.022,0
"Aug 22, 05:00 am",0,71.8909,94.0798,0
"Aug 22, 06:00 am",0,80.9744,82.41,0.0984807
"Aug 22, 07:00 am",0,89.9157,70.6239,0.586935
"Aug 22, 08:00 am",399.668,99.5486,58.7933,0.719383
"Aug 22, 09:00 am",498.337,111.088,47.3307,0.716877
"Aug 22, 10:00 am",508.752,126.634,36.9011,0.711262
"Aug 22, 11:00 am",506.383,149.57,28.8972,0.706245
"Aug 22, 12:00 pm",514.575,181.188,25.8402,0.704583
"Aug 22, 01:00 pm",517.192,212.334,29.3597,0.706634
"Aug 22, 02:00 pm",521.977,234.597,37.6224,0.711719
"Aug 22, 03:00 pm",497.897,249.738,48.1709,0.717216
"Aug 22, 04:00 pm",458.147,261.07,59.6892,0.719495
"Aug 22, 05:00 pm",281.227,270.605,71.5449,0.570244
"Aug 22, 06:00 pm",39.7778,279.516,83.3306,0
"Aug 22, 07:00 pm",29.0061,288.621,95.0023,0
"Aug 22, 08:00 pm",16.4095,298.65,105.918,0
"Aug 22, 09:00 pm",0,310.37,115.747,0
"Aug 22, 10:00 pm",0,324.554,123.826,0
"Aug 22, 11:00 pm",0,341.599,129.254,0
"Aug 23, 12:00 am",0,0.729605,131.11,0
"Aug 23, 01:00 am",0,19.7771,128.99,0
"Aug 23, 02:00 am",0,36.6385,123.351,0
"Aug 23, 03:00 am",0,50.6421,115.129,0
"Aug 23, 04:00 am",0,62.2331,105.213,0
"Aug 23, 05:00 am",0,72.1925,94.2467,0
"Aug 23, 06:00 am",0,81.2857,82.5604,0.0926395
"Aug 23, 07:00 am",0,90.2454,70.7708,0.583001
"Aug 23, 08:00 am",389.013,99.9088,58.9465,0.719306
"Aug 23, 09:00 am",482.678,111.492,47.505,0.716613
"Aug 23, 10:00 am",489.531,127.079,37.1179,0.71084
"Aug 23, 11:00 am",484.418,149.974,29.1807,0.705751
"Aug 23, 12:00 pm",475.857,181.319,26.1802,0.704078
"Aug 23, 01:00 pm",473.435,212.153,29.6931,0.706131
"Aug 23, 02:00 pm",469.064,234.31,37.9195,0.711359
"Aug 23, 03:00 pm",453.485,249.448,48.4402,0.717007
"Aug 23, 04:00 pm",407.83,260.8,59.9439,0.719435
"Aug 23, 05:00 pm",225.63,270.355,71.7954,0.562513
"Aug 23, 06:00 pm",39.7109,279.282,83.5823,0
"Aug 23, 07:00 pm",28.8957,288.4,95.2694,0
"Aug 23, 08:00 pm",16.2918,298.445,106.203,0
"Aug 23, 09:00 pm",0,310.193,116.054,0
"Aug 23, 10:00 pm",0,324.43,124.156,0
"Aug 23, 11:00 pm",0,341.567,129.6,0
"Aug 24, 12:00 am",0,0.820418,131.449,0
"Aug 24, 01:00 am",0,19.9781,129.3,0
"Aug 24, 02:00 am",0,36.9043,123.618,0
"Aug 24, 03:00 am",0,50.9342,115.354,0
"Aug 24, 04:00 am",0,62.5335,105.404,0
"Aug 24, 05:00 am",0,72.4978,94.4138,0
"Aug 24, 06:00 am",0,81.6003,82.711,0
"Aug 24, 07:00 am",0,90.5782,70.9183,0.580249
"Aug 24, 08:00 am",0,100.272,59.1008,0.719228
"Aug 24, 09:00 am",398.238,111.898,47.681,0.716338
"Aug 24, 10:00 am",417.817,127.525,37.3373,0.710402
"Aug 24, 11:00 am",419.914,150.377,29.4673,0.705263
"Aug 24, 12:00 pm",426.057,181.451,26.5233,0.703556
"Aug 24, 01:00 pm",429.677,211.977,30.03,0.705678
"Aug 24, 02:00 pm",431.141,234.027,38.2207,0.710989
"Aug 24, 03:00 pm",418.649,249.16,48.7135,0.716791
"Aug 24, 04:00 pm",377.021,260.53,60.2023,0.719373
"Aug 24, 05:00 pm",202.558,270.104,72.0493,0.554657
"Aug 24, 06:00 pm",39.8179,279.046,83.8365,0
"Aug 24, 07:00 pm",29.0937,288.178,95.5397,0
"Aug 24, 08:00 pm",16.5528,298.239,106.491,0
"Aug 24, 09:00 pm",0,310.014,116.364,0
"Aug 24, 10:00 pm",0,324.305,124.49,0
"Aug 24, 11:00 pm",0,341.536,129.949,0
"Aug 25, 12:00 am",0,0.914802,131.792,0
"Aug 25, 01:00 am",0,20.1843,129.612,0
"Aug 25, 02:00 am",0,37.1754,123.886,0
"Aug 25, 03:00 am",0,51.2311,115.58,0
"Aug 25, 04:00 am",0,62.838,105.595,0
"Aug 25, 05:00 am",0,72.8066,94.5812,0
"Aug 25, 06:00 am",0,81.9181,82.862,0
"Aug 25, 07:00 am",0,90.9141,71.0666,0.575513
"Aug 25, 08:00 am",0,100.638,59.2564,0.719145
"Aug 25, 09:00 am",0,112.306,47.859,0.716052
"Aug 25, 10:00 am",0,127.972,37.5594,0.709845
"Aug 25, 11:00 am",71.0387,150.779,29.7568,0.704759
"Aug 25, 12:00 pm",407.852,181.585,26.8693,0.703018
"Aug 25, 01:00 pm",258.132,211.805,30.3705,0.705218
"Aug 25, 02:00 pm",237.146,233.746,38.5259,0.710608
"Aug 25, 03:00 pm",138.994,248.873,48.9906,0.716569
"Aug 25, 04:00 pm",322.532,260.261,60.4643,0.719312
"Aug 25, 05:00 pm",41.7,269.853,72.3062,0.546629
"Aug 25, 06:00 pm",33.4051,278.81,84.093,0
"Aug 25, 07:00 pm",21.8895,287.955,95.8132,0
"Aug 25, 08:00 pm",10.5401,298.032,106.782,0
"Aug 25, 09:00 pm",0,309.834,116.678,0
"Aug 25, 10:00 pm",0,324.179,124.827,0
"Aug 25, 11:00 pm",0,341.506,130.301,0
"Aug 26, 12:00 am",0,1.01278,132.137,0
"Aug 26, 01:00 am",0,20.3957,129.925,0
"Aug 26, 02:00 am",0,37.452,124.155,0
"Aug 26, 03:00 am",0,51.5326,115.806,0
"Aug 26, 04:00 am",0,63.1465,105.787,0
"Aug 26, 05:00 am",0,73.119,94.7488,0
"Aug 26, 06:00 am",0,82.2391,83.0136,0
"Aug 26, 07:00 am",0,91.2529,71.2158,0.570769
"Aug 26, 08:00 am",0,101.007,59.4132,0.719065
"Aug 26, 09:00 am",0,112.716,48.0389,0.715755
"Aug 26, 10:00 am",0,128.419,37.7841,0.709483
"Aug 26, 11:00 am",0,151.179,30.0495,0.704095
"Aug 26, 12:00 pm",25.2892,181.719,27.2184,0.702462
"Aug 26, 01:00 pm",28.2474,211.638,30.7146,0.704573
"Aug 26, 02:00 pm",28.1273,233.469,38.8351,0.710217
"Aug 26, 03:00 pm",28.0928,248.587,49.2718,0.71634
"Aug 26, 04:00 pm",27.4055,259.992,60.7301,0.719251
"Aug 26, 05:00 pm",23.7276,269.601,72.567,0.538448
"Aug 26, 06:00 pm",16.5282,278.573,84.3532,0
"Aug 26, 07:00 pm",0,287.731,96.0897,0
"Aug 26, 08:00 pm",0,297.823,107.076,0
"Aug 26, 09:00 pm",0,309.653,116.995,0
"Aug 26, 10:00 pm",0,324.053,125.168,0
"Aug 26, 11:00 pm",0,341.478,130.656,0
"Aug 27, 12:00 am",0,1.11436,132.485,0
"Aug 27, 01:00 am",0,20.6124,130.24,0
"Aug 27, 02:00 am",0,37.7338,124.424,0
"Aug 27, 03:00 am",0,51.8388,116.032,0
"Aug 27, 04:00 am",0,63.4589,105.979,0
"Aug 27, 05:00 am",0,73.4348,94.9165,0
"Aug 27, 06:00 am",0,82.5632,83.1654,0
"Aug 27, 07:00 am",0,91.5946,71.3658,0.566016
"Aug 27, 08:00 am",0,101.378,59.5716,0.718984
"Aug 27, 09:00 am",0,113.129,48.221,0.715434
"Aug 27, 10:00 am",42.7112,128.868,38.0116,0.709001
"Aug 27, 11:00 am",248.375,151.578,30.3452,0.7037
"Aug 27, 12:00 pm",41.0402,181.853,27.5703,0.701889
"Aug 27, 01:00 pm",88.5538,211.475,31.0621,0.704095
"Aug 27, 02:00 pm",176.555,233.194,39.1482,0.709816
"Aug 27, 03:00 pm",387.541,248.303,49.5568,0.716104
"Aug 27, 04:00 pm",372.362,259.722,60.9994,0.719187
"Aug 27, 05:00 pm",41.9794,269.349,72.8307,0.530152
"Aug 27, 06:00 pm",34.306,278.335,84.6146,0
"Aug 27, 07:00 pm",22.243,287.505,96.3692,0
"Aug 27, 08:00 pm",10.5415,297.613,107.373,0
"Aug 27, 09:00 pm",0,309.47,117.314,0
"Aug 27, 10:00 pm",0,323.926,125.511,0
"Aug 27, 11:00 pm",0,341.45,131.014,0
"Aug 28, 12:00 am",0,1.21956,132.836,0
"Aug 28, 01:00 am",0,20.8343,130.557,0
"Aug 28, 02:00 am",0,38.0209,124.695,0
"Aug 28, 03:00 am",0,52.1496,116.258,0
"Aug 28, 04:00 am",0,63.7752,106.17,0
"Aug 28, 05:00 am",0,73.7539,95.0844,0
"Aug 28, 06:00 am",0,82.8903,83.3155,0
"Aug 28, 07:00 am",0,91.9389,71.5155,0.561256
"Aug 28, 08:00 am",0,101.752,59.7305,0.718904
"Aug 28, 09:00 am",517.817,113.543,48.4044,0.715127
"Aug 28, 10:00 am",523.478,129.316,38.2414,0.708503
"Aug 28, 11:00 am",518.601,151.974,30.6437,0.703144
"Aug 28, 12:00 pm",502.574,181.988,27.9249,0.701298
"Aug 28, 01:00 pm",509.99,211.316,31.4128,0.703754
"Aug 28, 02:00 pm",516.515,232.923,39.4649,0.709404
"Aug 28, 03:00 pm",514.273,248.02,49.8454,0.715862
"Aug 28, 04:00 pm",192.483,259.454,61.2722,0.719125
"Aug 28, 05:00 pm",265.844,269.097,73.0977,0.521745
"Aug 28, 06:00 pm",39.9903,278.096,84.8791,0
"Aug 28, 07:00 pm",29.0183,287.279,96.6516,0
"Aug 28, 08:00 pm",16.274,297.402,107.673,0
"Aug 28, 09:00 pm",0,309.287,117.637,0
"Aug 28, 10:00 pm",0,323.798,125.857,0
"Aug 28, 11:00 pm",0,341.423,131.375,0
"Aug 29, 12:00 am",0,1.32839,133.189,0
"Aug 29, 01:00 am",0,21.0614,130.875,0
"Aug 29, 02:00 am",0,38.3132,124.966,0
"Aug 29, 03:00 am",0,52.4648,116.485,0
"Aug 29, 04:00 am",0,64.0952,106.362,0
"Aug 29, 05:00 am",0,74.0762,95.2524,0
"Aug 29, 06:00 am",0,83.2202,83.4672,0
"Aug 29, 07:00 am",0,92.2858,71.6666,0.556487
"Aug 29, 08:00 am",0,102.127,59.8909,0.718821
"Aug 29, 09:00 am",506.484,113.959,48.59,0.714795
"Aug 29, 10:00 am",502.094,129.765,38.474,0.707989
"Aug 29, 11:00 am",42.3419,152.369,30.9451,0.70257
"Aug 29, 12:00 pm",38.9488,182.123,28.2822,0.700689
"Aug 29, 01:00 pm",85.0172,211.162,31.7667,0.703237
"Aug 29, 02:00 pm",41.1759,232.655,39.7853,0.708981
"Aug 29, 03:00 pm",40.8136,247.739,50.1377,0.715612
"Aug 29, 04:00 pm",371.86,259.185,61.5486,0.719062
"Aug 29, 05:00 pm",179.07,268.844,73.3683,0.513229
"Aug 29, 06:00 pm",40.0424,277.857,85.1474,0
"Aug 29, 07:00 pm",28.7192,287.051,96.9368,0
"Aug 29, 08:00 pm",16.1244,297.189,107.975,0
"Aug 29, 09:00 pm",0,309.101,117.962,0
"Aug 29, 10:00 pm",0,323.669,126.207,0
"Aug 29, 11:00 pm",0,341.398,131.739,0
"Aug 30, 12:00 am",0,1.44083,133.544,0
"Aug 30, 01:00 am",0,21.2939,131.195,0
"Aug 30, 02:00 am",0,38.6107,125.237,0
"Aug 30, 03:00 am",0,52.7845,116.711,0
"Aug 30, 04:00 am",0,64.4189,106.554,0
"Aug 30, 05:00 am",0,74.4016,95.4206,0
"Aug 30, 06:00 am",0,83.5528,83.619,0
"Aug 30, 07:00 am",0,92.6352,71.8184,0.551709
"Aug 30, 08:00 am",0,102.505,60.0528,0.718737
"Aug 30, 09:00 am",479.924,114.376,48.7777,0.714451
"Aug 30, 10:00 am",487.99,130.213,38.7092,0.707459
"Aug 30, 11:00 am",484.005,152.761,31.2494,0.701977
"Aug 30, 12:00 pm",499.631,182.259,28.6421,0.700061
"Aug 30, 01:00 pm",505.573,211.011,32.1237,0.702704
"Aug 30, 02:00 pm",513.275,232.39,40.1094,0.708548
"Aug 30, 03:00 pm",498.29,247.459,50.4338,0.715356
"Aug 30, 04:00 pm",455.476,258.917,61.8286,0.718998
"Aug 30, 05:00 pm",237.083,268.591,73.6425,0.504608
"Aug 30, 06:00 pm",39.9473,277.616,85.4192,0
"Aug 30, 07:00 pm",29.25,286.822,97.2246,0
"Aug 30, 08:00 pm",16.7435,296.975,108.28,0
"Aug 30, 09:00 pm",0,308.915,118.29,0
"Aug 30, 10:00 pm",0,323.54,126.558,0
"Aug 30, 11:00 pm",0,341.373,132.106,0
"Aug 31, 12:00 am",0,1.55689,133.901,0
"Aug 31, 01:00 am",0,21.5315,131.516,0
"Aug 31, 02:00 am",0,38.9134,125.509,0
"Aug 31, 03:00 am",0,53.1084,116.938,0
"Aug 31, 04:00 am",0,64.7461,106.746,0
"Aug 31, 05:00 am",0,74.73,95.5888,0
"Aug 31, 06:00 am",0,83.888,83.7729,0
"Aug 31, 07:00 am",0,92.9869,71.9719,0.546923
"Aug 31, 08:00 am",0,102.886,60.2165,0.718652
"Aug 31, 09:00 am",508.75,114.795,48.9676,0.714095
"Aug 31, 10:00 am",509.497,130.661,38.9472,0.706913
"Aug 31, 11:00 am",501.317,153.151,31.5565,0.701366
"Aug 31, 12:00 pm",499.929,182.394,29.0046,0.699415
"Aug 31, 01:00 pm",505.292,210.864,32.4837,0.702157
"Aug 31, 02:00 pm",513.464,232.129,40.4368,0.708104
"Aug 31, 03:00 pm",510.695,247.18,50.7332,0.715093
"Aug 31, 04:00 pm",474.681,258.649,62.1117,0.718934
"Aug 31, 05:00 pm",249.253,268.338,73.9194,0.495885
"Aug 31, 06:00 pm",39.8625,277.375,85.6929,0
"Aug 31, 07:00 pm",29.3573,286.593,97.5149,0
"Aug 31, 08:00 pm",17.0258,296.76,108.588,0
"Aug 31, 09:00 pm",0,308.727,118.62,0
"Aug 31, 10:00 pm",0,323.41,126.913,0
"Aug 31, 11:00 pm",0,341.349,132.475,0
"Sep 1, 12:00 am",0,1.67654,134.261,0
"Sep 1, 01:00 am",0,21.7744,131.838,0
"Sep 1, 02:00 am",0,39.2211,125.782,0
"Sep 1, 03:00 am",0,53.4366,117.165,0
"Sep 1, 04:00 am",0,65.0767,106.938,0
"Sep 1, 05:00 am",0,75.0613,95.757,0
"Sep 1, 06:00 am",0,84.2258,83.9264,0
"Sep 1, 07:00 am",0,93.3409,72.1256,0.542128
"Sep 1, 08:00 am",0,103.267,60.3811,0.718567
"Sep 1, 09:00 am",497.354,115.214,49.1593,0.713726
"Sep 1, 10:00 am",502.647,131.108,39.1876,0.70635
"Sep 1, 11:00 am",496.224,153.538,31.8663,0.700735
"Sep 1, 12:00 pm",485.654,182.529,29.3695,0.69875
"Sep 1, 01:00 pm",492.291,210.721,32.8464,0.701594
"Sep 1, 02:00 pm",500.475,231.87,40.7674,0.707648
"Sep 1, 03:00 pm",465.308,246.903,51.0357,0.714822
"Sep 1, 04:00 pm",417.012,258.382,62.3976,0.71887
"Sep 1, 05:00 pm",185.73,268.084,74.1987,0.479889
"Sep 1, 06:00 pm",39.863,277.134,85.9675,0
"Sep 1, 07:00 pm",29.1733,286.362,97.8076,0
"Sep 1, 08:00 pm",16.6621,296.543,108.898,0
"Sep 1, 09:00 pm",0,308.538,118.953,0
"Sep 1, 10:00 pm",0,323.279,127.27,0
"Sep 1, 11:00 pm",0,341.327,132.846,0
"Sep 2, 12:00 am",0,1.79976,134.622,0
"Sep 2, 01:00 am",0,22.0224,132.161,0
"Sep 2, 02:00 am",0,39.5338,126.054,0
"Sep 2, 03:00 am",0,53.769,117.391,0
"Sep 2, 04:00 am",0,65.4107,107.129,0
"Sep 2, 05:00 am",0,75.3953,95.9254,0
"Sep 2, 06:00 am",0,84.566,84.0793,0
"Sep 2, 07:00 am",0,93.6969,72.2798,0.537323
"Sep 2, 08:00 am",0,103.651,60.5469,0.71848
"Sep 2, 09:00 am",468.715,115.635,49.3527,0.713344
"Sep 2, 10:00 am",475.228,131.555,39.4305,0.705813
"Sep 2, 11:00 am",469.593,153.923,32.1786,0.700086
"Sep 2, 12:00 pm",472.947,182.664,29.7366,0.698065
"Sep 2, 01:00 pm",479.313,210.581,33.2117,0.701016
"Sep 2, 02:00 pm",484.171,231.615,41.101,0.707182
"Sep 2, 03:00 pm",474.348,246.628,51.3411,0.714545
"Sep 2, 04:00 pm",429.996,258.115,62.6862,0.718806
"Sep 2, 05:00 pm",191.265,267.83,74.4803,0.463412
"Sep 2, 06:00 pm",39.7508,276.891,86.2429,0
"Sep 2, 07:00 pm",28.9958,286.13,98.1026,0
"Sep 2, 08:00 pm",16.4504,296.325,109.21,0
"Sep 2, 09:00 pm",0,308.347,119.288,0
"Sep 2, 10:00 pm",0,323.147,127.629,0
"Sep 2, 11:00 pm",0,341.304,133.22,0
"Sep 3, 12:00 am",0,1.92652,134.986,0
"Sep 3, 01:00 am",0,22.2756,132.486,0
"Sep 3, 02:00 am",0,39.8515,126.328,0
"Sep 3, 03:00 am",0,54.1053,117.618,0
"Sep 3, 04:00 am",0,65.7479,107.321,0
"Sep 3, 05:00 am",0,75.7321,96.0938,0
"Sep 3, 06:00 am",0,84.9084,84.2331,0
"Sep 3, 07:00 am",0,94.0549,72.435,0.532509
"Sep 3, 08:00 am",0,104.036,60.7141,0.718392
"Sep 3, 09:00 am",261.475,116.056,49.5483,0.71295
"Sep 3, 10:00 am",484.929,132,39.676,0.705297
"Sep 3, 11:00 am",472.563,154.304,32.4937,0.699416
"Sep 3, 12:00 pm",444.306,182.799,30.1059,0.697361
"Sep 3, 01:00 pm",449.666,210.445,33.5796,0.700422
"Sep 3, 02:00 pm",457.094,231.362,41.4375,0.706704
"Sep 3, 03:00 pm",157.452,246.354,51.6496,0.71426
"Sep 3, 04:00 pm",43.9161,257.849,62.9776,0.718741
"Sep 3, 05:00 pm",178.116,267.576,74.7644,0.447028
"Sep 3, 06:00 pm",39.7458,276.648,86.5192,0
"Sep 3, 07:00 pm",29.0963,285.897,98.3998,0
"Sep 3, 08:00 pm",16.1247,296.105,109.524,0
"Sep 3, 09:00 pm",0,308.154,119.625,0
"Sep 3, 10:00 pm",0,323.014,127.99,0
"Sep 3, 11:00 pm",0,341.283,133.597,0
"Sep 4, 12:00 am",0,2.05679,135.351,0
"Sep 4, 01:00 am",0,22.5339,132.811,0
"Sep 4, 02:00 am",0,40.174,126.601,0
"Sep 4, 03:00 am",0,54.4457,117.845,0
"Sep 4, 04:00 am",0,66.0883,107.512,0
"Sep 4, 05:00 am",0,76.0714,96.2622,0
"Sep 4, 06:00 am",0,85.253,84.3854,0
"Sep 4, 07:00 am",0,94.4147,72.5906,0.527684
"Sep 4, 08:00 am",0,104.423,60.8826,0.718304
"Sep 4, 09:00 am",535.159,116.478,49.7457,0.712543
"Sep 4, 10:00 am",530.649,132.445,39.924,0.704765
"Sep 4, 11:00 am",516.847,154.682,32.8112,0.698726
"Sep 4, 12:00 pm",501.788,182.932,30.4774,0.696636
"Sep 4, 01:00 pm",509.901,210.312,33.9499,0.699812
"Sep 4, 02:00 pm",521.897,231.113,41.777,0.706215
"Sep 4, 03:00 pm",525.577,246.082,51.9609,0.713968
"Sep 4, 04:00 pm",498.768,257.584,63.2718,0.718676
"Sep 4, 05:00 pm",228.282,267.322,75.0511,0.430748
"Sep 4, 06:00 pm",39.8762,276.405,86.7968,0
"Sep 4, 07:00 pm",29.1693,285.663,98.699,0
"Sep 4, 08:00 pm",16.6303,295.884,109.84,0
"Sep 4, 09:00 pm",0,307.96,119.963,0
"Sep 4, 10:00 pm",0,322.879,128.354,0
"Sep 4, 11:00 pm",0,341.262,133.975,0
"Sep 5, 12:00 am",0,2.19053,135.718,0
"Sep 5, 01:00 am",0,22.7973,133.137,0
"Sep 5, 02:00 am",0,40.5013,126.874,0
"Sep 5, 03:00 am",0,54.7898,118.071,0
"Sep 5, 04:00 am",0,66.4317,107.703,0
"Sep 5, 05:00 am",0,76.4131,96.4308,0
"Sep 5, 06:00 am",0,85.5997,84.5399,0
"Sep 5, 07:00 am",0,94.7762,72.7476,0.522849
"Sep 5, 08:00 am",0,104.81,61.0527,0.718215
"Sep 5, 09:00 am",528.416,116.9,49.9453,0.712122
"Sep 5, 10:00 am",517.847,132.888,40.1745,0.704215
"Sep 5, 11:00 am",503.941,155.057,33.1312,0.698016
"Sep 5, 12:00 pm",496.144,183.065,30.8509,0.695891
"Sep 5, 01:00 pm",501.206,210.182,34.3225,0.699185
"Sep 5, 02:00 pm",510.764,230.866,42.1191,0.705765
"Sep 5, 03:00 pm",496.803,245.812,52.275,0.713669
"Sep 5, 04:00 pm",458.575,257.318,63.5684,0.718611
"Sep 5, 05:00 pm",185.46,267.068,75.3399,0.414585
"Sep 5, 06:00 pm",39.8654,276.16,87.0756,0
"Sep 5, 07:00 pm",29.1064,285.427,99,0
"Sep 5, 08:00 pm",16.543,295.661,110.157,0
"Sep 5, 09:00 pm",0,307.764,120.304,0
"Sep 5, 10:00 pm",0,322.744,128.719,0
"Sep 5, 11:00 pm",0,341.242,134.355,0
"Sep 6, 12:00 am",0,2.32769,136.086,0
"Sep 6, 01:00 am",0,23.0657,133.464,0
"Sep 6, 02:00 am",0,40.8333,127.148,0
"Sep 6, 03:00 am",0,55.1377,118.297,0
"Sep 6, 04:00 am",0,66.7779,107.895,0
"Sep 6, 05:00 am",0,76.7572,96.5994,0
"Sep 6, 06:00 am",0,85.9482,84.6947,0
"Sep 6, 07:00 am",0,95.1393,72.9055,0.518003
"Sep 6, 08:00 am",0,105.199,61.2242,0.718122
"Sep 6, 09:00 am",494.557,117.322,50.147,0.711688
"Sep 6, 10:00 am",492.12,133.329,40.4277,0.703649
"Sep 6, 11:00 am",481.456,155.428,33.4537,0.697285
"Sep 6, 12:00 pm",473.06,183.197,31.2265,0.695126
"Sep 6, 01:00 pm",480.522,210.055,34.6974,0.698543
"Sep 6, 02:00 pm",489.965,230.622,42.4638,0.705323
"Sep 6, 03:00 pm",478.606,245.543,52.5917,0.713363
"Sep 6, 04:00 pm",431.88,257.054,63.8677,0.718545
"Sep 6, 05:00 pm",153.691,266.814,75.6314,0.398551
"Sep 6, 06:00 pm",39.8241,275.915,87.3566,0
"Sep 6, 07:00 pm",29.1165,285.191,99.3028,0
"Sep 6, 08:00 pm",16.56,295.437,110.477,0
"Sep 6, 09:00 pm",0,307.567,120.647,0
"Sep 6, 10:00 pm",0,322.607,129.087,0
"Sep 6, 11:00 pm",0,341.223,134.738,0
"Sep 7, 12:00 am",0,2.46821,136.456,0
"Sep 7, 01:00 am",0,23.3391,133.792,0
"Sep 7, 02:00 am",0,41.1699,127.421,0
"Sep 7, 03:00 am",0,55.4892,118.523,0
"Sep 7, 04:00 am",0,67.127,108.086,0
"Sep 7, 05:00 am",0,77.1034,96.7681,0
"Sep 7, 06:00 am",0,86.2986,84.8497,0
"Sep 7, 07:00 am",0,95.5038,73.0642,0.513144
"Sep 7, 08:00 am",0,105.589,61.3972,0.718005
"Sep 7, 09:00 am",444.056,117.745,50.3507,0.71124
"Sep 7, 10:00 am",455.448,133.768,40.6833,0.703065
"Sep 7, 11:00 am",449.591,155.796,33.7787,0.696532
"Sep 7, 12:00 pm",441.382,183.327,31.6039,0.69434
"Sep 7, 01:00 pm",445.946,209.931,35.0743,0.697883
"Sep 7, 02:00 pm",451.566,230.381,42.8109,0.704869
"Sep 7, 03:00 pm",427.713,245.275,52.9108,0.713049
"Sep 7, 04:00 pm",372.304,256.79,64.169,0.71848
"Sep 7, 05:00 pm",110.99,266.559,75.9243,0.382658
"Sep 7, 06:00 pm",39.7958,275.67,87.6356,0
"Sep 7, 07:00 pm",29.1775,284.954,99.6073,0
"Sep 7, 08:00 pm",16.7323,295.212,110.798,0
"Sep 7, 09:00 pm",0,307.367,120.991,0
"Sep 7, 10:00 pm",0,322.468,129.456,0
"Sep 7, 11:00 pm",0,341.203,135.122,0
"Sep 8, 12:00 am",0,2.61205,136.828,0
"Sep 8, 01:00 am",0,23.6174,134.12,0
"Sep 8, 02:00 am",0,41.511,127.695,0
"Sep 8, 03:00 am",0,55.8442,118.749,0
"Sep 8, 04:00 am",0,67.4787,108.276,0
"Sep 8, 05:00 am",0,77.4518,96.937,0
"Sep 8, 06:00 am",0,86.6506,85.0042,0
"Sep 8, 07:00 am",0,95.8695,73.2236,0.508273
"Sep 8, 08:00 am",0,105.979,61.5715,0.717827
"Sep 8, 09:00 am",380.445,118.167,50.5563,0.710779
"Sep 8, 10:00 am",398.558,134.206,40.9414,0.702463
"Sep 8, 11:00 am",390.369,156.16,34.1058,0.695759
"Sep 8, 12:00 pm",408.366,183.456,31.983,0.693532
"Sep 8, 01:00 pm",403.309,209.809,35.4531,0.697207
"Sep 8, 02:00 pm",397.282,230.143,43.1602,0.704405
"Sep 8, 03:00 pm",414.761,245.009,53.2321,0.712728
"Sep 8, 04:00 pm",363.196,256.526,64.4722,0.718413
"Sep 8, 05:00 pm",102.391,266.304,76.2187,0.366918
"Sep 8, 06:00 pm",39.9114,275.423,87.912,0
"Sep 8, 07:00 pm",29.2826,284.715,99.9132,0
"Sep 8, 08:00 pm",16.7753,294.985,111.12,0
"Sep 8, 09:00 pm",0,307.166,121.336,0
"Sep 8, 10:00 pm",0,322.328,129.826,0
"Sep 8, 11:00 pm",0,341.184,135.508,0
"Sep 9, 12:00 am",0,2.75915,137.201,0
"Sep 9, 01:00 am",0,23.9006,134.449,0
"Sep 9, 02:00 am",0,41.8566,127.968,0
"Sep 9, 03:00 am",0,56.2026,118.974,0
"Sep 9, 04:00 am",0,67.833,108.467,0
"Sep 9, 05:00 am",0,77.8021,97.1059,0
"Sep 9, 06:00 am",0,87.0042,85.1569,0
"Sep 9, 07:00 am",0,96.2365,73.3835,0.503389
"Sep 9, 08:00 am",0,106.37,61.7471,0.717597
"Sep 9, 09:00 am",0,118.588,50.7639,0.710304
"Sep 9, 10:00 am",0,134.641,41.2016,0.701843
"Sep 9, 11:00 am",0,156.52,34.4351,0.694641
"Sep 9, 12:00 pm",174.285,183.584,32.3637,0.692425
"Sep 9, 01:00 pm",446.554,209.689,35.8335,0.696514
"Sep 9, 02:00 pm",460.085,229.907,43.5115,0.703929
"Sep 9, 03:00 pm",457.761,244.744,53.5553,0.712399
"Sep 9, 04:00 pm",422.09,256.263,64.777,0.718347
"Sep 9, 05:00 pm",128.312,266.05,76.5143,0.351341
"Sep 9, 06:00 pm",39.839,275.176,88.1875,0
"Sep 9, 07:00 pm",28.9699,284.475,100.22,0
"Sep 9, 08:00 pm",16.2562,294.756,111.444,0
"Sep 9, 09:00 pm",0,306.963,121.683,0
"Sep 9, 10:00 pm",0,322.187,130.199,0
"Sep 9, 11:00 pm",0,341.165,135.895,0
"Sep 10, 12:00 am",0,2.90945,137.575,0
"Sep 10, 01:00 am",0,24.1885,134.778,0
"Sep 10, 02:00 am",0,42.2065,128.242,0
"Sep 10, 03:00 am",0,56.5642,119.199,0
"Sep 10, 04:00 am",0,68.1896,108.657,0
"Sep 10, 05:00 am",0,78.1542,97.275,0
"Sep 10, 06:00 am",0,87.3591,85.311,0
"Sep 10, 07:00 am",0,96.6044,73.5446,0.49849
"Sep 10, 08:00 am",0,106.762,61.9243,0.717337
"Sep 10, 09:00 am",528.612,119.009,50.9737,0.709815
"Sep 10, 10:00 am",521.329,135.073,41.4646,0.701206
"Sep 10, 11:00 am",507.548,156.876,34.7668,0.694145
"Sep 10, 12:00 pm",491.509,183.71,32.7461,0.691852
"Sep 10, 01:00 pm",500.815,209.572,36.2158,0.695804
"Sep 10, 02:00 pm",514.211,229.673,43.8649,0.703441
"Sep 10, 03:00 pm",510.126,244.481,53.8809,0.712063
"Sep 10, 04:00 pm",470.951,256.001,65.0843,0.71828
"Sep 10, 05:00 pm",143.14,265.795,76.8123,0.335939
"Sep 10, 06:00 pm",40.1225,274.929,88.4624,0
"Sep 10, 07:00 pm",29.4565,284.234,100.529,0
"Sep 10, 08:00 pm",16.9467,294.525,111.769,0
"Sep 10, 09:00 pm",0,306.758,122.031,0
"Sep 10, 10:00 pm",0,322.043,130.572,0
"Sep 10, 11:00 pm",0,341.146,136.284,0
"Sep 11, 12:00 am",0,3.06291,137.951,0
"Sep 11, 01:00 am",0,24.4813,135.108,0
"Sep 11, 02:00 am",0,42.5606,128.515,0
"Sep 11, 03:00 am",0,56.9291,119.424,0
"Sep 11, 04:00 am",0,68.5486,108.848,0
"Sep 11, 05:00 am",0,78.5081,97.4442,0
"Sep 11, 06:00 am",0,87.7154,85.4697,0
"Sep 11, 07:00 am",0,96.9733,73.7082,0.490716
"Sep 11, 08:00 am",0,107.154,62.104,0.717061
"Sep 11, 09:00 am",525.223,119.43,51.1861,0.709311
"Sep 11, 10:00 am",515.762,135.503,41.7303,0.70055
"Sep 11, 11:00 am",500.067,157.227,35.1008,0.693305
"Sep 11, 12:00 pm",483.207,183.835,33.1303,0.690978
"Sep 11, 01:00 pm",492.07,209.457,36.5999,0.695076
"Sep 11, 02:00 pm",505.755,229.442,44.2206,0.702943
"Sep 11, 03:00 pm",509.094,244.22,54.2087,0.711719
"Sep 11, 04:00 pm",478.536,255.739,65.3938,0.718213
"Sep 11, 05:00 pm",144.355,265.539,77.1128,0.320722
"Sep 11, 06:00 pm",40.0062,274.68,88.7418,0
"Sep 11, 07:00 pm",29.366,283.992,100.838,0
"Sep 11, 08:00 pm",16.8528,294.293,112.094,0
"Sep 11, 09:00 pm",0,306.55,122.38,0
"Sep 11, 10:00 pm",0,321.898,130.947,0
"Sep 11, 11:00 pm",0,341.127,136.675,0
"Sep 12, 12:00 am",0,3.21945,138.327,0
"Sep 12, 01:00 am",0,24.7787,135.438,0
"Sep 12, 02:00 am",0,42.9188,128.788,0
"Sep 12, 03:00 am",0,57.2969,119.648,0
"Sep 12, 04:00 am",0,68.9098,109.038,0
"Sep 12, 05:00 am",0,78.8636,97.6136,0
"Sep 12, 06:00 am",0,88.0729,85.6261,0
"Sep 12, 07:00 am",0,97.3429,73.8717,0.481488
"Sep 12, 08:00 am",0,107.546,62.2846,0.716113
"Sep 12, 09:00 am",535.868,119.849,51.4003,0.708794
"Sep 12, 10:00 am",520.838,135.93,41.9982,0.699875
"Sep 12, 11:00 am",503.181,157.574,35.4368,0.692442
"Sep 12, 12:00 pm",493.931,183.957,33.5157,0.690082
"Sep 12, 01:00 pm",501.841,209.343,36.9853,0.694331
"Sep 12, 02:00 pm",519.313,229.214,44.5777,0.702432
"Sep 12, 03:00 pm",488.463,243.96,54.5379,0.711367
"Sep 12, 04:00 pm",447.475,255.478,65.7042,0.718146
"Sep 12, 05:00 pm",112.845,265.284,77.4133,0.3057
"Sep 12, 06:00 pm",39.9444,274.431,89.0126,0
"Sep 12, 07:00 pm",29.2659,283.749,101.149,0
"Sep 12, 08:00 pm",16.7258,294.059,112.421,0
"Sep 12, 09:00 pm",0,306.341,122.729,0
"Sep 12, 10:00 pm",0,321.751,131.323,0
"Sep 12, 11:00 pm",0,341.108,137.066,0
"Sep 13, 12:00 am",0,3.37904,138.705,0
"Sep 13, 01:00 am",0,25.0808,135.768,0
"Sep 13, 02:00 am",0,43.2811,129.06,0
"Sep 13, 03:00 am",0,57.6677,119.872,0
"Sep 13, 04:00 am",0,69.273,109.228,0
"Sep 13, 05:00 am",0,79.2205,97.7832,0
"Sep 13, 06:00 am",0,88.4314,85.7823,0
"Sep 13, 07:00 am",0,97.7131,74.0361,0.472314
"Sep 13, 08:00 am",0,107.938,62.4667,0.715134
"Sep 13, 09:00 am",504.798,120.267,51.6163,0.708262
"Sep 13, 10:00 am",501.585,136.354,42.2683,0.699181
"Sep 13, 11:00 am",487.934,157.917,35.7746,0.691556
"Sep 13, 12:00 pm",482.757,184.078,33.9024,0.689164
"Sep 13, 01:00 pm",492.961,209.232,37.3719,0.693568
"Sep 13, 02:00 pm",509.84,228.987,44.9364,0.70191
"Sep 13, 03:00 pm",505.942,243.701,54.8686,0.711008
"Sep 13, 04:00 pm",467.551,255.217,66.0161,0.718078
"Sep 13, 05:00 pm",118.551,265.029,77.7151,0.290884
"Sep 13, 06:00 pm",39.9831,274.181,89.2801,0
"Sep 13, 07:00 pm",29.257,283.504,101.46,0
"Sep 13, 08:00 pm",16.6667,293.824,112.748,0
"Sep 13, 09:00 pm",0,306.129,123.08,0
"Sep 13, 10:00 pm",0,321.601,131.7,0
"Sep 13, 11:00 pm",0,341.089,137.459,0
"Sep 14, 12:00 am",0,3.54161,139.083,0
"Sep 14, 01:00 am",0,25.3875,136.098,0
"Sep 14, 02:00 am",0,43.6474,129.333,0
"Sep 14, 03:00 am",0,58.0413,120.096,0
"Sep 14, 04:00 am",0,69.6382,109.418,0
"Sep 14, 05:00 am",0,79.5789,97.9529,0
"Sep 14, 06:00 am",0,88.7909,85.938,0
"Sep 14, 07:00 am",0,98.0838,74.2015,0.463192
"Sep 14, 08:00 am",0,108.33,62.6502,0.714141
"Sep 14, 09:00 am",444.175,120.684,51.8344,0.707716
"Sep 14, 10:00 am",429.064,136.775,42.5405,0.698468
"Sep 14, 11:00 am",415.148,158.255,36.1143,0.690647
"Sep 14, 12:00 pm",444.335,184.197,34.2902,0.688222
"Sep 14, 01:00 pm",462.128,209.122,37.7597,0.692787
"Sep 14, 02:00 pm",330.263,228.763,45.2965,0.701376
"Sep 14, 03:00 pm",169.563,243.443,55.2008,0.710642
"Sep 14, 04:00 pm",42.4033,254.957,66.3291,0.71801
"Sep 14, 05:00 pm",35.5116,264.773,78.0175,0.276282
"Sep 14, 06:00 pm",24.4479,273.931,89.5422,0
"Sep 14, 07:00 pm",12.779,283.258,101.772,0
"Sep 14, 08:00 pm",0,293.586,113.076,0
"Sep 14, 09:00 pm",0,305.915,123.431,0
"Sep 14, 10:00 pm",0,321.45,132.077,0
"Sep 14, 11:00 pm",0,341.069,137.853,0
"Sep 15, 12:00 am",0,3.70712,139.462,0
"Sep 15, 01:00 am",0,25.6986,136.429,0
"Sep 15, 02:00 am",0,44.0175,129.604,0
"Sep 15, 03:00 am",0,58.4176,120.319,0
"Sep 15, 04:00 am",0,70.0052,109.607,0
"Sep 15, 05:00 am",0,79.9384,98.1227,0
"Sep 15, 06:00 am",0,89.1511,86.094,0
"Sep 15, 07:00 am",0,98.4549,74.368,0.45412
"Sep 15, 08:00 am",0,108.721,62.8355,0.713133
"Sep 15, 09:00 am",532.191,121.1,52.0548,0.707155
"Sep 15, 10:00 am",520.297,137.193,42.8154,0.697737
"Sep 15, 11:00 am",501.926,158.589,36.456,0.689714
"Sep 15, 12:00 pm",475.685,184.313,34.6793,0.687258
"Sep 15, 01:00 pm",487.391,209.014,38.1486,0.691988
"Sep 15, 02:00 pm",504.901,228.541,45.6579,0.70083
"Sep 15, 03:00 pm",497.713,243.187,55.5343,0.710267
"Sep 15, 04:00 pm",454.393,254.697,66.6433,0.717861
"Sep 15, 05:00 pm",87.7334,264.518,78.3209,0.261904
"Sep 15, 06:00 pm",40.1654,273.68,89.801,0
"Sep 15, 07:00 pm",29.4201,283.011,102.085,0
"Sep 15, 08:00 pm",16.8191,293.347,113.404,0
"Sep 15, 09:00 pm",0,305.698,123.783,0
"Sep 15, 10:00 pm",0,321.296,132.456,0
"Sep 15, 11:00 pm",0,341.049,138.248,0
"Sep 16, 12:00 am",0,3.87552,139.842,0
"Sep 16, 01:00 am",0,26.0143,136.759,0
"Sep 16, 02:00 am",0,44.3914,129.876,0
"Sep 16, 03:00 am",0,58.7965,120.542,0
"Sep 16, 04:00 am",0,70.3739,109.796,0
"Sep 16, 05:00 am",0,80.2991,98.2928,0
"Sep 16, 06:00 am",0,89.5121,86.2513,0
"Sep 16, 07:00 am",0,98.8262,74.536,0.445097
"Sep 16, 08:00 am",0,109.113,63.0226,0.712111
"Sep 16, 09:00 am",526.508,121.514,52.2772,0.706579
"Sep 16, 10:00 am",514.302,137.607,43.0923,0.696985
"Sep 16, 11:00 am",495.933,158.918,36.7994,0.688757
"Sep 16, 12:00 pm",485.203,184.428,35.0693,0.686269
"Sep 16, 01:00 pm",493.768,208.907,38.5385,0.691171
"Sep 16, 02:00 pm",512.929,228.321,46.0206,0.700273
"Sep 16, 03:00 pm",520.992,242.933,55.8692,0.709885
"Sep 16, 04:00 pm",484.134,254.438,66.9587,0.714264
"Sep 16, 05:00 pm",100.188,264.262,78.6249,0.247758
"Sep 16, 06:00 pm",40.1451,273.428,90.0545,0
"Sep 16, 07:00 pm",29.4842,282.763,102.398,0
"Sep 16, 08:00 pm",16.9388,293.106,113.733,0
"Sep 16, 09:00 pm",0,305.48,124.135,0
"Sep 16, 10:00 pm",0,321.139,132.835,0
"Sep 16, 11:00 pm",0,341.029,138.644,0
"Sep 17, 12:00 am",0,4.04677,140.223,0
"Sep 17, 01:00 am",0,26.3344,137.09,0
"Sep 17, 02:00 am",0,44.7689,130.147,0
"Sep 17, 03:00 am",0,59.1779,120.764,0
"Sep 17, 04:00 am",0,70.7443,109.985,0
"Sep 17, 05:00 am",0,80.6609,98.463,0
"Sep 17, 06:00 am",0,89.8736,86.408,0
"Sep 17, 07:00 am",0,99.1976,74.7045,0.436122
"Sep 17, 08:00 am",0,109.503,63.211,0.711075
"Sep 17, 09:00 am",507.47,121.926,52.5015,0.706002
"Sep 17, 10:00 am",494.209,138.018,43.3714,0.696214
"Sep 17, 11:00 am",474.794,159.242,37.1445,0.687776
"Sep 17, 12:00 pm",465.149,184.54,35.4603,0.685257
"Sep 17, 01:00 pm",476.486,208.801,38.9293,0.690336
"Sep 17, 02:00 pm",493.436,228.104,46.3844,0.699704
"Sep 17, 03:00 pm",484.581,242.679,56.2051,0.709496
"Sep 17, 04:00 pm",435.196,254.179,67.275,0.705018
"Sep 17, 05:00 pm",71.8991,264.006,78.9299,0.233853
"Sep 17, 06:00 pm",40.0794,273.175,90.9127,0
"Sep 17, 07:00 pm",29.4276,282.513,102.711,0
"Sep 17, 08:00 pm",16.8892,292.863,114.062,0
"Sep 17, 09:00 pm",0,305.258,124.487,0
"Sep 17, 10:00 pm",0,320.981,133.214,0
"Sep 17, 11:00 pm",0,341.007,139.041,0
"Sep 18, 12:00 am",0,4.22081,140.604,0
"Sep 18, 01:00 am",0,26.6589,137.42,0
"Sep 18, 02:00 am",0,45.15,130.417,0
"Sep 18, 03:00 am",0,59.5616,120.986,0
"Sep 18, 04:00 am",0,71.1161,110.174,0
"Sep 18, 05:00 am",0,81.0235,98.6334,0
"Sep 18, 06:00 am",0,90.2356,86.5648,0
"Sep 18, 07:00 am",0,99.5691,74.8743,0.427193
"Sep 18, 08:00 am",0,109.893,63.4011,0.710023
"Sep 18, 09:00 am",476.867,122.336,52.7279,0.70548
"Sep 18, 10:00 am",464.276,138.425,43.6527,0.695423
"Sep 18, 11:00 am",447.009,159.561,37.4912,0.68677
"Sep 18, 12:00 pm",436.973,184.65,35.8521,0.684221
"Sep 18, 01:00 pm",442.21,208.697,39.3209,0.689482
"Sep 18, 02:00 pm",453.937,227.888,46.7492,0.699122
"Sep 18, 03:00 pm",450.417,242.427,56.5421,0.709099
"Sep 18, 04:00 pm",392.187,253.921,67.5923,0.695721
"Sep 18, 05:00 pm",51.2292,263.75,79.2357,0.220196
"Sep 18, 06:00 pm",40.1063,272.922,91.219,0
"Sep 18, 07:00 pm",29.5987,282.263,103.024,0
"Sep 18, 08:00 pm",17.1299,292.618,114.391,0
"Sep 18, 09:00 pm",0,305.034,124.839,0
"Sep 18, 10:00 pm",0,320.819,133.594,0
"Sep 18, 11:00 pm",0,340.985,139.438,0
"Sep 19, 12:00 am",0,4.3976,140.985,0
"Sep 19, 01:00 am",0,26.9876,137.75,0
"Sep 19, 02:00 am",0,45.5345,130.687,0
"Sep 19, 03:00 am",0,59.9475,121.207,0
"Sep 19, 04:00 am",0,71.4892,110.363,0
"Sep 19, 05:00 am",0,81.3869,98.8039,0
"Sep 19, 06:00 am",0,90.5979,86.7238,0
"Sep 19, 07:00 am",0,99.9403,75.0457,0.41831
"Sep 19, 08:00 am",0,110.282,63.593,0.712946
"Sep 19, 09:00 am",450.987,122.744,52.9565,0.704943
"Sep 19, 10:00 am",449.556,138.828,43.936,0.694612
"Sep 19, 11:00 am",436.198,159.875,37.8395,0.68574
"Sep 19, 12:00 pm",417.129,184.757,36.2448,0.68316
"Sep 19, 01:00 pm",425.303,208.594,39.7132,0.68861
"Sep 19, 02:00 pm",434.042,227.674,47.1149,0.698529
"Sep 19, 03:00 pm",420.561,242.176,56.8802,0.708694
"Sep 19, 04:00 pm",349.209,253.663,67.9107,0.686379
"Sep 19, 05:00 pm",43.7164,263.494,79.5423,0.206795
"Sep 19, 06:00 pm",38.5496,272.668,91.5256,0
"Sep 19, 07:00 pm",27.8275,282.011,103.337,0
"Sep 19, 08:00 pm",15.6318,292.371,114.719,0
"Sep 19, 09:00 pm",0,304.808,125.191,0
"Sep 19, 10:00 pm",0,320.655,133.974,0
"Sep 19, 11:00 pm",0,340.962,139.836,0
"Sep 20, 12:00 am",0,4.57711,141.367,0
"Sep 20, 01:00 am",0,27.3207,138.079,0
"Sep 20, 02:00 am",0,45.9224,130.955,0
"Sep 20, 03:00 am",0,60.3356,121.427,0
"Sep 20, 04:00 am",0,71.8636,110.551,0
"Sep 20, 05:00 am",0,81.751,98.9746,0
"Sep 20, 06:00 am",0,90.9604,86.8835,0
"Sep 20, 07:00 am",0,100.311,75.2182,0.409471
"Sep 20, 08:00 am",0,110.67,63.7865,0.711158
"Sep 20, 09:00 am",417.653,123.151,53.1869,0.704393
"Sep 20, 10:00 am",419.387,139.227,44.2214,0.693781
"Sep 20, 11:00 am",407.619,160.184,38.1891,0.684685
"Sep 20, 12:00 pm",398.359,184.862,36.638,0.682076
"Sep 20, 01:00 pm",406.273,208.492,40.1059,0.687719
"Sep 20, 02:00 pm",415.988,227.462,47.4813,0.697925
"Sep 20, 03:00 pm",411.509,241.927,57.2187,0.708281
"Sep 20, 04:00 pm",337.033,253.406,68.2291,0.676994
"Sep 20, 05:00 pm",43.3145,263.238,79.8485,0.193657
"Sep 20, 06:00 pm",37.5203,272.414,91.8323,0
"Sep 20, 07:00 pm",26.5934,281.758,103.651,0
"Sep 20, 08:00 pm",14.5334,292.123,115.048,0
"Sep 20, 09:00 pm",0,304.579,125.543,0
"Sep 20, 10:00 pm",0,320.489,134.354,0
"Sep 20, 11:00 pm",0,340.938,140.234,0
"Sep 21, 12:00 am",0,4.75929,141.749,0
"Sep 21, 01:00 am",0,27.6579,138.409,0
"Sep 21, 02:00 am",0,46.3136,131.224,0
"Sep 21, 03:00 am",0,60.7256,121.647,0
"Sep 21, 04:00 am",0,72.2391,110.739,0
"Sep 21, 05:00 am",0,82.1156,99.1454,0
"Sep 21, 06:00 am",0,91.3231,87.0436,0
"Sep 21, 07:00 am",0,100.682,75.3919,0.400676
"Sep 21, 08:00 am",0,111.057,63.9816,0.709348
"Sep 21, 09:00 am",425.635,123.554,53.4192,0.703828
"Sep 21, 10:00 am",425.424,139.622,44.5086,0.692929
"Sep 21, 11:00 am",410.452,160.488,38.54,0.683604
"Sep 21, 12:00 pm",416.005,184.965,37.0317,0.680966
"Sep 21, 01:00 pm",426.678,208.391,40.4989,0.68681
"Sep 21, 02:00 pm",439.865,227.251,47.8481,0.697308
"Sep 21, 03:00 pm",404.978,241.679,57.5578,0.707861
"Sep 21, 04:00 pm",41.4332,253.15,68.548,0.667573
"Sep 21, 05:00 pm",36.1415,262.982,80.1548,0.180787
"Sep 21, 06:00 pm",28.9479,272.159,92.1389,0
"Sep 21, 07:00 pm",19.1675,281.503,103.964,0
"Sep 21, 08:00 pm",0,291.872,115.376,0
"Sep 21, 09:00 pm",0,304.348,125.895,0
"Sep 21, 10:00 pm",0,320.319,134.734,0
"Sep 21, 11:00 pm",0,340.913,140.632,0
"Sep 22, 12:00 am",0,4.94408,142.131,0
"Sep 22, 01:00 am",0,27.9993,138.737,0
"Sep 22, 02:00 am",0,46.7079,131.491,0
"Sep 22, 03:00 am",0,61.1175,121.866,0
"Sep 22, 04:00 am",0,72.6157,110.927,0
"Sep 22, 05:00 am",0,82.4807,99.3164,0
"Sep 22, 06:00 am",0,91.6857,87.2013,0
"Sep 22, 07:00 am",0,101.052,75.5662,0.391922
"Sep 22, 08:00 am",0,111.443,64.178,0.707518
"Sep 22, 09:00 am",456.48,123.956,53.6533,0.703248
"Sep 22, 10:00 am",447.779,140.013,44.7976,0.692057
"Sep 22, 11:00 am",432.849,160.787,38.8921,0.682498
"Sep 22, 12:00 pm",429.118,185.065,37.4258,0.679832
"Sep 22, 01:00 pm",442.061,208.291,40.8923,0.685882
"Sep 22, 02:00 pm",459.66,227.043,48.2154,0.696679
"Sep 22, 03:00 pm",450.725,241.432,57.8974,0.707433
"Sep 22, 04:00 pm",371.491,252.894,68.8673,0.65812
"Sep 22, 05:00 pm",43.3136,262.726,80.4611,0.168192
"Sep 22, 06:00 pm",37.69,271.903,92.4454,0
"Sep 22, 07:00 pm",26.835,281.248,104.276,0
"Sep 22, 08:00 pm",14.7798,291.62,115.703,0
"Sep 22, 09:00 pm",0,304.113,126.246,0
"Sep 22, 10:00 pm",0,320.146,135.114,0
"Sep 22, 11:00 pm",0,340.887,141.031,0
"Sep 23, 12:00 am",0,5.13145,142.513,0
"Sep 23, 01:00 am",0,28.3448,139.065,0
"Sep 23, 02:00 am",0,47.1052,131.757,0
"Sep 23, 03:00 am",0,61.5112,122.084,0
"Sep 23, 04:00 am",0,72.993,111.114,0
"Sep 23, 05:00 am",0,82.8461,99.4874,0
"Sep 23, 06:00 am",0,92.0482,87.3607,0
"Sep 23, 07:00 am",0,101.421,75.7417,0.38321
"Sep 23, 08:00 am",0,111.827,64.3759,0.705666
"Sep 23, 09:00 am",425.327,124.354,53.8892,0.702654
"Sep 23, 10:00 am",420.188,140.399,45.0883,0.691164
"Sep 23, 11:00 am",406.061,161.081,39.2453,0.681366
"Sep 23, 12:00 pm",415.479,185.163,37.8202,0.678672
"Sep 23, 01:00 pm",430.505,208.191,41.2857,0.684936
"Sep 23, 02:00 pm",448.711,226.836,48.583,0.696039
"Sep 23, 03:00 pm",450.195,241.186,58.2374,0.706998
"Sep 23, 04:00 pm",363.415,252.639,69.1868,0.64864
"Sep 23, 05:00 pm",43.1372,262.47,80.7676,0.155878
"Sep 23, 06:00 pm",37.132,271.647,92.7516,0
"Sep 23, 07:00 pm",26.1915,280.991,104.588,0
"Sep 23, 08:00 pm",14.232,291.365,116.03,0
"Sep 23, 09:00 pm",0,303.876,126.597,0
"Sep 23, 10:00 pm",0,319.971,135.493,0
"Sep 23, 11:00 pm",0,340.86,141.43,0
"Sep 24, 12:00 am",0,5.32132,142.896,0
"Sep 24, 01:00 am",0,28.6942,139.393,0
"Sep 24, 02:00 am",0,47.5054,132.023,0
"Sep 24, 03:00 am",0,61.9065,122.302,0
"Sep 24, 04:00 am",0,73.3712,111.301,0
"Sep 24, 05:00 am",0,83.2116,99.6586,0
"Sep 24, 06:00 am",0,92.4104,87.5194,0
"Sep 24, 07:00 am",0,101.79,75.9182,0.374539
"Sep 24, 08:00 am",0,112.21,64.5753,0.703792
"Sep 24, 09:00 am",440.706,124.75,54.1268,0.702045
"Sep 24, 10:00 am",436.19,140.782,45.3807,0.690251
"Sep 24, 11:00 am",419.876,161.37,39.5995,0.680208
"Sep 24, 12:00 pm",419.207,185.258,38.2147,0.677487
"Sep 24, 01:00 pm",432.075,208.093,41.6792,0.68397
"Sep 24, 02:00 pm",449.933,226.631,48.9508,0.695386
"Sep 24, 03:00 pm",434.253,240.942,58.5775,0.706555
"Sep 24, 04:00 pm",338.41,252.385,69.5062,0.639137
"Sep 24, 05:00 pm",42.5111,262.214,81.0733,0.143849
"Sep 24, 06:00 pm",35.6325,271.391,93.0574,0
"Sep 24, 07:00 pm",24.3601,280.733,104.9,0
"Sep 24, 08:00 pm",12.56,291.109,116.356,0
"Sep 24, 09:00 pm",0,303.637,126.947,0
"Sep 24, 10:00 pm",0,319.792,135.872,0
"Sep 24, 11:00 pm",0,340.831,141.828,0
"Sep 25, 12:00 am",0,5.51365,143.277,0
"Sep 25, 01:00 am",0,29.0476,139.719,0
"Sep 25, 02:00 am",0,47.9085,132.287,0
"Sep 25, 03:00 am",0,62.3032,122.519,0
"Sep 25, 04:00 am",0,73.7499,111.488,0
"Sep 25, 05:00 am",0,83.5772,99.83,0
"Sep 25, 06:00 am",0,92.7722,87.6775,0
"Sep 25, 07:00 am",0,102.158,76.0954,0
"Sep 25, 08:00 am",0,112.591,64.776,0.712069
"Sep 25, 09:00 am",0,125.143,54.3662,0.701382
"Sep 25, 10:00 am",443.503,141.159,45.6748,0.689316
"Sep 25, 11:00 am",425.409,161.654,39.9546,0.679024
"Sep 25, 12:00 pm",421.511,185.35,38.6094,0.676277
"Sep 25, 01:00 pm",435.182,207.995,42.0726,0.682986
"Sep 25, 02:00 pm",454.5,226.427,49.3186,0.694722
"Sep 25, 03:00 pm",456.665,240.699,58.9176,0.706105
"Sep 25, 04:00 pm",359.79,252.131,69.8255,0.629618
"Sep 25, 05:00 pm",42.6411,261.958,81.3784,0.13211
"Sep 25, 06:00 pm",35.9059,271.133,93.3626,0
"Sep 25, 07:00 pm",24.7166,280.474,105.211,0
"Sep 25, 08:00 pm",12.9255,290.851,116.681,0
"Sep 25, 09:00 pm",0,303.394,127.295,0
"Sep 25, 10:00 pm",0,319.61,136.251,0
"Sep 25, 11:00 pm",0,340.801,142.227,0
"Sep 26, 12:00 am",0,5.70836,143.659,0
"Sep 26, 01:00 am",0,29.4048,140.045,0
"Sep 26, 02:00 am",0,48.3142,132.551,0
"Sep 26, 03:00 am",0,62.7013,122.735,0
"Sep 26, 04:00 am",0,74.1292,111.674,0
"Sep 26, 05:00 am",0,83.9428,100.001,0
"Sep 26, 06:00 am",0,93.1335,87.8349,0
"Sep 26, 07:00 am",0,102.525,76.2739,0.357315
"Sep 26, 08:00 am",0,112.97,64.9783,0.699912
"Sep 26, 09:00 am",496.643,125.533,54.6073,0.700783
"Sep 26, 10:00 am",476.84,141.532,45.9704,0.688361
"Sep 26, 11:00 am",456.506,161.933,40.3105,0.677814
"Sep 26, 12:00 pm",444.644,185.44,39.004,0.675042
"Sep 26, 01:00 pm",458.07,207.897,42.4657,0.681984
"Sep 26, 02:00 pm",481.111,226.225,49.6863,0.694047
"Sep 26, 03:00 pm",475.677,240.457,59.2576,0.705707
"Sep 26, 04:00 pm",44.312,251.877,70.1444,0.620085
"Sep 26, 05:00 pm",42.3438,261.702,81.6826,0.120665
"Sep 26, 06:00 pm",35.5692,270.876,93.6672,0
"Sep 26, 07:00 pm",24.4842,280.214,105.52,0
"Sep 26, 08:00 pm",12.7787,290.591,117.005,0
"Sep 26, 09:00 pm",0,303.149,127.643,0
"Sep 26, 10:00 pm",0,319.425,136.628,0
"Sep 26, 11:00 pm",0,340.769,142.625,0
"Sep 27, 12:00 am",0,5.90537,144.04,0
"Sep 27, 01:00 am",0,29.7658,140.37,0
"Sep 27, 02:00 am",0,48.7224,132.813,0
"Sep 27, 03:00 am",0,63.1006,122.95,0
"Sep 27, 04:00 am",0,74.5088,111.86,0
"Sep 27, 05:00 am",0,84.3082,100.173,0
"Sep 27, 06:00 am",0,93.4942,87.9926,0
"Sep 27, 07:00 am",0,102.89,76.4528,0
"Sep 27, 08:00 am",0,113.348,65.1813,0.711188
"Sep 27, 09:00 am",0,125.92,54.8493,0.700131
"Sep 27, 10:00 am",0,141.9,46.2668,0.687385
"Sep 27, 11:00 am",0,162.206,40.6667,0.676577
"Sep 27, 12:00 pm",0,185.527,39.398,0.67378
"Sep 27, 01:00 pm",0,207.8,42.8581,0.680962
"Sep 27, 02:00 pm",0,226.024,50.0533,0.693359
"Sep 27, 03:00 pm",0,240.216,59.5968,0
"Sep 27, 04:00 pm",0,251.624,70.4623,0
"Sep 27, 05:00 pm",0,261.446,81.9853,0.109517
"Sep 27, 06:00 pm",0,270.617,93.9709,0
"Sep 27, 07:00 pm",0,279.952,105.829,0
"Sep 27, 08:00 pm",0,290.329,117.328,0
"Sep 27, 09:00 pm",0,302.9,127.99,0
"Sep 27, 10:00 pm",0,319.236,137.005,0
"Sep 27, 11:00 pm",0,340.735,143.023,0
"Sep 28, 12:00 am",0,6.1046,144.421,0
"Sep 28, 01:00 am",0,30.1305,140.694,0
"Sep 28, 02:00 am",0,49.133,133.074,0
"Sep 28, 03:00 am",0,63.5009,123.164,0
"Sep 28, 04:00 am",0,74.8887,112.046,0
"Sep 28, 05:00 am",0,84.6733,100.345,0
"Sep 28, 06:00 am",0,93.8542,88.153,0
"Sep 28, 07:00 am",0,103.255,76.6342,0
"Sep 28, 08:00 am",0,113.723,65.3871,0
"Sep 28, 09:00 am",0,126.304,55.0941,0.699464
"Sep 28, 10:00 am",0,142.264,46.5656,0.686388
"Sep 28, 11:00 am",0,162.474,41.0242,0.675314
"Sep 28, 12:00 pm",0,185.611,39.7925,0.671945
"Sep 28, 01:00 pm",347.033,207.704,43.2507,0.679922
"Sep 28, 02:00 pm",366.45,225.825,50.4207,0.69266
"Sep 28, 03:00 pm",372.895,239.976,59.9367,0.704897
"Sep 28, 04:00 pm",249.707,251.372,70.7811,0.601004
"Sep 28, 05:00 pm",39.7758,261.19,82.2895,0
"Sep 28, 06:00 pm",29.0701,270.358,94.2737,0
"Sep 28, 07:00 pm",16.0846,279.69,106.137,0
"Sep 28, 08:00 pm",0,290.065,117.65,0
"Sep 28, 09:00 pm",0,302.649,128.335,0
"Sep 28, 10:00 pm",0,319.044,137.381,0
"Sep 28, 11:00 pm",0,340.699,143.42,0
"Sep 29, 12:00 am",0,6.30596,144.802,0
"Sep 29, 01:00 am",0,30.4986,141.016,0
"Sep 29, 02:00 am",0,49.5459,133.334,0
"Sep 29, 03:00 am",0,63.9022,123.378,0
"Sep 29, 04:00 am",0,75.2686,112.231,0
"Sep 29, 05:00 am",0,85.0379,100.516,0
"Sep 29, 06:00 am",0,94.2132,88.3106,0
"Sep 29, 07:00 am",0,103.617,76.8157,0.331767
"Sep 29, 08:00 am",0,114.096,65.5935,0.710277
"Sep 29, 09:00 am",337.494,126.684,55.3399,0.698764
"Sep 29, 10:00 am",357.957,142.622,46.8654,0.68537
"Sep 29, 11:00 am",347.918,162.736,41.3819,0.674024
"Sep 29, 12:00 pm",360.893,185.693,40.1864,0.671181
"Sep 29, 01:00 pm",373.206,207.608,43.6425,0.678863
"Sep 29, 02:00 pm",385.319,225.628,50.7875,0.691949
"Sep 29, 03:00 pm",376.728,239.738,60.2759,0.704481
"Sep 29, 04:00 pm",251.939,251.121,71.0991,0.591465
"Sep 29, 05:00 pm",39.7294,260.934,82.5922,0
"Sep 29, 06:00 pm",29.0374,270.099,94.5754,0
"Sep 29, 07:00 pm",16.495,279.426,106.443,0
"Sep 29, 08:00 pm",0,289.798,117.97,0
"Sep 29, 09:00 pm",0,302.395,128.679,0
"Sep 29, 10:00 pm",0,318.848,137.755,0
"Sep 29, 11:00 pm",0,340.661,143.816,0
"Sep 30, 12:00 am",0,6.50933,145.181,0
"Sep 30, 01:00 am",0,30.8702,141.338,0
"Sep 30, 02:00 am",0,49.9608,133.593,0
"Sep 30, 03:00 am",0,64.3043,123.591,0
"Sep 30, 04:00 am",0,75.6485,112.416,0
"Sep 30, 05:00 am",0,85.402,100.688,0
"Sep 30, 06:00 am",0,94.5712,88.4668,0
"Sep 30, 07:00 am",0,103.979,76.9979,0.323327
"Sep 30, 08:00 am",0,114.467,65.8012,0.697333
"Sep 30, 09:00 am",149.97,127.06,55.5871,0.698087
"Sep 30, 10:00 am",161.862,142.975,47.1662,0.684331
"Sep 30, 11:00 am",148.662,162.994,41.74,0.672707
"Sep 30, 12:00 pm",160.396,185.771,40.5798,0.669842
"Sep 30, 01:00 pm",370.77,207.512,44.0335,0.677785
"Sep 30, 02:00 pm",387.28,225.431,51.1534,0.691227
"Sep 30, 03:00 pm",359.074,239.5,60.6143,0.704058
"Sep 30, 04:00 pm",229.01,250.87,71.4158,0.581934
"Sep 30, 05:00 pm",39.8479,260.678,82.8929,0
"Sep 30, 06:00 pm",29.1478,269.839,94.8759,0
"Sep 30, 07:00 pm",16.1531,279.161,106.748,0
"Sep 30, 08:00 pm",0,289.53,118.289,0
"Sep 30, 09:00 pm",0,302.138,129.021,0
"Sep 30, 10:00 pm",0,318.648,138.129,0
"Sep 30, 11:00 pm",0,340.621,144.212,0
"Oct 1, 12:00 am",0,6.71459,145.56,0
"Oct 1, 01:00 am",0,31.2451,141.659,0
"Oct 1, 02:00 am",0,50.3777,133.851,0
"Oct 1, 03:00 am",0,64.7069,123.802,0
"Oct 1, 04:00 am",0,76.0282,112.6,0
"Oct 1, 05:00 am",0,85.7654,100.86,0
"Oct 1, 06:00 am",0,94.9281,88.6254,0
"Oct 1, 07:00 am",0,104.338,77.1819,0.314916
"Oct 1, 08:00 am",0,114.835,66.0105,0.709303
"Oct 1, 09:00 am",0,127.433,55.8359,0.697331
"Oct 1, 10:00 am",396.583,143.324,47.4683,0.683271
"Oct 1, 11:00 am",378.901,163.245,42.0985,0.671364
"Oct 1, 12:00 pm",170.751,185.847,40.9726,0.668477
"Oct 1, 01:00 pm",169.736,207.416,44.4237,0.676688
"Oct 1, 02:00 pm",199.953,225.236,51.5187,0.690493
"Oct 1, 03:00 pm",82.2072,239.264,60.952,0.703627
"Oct 1, 04:00 pm",260.033,250.619,71.7319,0.572416
"Oct 1, 05:00 pm",39.9016,260.422,83.1929,0
"Oct 1, 06:00 pm",28.8726,269.579,95.175,0
"Oct 1, 07:00 pm",16.407,278.895,107.051,0
"Oct 1, 08:00 pm",0,289.26,118.605,0
"Oct 1, 09:00 pm",0,301.877,129.362,0
"Oct 1, 10:00 pm",0,318.444,138.5,0
"Oct 1, 11:00 pm",0,340.578,144.607,0
"Oct 2, 12:00 am",0,6.92162,145.938,0
"Oct 2, 01:00 am",0,31.6231,141.978,0
"Oct 2, 02:00 am",0,50.7964,134.107,0
"Oct 2, 03:00 am",0,65.1101,124.013,0
"Oct 2, 04:00 am",0,76.4076,112.784,0
"Oct 2, 05:00 am",0,86.128,101.033,0
"Oct 2, 06:00 am",0,95.2838,88.782,0
"Oct 2, 07:00 am",0,104.696,77.3664,0.306486
"Oct 2, 08:00 am",0,115.201,66.221,0.687988
"Oct 2, 09:00 am",429.76,127.802,56.0861,0.696654
"Oct 2, 10:00 am",419.199,143.667,47.7714,0.682191
"Oct 2, 11:00 am",398.83,163.492,42.457,0.669993
"Oct 2, 12:00 pm",396.047,185.92,41.3647,0.667087
"Oct 2, 01:00 pm",410.935,207.32,44.8128,0.675573
"Oct 2, 02:00 pm",437.285,225.041,51.8828,0.689748
"Oct 2, 03:00 pm",446.722,239.029,61.2885,0.70319
"Oct 2, 04:00 pm",314.114,250.369,72.0466,0.562917
"Oct 2, 05:00 pm",39.8521,260.166,83.4903,0
"Oct 2, 06:00 pm",29.1578,269.318,95.4725,0
"Oct 2, 07:00 pm",16.7098,278.628,107.352,0
"Oct 2, 08:00 pm",0,288.988,118.92,0
"Oct 2, 09:00 pm",0,301.613,129.7,0
"Oct 2, 10:00 pm",0,318.236,138.87,0
"Oct 2, 11:00 pm",0,340.533,145.001,0
"Oct 3, 12:00 am",0,7.13028,146.315,0
"Oct 3, 01:00 am",0,32.0042,142.296,0
"Oct 3, 02:00 am",0,51.2167,134.362,0
"Oct 3, 03:00 am",0,65.5135,124.223,0
"Oct 3, 04:00 am",0,76.7865,112.968,0
"Oct 3, 05:00 am",0,86.4896,101.205,0
"Oct 3, 06:00 am",0,95.638,88.9358,0
"Oct 3, 07:00 am",0,105.052,77.5517,0.298094
"Oct 3, 08:00 am",0,115.564,66.4326,0.685908
"Oct 3, 09:00 am",433.769,128.167,56.3375,0.695917
"Oct 3, 10:00 am",422.824,144.005,48.0755,0.68109
"Oct 3, 11:00 am",400.507,163.733,42.8157,0.668597
"Oct 3, 12:00 pm",394.55,185.989,41.756,0.66567
"Oct 3, 01:00 pm",410.973,207.224,45.2008,0.674439
"Oct 3, 02:00 pm",438.131,224.848,52.246,0.688992
"Oct 3, 03:00 pm",436.005,238.794,61.6241,0.702745
"Oct 3, 04:00 pm",295.056,250.12,72.3602,0.553441
"Oct 3, 05:00 pm",39.8844,259.911,83.7865,0
"Oct 3, 06:00 pm",29.2027,269.057,95.7685,0
"Oct 3, 07:00 pm",16.7336,278.36,107.652,0
"Oct 3, 08:00 pm",0,288.714,119.233,0
"Oct 3, 09:00 pm",0,301.347,130.036,0
"Oct 3, 10:00 pm",0,318.023,139.239,0
"Oct 3, 11:00 pm",0,340.485,145.394,0
"Oct 4, 12:00 am",0,7.34042,146.692,0
"Oct 4, 01:00 am",0,32.3881,142.612,0
"Oct 4, 02:00 am",0,51.6384,134.616,0
"Oct 4, 03:00 am",0,65.9171,124.433,0
"Oct 4, 04:00 am",0,77.1648,113.151,0
"Oct 4, 05:00 am",0,86.8501,101.378,0
"Oct 4, 06:00 am",0,95.9907,89.0897,0
"Oct 4, 07:00 am",0,105.406,77.738,0.289741
"Oct 4, 08:00 am",0,115.924,66.6456,0.683804
"Oct 4, 09:00 am",421.083,128.529,56.5903,0.695166
"Oct 4, 10:00 am",410.238,144.337,48.3805,0.679968
"Oct 4, 11:00 am",388.273,163.968,43.1744,0.667173
"Oct 4, 12:00 pm",383.622,186.056,42.1463,0.664227
"Oct 4, 01:00 pm",399.107,207.127,45.5876,0.673286
"Oct 4, 02:00 pm",420.537,224.656,52.608,0.688223
"Oct 4, 03:00 pm",421.801,238.561,61.9583,0.702294
"Oct 4, 04:00 pm",270.418,249.871,72.6722,0.543994
"Oct 4, 05:00 pm",39.8583,259.655,84.0804,0
"Oct 4, 06:00 pm",29.0482,268.795,96.0626,0
"Oct 4, 07:00 pm",16.4594,278.091,107.949,0
"Oct 4, 08:00 pm",0,288.438,119.543,0
"Oct 4, 09:00 pm",0,301.076,130.37,0
"Oct 4, 10:00 pm",0,317.807,139.605,0
"Oct 4, 11:00 pm",0,340.433,145.785,0
"Oct 5, 12:00 am",0,7.55188,147.067,0
"Oct 5, 01:00 am",0,32.7747,142.927,0
"Oct 5, 02:00 am",0,52.0613,134.868,0
"Oct 5, 03:00 am",0,66.3206,124.641,0
"Oct 5, 04:00 am",0,77.5424,113.334,0
"Oct 5, 05:00 am",0,87.2093,101.551,0
"Oct 5, 06:00 am",0,96.3417,89.2449,0
"Oct 5, 07:00 am",0,105.758,77.9259,0.281428
"Oct 5, 08:00 am",0,116.281,66.8601,0.681676
"Oct 5, 09:00 am",431.999,128.885,56.8445,0.694402
"Oct 5, 10:00 am",417.135,144.664,48.6864,0.678827
"Oct 5, 11:00 am",394.938,164.198,43.5331,0.665723
"Oct 5, 12:00 pm",389.523,186.119,42.5357,0.662759
"Oct 5, 01:00 pm",406.98,207.031,45.9731,0.672114
"Oct 5, 02:00 pm",432.325,224.465,52.9686,0.687444
"Oct 5, 03:00 pm",427.995,238.328,62.2913,0.701835
"Oct 5, 04:00 pm",273.448,249.623,72.9829,0.534581
"Oct 5, 05:00 pm",39.916,259.399,84.3723,0
"Oct 5, 06:00 pm",29.2217,268.533,96.3547,0
"Oct 5, 07:00 pm",16.7098,277.82,108.244,0
"Oct 5, 08:00 pm",0,288.16,119.851,0
"Oct 5, 09:00 pm",0,300.803,130.702,0
"Oct 5, 10:00 pm",0,317.585,139.969,0
"Oct 5, 11:00 pm",0,340.379,146.175,0
"Oct 6, 12:00 am",0,7.7645,147.441,0
"Oct 6, 01:00 am",0,33.1638,143.241,0
"Oct 6, 02:00 am",0,52.4853,135.119,0
"Oct 6, 03:00 am",0,66.7239,124.849,0
"Oct 6, 04:00 am",0,77.919,113.517,0
"Oct 6, 05:00 am",0,87.5672,101.724,0
"Oct 6, 06:00 am",0,96.691,89.3989,0
"Oct 6, 07:00 am",0,106.107,78.1145,0.273156
"Oct 6, 08:00 am",0,116.634,67.0757,0.679536
"Oct 6, 09:00 am",438.618,129.238,57.0998,0.693624
"Oct 6, 10:00 am",419.632,144.985,48.9932,0.677665
"Oct 6, 11:00 am",393.891,164.422,43.8917,0.664246
"Oct 6, 12:00 pm",388.377,186.179,42.924,0.661264
"Oct 6, 01:00 pm",404.383,206.934,46.3572,0.670924
"Oct 6, 02:00 pm",427.67,224.274,53.3279,0.686653
"Oct 6, 03:00 pm",434.135,238.096,62.623,0.701369
"Oct 6, 04:00 pm",273.486,249.375,73.2922,0.525207
"Oct 6, 05:00 pm",39.8791,259.144,84.6627,0
"Oct 6, 06:00 pm",29.1502,268.27,96.6448,0
"Oct 6, 07:00 pm",16.5747,277.548,108.537,0
"Oct 6, 08:00 pm",0,287.88,120.156,0
"Oct 6, 09:00 pm",0,300.526,131.031,0
"Oct 6, 10:00 pm",0,317.359,140.332,0
"Oct 6, 11:00 pm",0,340.32,146.564,0
"Oct 7, 12:00 am",0,7.97809,147.813,0
"Oct 7, 01:00 am",0,33.5553,143.553,0
"Oct 7, 02:00 am",0,52.9102,135.369,0
"Oct 7, 03:00 am",0,67.1269,125.055,0
"Oct 7, 04:00 am",0,78.2946,113.7,0
"Oct 7, 05:00 am",0,87.9236,101.897,0
"Oct 7, 06:00 am",0,97.0383,89.5501,0
"Oct 7, 07:00 am",0,106.454,78.304,0.264926
"Oct 7, 08:00 am",0,116.985,67.2925,0.677109
"Oct 7, 09:00 am",430.166,129.586,57.3563,0.692834
"Oct 7, 10:00 am",412.827,145.3,49.3004,0.676484
"Oct 7, 11:00 am",388.826,164.64,44.2497,0.662743
"Oct 7, 12:00 pm",372.854,186.236,43.311,0.659743
"Oct 7, 01:00 pm",385.988,206.837,46.7395,0.669716
"Oct 7, 02:00 pm",408.621,224.084,53.6853,0.685851
"Oct 7, 03:00 pm",399.296,237.865,62.9525,0.700896
"Oct 7, 04:00 pm",231.674,249.128,73.599,0.515878
"Oct 7, 05:00 pm",39.8235,258.888,84.949,0
"Oct 7, 06:00 pm",29.0717,268.007,96.9325,0
"Oct 7, 07:00 pm",16.4928,277.276,108.828,0
"Oct 7, 08:00 pm",0,287.597,120.459,0
"Oct 7, 09:00 pm",0,300.245,131.357,0
"Oct 7, 10:00 pm",0,317.128,140.691,0
"Oct 7, 11:00 pm",0,340.258,146.951,0
"Oct 8, 12:00 am",0,8.19249,148.185,0
"Oct 8, 01:00 am",0,33.949,143.864,0
"Oct 8, 02:00 am",0,53.3358,135.618,0
"Oct 8, 03:00 am",0,67.5294,125.262,0
"Oct 8, 04:00 am",0,78.669,113.883,0
"Oct 8, 05:00 am",0,88.2784,102.071,0
"Oct 8, 06:00 am",0,97.3835,89.6991,0
"Oct 8, 07:00 am",0,106.798,78.4943,0.256738
"Oct 8, 08:00 am",0,117.332,67.5103,0.67413
"Oct 8, 09:00 am",387.865,129.929,57.6138,0.692008
"Oct 8, 10:00 am",383.731,145.61,49.6082,0.675283
"Oct 8, 11:00 am",361.644,164.852,44.6074,0.661215
"Oct 8, 12:00 pm",359.683,186.29,43.6966,0.658197
"Oct 8, 01:00 pm",376.269,206.739,47.1201,0.668489
"Oct 8, 02:00 pm",399.359,223.895,54.0411,0.685038
"Oct 8, 03:00 pm",407.783,237.635,63.2805,0.700416
"Oct 8, 04:00 pm",238.224,248.881,73.9042,0.506598
"Oct 8, 05:00 pm",39.8805,258.632,85.2336,0
"Oct 8, 06:00 pm",29.2559,267.743,97.218,0
"Oct 8, 07:00 pm",16.8015,277.002,109.115,0
"Oct 8, 08:00 pm",0,287.313,120.759,0
"Oct 8, 09:00 pm",0,299.961,131.681,0
"Oct 8, 10:00 pm",0,316.892,141.048,0
"Oct 8, 11:00 pm",0,340.192,147.336,0
"Oct 9, 12:00 am",0,8.40749,148.555,0
"Oct 9, 01:00 am",0,34.3446,144.173,0
"Oct 9, 02:00 am",0,53.7619,135.865,0
"Oct 9, 03:00 am",0,67.9311,125.467,0
"Oct 9, 04:00 am",0,79.042,114.065,0
"Oct 9, 05:00 am",0,88.6314,102.245,0
"Oct 9, 06:00 am",0,97.7266,89.852,0
"Oct 9, 07:00 am",0,107.139,78.6861,0.248595
"Oct 9, 08:00 am",0,117.676,67.7297,0.671121
"Oct 9, 09:00 am",393.982,130.268,57.8726,0.691217
"Oct 9, 10:00 am",391.466,145.914,49.9168,0.674063
"Oct 9, 11:00 am",368.135,165.059,44.9648,0.65966
"Oct 9, 12:00 pm",349.846,186.34,44.0809,0.656625
"Oct 9, 01:00 pm",363.461,206.64,47.499,0.667243
"Oct 9, 02:00 pm",381.603,223.706,54.395,0.684213
"Oct 9, 03:00 pm",382.895,237.405,63.6066,0.69993
"Oct 9, 04:00 pm",203.709,248.634,74.2072,0.496881
"Oct 9, 05:00 pm",39.962,258.377,85.5148,0
"Oct 9, 06:00 pm",29.2367,267.479,97.5008,0
"Oct 9, 07:00 pm",16.6491,276.727,109.4,0
"Oct 9, 08:00 pm",0,287.026,121.056,0
"Oct 9, 09:00 pm",0,299.674,132.001,0
"Oct 9, 10:00 pm",0,316.651,141.403,0
"Oct 9, 11:00 pm",0,340.121,147.719,0
"Oct 10, 12:00 am",0,8.62292,148.923,0
"Oct 10, 01:00 am",0,34.7421,144.48,0
"Oct 10, 02:00 am",0,54.1883,136.111,0
"Oct 10, 03:00 am",0,68.3321,125.671,0
"Oct 10, 04:00 am",0,79.4136,114.247,0
"Oct 10, 05:00 am",0,88.9825,102.419,0
"Oct 10, 06:00 am",0,98.0674,89.998,0
"Oct 10, 07:00 am",0,107.478,78.8782,0.240497
"Oct 10, 08:00 am",0,118.015,67.9498,0.674496
"Oct 10, 09:00 am",353.826,130.602,58.1323,0.690366
"Oct 10, 10:00 am",364.801,146.212,50.2257,0.672825
"Oct 10, 11:00 am",348.163,165.26,45.3215,0.658079
"Oct 10, 12:00 pm",322.654,186.386,44.4635,0.655027
"Oct 10, 01:00 pm",339.714,206.541,47.8758,0.665979
"Oct 10, 02:00 pm",360.346,223.518,54.7468,0.683378
"Oct 10, 03:00 pm",349.225,237.176,63.9305,0.699436
"Oct 10, 04:00 pm",171.326,248.388,74.5079,0.480108
"Oct 10, 05:00 pm",40.054,258.121,85.7929,0
"Oct 10, 06:00 pm",29.3804,267.214,97.7811,0
"Oct 10, 07:00 pm",16.3527,276.45,109.682,0
"Oct 10, 08:00 pm",0,286.738,121.349,0
"Oct 10, 09:00 pm",0,299.383,132.318,0
"Oct 10, 10:00 pm",0,316.405,141.755,0
"Oct 10, 11:00 pm",0,340.046,148.101,0
"Oct 11, 12:00 am",0,8.83858,149.29,0
"Oct 11, 01:00 am",0,35.1411,144.786,0
"Oct 11, 02:00 am",0,54.6149,136.355,0
"Oct 11, 03:00 am",0,68.7319,125.875,0
"Oct 11, 04:00 am",0,79.7835,114.429,0
"Oct 11, 05:00 am",0,89.3315,102.594,0
"Oct 11, 06:00 am",0,98.4057,90.1466,0
"Oct 11, 07:00 am",0,107.813,79.0718,0.232447
"Oct 11, 08:00 am",0,118.352,68.1714,0.670614
"Oct 11, 09:00 am",327.844,130.931,58.393,0.689509
"Oct 11, 10:00 am",340.718,146.503,50.5349,0.671568
"Oct 11, 11:00 am",321.344,165.456,45.6775,0.656474
"Oct 11, 12:00 pm",319.616,186.43,44.8445,0.653404
"Oct 11, 01:00 pm",332.482,206.441,48.2506,0.664697
"Oct 11, 02:00 pm",345.681,223.33,55.0966,0.682531
"Oct 11, 03:00 pm",321.423,236.948,64.2524,0.698935
"Oct 11, 04:00 pm",40.7656,248.142,74.8066,0.463709
"Oct 11, 05:00 pm",31.519,257.866,86.0692,0
"Oct 11, 06:00 pm",19.1528,266.949,98.0585,0
"Oct 11, 07:00 pm",0,276.173,109.961,0
"Oct 11, 08:00 pm",0,286.447,121.64,0
"Oct 11, 09:00 pm",0,299.088,132.632,0
"Oct 11, 10:00 pm",0,316.153,142.103,0
"Oct 11, 11:00 pm",0,339.966,148.48,0
"Oct 12, 12:00 am",0,9.05426,149.656,0
"Oct 12, 01:00 am",0,35.5417,145.09,0
"Oct 12, 02:00 am",0,55.0413,136.598,0
"Oct 12, 03:00 am",0,69.1307,126.078,0
"Oct 12, 04:00 am",0,80.1517,114.611,0
"Oct 12, 05:00 am",0,89.6784,102.769,0
"Oct 12, 06:00 am",0,98.7414,90.9127,0
"Oct 12, 07:00 am",0,108.146,79.2665,0
"Oct 12, 08:00 am",0,118.684,68.394,0.702558
"Oct 12, 09:00 am",0,131.255,58.6545,0.688645
"Oct 12, 10:00 am",203.102,146.789,50.8443,0.670294
"Oct 12, 11:00 am",283.98,165.645,46.0326,0.654843
"Oct 12, 12:00 pm",287.959,186.469,45.2236,0.651756
"Oct 12, 01:00 pm",214.898,206.34,48.623,0.663397
"Oct 12, 02:00 pm",315.523,223.143,55.4439,0.681674
"Oct 12, 03:00 pm",297.051,236.72,64.5715,0.698427
"Oct 12, 04:00 pm",124.43,247.896,75.1022,0.447685
"Oct 12, 05:00 pm",39.9172,257.61,86.3397,0
"Oct 12, 06:00 pm",28.6759,266.684,98.3329,0
"Oct 12, 07:00 pm",16.045,275.895,110.237,0
"Oct 12, 08:00 pm",0,286.155,121.927,0
"Oct 12, 09:00 pm",0,298.79,132.942,0
"Oct 12, 10:00 pm",0,315.896,142.449,0
"Oct 12, 11:00 pm",0,339.881,148.857,0
"Oct 13, 12:00 am",0,9.26978,150.019,0
"Oct 13, 01:00 am",0,35.9434,145.393,0
"Oct 13, 02:00 am",0,55.4675,136.84,0
"Oct 13, 03:00 am",0,69.528,126.28,0
"Oct 13, 04:00 am",0,80.5179,114.793,0
"Oct 13, 05:00 am",0,90.0231,102.945,0
"Oct 13, 06:00 am",0,99.0745,91.0936,0
"Oct 13, 07:00 am",0,108.475,79.4621,0
"Oct 13, 08:00 am",0,119.012,68.6178,0.696891
"Oct 13, 09:00 am",0,131.573,58.9171,0.687846
"Oct 13, 10:00 am",0,147.069,51.1541,0.668695
"Oct 13, 11:00 am",256.226,165.829,46.387,0.653188
"Oct 13, 12:00 pm",268.041,186.506,45.601,0.650082
"Oct 13, 01:00 pm",91.8789,206.238,48.9934,0.662079
"Oct 13, 02:00 pm",289.641,222.956,55.7891,0.680805
"Oct 13, 03:00 pm",139.777,236.493,64.8887,0.697913
"Oct 13, 04:00 pm",91.4292,247.651,75.3958,0.432038
"Oct 13, 05:00 pm",39.8826,257.355,86.609,0
"Oct 13, 06:00 pm",28.7321,266.418,98.6043,0
"Oct 13, 07:00 pm",16.0818,275.616,110.509,0
"Oct 13, 08:00 pm",0,285.86,122.21,0
"Oct 13, 09:00 pm",0,298.488,133.249,0
"Oct 13, 10:00 pm",0,315.633,142.791,0
"Oct 13, 11:00 pm",0,339.791,149.232,0
"Oct 14, 12:00 am",0,9.48493,150.381,0
"Oct 14, 01:00 am",0,36.3462,145.694,0
"Oct 14, 02:00 am",0,55.8933,137.081,0
"Oct 14, 03:00 am",0,69.9238,126.482,0
"Oct 14, 04:00 am",0,80.8821,114.974,0
"Oct 14, 05:00 am",0,90.3652,103.12,0
"Oct 14, 06:00 am",0,99.4048,91.2752,0
"Oct 14, 07:00 am",0,108.801,79.659,0.208598
"Oct 14, 08:00 am",0,119.336,68.8426,0.691171
"Oct 14, 09:00 am",0,131.887,59.1803,0.686977
"Oct 14, 10:00 am",0,147.343,51.464,0.667695
"Oct 14, 11:00 am",0,166.006,46.7404,0.651195
"Oct 14, 12:00 pm",29.3082,186.538,45.9764,0.648384
"Oct 14, 01:00 pm",135.03,206.135,49.3612,0.660408
"Oct 14, 02:00 pm",72.0131,222.769,56.1315,0.679926
"Oct 14, 03:00 pm",238.615,236.266,65.203,0.697391
"Oct 14, 04:00 pm",40.6663,247.407,75.6863,0.416768
"Oct 14, 05:00 pm",31.0111,257.099,86.8733,0
"Oct 14, 06:00 pm",18.9467,266.152,98.8725,0
"Oct 14, 07:00 pm",0,275.335,110.778,0
"Oct 14, 08:00 pm",0,285.563,122.49,0
"Oct 14, 09:00 pm",0,298.183,133.552,0
"Oct 14, 10:00 pm",0,315.364,143.129,0
"Oct 14, 11:00 pm",0,339.695,149.604,0
"Oct 15, 12:00 am",0,9.69952,150.741,0
"Oct 15, 01:00 am",0,36.7498,145.992,0
"Oct 15, 02:00 am",0,56.3184,137.32,0
"Oct 15, 03:00 am",0,70.318,126.683,0
"Oct 15, 04:00 am",0,81.2441,115.156,0
"Oct 15, 05:00 am",0,90.7049,103.297,0
"Oct 15, 06:00 am",0,99.7321,91.4575,0
"Oct 15, 07:00 am",0,109.123,79.8557,0.200756
"Oct 15, 08:00 am",0,119.655,69.0681,0.685398
"Oct 15, 09:00 am",232.553,132.195,59.4442,0.686041
"Oct 15, 10:00 am",305.565,147.61,51.7738,0.66637
"Oct 15, 11:00 am",293.551,166.178,47.0927,0.649806
"Oct 15, 12:00 pm",306.708,186.568,46.3497,0.646662
"Oct 15, 01:00 pm",324.635,206.031,49.7266,0.65939
"Oct 15, 02:00 pm",346.694,222.583,56.4715,0.679036
"Oct 15, 03:00 pm",344.007,236.04,65.5147,0.696863
"Oct 15, 04:00 pm",135.053,247.162,75.9742,0.401877
"Oct 15, 05:00 pm",39.8524,256.844,87.1341,0
"Oct 15, 06:00 pm",28.6532,265.885,99.1374,0
"Oct 15, 07:00 pm",16.0453,275.054,111.044,0
"Oct 15, 08:00 pm",0,285.265,122.766,0
"Oct 15, 09:00 pm",0,297.874,133.851,0
"Oct 15, 10:00 pm",0,315.089,143.464,0
"Oct 15, 11:00 pm",0,339.593,149.973,0
"Oct 16, 12:00 am",0,9.91333,151.099,0
"Oct 16, 01:00 am",0,37.1541,146.289,0
"Oct 16, 02:00 am",0,56.7427,137.557,0
"Oct 16, 03:00 am",0,70.7103,126.883,0
"Oct 16, 04:00 am",0,81.6038,115.337,0
"Oct 16, 05:00 am",0,91.0419,103.473,0
"Oct 16, 06:00 am",0,100.056,91.6405,0
"Oct 16, 07:00 am",0,109.442,80.0532,0.19297
"Oct 16, 08:00 am",0,119.971,69.2942,0.660763
"Oct 16, 09:00 am",168.864,132.498,59.7083,0.685157
"Oct 16, 10:00 am",296.099,147.871,52.083,0.665031
"Oct 16, 11:00 am",278.386,166.345,47.4433,0.64808
"Oct 16, 12:00 pm",90.2152,186.593,46.7204,0.644916
"Oct 16, 01:00 pm",88.2285,205.926,50.0888,0.65802
"Oct 16, 02:00 pm",58.0535,222.397,56.8081,0.678136
"Oct 16, 03:00 pm",43.2684,235.814,65.8228,0.696328
"Oct 16, 04:00 pm",38.5597,246.918,76.2579,0.386441
"Oct 16, 05:00 pm",29.3454,256.589,87.3877,0
"Oct 16, 06:00 pm",16.2587,265.618,99.3989,0
"Oct 16, 07:00 pm",0,274.772,111.305,0
"Oct 16, 08:00 pm",0,284.964,123.038,0
"Oct 16, 09:00 pm",0,297.561,134.145,0
"Oct 16, 10:00 pm",0,314.809,143.796,0
"Oct 16, 11:00 pm",0,339.485,150.34,0
"Oct 17, 12:00 am",0,10.1262,151.456,0
"Oct 17, 01:00 am",0,37.5589,146.585,0
"Oct 17, 02:00 am",0,57.166,137.794,0
"Oct 17, 03:00 am",0,71.1006,127.083,0
"Oct 17, 04:00 am",0,81.9609,115.518,0
"Oct 17, 05:00 am",0,91.3761,103.65,0
"Oct 17, 06:00 am",0,100.378,91.8242,0
"Oct 17, 07:00 am",0,109.757,80.2527,0
"Oct 17, 08:00 am",0,120.281,69.5216,0.673695
"Oct 17, 09:00 am",0,132.796,59.9731,0
"Oct 17, 10:00 am",0,148.126,52.3922,0
"Oct 17, 11:00 am",0,166.505,47.7927,0
"Oct 17, 12:00 pm",0,186.615,47.0888,0
"Oct 17, 01:00 pm",0,205.82,50.4483,0.656633
"Oct 17, 02:00 pm",0,222.211,57.1419,0.677225
"Oct 17, 03:00 pm",0,235.589,66.1281,0
"Oct 17, 04:00 pm",0,246.675,76.5386,0
"Oct 17, 05:00 pm",0,256.334,87.6361,0
"Oct 17, 06:00 pm",0,265.351,99.6568,0
"Oct 17, 07:00 pm",0,274.489,111.563,0
"Oct 17, 08:00 pm",0,284.662,123.305,0
"Oct 17, 09:00 pm",0,297.245,134.436,0
"Oct 17, 10:00 pm",0,314.523,144.123,0
"Oct 17, 11:00 pm",0,339.371,150.703,0
"Oct 18, 12:00 am",0,10.3378,151.809,0
"Oct 18, 01:00 am",0,37.9638,146.878,0
"Oct 18, 02:00 am",0,57.588,138.029,0
"Oct 18, 03:00 am",0,71.4888,127.281,0
"Oct 18, 04:00 am",0,82.3155,115.7,0
"Oct 18, 05:00 am",0,91.7073,103.828,0
"Oct 18, 06:00 am",0,100.695,92.0085,0
"Oct 18, 07:00 am",0,110.068,80.452,0
"Oct 18, 08:00 am",0,120.588,69.7495,0.667766
"Oct 18, 09:00 am",0,133.088,60.2384,0.683413
"Oct 18, 10:00 am",0,148.375,52.7011,0.662308
"Oct 18, 11:00 am",0,166.66,48.1407,0
"Oct 18, 12:00 pm",0,186.634,47.4549,0.641353
"Oct 18, 01:00 pm",0,205.714,50.8051,0.655229
"Oct 18, 02:00 pm",0,222.025,57.473,0.676304
"Oct 18, 03:00 pm",0,235.365,66.4307,0.690556
"Oct 18, 04:00 pm",26.6411,246.432,76.8168,0.359471
"Oct 18, 05:00 pm",16.6725,256.079,87.8819,0
"Oct 18, 06:00 pm",0,265.084,99.911,0
"Oct 18, 07:00 pm",0,274.206,111.817,0
"Oct 18, 08:00 pm",0,284.358,123.569,0
"Oct 18, 09:00 pm",0,296.925,134.722,0
"Oct 18, 10:00 pm",0,314.23,144.446,0
"Oct 18, 11:00 pm",0,339.251,151.064,0
"Oct 19, 12:00 am",0,10.5481,152.161,0
"Oct 19, 01:00 am",0,38.3689,147.169,0
"Oct 19, 02:00 am",0,58.0086,138.262,0
"Oct 19, 03:00 am",0,71.8746,127.479,0
"Oct 19, 04:00 am",0,82.6673,115.881,0
"Oct 19, 05:00 am",0,92.0355,104.005,0
"Oct 19, 06:00 am",0,101.01,92.1935,0
"Oct 19, 07:00 am",0,110.376,80.6521,0
"Oct 19, 08:00 am",0,120.889,69.978,0.661788
"Oct 19, 09:00 am",0,133.374,60.5038,0.682445
"Oct 19, 10:00 am",30.2055,148.617,53.0094,0.660617
"Oct 19, 11:00 am",26.4703,166.808,48.4871,0.642769
"Oct 19, 12:00 pm",191.804,186.649,47.8184,0.638885
"Oct 19, 01:00 pm",38.5881,205.606,51.1589,0.653808
"Oct 19, 02:00 pm",30.2185,221.84,57.801,0.675374
"Oct 19, 03:00 pm",23.2259,235.141,66.7305,0.694685
"Oct 19, 04:00 pm",16.4367,246.19,77.0921,0.345394
"Oct 19, 05:00 pm",0,255.825,88.1245,0
"Oct 19, 06:00 pm",0,264.817,100.161,0
"Oct 19, 07:00 pm",0,273.922,112.067,0
"Oct 19, 08:00 pm",0,284.053,123.828,0
"Oct 19, 09:00 pm",0,296.603,135.004,0
"Oct 19, 10:00 pm",0,313.932,144.765,0
"Oct 19, 11:00 pm",0,339.124,151.422,0
"Oct 20, 12:00 am",0,10.7568,152.511,0
"Oct 20, 01:00 am",0,38.7737,147.458,0
"Oct 20, 02:00 am",0,58.4276,138.494,0
"Oct 20, 03:00 am",0,72.258,127.677,0
"Oct 20, 04:00 am",0,83.0163,116.062,0
"Oct 20, 05:00 am",0,92.3606,104.183,0
"Oct 20, 06:00 am",0,101.321,92.3791,0
"Oct 20, 07:00 am",0,110.679,80.8531,0.162447
"Oct 20, 08:00 am",0,121.186,70.2077,0.640519
"Oct 20, 09:00 am",25.6573,133.655,60.77,0.681586
"Oct 20, 10:00 am",23.1315,148.853,53.3175,0.659334
"Oct 20, 11:00 am",21.2149,166.951,48.8321,0.640957
"Oct 20, 12:00 pm",263.538,186.661,48.1795,0.6372
"Oct 20, 01:00 pm",341.821,205.496,51.5097,0.652372
"Oct 20, 02:00 pm",374.498,221.655,58.1258,0.674433
"Oct 20, 03:00 pm",384.789,234.917,67.0267,0.694125
"Oct 20, 04:00 pm",39.9123,245.948,77.3637,0.333083
"Oct 20, 05:00 pm",29.158,255.57,88.3612,0
"Oct 20, 06:00 pm",16.0725,264.55,100.408,0
"Oct 20, 07:00 pm",0,273.637,112.312,0
"Oct 20, 08:00 pm",0,283.746,124.083,0
"Oct 20, 09:00 pm",0,296.276,135.281,0
"Oct 20, 10:00 pm",0,313.627,145.08,0
"Oct 20, 11:00 pm",0,338.989,151.776,0
"Oct 21, 12:00 am",0,10.9636,152.858,0
"Oct 21, 01:00 am",0,39.1782,147.745,0
"Oct 21, 02:00 am",0,58.8448,138.725,0
"Oct 21, 03:00 am",0,72.6387,127.873,0
"Oct 21, 04:00 am",0,83.3622,116.242,0
"Oct 21, 05:00 am",0,92.6824,104.361,0
"Oct 21, 06:00 am",0,101.628,92.5652,0
"Oct 21, 07:00 am",0,110.979,81.0549,0.154983
"Oct 21, 08:00 am",0,121.478,70.4376,0.635353
"Oct 21, 09:00 am",353.825,133.93,61.036,0.680612
"Oct 21, 10:00 am",355.507,149.083,53.6247,0.658125
"Oct 21, 11:00 am",330.515,167.089,49.175,0.639126
"Oct 21, 12:00 pm",320.098,186.669,48.5375,0.635839
"Oct 21, 01:00 pm",117.226,205.386,51.8571,0.65092
"Oct 21, 02:00 pm",42.2475,221.47,58.4471,0.673483
"Oct 21, 03:00 pm",39.2703,234.695,67.3193,0.693558
"Oct 21, 04:00 pm",34.8818,245.706,77.6313,0.285863
"Oct 21, 05:00 pm",26.6745,255.317,88.5906,0
"Oct 21, 06:00 pm",14.4478,264.283,100.651,0
"Oct 21, 07:00 pm",0,273.352,112.554,0
"Oct 21, 08:00 pm",0,283.437,124.333,0
"Oct 21, 09:00 pm",0,295.947,135.553,0
"Oct 21, 10:00 pm",0,313.317,145.39,0
"Oct 21, 11:00 pm",0,338.848,152.127,0
"Oct 22, 12:00 am",0,11.1683,153.202,0
"Oct 22, 01:00 am",0,39.582,148.03,0
"Oct 22, 02:00 am",0,59.26,138.954,0
"Oct 22, 03:00 am",0,73.0165,128.069,0
"Oct 22, 04:00 am",0,83.7049,116.423,0
"Oct 22, 05:00 am",0,93.0007,104.54,0
"Oct 22, 06:00 am",0,101.932,92.7518,0
"Oct 22, 07:00 am",0,111.274,81.2556,0.147592
"Oct 22, 08:00 am",0,121.765,70.6674,0.625412
"Oct 22, 09:00 am",394.835,134.199,61.3017,0.679684
"Oct 22, 10:00 am",380.955,149.306,53.9308,0.656708
"Oct 22, 11:00 am",118.314,167.221,49.5158,0.637275
"Oct 22, 12:00 pm",340.984,186.673,48.8926,0.633959
"Oct 22, 01:00 pm",363.329,205.275,52.201,0.649452
"Oct 22, 02:00 pm",401.075,221.285,58.7648,0.672524
"Oct 22, 03:00 pm",414.542,234.472,67.6083,0.692985
"Oct 22, 04:00 pm",135.747,245.465,77.8953,0.308187
"Oct 22, 05:00 pm",40.145,255.063,88.8151,0
"Oct 22, 06:00 pm",29.4674,264.015,100.889,0
"Oct 22, 07:00 pm",16.3267,273.066,112.791,0
"Oct 22, 08:00 pm",0,283.127,124.579,0
"Oct 22, 09:00 pm",0,295.615,135.821,0
"Oct 22, 10:00 pm",0,313,145.695,0
"Oct 22, 11:00 pm",0,338.699,152.474,0
"Oct 23, 12:00 am",0,11.3708,153.544,0
"Oct 23, 01:00 am",0,39.985,148.313,0
"Oct 23, 02:00 am",0,59.673,139.182,0
"Oct 23, 03:00 am",0,73.3914,128.264,0
"Oct 23, 04:00 am",0,84.0444,116.603,0
"Oct 23, 05:00 am",0,93.3156,104.718,0
"Oct 23, 06:00 am",0,102.231,92.9389,0
"Oct 23, 07:00 am",0,111.564,81.4584,0.140276
"Oct 23, 08:00 am",0,122.047,70.8982,0.621094
"Oct 23, 09:00 am",371.808,134.462,61.5676,0.678752
"Oct 23, 10:00 am",361.375,149.523,54.2362,0.655281
"Oct 23, 11:00 am",329.999,167.347,49.8546,0.635406
"Oct 23, 12:00 pm",326.029,186.675,49.2447,0.632058
"Oct 23, 01:00 pm",351.195,205.163,52.5414,0.64797
"Oct 23, 02:00 pm",387.454,221.1,59.0789,0.671556
"Oct 23, 03:00 pm",394.923,234.251,67.8937,0.692407
"Oct 23, 04:00 pm",116.06,245.225,78.1555,0.296293
"Oct 23, 05:00 pm",40.0372,254.81,89.0327,0
"Oct 23, 06:00 pm",29.4338,263.748,101.123,0
"Oct 23, 07:00 pm",16.3312,272.78,113.023,0
"Oct 23, 08:00 pm",0,282.816,124.82,0
"Oct 23, 09:00 pm",0,295.279,136.083,0
"Oct 23, 10:00 pm",0,312.678,145.996,0
"Oct 23, 11:00 pm",0,338.543,152.817,0
"Oct 24, 12:00 am",0,11.5707,153.883,0
"Oct 24, 01:00 am",0,40.387,148.593,0
"Oct 24, 02:00 am",0,60.0835,139.408,0
"Oct 24, 03:00 am",0,73.7632,128.458,0
"Oct 24, 04:00 am",0,84.3804,116.784,0
"Oct 24, 05:00 am",0,93.6268,104.897,0
"Oct 24, 06:00 am",0,102.527,93.1264,0
"Oct 24, 07:00 am",0,111.851,81.6615,0.133038
"Oct 24, 08:00 am",0,122.324,71.1291,0.619622
"Oct 24, 09:00 am",370.914,134.72,61.8332,0.677816
"Oct 24, 10:00 am",360.354,149.734,54.5403,0.653845
"Oct 24, 11:00 am",329.32,167.467,50.1912,0.633521
"Oct 24, 12:00 pm",326.126,186.673,49.5935,0.630137
"Oct 24, 01:00 pm",352.595,205.049,52.8783,0.646474
"Oct 24, 02:00 pm",389.82,220.915,59.3894,0.670579
"Oct 24, 03:00 pm",404.383,234.03,68.1753,0.691823
"Oct 24, 04:00 pm",114.501,244.986,78.4117,0.284764
"Oct 24, 05:00 pm",40.0853,254.558,89.2431,0
"Oct 24, 06:00 pm",29.4448,263.482,101.353,0
"Oct 24, 07:00 pm",16.2815,272.494,113.251,0
"Oct 24, 08:00 pm",0,282.504,125.055,0
"Oct 24, 09:00 pm",0,294.941,136.341,0
"Oct 24, 10:00 pm",0,312.349,146.292,0
"Oct 24, 11:00 pm",0,338.379,153.157,0
"Oct 25, 12:00 am",0,11.7679,154.22,0
"Oct 25, 01:00 am",0,40.7876,148.871,0
"Oct 25, 02:00 am",0,60.4914,139.632,0
"Oct 25, 03:00 am",0,74.1316,128.652,0
"Oct 25, 04:00 am",0,84.7129,116.964,0
"Oct 25, 05:00 am",0,93.9342,105.076,0
"Oct 25, 06:00 am",0,102.819,93.3142,0
"Oct 25, 07:00 am",0,112.132,81.8639,0.125881
"Oct 25, 08:00 am",0,122.596,71.36,0.612368
"Oct 25, 09:00 am",381.366,134.971,62.0983,0.676877
"Oct 25, 10:00 am",364.866,149.939,54.8432,0.652402
"Oct 25, 11:00 am",329.895,167.582,50.5253,0.631619
"Oct 25, 12:00 pm",323.545,186.667,49.9391,0.628197
"Oct 25, 01:00 pm",349.267,204.934,53.2113,0.644963
"Oct 25, 02:00 pm",384.438,220.731,59.6958,0.669594
"Oct 25, 03:00 pm",389.216,233.809,68.4529,0.691233
"Oct 25, 04:00 pm",97.7692,244.747,78.6639,0.273598
"Oct 25, 05:00 pm",40.1304,254.306,89.4491,0
"Oct 25, 06:00 pm",29.5217,263.215,101.579,0
"Oct 25, 07:00 pm",16.402,272.207,113.474,0
"Oct 25, 08:00 pm",0,282.191,125.286,0
"Oct 25, 09:00 pm",0,294.6,136.593,0
"Oct 25, 10:00 pm",0,312.015,146.582,0
"Oct 25, 11:00 pm",0,338.207,153.492,0
"Oct 26, 12:00 am",0,11.9619,154.554,0
"Oct 26, 01:00 am",0,41.1866,149.147,0
"Oct 26, 02:00 am",0,60.8964,139.855,0
"Oct 26, 03:00 am",0,74.4966,128.844,0
"Oct 26, 04:00 am",0,85.0416,117.143,0
"Oct 26, 05:00 am",0,94.2378,105.255,0
"Oct 26, 06:00 am",0,103.107,93.5024,0
"Oct 26, 07:00 am",0,112.41,82.0678,0.118808
"Oct 26, 08:00 am",0,122.863,71.5914,0.608955
"Oct 26, 09:00 am",368.149,135.217,62.3633,0.675937
"Oct 26, 10:00 am",358.232,150.137,55.1449,0.650952
"Oct 26, 11:00 am",324.973,167.692,50.8571,0.629703
"Oct 26, 12:00 pm",317.984,186.658,50.2812,0.62624
"Oct 26, 01:00 pm",346.415,204.819,53.5405,0.64344
"Oct 26, 02:00 pm",384.164,220.547,59.9984,0.6686
"Oct 26, 03:00 pm",389.403,233.59,68.7265,0.690638
"Oct 26, 04:00 pm",94.693,244.509,78.9121,0.262791
"Oct 26, 05:00 pm",40.0861,254.055,89.6495,0
"Oct 26, 06:00 pm",29.4868,262.949,101.8,0
"Oct 26, 07:00 pm",16.4048,271.921,113.693,0
"Oct 26, 08:00 pm",0,281.877,125.512,0
"Oct 26, 09:00 pm",0,294.256,136.839,0
"Oct 26, 10:00 pm",0,311.674,146.867,0
"Oct 26, 11:00 pm",0,338.026,153.823,0
"Oct 27, 12:00 am",0,12.1525,154.885,0
"Oct 27, 01:00 am",0,41.5837,149.421,0
"Oct 27, 02:00 am",0,61.2984,140.077,0
"Oct 27, 03:00 am",0,74.8579,129.036,0
"Oct 27, 04:00 am",0,85.3665,117.323,0
"Oct 27, 05:00 am",0,94.5373,105.435,0
"Oct 27, 06:00 am",0,103.39,93.6909,0
"Oct 27, 07:00 am",0,112.682,82.2709,0.111821
"Oct 27, 08:00 am",0,123.124,71.8224,0.603573
"Oct 27, 09:00 am",363.84,135.456,62.6274,0.674995
"Oct 27, 10:00 am",355.818,150.328,55.445,0.649496
"Oct 27, 11:00 am",321.896,167.796,51.1862,0.627773
"Oct 27, 12:00 pm",319.838,186.646,50.6198,0.624265
"Oct 27, 01:00 pm",347.047,204.702,53.8657,0.641903
"Oct 27, 02:00 pm",386.229,220.363,60.2966,0.667599
"Oct 27, 03:00 pm",401.406,233.371,68.9957,0.690038
"Oct 27, 04:00 pm",95.0045,244.272,79.1557,0.25235
"Oct 27, 05:00 pm",40.0876,253.805,89.8439,0
"Oct 27, 06:00 pm",29.535,262.684,102.016,0
"Oct 27, 07:00 pm",16.5644,271.635,113.906,0
"Oct 27, 08:00 pm",0,281.563,125.733,0
"Oct 27, 09:00 pm",0,293.91,137.081,0
"Oct 27, 10:00 pm",0,311.328,147.147,0
"Oct 27, 11:00 pm",0,337.837,154.15,0
"Oct 28, 12:00 am",0,12.3395,155.212,0
"Oct 28, 01:00 am",0,41.9787,149.692,0
"Oct 28, 02:00 am",0,61.697,140.296,0
"Oct 28, 03:00 am",0,75.2154,129.227,0
"Oct 28, 04:00 am",0,85.6874,117.502,0
"Oct 28, 05:00 am",0,94.8327,105.614,0
"Oct 28, 06:00 am",0,103.669,93.8797,0
"Oct 28, 07:00 am",0,112.95,82.4759,0
"Oct 28, 08:00 am",0,123.38,72.054,0.605957
"Oct 28, 09:00 am",0,135.69,62.8913,0.674035
"Oct 28, 10:00 am",336.056,150.514,55.7437,0.648036
"Oct 28, 11:00 am",307.38,167.894,51.5126,0.625831
"Oct 28, 12:00 pm",305.708,186.63,50.9548,0.622274
"Oct 28, 01:00 pm",332.464,204.584,54.1869,0.640354
"Oct 28, 02:00 pm",369.655,220.179,60.5909,0.66659
"Oct 28, 03:00 pm",368.073,233.153,69.261,0.689432
"Oct 28, 04:00 pm",73.3168,244.035,79.3951,0.242267
"Oct 28, 05:00 pm",40.0793,253.555,90.0291,0
"Oct 28, 06:00 pm",28.9082,262.419,102.228,0
"Oct 28, 07:00 pm",16.4645,271.349,114.115,0
"Oct 28, 08:00 pm",0,281.247,125.948,0
"Oct 28, 09:00 pm",0,293.562,137.316,0
"Oct 28, 10:00 pm",0,310.976,147.422,0
"Oct 28, 11:00 pm",0,337.64,154.473,0
"Oct 29, 12:00 am",0,12.5224,155.537,0
"Oct 29, 01:00 am",0,42.3713,149.961,0
"Oct 29, 02:00 am",0,62.0921,140.515,0
"Oct 29, 03:00 am",0,75.5688,129.417,0
"Oct 29, 04:00 am",0,86.0042,117.681,0
"Oct 29, 05:00 am",0,95.1239,105.794,0
"Oct 29, 06:00 am",0,103.943,94.0686,0
"Oct 29, 07:00 am",0,113.212,82.6789,0
"Oct 29, 08:00 am",0,123.63,72.2847,0.59956
"Oct 29, 09:00 am",0,135.917,63.154,0.673094
"Oct 29, 10:00 am",334.674,150.692,56.0405,0.646573
"Oct 29, 11:00 am",306.405,167.987,51.8361,0.623878
"Oct 29, 12:00 pm",303.562,186.611,51.2859,0.620267
"Oct 29, 01:00 pm",332.621,204.465,54.5037,0.638793
"Oct 29, 02:00 pm",372.39,219.996,60.8807,0.665573
"Oct 29, 03:00 pm",389.265,232.935,69.5218,0.688821
"Oct 29, 04:00 pm",80.4421,243.8,79.6305,0.23253
"Oct 29, 05:00 pm",40.167,253.306,90.2154,0
"Oct 29, 06:00 pm",29.699,262.155,102.435,0
"Oct 29, 07:00 pm",16.6674,271.063,114.318,0
"Oct 29, 08:00 pm",0,280.931,126.158,0
"Oct 29, 09:00 pm",0,293.211,137.546,0
"Oct 29, 10:00 pm",0,310.618,147.69,0
"Oct 29, 11:00 pm",0,337.433,154.791,0
"Oct 30, 12:00 am",0,12.701,155.859,0
"Oct 30, 01:00 am",0,42.7612,150.227,0
"Oct 30, 02:00 am",0,62.4834,140.732,0
"Oct 30, 03:00 am",0,75.9181,129.607,0
"Oct 30, 04:00 am",0,86.3167,117.86,0
"Oct 30, 05:00 am",0,95.4107,105.973,0
"Oct 30, 06:00 am",0,104.213,94.2578,0
"Oct 30, 07:00 am",0,113.47,82.8822,0
"Oct 30, 08:00 am",0,123.875,72.5152,0.593131
"Oct 30, 09:00 am",0,136.138,63.4159,0.672155
"Oct 30, 10:00 am",334.685,150.865,56.3355,0.645108
"Oct 30, 11:00 am",303.642,168.074,52.1566,0.621915
"Oct 30, 12:00 pm",298.509,186.589,51.6132,0.618246
"Oct 30, 01:00 pm",325.349,204.345,54.8162,0.637221
"Oct 30, 02:00 pm",362.249,219.812,61.1659,0.664549
"Oct 30, 03:00 pm",363.317,232.718,69.7778,0.688206
"Oct 30, 04:00 pm",62.4069,243.565,79.8602,0.223134
"Oct 30, 05:00 pm",40.2018,253.058,91.0136,0
"Oct 30, 06:00 pm",29.0647,261.891,102.637,0
"Oct 30, 07:00 pm",16.6451,270.778,114.516,0
"Oct 30, 08:00 pm",0,280.615,126.362,0
"Oct 30, 09:00 pm",0,292.859,137.77,0
"Oct 30, 10:00 pm",0,310.254,147.953,0
"Oct 30, 11:00 pm",0,337.217,155.104,0
"Oct 31, 12:00 am",0,12.8749,156.177,0
"Oct 31, 01:00 am",0,43.148,150.491,0
"Oct 31, 02:00 am",0,62.8708,140.947,0
"Oct 31, 03:00 am",0,76.263,129.795,0
"Oct 31, 04:00 am",0,86.6248,118.038,0
"Oct 31, 05:00 am",0,95.6929,106.153,0
"Oct 31, 06:00 am",0,104.478,94.447,0
"Oct 31, 07:00 am",0,113.723,83.086,0
"Oct 31, 08:00 am",0,124.114,72.7458,0.586674
"Oct 31, 09:00 am",0,136.353,63.6771,0.671219
"Oct 31, 10:00 am",317.185,151.031,56.6286,0.643643
"Oct 31, 11:00 am",289.142,168.156,52.4741,0.619944
"Oct 31, 12:00 pm",285.9,186.563,51.9364,0.616212
"Oct 31, 01:00 pm",312.37,204.223,55.1242,0.635638
"Oct 31, 02:00 pm",345.733,219.629,61.4466,0.663519
"Oct 31, 03:00 pm",341.087,232.502,70.0293,0.687586
"Oct 31, 04:00 pm",44.5532,243.332,80.0855,0.214076
"Oct 31, 05:00 pm",40.3501,252.811,91.2223,0
"Oct 31, 06:00 pm",29.2724,261.629,102.834,0
"Oct 31, 07:00 pm",16.801,270.493,114.709,0
"Oct 31, 08:00 pm",0,280.299,126.561,0
"Oct 31, 09:00 pm",0,292.504,137.988,0
"Oct 31, 10:00 pm",0,309.885,148.21,0
"Oct 31, 11:00 pm",0,336.992,155.412,0
"Nov 1, 12:00 am",0,13.0437,156.492,0
"Nov 1, 01:00 am",0,43.5314,150.752,0
"Nov 1, 02:00 am",0,63.2538,141.16,0
"Nov 1, 03:00 am",0,76.6034,129.983,0
"Nov 1, 04:00 am",0,86.9283,118.216,0
"Nov 1, 05:00 am",0,95.9706,106.332,0
"Nov 1, 06:00 am",0,104.739,94.6364,0
"Nov 1, 07:00 am",0,113.97,83.2896,0
"Nov 1, 08:00 am",0,124.347,72.9758,0.58019
"Nov 1, 09:00 am",0,136.562,63.9371,0.670287
"Nov 1, 10:00 am",314.383,151.191,56.9197,0.642179
"Nov 1, 11:00 am",283.416,168.233,52.7885,0.617967
"Nov 1, 12:00 pm",279.462,186.535,52.2556,0.614166
"Nov 1, 01:00 pm",302.067,204.101,55.4278,0.634045
"Nov 1, 02:00 pm",86.4582,219.446,61.7227,0.662482
"Nov 1, 03:00 pm",306.189,232.287,70.2761,0.686962
"Nov 1, 04:00 pm",40.7133,243.099,80.3061,0.205351
"Nov 1, 05:00 pm",30.2772,252.565,91.4261,0
"Nov 1, 06:00 pm",17.9426,261.367,103.026,0
"Nov 1, 07:00 pm",0,270.208,114.897,0
"Nov 1, 08:00 pm",0,279.983,126.754,0
"Nov 1, 09:00 pm",0,292.148,138.201,0
"Nov 1, 10:00 pm",0,309.511,148.461,0
"Nov 1, 11:00 pm",0,336.757,155.715,0
"Nov 2, 12:00 am",0,13.207,156.804,0
"Nov 2, 01:00 am",0,43.9112,151.011,0
"Nov 2, 02:00 am",0,63.6324,141.372,0
"Nov 2, 03:00 am",0,76.9391,130.17,0
"Nov 2, 04:00 am",0,87.2271,118.394,0
"Nov 2, 05:00 am",0,96.2435,106.512,0
"Nov 2, 06:00 am",0,104.994,94.8258,0
"Nov 2, 07:00 am",0,114.212,83.4936,0
"Nov 2, 08:00 am",0,124.574,73.2054,0.573682
"Nov 2, 09:00 am",0,136.764,64.1958,0.669435
"Nov 2, 10:00 am",0,151.344,57.2084,0
"Nov 2, 11:00 am",0,168.304,53.0992,0.615984
"Nov 2, 12:00 pm",0,186.502,52.5703,0.612108
"Nov 2, 01:00 pm",0,203.977,55.7262,0.632443
"Nov 2, 02:00 pm",0,219.263,61.9934,0.661439
"Nov 2, 03:00 pm",0,232.073,70.5174,0.68273
"Nov 2, 04:00 pm",0,242.867,80.5208,0
"Nov 2, 05:00 pm",0,252.32,91.6248,0
"Nov 2, 06:00 pm",0,261.106,103.212,0
"Nov 2, 07:00 pm",0,269.925,115.079,0
"Nov 2, 08:00 pm",0,279.666,126.941,0
"Nov 2, 09:00 pm",0,291.79,138.407,0
"Nov 2, 10:00 pm",0,309.131,148.705,0
"Nov 2, 11:00 pm",0,336.512,156.014,0
"Nov 3, 12:00 am",0,13.3643,157.112,0
"Nov 3, 01:00 am",0,44.2869,151.268,0
"Nov 3, 02:00 am",0,64.0062,141.583,0
"Nov 3, 03:00 am",0,77.2699,130.357,0
"Nov 3, 04:00 am",0,87.5211,118.572,0
"Nov 3, 05:00 am",0,96.5115,106.691,0
"Nov 3, 06:00 am",0,105.244,95.0153,0
"Nov 3, 07:00 am",0,114.449,83.6973,0
"Nov 3, 08:00 am",0,124.796,73.4348,0.567154
"Nov 3, 09:00 am",0,136.96,64.4537,0.668514
"Nov 3, 10:00 am",0,151.491,57.4953,0.639262
"Nov 3, 11:00 am",0,168.37,53.407,0.613999
"Nov 3, 12:00 pm",0,186.467,52.8811,0.610041
"Nov 3, 01:00 pm",0,203.852,56.0205,0.630336
"Nov 3, 02:00 pm",33.3306,219.08,62.26,0.660256
"Nov 3, 03:00 pm",29.5535,231.859,70.7547,0.676373
"Nov 3, 04:00 pm",19.0171,242.637,80.7319,0.18888
"Nov 3, 05:00 pm",0,252.076,91.8185,0
"Nov 3, 06:00 pm",0,260.846,103.394,0
"Nov 3, 07:00 pm",0,269.642,115.256,0
"Nov 3, 08:00 pm",0,279.35,127.123,0
"Nov 3, 09:00 pm",0,291.431,138.606,0
"Nov 3, 10:00 pm",0,308.747,148.943,0
"Nov 3, 11:00 pm",0,336.257,156.306,0
"Nov 4, 12:00 am",0,13.5154,157.416,0
"Nov 4, 01:00 am",0,44.6581,151.521,0
"Nov 4, 02:00 am",0,64.375,141.792,0
"Nov 4, 03:00 am",0,77.5956,130.542,0
"Nov 4, 04:00 am",0,87.8101,118.749,0
"Nov 4, 05:00 am",0,96.7746,106.871,0
"Nov 4, 06:00 am",0,105.489,95.2048,0
"Nov 4, 07:00 am",0,114.68,83.8993,0
"Nov 4, 08:00 am",0,125.012,73.6628,0.560608
"Nov 4, 09:00 am",0,137.15,64.7098,0.667526
"Nov 4, 10:00 am",308.546,151.632,57.7794,0.637811
"Nov 4, 11:00 am",40.0038,168.43,53.711,0.612012
"Nov 4, 12:00 pm",185.109,186.428,53.1872,0.607966
"Nov 4, 01:00 pm",279.669,203.726,56.3096,0.629212
"Nov 4, 02:00 pm",319.561,218.898,62.5213,0.659335
"Nov 4, 03:00 pm",40.1543,231.646,70.9867,0.670166
"Nov 4, 04:00 pm",28.7422,242.407,80.9373,0.181125
"Nov 4, 05:00 pm",16.0373,251.833,92.007,0
"Nov 4, 06:00 pm",0,260.588,103.57,0
"Nov 4, 07:00 pm",0,269.36,115.427,0
"Nov 4, 08:00 pm",0,279.034,127.298,0
"Nov 4, 09:00 pm",0,291.071,138.8,0
"Nov 4, 10:00 pm",0,308.357,149.175,0
"Nov 4, 11:00 pm",0,335.992,156.593,0
"Nov 5, 12:00 am",0,13.6597,157.717,0
"Nov 5, 01:00 am",0,45.0247,151.773,0
"Nov 5, 02:00 am",0,64.7385,141.999,0
"Nov 5, 03:00 am",0,77.916,130.727,0
"Nov 5, 04:00 am",0,88.0939,118.926,0
"Nov 5, 05:00 am",0,97.0325,107.05,0
"Nov 5, 06:00 am",0,105.729,95.3942,0
"Nov 5, 07:00 am",0,114.906,84.0982,0
"Nov 5, 08:00 am",0,125.221,73.8895,0.554047
"Nov 5, 09:00 am",0,137.333,64.9642,0.666621
"Nov 5, 10:00 am",307.538,151.766,58.0611,0.636368
"Nov 5, 11:00 am",281.574,168.485,54.0114,0.610026
"Nov 5, 12:00 pm",275.33,186.386,53.4889,0.605884
"Nov 5, 01:00 pm",304.608,203.598,56.5938,0.627585
"Nov 5, 02:00 pm",346.362,218.715,62.7775,0.658275
"Nov 5, 03:00 pm",39.9867,231.434,71.2135,0.664111
"Nov 5, 04:00 pm",33.2856,242.179,81.1373,0.173682
"Nov 5, 05:00 pm",26.1013,251.592,92.1901,0
"Nov 5, 06:00 pm",17.3519,260.33,103.74,0
"Nov 5, 07:00 pm",0,269.079,115.592,0
"Nov 5, 08:00 pm",0,278.719,127.468,0
"Nov 5, 09:00 pm",0,290.71,138.987,0
"Nov 5, 10:00 pm",0,307.963,149.4,0
"Nov 5, 11:00 pm",0,335.716,156.875,0
"Nov 6, 12:00 am",0,13.7967,158.015,0
"Nov 6, 01:00 am",0,45.3861,152.022,0
"Nov 6, 02:00 am",0,65.0966,142.205,0
"Nov 6, 03:00 am",0,78.231,130.911,0
"Nov 6, 04:00 am",0,88.3725,119.103,0
"Nov 6, 05:00 am",0,97.2853,107.229,0
"Nov 6, 06:00 am",0,105.964,95.5835,0
"Nov 6, 07:00 am",0,115.126,84.2989,0
"Nov 6, 08:00 am",0,125.425,74.1162,0.547474
"Nov 6, 09:00 am",0,137.509,65.2174,0.665725
"Nov 6, 10:00 am",322.786,151.894,58.3403,0.634934
"Nov 6, 11:00 am",289.575,168.535,54.308,0.608042
"Nov 6, 12:00 pm",278.128,186.34,53.7858,0.603796
"Nov 6, 01:00 pm",310.163,203.47,56.8728,0.625952
"Nov 6, 02:00 pm",353.89,218.533,63.0283,0.65721
"Nov 6, 03:00 pm",343.958,231.223,71.4348,0.658212
"Nov 6, 04:00 pm",44.0623,241.951,81.3318,0.166548
"Nov 6, 05:00 pm",38.8599,251.352,92.3679,0
"Nov 6, 06:00 pm",27.2846,260.074,103.905,0
"Nov 6, 07:00 pm",14.8976,268.8,115.752,0
"Nov 6, 08:00 pm",0,278.405,127.631,0
"Nov 6, 09:00 pm",0,290.348,139.167,0
"Nov 6, 10:00 pm",0,307.564,149.618,0
"Nov 6, 11:00 pm",0,335.43,157.151,0
"Nov 7, 12:00 am",0,13.9261,158.308,0
"Nov 7, 01:00 am",0,45.7421,152.268,0
"Nov 7, 02:00 am",0,65.4489,142.41,0
"Nov 7, 03:00 am",0,78.5404,131.094,0
"Nov 7, 04:00 am",0,88.6456,119.28,0
"Nov 7, 05:00 am",0,97.5326,107.408,0
"Nov 7, 06:00 am",0,106.193,95.7726,0
"Nov 7, 07:00 am",0,115.34,84.4995,0
"Nov 7, 08:00 am",0,125.622,74.342,0.540892
"Nov 7, 09:00 am",0,137.679,65.469,0.664839
"Nov 7, 10:00 am",324.887,152.015,58.6168,0.633512
"Nov 7, 11:00 am",289.919,168.579,54.601,0.606063
"Nov 7, 12:00 pm",280.703,186.292,54.0782,0.601704
"Nov 7, 01:00 pm",313.227,203.34,57.1468,0.624312
"Nov 7, 02:00 pm",357.631,218.351,63.2741,0.656141
"Nov 7, 03:00 pm",359.354,231.013,71.6513,0.652474
"Nov 7, 04:00 pm",44.2672,241.725,81.5217,0.159718
"Nov 7, 05:00 pm",39.3974,251.113,92.5402,0
"Nov 7, 06:00 pm",27.9909,259.82,104.065,0
"Nov 7, 07:00 pm",15.6136,268.522,115.906,0
"Nov 7, 08:00 pm",0,278.091,127.788,0
"Nov 7, 09:00 pm",0,289.986,139.341,0
"Nov 7, 10:00 pm",0,307.161,149.83,0
"Nov 7, 11:00 pm",0,335.134,157.421,0
"Nov 8, 12:00 am",0,14.0473,158.598,0
"Nov 8, 01:00 am",0,46.0922,152.512,0
"Nov 8, 02:00 am",0,65.7951,142.613,0
"Nov 8, 03:00 am",0,78.8439,131.277,0
"Nov 8, 04:00 am",0,88.9132,119.456,0
"Nov 8, 05:00 am",0,97.7746,107.587,0
"Nov 8, 06:00 am",0,106.417,95.9616,0
"Nov 8, 07:00 am",0,115.549,84.7004,0
"Nov 8, 08:00 am",0,125.814,74.5673,0.534306
"Nov 8, 09:00 am",0,137.843,65.7191,0.663966
"Nov 8, 10:00 am",320.013,152.13,58.8907,0.632102
"Nov 8, 11:00 am",285.194,168.618,54.8901,0.604091
"Nov 8, 12:00 pm",280.678,186.24,54.3657,0.599609
"Nov 8, 01:00 pm",311.175,203.209,57.4155,0.622668
"Nov 8, 02:00 pm",355.579,218.169,63.5144,0.655067
"Nov 8, 03:00 pm",324.239,230.803,71.8621,0.646899
"Nov 8, 04:00 pm",43.4034,241.501,81.7061,0.153184
"Nov 8, 05:00 pm",37.3258,250.876,92.707,0
"Nov 8, 06:00 pm",25.4981,259.566,104.218,0
"Nov 8, 07:00 pm",13.3031,268.245,116.054,0
"Nov 8, 08:00 pm",0,277.778,127.939,0
"Nov 8, 09:00 pm",0,289.623,139.508,0
"Nov 8, 10:00 pm",0,306.753,150.034,0
"Nov 8, 11:00 pm",0,334.826,157.684,0
"Nov 9, 12:00 am",0,14.1599,158.883,0
"Nov 9, 01:00 am",0,46.4361,152.753,0
"Nov 9, 02:00 am",0,66.1352,142.814,0
"Nov 9, 03:00 am",0,79.1415,131.459,0
"Nov 9, 04:00 am",0,89.1752,119.631,0
"Nov 9, 05:00 am",0,98.011,107.766,0
"Nov 9, 06:00 am",0,106.635,96.1504,0
"Nov 9, 07:00 am",0,115.752,84.8983,0
"Nov 9, 08:00 am",0,125.999,74.7906,0.527717
"Nov 9, 09:00 am",0,138,65.9667,0.663105
"Nov 9, 10:00 am",322.09,152.239,59.1611,0.630707
"Nov 9, 11:00 am",285.966,168.652,55.1745,0.602127
"Nov 9, 12:00 pm",277.373,186.184,54.6478,0.597514
"Nov 9, 01:00 pm",310.976,203.077,57.6782,0.621019
"Nov 9, 02:00 pm",356.749,217.987,63.7484,0.65399
"Nov 9, 03:00 pm",346.528,230.595,72.0664,0.641491
"Nov 9, 04:00 pm",43.7335,241.277,81.8827,0.146944
"Nov 9, 05:00 pm",37.9553,250.64,92.8681,0
"Nov 9, 06:00 pm",26.1423,259.315,104.366,0
"Nov 9, 07:00 pm",13.8364,267.969,116.195,0
"Nov 9, 08:00 pm",0,277.467,128.084,0
"Nov 9, 09:00 pm",0,289.26,139.669,0
"Nov 9, 10:00 pm",0,306.342,150.232,0
"Nov 9, 11:00 pm",0,334.507,157.942,0
"Nov 10, 12:00 am",0,14.2634,159.165,0
"Nov 10, 01:00 am",0,46.7733,152.991,0
"Nov 10, 02:00 am",0,66.4687,143.014,0
"Nov 10, 03:00 am",0,79.433,131.64,0
"Nov 10, 04:00 am",0,89.4313,119.807,0
"Nov 10, 05:00 am",0,98.2417,107.945,0
"Nov 10, 06:00 am",0,106.847,96.3389,0
"Nov 10, 07:00 am",0,115.948,85.0953,0
"Nov 10, 08:00 am",0,126.177,75.013,0.521131
"Nov 10, 09:00 am",0,138.15,66.2127,0.662259
"Nov 10, 10:00 am",311.477,152.341,59.4289,0.629329
"Nov 10, 11:00 am",277.597,168.681,55.4553,0.600175
"Nov 10, 12:00 pm",269.481,186.126,54.9253,0.595419
"Nov 10, 01:00 pm",300.367,202.944,57.936,0.619367
"Nov 10, 02:00 pm",346.861,217.806,63.9776,0.652909
"Nov 10, 03:00 pm",321.012,230.388,72.2662,0.636253
"Nov 10, 04:00 pm",43.2701,241.055,82.0559,0.140991
"Nov 10, 05:00 pm",36.9104,250.406,93.0236,0
"Nov 10, 06:00 pm",24.9789,259.065,104.509,0
"Nov 10, 07:00 pm",12.901,267.696,116.331,0
"Nov 10, 08:00 pm",0,277.157,128.222,0
"Nov 10, 09:00 pm",0,288.898,139.822,0
"Nov 10, 10:00 pm",0,305.928,150.422,0
"Nov 10, 11:00 pm",0,334.178,158.193,0
"Nov 11, 12:00 am",0,14.3573,159.442,0
"Nov 11, 01:00 am",0,47.1036,153.227,0
"Nov 11, 02:00 am",0,66.7955,143.213,0
"Nov 11, 03:00 am",0,79.7182,131.82,0
"Nov 11, 04:00 am",0,89.6814,119.982,0
"Nov 11, 05:00 am",0,98.4666,108.123,0
"Nov 11, 06:00 am",0,107.053,96.527,0
"Nov 11, 07:00 am",0,116.139,85.2951,0
"Nov 11, 08:00 am",0,126.35,75.2353,0.51455
"Nov 11, 09:00 am",0,138.294,66.4572,0.661428
"Nov 11, 10:00 am",307.49,152.436,59.694,0.627969
"Nov 11, 11:00 am",273.224,168.704,55.732,0.598236
"Nov 11, 12:00 pm",265.914,186.064,55.1979,0.593327
"Nov 11, 01:00 pm",299.031,202.809,58.1884,0.617713
"Nov 11, 02:00 pm",346.211,217.624,64.2013,0.651826
"Nov 11, 03:00 pm",329.709,230.181,72.4606,0.631189
"Nov 11, 04:00 pm",43.3158,240.835,82.2243,0.13532
"Nov 11, 05:00 pm",37.1369,250.173,93.1733,0
"Nov 11, 06:00 pm",25.3449,258.817,104.645,0
"Nov 11, 07:00 pm",13.2697,267.424,116.461,0
"Nov 11, 08:00 pm",0,276.849,128.354,0
"Nov 11, 09:00 pm",0,288.536,139.969,0
"Nov 11, 10:00 pm",0,305.51,150.605,0
"Nov 11, 11:00 pm",0,333.838,158.438,0
"Nov 12, 12:00 am",0,14.4412,159.716,0
"Nov 12, 01:00 am",0,47.4266,153.461,0
"Nov 12, 02:00 am",0,67.1153,143.41,0
"Nov 12, 03:00 am",0,79.9968,131.999,0
"Nov 12, 04:00 am",0,89.9255,120.157,0
"Nov 12, 05:00 am",0,98.6856,108.301,0
"Nov 12, 06:00 am",0,107.254,96.7147,0
"Nov 12, 07:00 am",0,116.323,85.4921,0
"Nov 12, 08:00 am",0,126.515,75.4559,0.507978
"Nov 12, 09:00 am",0,138.432,66.6993,0.660613
"Nov 12, 10:00 am",307.453,152.526,59.9555,0.626629
"Nov 12, 11:00 am",272.09,168.722,56.0042,0.596312
"Nov 12, 12:00 pm",85.4636,186,55.4651,0.59124
"Nov 12, 01:00 pm",298.26,202.674,58.4351,0.616057
"Nov 12, 02:00 pm",346.113,217.444,64.4191,0.650741
"Nov 12, 03:00 pm",336.439,229.976,72.649,0.626302
"Nov 12, 04:00 pm",43.3256,240.616,82.3861,0.129927
"Nov 12, 05:00 pm",37.1366,249.943,93.3172,0
"Nov 12, 06:00 pm",25.2813,258.571,104.775,0
"Nov 12, 07:00 pm",13.1576,267.154,116.585,0
"Nov 12, 08:00 pm",0,276.542,128.479,0
"Nov 12, 09:00 pm",0,288.176,140.109,0
"Nov 12, 10:00 pm",0,305.09,150.781,0
"Nov 12, 11:00 pm",0,333.487,158.676,0
"Nov 13, 12:00 am",0,14.5146,159.985,0
"Nov 13, 01:00 am",0,47.7418,153.691,0
"Nov 13, 02:00 am",0,67.4279,143.605,0
"Nov 13, 03:00 am",0,80.2689,132.178,0
"Nov 13, 04:00 am",0,90.1634,120.331,0
"Nov 13, 05:00 am",0,98.8987,108.479,0
"Nov 13, 06:00 am",0,107.448,96.9019,0
"Nov 13, 07:00 am",0,116.502,85.6877,0
"Nov 13, 08:00 am",0,126.675,75.6746,0.50142
"Nov 13, 09:00 am",0,138.562,66.9389,0.659815
"Nov 13, 10:00 am",302.807,152.609,60.2136,0.625311
"Nov 13, 11:00 am",266.772,168.736,56.2718,0.594407
"Nov 13, 12:00 pm",258.942,185.932,55.7267,0.589159
"Nov 13, 01:00 pm",288.741,202.537,58.6757,0.614401
"Nov 13, 02:00 pm",335.789,217.263,64.6306,0.649654
"Nov 13, 03:00 pm",312.003,229.772,72.8312,0.621594
"Nov 13, 04:00 pm",42.9179,240.398,82.5418,0.124805
"Nov 13, 05:00 pm",36.1216,249.714,93.4552,0
"Nov 13, 06:00 pm",24.0486,258.327,104.9,0
"Nov 13, 07:00 pm",12.0049,266.887,116.702,0
"Nov 13, 08:00 pm",0,276.238,128.598,0
"Nov 13, 09:00 pm",0,287.816,140.242,0
"Nov 13, 10:00 pm",0,304.668,150.95,0
"Nov 13, 11:00 pm",0,333.125,158.907,0
"Nov 14, 12:00 am",0,14.5771,160.249,0
"Nov 14, 01:00 am",0,48.0489,153.919,0
"Nov 14, 02:00 am",0,67.733,143.799,0
"Nov 14, 03:00 am",0,80.5341,132.356,0
"Nov 14, 04:00 am",0,90.395,120.504,0
"Nov 14, 05:00 am",0,99.1057,108.657,0
"Nov 14, 06:00 am",0,107.637,97.0885,0
"Nov 14, 07:00 am",0,116.674,85.8802,0
"Nov 14, 08:00 am",0,126.828,75.8913,0.494879
"Nov 14, 09:00 am",0,138.686,67.1756,0.659037
"Nov 14, 10:00 am",305.693,152.686,60.4678,0.624017
"Nov 14, 11:00 am",269.519,168.744,56.5344,0.592522
"Nov 14, 12:00 pm",259.526,185.861,55.9827,0.587087
"Nov 14, 01:00 pm",290.304,202.399,58.9101,0.612747
"Nov 14, 02:00 pm",338.478,217.083,64.8359,0.648566
"Nov 14, 03:00 pm",325.014,229.569,73.0069,0.617068
"Nov 14, 04:00 pm",43.0537,240.183,82.6899,0.119951
"Nov 14, 05:00 pm",36.3278,249.487,93.5872,0
"Nov 14, 06:00 pm",24.2575,258.085,105.018,0
"Nov 14, 07:00 pm",12.2386,266.622,116.814,0
"Nov 14, 08:00 pm",0,275.935,128.711,0
"Nov 14, 09:00 pm",0,287.458,140.368,0
"Nov 14, 10:00 pm",0,304.243,151.111,0
"Nov 14, 11:00 pm",0,332.752,159.131,0
"Nov 15, 12:00 am",0,14.6281,160.509,0
"Nov 15, 01:00 am",0,48.3476,154.145,0
"Nov 15, 02:00 am",0,68.0304,143.992,0
"Nov 15, 03:00 am",0,80.7924,132.533,0
"Nov 15, 04:00 am",0,90.6201,120.677,0
"Nov 15, 05:00 am",0,99.3065,108.833,0
"Nov 15, 06:00 am",0,107.819,97.2745,0
"Nov 15, 07:00 am",0,116.84,86.0741,0
"Nov 15, 08:00 am",0,126.974,76.1072,0.48746
"Nov 15, 09:00 am",0,138.804,67.4105,0.658278
"Nov 15, 10:00 am",280.098,152.757,60.7189,0.622749
"Nov 15, 11:00 am",253.67,168.747,56.7927,0.590659
"Nov 15, 12:00 pm",247.355,185.787,56.2334,0.585026
"Nov 15, 01:00 pm",278.193,202.261,59.1389,0.611094
"Nov 15, 02:00 pm",324.433,216.903,65.0354,0.647477
"Nov 15, 03:00 pm",292.703,229.367,73.1771,0.612727
"Nov 15, 04:00 pm",42.5184,239.969,82.8346,0.115358
"Nov 15, 05:00 pm",34.4033,249.263,93.7134,0
"Nov 15, 06:00 pm",22.9335,257.846,105.131,0
"Nov 15, 07:00 pm",11.1942,266.359,116.919,0
"Nov 15, 08:00 pm",0,275.636,128.817,0
"Nov 15, 09:00 pm",0,287.101,140.488,0
"Nov 15, 10:00 pm",0,303.818,151.264,0
"Nov 15, 11:00 pm",0,332.37,159.348,0
"Nov 16, 12:00 am",0,14.6673,160.765,0
"Nov 16, 01:00 am",0,48.6373,154.367,0
"Nov 16, 02:00 am",0,68.3198,144.183,0
"Nov 16, 03:00 am",0,81.0435,132.709,0
"Nov 16, 04:00 am",0,90.8387,120.85,0
"Nov 16, 05:00 am",0,99.5011,109.01,0
"Nov 16, 06:00 am",0,107.995,97.4597,0
"Nov 16, 07:00 am",0,116.999,86.2647,0
"Nov 16, 08:00 am",0,127.115,76.3209,0.475725
"Nov 16, 09:00 am",0,138.915,67.6425,0.657539
"Nov 16, 10:00 am",282.902,152.821,60.9661,0.621508
"Nov 16, 11:00 am",251.718,168.745,57.0461,0.588823
"Nov 16, 12:00 pm",244.036,185.71,56.4784,0.582977
"Nov 16, 01:00 pm",275.467,202.121,59.3617,0.609445
"Nov 16, 02:00 pm",321.04,216.724,65.229,0.646389
"Nov 16, 03:00 pm",294.343,229.167,73.3415,0.608573
"Nov 16, 04:00 pm",42.4972,239.757,82.9725,0.111023
"Nov 16, 05:00 pm",34.3896,249.04,93.8335,0
"Nov 16, 06:00 pm",22.9556,257.609,105.237,0
"Nov 16, 07:00 pm",11.3127,266.099,117.018,0
"Nov 16, 08:00 pm",0,275.339,128.916,0
"Nov 16, 09:00 pm",0,286.747,140.6,0
"Nov 16, 10:00 pm",0,303.391,151.41,0
"Nov 16, 11:00 pm",0,331.977,159.558,0
"Nov 17, 12:00 am",0,14.6942,161.016,0
"Nov 17, 01:00 am",0,48.9179,154.587,0
"Nov 17, 02:00 am",0,68.6011,144.372,0
"Nov 17, 03:00 am",0,81.2874,132.884,0
"Nov 17, 04:00 am",0,91.0507,121.022,0
"Nov 17, 05:00 am",0,99.6893,109.185,0
"Nov 17, 06:00 am",0,108.165,97.6441,0
"Nov 17, 07:00 am",0,117.153,86.4544,0
"Nov 17, 08:00 am",0,127.248,76.5328,0.464166
"Nov 17, 09:00 am",0,139.019,67.8717,0.656822
"Nov 17, 10:00 am",279.965,152.88,61.2095,0.620296
"Nov 17, 11:00 am",249.06,168.738,57.2946,0.587014
"Nov 17, 12:00 pm",242.963,185.631,56.7178,0.580943
"Nov 17, 01:00 pm",273.437,201.98,59.5784,0.607801
"Nov 17, 02:00 pm",320.593,216.545,65.4163,0.645302
"Nov 17, 03:00 pm",289.074,228.968,73.4996,0.604608
"Nov 17, 04:00 pm",40.1674,239.547,83.1043,0
"Nov 17, 05:00 pm",28.6924,248.82,93.9476,0
"Nov 17, 06:00 pm",16.097,257.375,105.337,0
"Nov 17, 07:00 pm",0,265.842,117.111,0
"Nov 17, 08:00 pm",0,275.045,129.01,0
"Nov 17, 09:00 pm",0,286.395,140.705,0
"Nov 17, 10:00 pm",0,302.964,151.549,0
"Nov 17, 11:00 pm",0,331.575,159.761,0
"Nov 18, 12:00 am",0,14.7083,161.262,0
"Nov 18, 01:00 am",0,49.1889,154.804,0
"Nov 18, 02:00 am",0,68.874,144.56,0
"Nov 18, 03:00 am",0,81.5238,133.058,0
"Nov 18, 04:00 am",0,91.2558,121.193,0
"Nov 18, 05:00 am",0,99.8712,109.36,0
"Nov 18, 06:00 am",0,108.329,97.8276,0
"Nov 18, 07:00 am",0,117.3,86.6425,0
"Nov 18, 08:00 am",0,127.375,76.7427,0.452789
"Nov 18, 09:00 am",0,139.117,68.0981,0.656128
"Nov 18, 10:00 am",272.512,152.932,61.4489,0.619115
"Nov 18, 11:00 am",243.782,168.727,57.538,0.585235
"Nov 18, 12:00 pm",237.914,185.549,56.9512,0.578927
"Nov 18, 01:00 pm",269.079,201.839,59.7889,0.606164
"Nov 18, 02:00 pm",315.427,216.367,65.5975,0.644217
"Nov 18, 03:00 pm",285.322,228.771,73.6516,0.600835
"Nov 18, 04:00 pm",40.1952,239.339,83.2303,0
"Nov 18, 05:00 pm",28.8227,248.602,94.0556,0
"Nov 18, 06:00 pm",16.2851,257.143,105.432,0
"Nov 18, 07:00 pm",0,265.588,117.197,0
"Nov 18, 08:00 pm",0,274.754,129.096,0
"Nov 18, 09:00 pm",0,286.046,140.804,0
"Nov 18, 10:00 pm",0,302.537,151.679,0
"Nov 18, 11:00 pm",0,331.163,159.956,0
"Nov 19, 12:00 am",0,14.7094,161.503,0
"Nov 19, 01:00 am",0,49.4499,155.018,0
"Nov 19, 02:00 am",0,69.1382,144.745,0
"Nov 19, 03:00 am",0,81.7526,133.231,0
"Nov 19, 04:00 am",0,91.4541,121.363,0
"Nov 19, 05:00 am",0,100.046,109.534,0
"Nov 19, 06:00 am",0,108.486,98.01,0
"Nov 19, 07:00 am",0,117.44,86.8281,0
"Nov 19, 08:00 am",0,127.495,76.9504,0.441598
"Nov 19, 09:00 am",0,139.208,68.3213,0.655457
"Nov 19, 10:00 am",268.426,152.978,61.6841,0.617967
"Nov 19, 11:00 am",241.555,168.711,57.7762,0.583489
"Nov 19, 12:00 pm",235.578,185.463,57.1786,0.57693
"Nov 19, 01:00 pm",267.06,201.697,59.9929,0.604534
"Nov 19, 02:00 pm",314.371,216.189,65.772,0.643135
"Nov 19, 03:00 pm",289.581,228.575,73.797,0.597256
"Nov 19, 04:00 pm",40.1575,239.133,83.3493,0
"Nov 19, 05:00 pm",28.6588,248.387,94.1576,0
"Nov 19, 06:00 pm",16.02,256.915,105.52,0
"Nov 19, 07:00 pm",0,265.337,117.278,0
"Nov 19, 08:00 pm",0,274.466,129.176,0
"Nov 19, 09:00 pm",0,285.7,140.895,0
"Nov 19, 10:00 pm",0,302.11,151.803,0
"Nov 19, 11:00 pm",0,330.742,160.144,0
"Nov 20, 12:00 am",0,14.6969,161.739,0
"Nov 20, 01:00 am",0,49.7005,155.229,0
"Nov 20, 02:00 am",0,69.3936,144.93,0
"Nov 20, 03:00 am",0,81.9737,133.403,0
"Nov 20, 04:00 am",0,91.6454,121.533,0
"Nov 20, 05:00 am",0,100.215,109.707,0
"Nov 20, 06:00 am",0,108.637,98.1913,0
"Nov 20, 07:00 am",0,117.574,87.0106,0
"Nov 20, 08:00 am",0,127.609,77.1555,0.430598
"Nov 20, 09:00 am",0,139.293,68.5413,0.654811
"Nov 20, 10:00 am",281.276,153.019,61.915,0.616853
"Nov 20, 11:00 am",249.722,168.69,58.009,0.581779
"Nov 20, 12:00 pm",240.184,185.376,57.4001,0.574956
"Nov 20, 01:00 pm",272.735,201.555,60.1906,0.602913
"Nov 20, 02:00 pm",322.346,216.013,65.9402,0.642056
"Nov 20, 03:00 pm",282.439,228.382,73.9364,0.593872
"Nov 20, 04:00 pm",40.1557,238.929,83.4629,0
"Nov 20, 05:00 pm",28.7159,248.175,94.2535,0
"Nov 20, 06:00 pm",16.1096,256.689,105.602,0
"Nov 20, 07:00 pm",0,265.089,117.352,0
"Nov 20, 08:00 pm",0,274.183,129.25,0
"Nov 20, 09:00 pm",0,285.358,140.979,0
"Nov 20, 10:00 pm",0,301.685,151.918,0
"Nov 20, 11:00 pm",0,330.313,160.324,0
"Nov 21, 12:00 am",0,14.6705,161.97,0
"Nov 21, 01:00 am",0,49.9404,155.437,0
"Nov 21, 02:00 am",0,69.6399,145.112,0
"Nov 21, 03:00 am",0,82.187,133.574,0
"Nov 21, 04:00 am",0,91.8295,121.701,0
"Nov 21, 05:00 am",0,100.377,109.88,0
"Nov 21, 06:00 am",0,108.781,98.3714,0
"Nov 21, 07:00 am",0,117.701,87.1925,0
"Nov 21, 08:00 am",0,127.717,77.3586,0.419795
"Nov 21, 09:00 am",0,139.371,68.7581,0.654191
"Nov 21, 10:00 am",267.342,153.053,62.1417,0.615775
"Nov 21, 11:00 am",240.348,168.665,58.2366,0.580106
"Nov 21, 12:00 pm",234.012,185.286,57.6154,0.573007
"Nov 21, 01:00 pm",266.107,201.412,60.382,0.601304
"Nov 21, 02:00 pm",314.347,215.837,66.102,0.640982
"Nov 21, 03:00 pm",285.261,228.189,74.0693,0.590686
"Nov 21, 04:00 pm",40.173,238.728,83.5694,0
"Nov 21, 05:00 pm",28.6222,247.965,94.3432,0
"Nov 21, 06:00 pm",15.9298,256.466,105.678,0
"Nov 21, 07:00 pm",0,264.845,117.42,0
"Nov 21, 08:00 pm",0,273.903,129.317,0
"Nov 21, 09:00 pm",0,285.019,141.057,0
"Nov 21, 10:00 pm",0,301.262,152.026,0
"Nov 21, 11:00 pm",0,329.876,160.496,0
"Nov 22, 12:00 am",0,14.6298,162.195,0
"Nov 22, 01:00 am",0,50.1693,155.642,0
"Nov 22, 02:00 am",0,69.8769,145.292,0
"Nov 22, 03:00 am",0,82.3922,133.743,0
"Nov 22, 04:00 am",0,92.0065,121.869,0
"Nov 22, 05:00 am",0,100.532,110.051,0
"Nov 22, 06:00 am",0,108.919,98.5501,0
"Nov 22, 07:00 am",0,117.822,87.3726,0
"Nov 22, 08:00 am",0,127.818,77.5593,0.409193
"Nov 22, 09:00 am",0,139.443,68.9716,0.653649
"Nov 22, 10:00 am",0,153.082,62.3638,0.614734
"Nov 22, 11:00 am",0,168.636,58.4586,0.578474
"Nov 22, 12:00 pm",0,185.193,57.8244,0.570044
"Nov 22, 01:00 pm",200.459,201.268,60.5666,0.599083
"Nov 22, 02:00 pm",285.693,215.663,66.2571,0.639913
"Nov 22, 03:00 pm",240.671,227.999,74.1957,0.587698
"Nov 22, 04:00 pm",40.1042,238.53,83.6699,0
"Nov 22, 05:00 pm",28.4742,247.758,94.4268,0
"Nov 22, 06:00 pm",15.7426,256.247,105.748,0
"Nov 22, 07:00 pm",0,264.605,117.482,0
"Nov 22, 08:00 pm",0,273.627,129.378,0
"Nov 22, 09:00 pm",0,284.685,141.128,0
"Nov 22, 10:00 pm",0,300.84,152.126,0
"Nov 22, 11:00 pm",0,329.432,160.661,0
"Nov 23, 12:00 am",0,14.5745,162.416,0
"Nov 23, 01:00 am",0,50.3866,155.843,0
"Nov 23, 02:00 am",0,70.1044,145.471,0
"Nov 23, 03:00 am",0,82.5893,133.912,0
"Nov 23, 04:00 am",0,92.1762,122.035,0
"Nov 23, 05:00 am",0,100.681,110.221,0
"Nov 23, 06:00 am",0,109.05,98.7274,0
"Nov 23, 07:00 am",0,117.937,87.5496,0
"Nov 23, 08:00 am",0,127.912,77.757,0
"Nov 23, 09:00 am",0,139.509,69.1813,0.653079
"Nov 23, 10:00 am",0,153.105,62.5813,0.613732
"Nov 23, 11:00 am",0,168.602,58.675,0.575983
"Nov 23, 12:00 pm",111.115,185.098,58.0271,0.568159
"Nov 23, 01:00 pm",217.099,201.124,60.7447,0.598125
"Nov 23, 02:00 pm",53.6451,215.489,66.4057,0.638851
"Nov 23, 03:00 pm",229.835,227.811,74.3157,0.58212
"Nov 23, 04:00 pm",40.1885,238.333,83.7647,0
"Nov 23, 05:00 pm",29.3433,247.555,94.5043,0
"Nov 23, 06:00 pm",15.9458,256.032,105.811,0
"Nov 23, 07:00 pm",0,264.369,117.537,0
"Nov 23, 08:00 pm",0,273.356,129.433,0
"Nov 23, 09:00 pm",0,284.355,141.192,0
"Nov 23, 10:00 pm",0,300.422,152.219,0
"Nov 23, 11:00 pm",0,328.981,160.817,0
"Nov 24, 12:00 am",0,14.5041,162.63,0
"Nov 24, 01:00 am",0,50.5922,156.042,0
"Nov 24, 02:00 am",0,70.3221,145.648,0
"Nov 24, 03:00 am",0,82.778,134.079,0
"Nov 24, 04:00 am",0,92.3385,122.2,0
"Nov 24, 05:00 am",0,100.823,110.389,0
"Nov 24, 06:00 am",0,109.174,98.9031,0
"Nov 24, 07:00 am",0,118.045,87.7225,0
"Nov 24, 08:00 am",0,128,77.952,0
"Nov 24, 09:00 am",0,139.568,69.3875,0.652538
"Nov 24, 10:00 am",0,153.122,62.7942,0.612771
"Nov 24, 11:00 am",0,168.564,58.8858,0.57481
"Nov 24, 12:00 pm",157.697,185.001,58.2237,0.566275
"Nov 24, 01:00 pm",234.19,200.979,60.9163,0.596558
"Nov 24, 02:00 pm",273.255,215.316,66.5479,0.637796
"Nov 24, 03:00 pm",199.717,227.625,74.4296,0.582327
"Nov 24, 04:00 pm",40.221,238.14,83.8534,0
"Nov 24, 05:00 pm",28.6015,247.354,94.5757,0
"Nov 24, 06:00 pm",15.8299,255.82,105.869,0
"Nov 24, 07:00 pm",0,264.137,117.587,0
"Nov 24, 08:00 pm",0,273.089,129.481,0
"Nov 24, 09:00 pm",0,284.03,141.249,0
"Nov 24, 10:00 pm",0,300.007,152.304,0
"Nov 24, 11:00 pm",0,328.523,160.966,0
"Nov 25, 12:00 am",0,14.4185,162.839,0
"Nov 25, 01:00 am",0,50.7854,156.237,0
"Nov 25, 02:00 am",0,70.5298,145.823,0
"Nov 25, 03:00 am",0,82.9584,134.244,0
"Nov 25, 04:00 am",0,92.4933,122.364,0
"Nov 25, 05:00 am",0,100.957,110.557,0
"Nov 25, 06:00 am",0,109.292,99.0772,0
"Nov 25, 07:00 am",0,118.146,87.8946,0
"Nov 25, 08:00 am",0,128.081,78.1443,0.378634
"Nov 25, 09:00 am",0,139.621,69.5898,0.652024
"Nov 25, 10:00 am",0,153.134,63.0021,0.611852
"Nov 25, 11:00 am",0,168.521,59.0905,0.573845
"Nov 25, 12:00 pm",0,184.901,58.4134,0.565507
"Nov 25, 01:00 pm",0,200.835,61.0808,0.59501
"Nov 25, 02:00 pm",0,215.145,66.6831,0.636749
"Nov 25, 03:00 pm",0,227.441,74.5367,0.579945
"Nov 25, 04:00 pm",0,237.95,83.9363,0
"Nov 25, 05:00 pm",0,247.157,94.6409,0
"Nov 25, 06:00 pm",0,255.612,105.921,0
"Nov 25, 07:00 pm",0,263.909,117.631,0
"Nov 25, 08:00 pm",0,272.827,129.523,0
"Nov 25, 09:00 pm",0,283.711,141.299,0
"Nov 25, 10:00 pm",0,299.596,152.382,0
"Nov 25, 11:00 pm",0,328.061,161.106,0
"Nov 26, 12:00 am",0,14.3171,163.043,0
"Nov 26, 01:00 am",0,50.9661,156.43,0
"Nov 26, 02:00 am",0,70.7273,145.995,0
"Nov 26, 03:00 am",0,83.1301,134.408,0
"Nov 26, 04:00 am",0,92.6405,122.527,0
"Nov 26, 05:00 am",0,101.085,110.723,0
"Nov 26, 06:00 am",0,109.403,99.2495,0
"Nov 26, 07:00 am",0,118.24,88.0613,0
"Nov 26, 08:00 am",0,128.155,78.3329,0
"Nov 26, 09:00 am",0,139.667,69.788,0.65154
"Nov 26, 10:00 am",0,153.14,63.2051,0.610976
"Nov 26, 11:00 am",0,168.475,59.2895,0.572399
"Nov 26, 12:00 pm",0,184.8,58.5966,0.562747
"Nov 26, 01:00 pm",46.3297,200.69,61.2386,0.593481
"Nov 26, 02:00 pm",31.2302,214.975,66.8115,0.63555
"Nov 26, 03:00 pm",158.239,227.259,74.6371,0.574958
"Nov 26, 04:00 pm",38.5707,237.762,84.0115,0
"Nov 26, 05:00 pm",27.8379,246.964,94.7,0
"Nov 26, 06:00 pm",15.5788,255.407,105.966,0
"Nov 26, 07:00 pm",0,263.685,117.668,0
"Nov 26, 08:00 pm",0,272.57,129.559,0
"Nov 26, 09:00 pm",0,283.397,141.343,0
"Nov 26, 10:00 pm",0,299.19,152.452,0
"Nov 26, 11:00 pm",0,327.593,161.239,0
"Nov 27, 12:00 am",0,14.1998,163.24,0
"Nov 27, 01:00 am",0,51.1338,156.618,0
"Nov 27, 02:00 am",0,70.9145,146.166,0
"Nov 27, 03:00 am",0,83.2931,134.57,0
"Nov 27, 04:00 am",0,92.78,122.688,0
"Nov 27, 05:00 am",0,101.205,110.887,0
"Nov 27, 06:00 am",0,109.508,99.42,0
"Nov 27, 07:00 am",0,118.328,88.2243,0
"Nov 27, 08:00 am",0,128.224,78.5184,0
"Nov 27, 09:00 am",0,139.707,69.9819,0.651085
"Nov 27, 10:00 am",0,153.14,63.4025,0.610145
"Nov 27, 11:00 am",0,168.424,59.4819,0.571006
"Nov 27, 12:00 pm",0,184.696,58.7728,0.561973
"Nov 27, 01:00 pm",0,200.545,61.3891,0.591974
"Nov 27, 02:00 pm",0,214.806,66.9327,0.634684
"Nov 27, 03:00 pm",0,227.079,74.7304,0.575796
"Nov 27, 04:00 pm",0,237.577,84.0801,0
"Nov 27, 05:00 pm",0,246.773,94.7529,0
"Nov 27, 06:00 pm",0,255.207,106.006,0
"Nov 27, 07:00 pm",0,263.466,117.699,0
"Nov 27, 08:00 pm",0,272.319,129.588,0
"Nov 27, 09:00 pm",0,283.089,141.38,0
"Nov 27, 10:00 pm",0,298.788,152.515,0
"Nov 27, 11:00 pm",0,327.122,161.363,0
"Nov 28, 12:00 am",0,14.0663,163.432,0
"Nov 28, 01:00 am",0,51.2881,156.804,0
"Nov 28, 02:00 am",0,71.0909,146.334,0
"Nov 28, 03:00 am",0,83.4472,134.731,0
"Nov 28, 04:00 am",0,92.9118,122.848,0
"Nov 28, 05:00 am",0,101.319,111.05,0
"Nov 28, 06:00 am",0,109.605,99.5885,0
"Nov 28, 07:00 am",0,118.41,88.3886,0
"Nov 28, 08:00 am",0,128.285,78.702,0
"Nov 28, 09:00 am",0,139.742,70.1727,0
"Nov 28, 10:00 am",0,153.136,63.5958,0.609359
"Nov 28, 11:00 am",0,168.369,59.6693,0.569668
"Nov 28, 12:00 pm",0,184.59,58.9432,0.560269
"Nov 28, 01:00 pm",0,200.4,61.5336,0.59049
"Nov 28, 02:00 pm",0,214.639,67.0481,0
"Nov 28, 03:00 pm",0,226.902,74.8188,0
"Nov 28, 04:00 pm",0,237.396,84.1456,0
"Nov 28, 05:00 pm",0,246.587,94.7997,0
"Nov 28, 06:00 pm",0,255.011,106.04,0
"Nov 28, 07:00 pm",0,263.252,117.725,0
"Nov 28, 08:00 pm",0,272.072,129.612,0
"Nov 28, 09:00 pm",0,282.787,141.41,0
"Nov 28, 10:00 pm",0,298.393,152.57,0
"Nov 28, 11:00 pm",0,326.648,161.479,0
"Nov 29, 12:00 am",0,13.9163,163.617,0
"Nov 29, 01:00 am",0,51.4286,156.985,0
"Nov 29, 02:00 am",0,71.2566,146.5,0
"Nov 29, 03:00 am",0,83.5924,134.89,0
"Nov 29, 04:00 am",0,93.0357,123.006,0
"Nov 29, 05:00 am",0,101.425,111.211,0
"Nov 29, 06:00 am",0,109.696,99.755,0
"Nov 29, 07:00 am",0,118.485,88.5553,0
"Nov 29, 08:00 am",0,128.34,78.8831,0
"Nov 29, 09:00 am",0,139.77,70.3595,0.650268
"Nov 29, 10:00 am",0,153.125,63.7839,0
"Nov 29, 11:00 am",0,168.311,59.8504,0.568388
"Nov 29, 12:00 pm",0,184.482,59.1067,0.558611
"Nov 29, 01:00 pm",0,200.255,61.6712,0.589031
"Nov 29, 02:00 pm",0,214.473,67.1567,0.632666
"Nov 29, 03:00 pm",0,226.728,74.9003,0.569212
"Nov 29, 04:00 pm",17.0882,237.217,84.2035,0
"Nov 29, 05:00 pm",13.5255,246.404,94.8403,0
"Nov 29, 06:00 pm",0,254.819,106.067,0
"Nov 29, 07:00 pm",0,263.043,117.744,0
"Nov 29, 08:00 pm",0,271.832,129.629,0
"Nov 29, 09:00 pm",0,282.491,141.434,0
"Nov 29, 10:00 pm",0,298.003,152.618,0
"Nov 29, 11:00 pm",0,326.172,161.586,0
"Nov 30, 12:00 am",0,13.7497,163.796,0
"Nov 30, 01:00 am",0,51.555,157.164,0
"Nov 30, 02:00 am",0,71.4111,146.664,0
"Nov 30, 03:00 am",0,83.7284,135.048,0
"Nov 30, 04:00 am",0,93.1516,123.163,0
"Nov 30, 05:00 am",0,101.524,111.37,0
"Nov 30, 06:00 am",0,109.78,99.9193,0
"Nov 30, 07:00 am",0,118.553,88.6948,0
"Nov 30, 08:00 am",0,128.389,79.0562,0
"Nov 30, 09:00 am",0,139.791,70.54,0.649906
"Nov 30, 10:00 am",0,153.11,63.9655,0.607931
"Nov 30, 11:00 am",0,168.249,60.0244,0.566024
"Nov 30, 12:00 pm",199.609,184.373,59.2626,0.557002
"Nov 30, 01:00 pm",251.868,200.11,61.8007,0.587599
"Nov 30, 02:00 pm",310.169,214.309,67.2569,0.631676
"Nov 30, 03:00 pm",286.12,226.556,74.973,0.571121
"Nov 30, 04:00 pm",40.198,237.042,84.2506,0
"Nov 30, 05:00 pm",28.3048,246.225,94.8748,0
"Nov 30, 06:00 pm",15.3881,254.632,106.089,0
"Nov 30, 07:00 pm",0,262.839,117.758,0
"Nov 30, 08:00 pm",0,271.597,129.64,0
"Nov 30, 09:00 pm",0,282.203,141.452,0
"Nov 30, 10:00 pm",0,297.62,152.659,0
"Nov 30, 11:00 pm",0,325.694,161.685,0
"Dec 1, 12:00 am",0,13.5661,163.969,0
"Dec 1, 01:00 am",0,51.6669,157.338,0
"Dec 1, 02:00 am",0,71.5544,146.826,0
"Dec 1, 03:00 am",0,83.8552,135.204,0
"Dec 1, 04:00 am",0,93.2596,123.318,0
"Dec 1, 05:00 am",0,101.616,111.528,0
"Dec 1, 06:00 am",0,109.856,100.081,0
"Dec 1, 07:00 am",0,118.614,88.838,0
"Dec 1, 08:00 am",0,128.431,79.2274,0.323446
"Dec 1, 09:00 am",0,139.807,70.7167,0.649546
"Dec 1, 10:00 am",261.672,153.089,64.1421,0.60729
"Dec 1, 11:00 am",232.946,168.182,60.1924,0.566008
"Dec 1, 12:00 pm",217.333,184.262,59.4119,0.555444
"Dec 1, 01:00 pm",251.131,199.965,61.9235,0.586197
"Dec 1, 02:00 pm",301,214.146,67.351,0.630701
"Dec 1, 03:00 pm",256.727,226.387,75.0404,0.569979
"Dec 1, 04:00 pm",40.0623,236.871,84.2951,0
"Dec 1, 05:00 pm",28.2302,246.05,94.9032,0
"Dec 1, 06:00 pm",15.3826,254.449,106.105,0
"Dec 1, 07:00 pm",0,262.64,117.766,0
"Dec 1, 08:00 pm",0,271.369,129.645,0
"Dec 1, 09:00 pm",0,281.921,141.463,0
"Dec 1, 10:00 pm",0,297.245,152.692,0
"Dec 1, 11:00 pm",0,325.215,161.776,0
"Dec 2, 12:00 am",0,13.3655,164.136,0
"Dec 2, 01:00 am",0,51.7639,157.509,0
"Dec 2, 02:00 am",0,71.6862,146.985,0
"Dec 2, 03:00 am",0,83.9727,135.357,0
"Dec 2, 04:00 am",0,93.3594,123.471,0
"Dec 2, 05:00 am",0,101.7,111.684,0
"Dec 2, 06:00 am",0,109.926,100.241,0
"Dec 2, 07:00 am",0,118.669,88.9809,0
"Dec 2, 08:00 am",0,128.467,79.3953,0.315049
"Dec 2, 09:00 am",0,139.817,70.8889,0.64925
"Dec 2, 10:00 am",262.578,153.063,64.313,0.6067
"Dec 2, 11:00 am",234.127,168.113,60.3538,0.564912
"Dec 2, 12:00 pm",216.059,184.149,59.5541,0.55394
"Dec 2, 01:00 pm",250.754,199.82,62.0391,0.584825
"Dec 2, 02:00 pm",303.669,213.985,67.4378,0.629743
"Dec 2, 03:00 pm",272.317,226.22,75.1006,0.569045
"Dec 2, 04:00 pm",40.2601,236.703,84.3318,0
"Dec 2, 05:00 pm",28.4467,245.879,94.9255,0
"Dec 2, 06:00 pm",15.5917,254.27,106.114,0
"Dec 2, 07:00 pm",0,262.446,117.768,0
"Dec 2, 08:00 pm",0,271.147,129.645,0
"Dec 2, 09:00 pm",0,281.647,141.468,0
"Dec 2, 10:00 pm",0,296.877,152.718,0
"Dec 2, 11:00 pm",0,324.737,161.859,0
"Dec 3, 12:00 am",0,13.1478,164.295,0
"Dec 3, 01:00 am",0,51.8456,157.677,0
"Dec 3, 02:00 am",0,71.8062,147.142,0
"Dec 3, 03:00 am",0,84.0806,135.509,0
"Dec 3, 04:00 am",0,93.451,123.623,0
"Dec 3, 05:00 am",0,101.777,111.837,0
"Dec 3, 06:00 am",0,109.989,100.399,0
"Dec 3, 07:00 am",0,118.716,89.1229,0
"Dec 3, 08:00 am",0,128.496,79.56,0.306886
"Dec 3, 09:00 am",0,139.82,71.0567,0.648987
"Dec 3, 10:00 am",266.272,153.032,64.4785,0.606161
"Dec 3, 11:00 am",236.746,168.039,60.509,0.563883
"Dec 3, 12:00 pm",222.149,184.034,59.6894,0.552493
"Dec 3, 01:00 pm",257.873,199.676,62.1476,0.583486
"Dec 3, 02:00 pm",313.213,213.826,67.5177,0.6288
"Dec 3, 03:00 pm",275.389,226.056,75.1544,0.56832
"Dec 3, 04:00 pm",40.2281,236.538,84.363,0
"Dec 3, 05:00 pm",28.3576,245.712,94.9416,0
"Dec 3, 06:00 pm",15.448,254.097,106.118,0
"Dec 3, 07:00 pm",0,262.258,117.764,0
"Dec 3, 08:00 pm",0,270.931,129.638,0
"Dec 3, 09:00 pm",0,281.38,141.466,0
"Dec 3, 10:00 pm",0,296.517,152.737,0
"Dec 3, 11:00 pm",0,324.26,161.933,0
"Dec 4, 12:00 am",0,12.9129,164.448,0
"Dec 4, 01:00 am",0,51.9118,157.84,0
"Dec 4, 02:00 am",0,71.9144,147.297,0
"Dec 4, 03:00 am",0,84.1789,135.659,0
"Dec 4, 04:00 am",0,93.5343,123.772,0
"Dec 4, 05:00 am",0,101.846,111.989,0
"Dec 4, 06:00 am",0,110.045,100.554,0
"Dec 4, 07:00 am",0,118.758,89.2568,0
"Dec 4, 08:00 am",0,128.519,79.7205,0.298959
"Dec 4, 09:00 am",0,139.818,71.2198,0.648751
"Dec 4, 10:00 am",245.31,152.995,64.6385,0.605416
"Dec 4, 11:00 am",221.431,167.962,60.6578,0.562921
"Dec 4, 12:00 pm",209.201,183.917,59.8179,0.551104
"Dec 4, 01:00 pm",240.549,199.532,62.2492,0.582183
"Dec 4, 02:00 pm",291.739,213.669,67.591,0.627876
"Dec 4, 03:00 pm",251.872,225.896,75.202,0.567804
"Dec 4, 04:00 pm",40.1131,236.377,84.3893,0
"Dec 4, 05:00 pm",28.3258,245.55,94.9517,0
"Dec 4, 06:00 pm",15.5014,253.928,106.116,0
"Dec 4, 07:00 pm",0,262.076,117.754,0
"Dec 4, 08:00 pm",0,270.722,129.626,0
"Dec 4, 09:00 pm",0,281.121,141.459,0
"Dec 4, 10:00 pm",0,296.166,152.749,0
"Dec 4, 11:00 pm",0,323.785,161.999,0
"Dec 5, 12:00 am",0,12.6608,164.594,0
"Dec 5, 01:00 am",0,51.962,158,0
"Dec 5, 02:00 am",0,72.0105,147.449,0
"Dec 5, 03:00 am",0,84.2675,135.807,0
"Dec 5, 04:00 am",0,93.6094,123.92,0
"Dec 5, 05:00 am",0,101.908,112.138,0
"Dec 5, 06:00 am",0,110.094,100.706,0
"Dec 5, 07:00 am",0,118.792,89.3952,0
"Dec 5, 08:00 am",0,128.535,79.8785,0.29127
"Dec 5, 09:00 am",0,139.81,71.3787,0.648553
"Dec 5, 10:00 am",241.431,152.954,64.793,0.604983
"Dec 5, 11:00 am",219.133,167.881,60.8001,0.562028
"Dec 5, 12:00 pm",204.408,183.799,59.9392,0.549777
"Dec 5, 01:00 pm",235.943,199.388,62.3435,0.580915
"Dec 5, 02:00 pm",285.202,213.514,67.6572,0.626972
"Dec 5, 03:00 pm",255.834,225.738,75.2429,0.567498
"Dec 5, 04:00 pm",40.1147,236.22,84.4097,0
"Dec 5, 05:00 pm",28.3628,245.392,94.9557,0
"Dec 5, 06:00 pm",15.568,253.765,106.109,0
"Dec 5, 07:00 pm",0,261.899,117.739,0
"Dec 5, 08:00 pm",0,270.519,129.608,0
"Dec 5, 09:00 pm",0,280.87,141.445,0
"Dec 5, 10:00 pm",0,295.824,152.754,0
"Dec 5, 11:00 pm",0,323.314,162.057,0
"Dec 6, 12:00 am",0,12.3916,164.734,0
"Dec 6, 01:00 am",0,51.9959,158.155,0
"Dec 6, 02:00 am",0,72.0944,147.598,0
"Dec 6, 03:00 am",0,84.3463,135.953,0
"Dec 6, 04:00 am",0,93.676,124.065,0
"Dec 6, 05:00 am",0,101.962,112.285,0
"Dec 6, 06:00 am",0,110.136,100.855,0
"Dec 6, 07:00 am",0,118.82,89.5256,0
"Dec 6, 08:00 am",0,128.545,80.0319,0.283818
"Dec 6, 09:00 am",0,139.796,71.5324,0.648389
"Dec 6, 10:00 am",229.197,152.908,64.9414,0.604573
"Dec 6, 11:00 am",214.011,167.797,60.9356,0.561206
"Dec 6, 12:00 pm",202.664,183.68,60.0533,0.548514
"Dec 6, 01:00 pm",234.552,199.245,62.4304,0.579687
"Dec 6, 02:00 pm",283.631,213.36,67.7161,0.626087
"Dec 6, 03:00 pm",234.65,225.583,75.277,0.5674
"Dec 6, 04:00 pm",40.1807,236.066,84.4239,0
"Dec 6, 05:00 pm",28.4646,245.238,94.9536,0
"Dec 6, 06:00 pm",15.6529,253.606,106.095,0
"Dec 6, 07:00 pm",0,261.728,117.718,0
"Dec 6, 08:00 pm",0,270.323,129.584,0
"Dec 6, 09:00 pm",0,280.628,141.425,0
"Dec 6, 10:00 pm",0,295.491,152.752,0
"Dec 6, 11:00 pm",0,322.846,162.106,0
"Dec 7, 12:00 am",0,12.1055,164.866,0
"Dec 7, 01:00 am",0,52.0133,158.307,0
"Dec 7, 02:00 am",0,72.1657,147.744,0
"Dec 7, 03:00 am",0,84.4151,136.096,0
"Dec 7, 04:00 am",0,93.7342,124.208,0
"Dec 7, 05:00 am",0,102.009,112.43,0
"Dec 7, 06:00 am",0,110.171,101.002,0
"Dec 7, 07:00 am",0,118.841,89.6516,0
"Dec 7, 08:00 am",0,128.549,80.1809,0
"Dec 7, 09:00 am",0,139.775,71.681,0.648282
"Dec 7, 10:00 am",0,152.857,65.0839,0.604021
"Dec 7, 11:00 am",190.769,167.71,61.0644,0.560457
"Dec 7, 12:00 pm",193.769,183.559,60.1602,0.547318
"Dec 7, 01:00 pm",225.419,199.102,62.5101,0.5785
"Dec 7, 02:00 pm",273.644,213.209,67.768,0.625224
"Dec 7, 03:00 pm",244.421,225.432,75.3044,0.56751
"Dec 7, 04:00 pm",40.1495,235.917,84.4318,0
"Dec 7, 05:00 pm",28.498,245.089,94.9455,0
"Dec 7, 06:00 pm",15.7398,253.453,106.076,0
"Dec 7, 07:00 pm",0,261.563,117.691,0
"Dec 7, 08:00 pm",0,270.135,129.555,0
"Dec 7, 09:00 pm",0,280.394,141.4,0
"Dec 7, 10:00 pm",0,295.169,152.743,0
"Dec 7, 11:00 pm",0,322.384,162.147,0
"Dec 8, 12:00 am",0,11.8026,164.99,0
"Dec 8, 01:00 am",0,52.0138,158.454,0
"Dec 8, 02:00 am",0,72.2245,147.888,0
"Dec 8, 03:00 am",0,84.4739,136.238,0
"Dec 8, 04:00 am",0,93.7839,124.349,0
"Dec 8, 05:00 am",0,102.048,112.572,0
"Dec 8, 06:00 am",0,110.199,101.146,0
"Dec 8, 07:00 am",0,118.856,89.7758,0
"Dec 8, 08:00 am",0,128.546,80.3264,0
"Dec 8, 09:00 am",0,139.75,71.8249,0.648182
"Dec 8, 10:00 am",0,152.801,65.2207,0.603751
"Dec 8, 11:00 am",192.997,167.619,61.1866,0.559782
"Dec 8, 12:00 pm",182.596,183.437,60.26,0.54619
"Dec 8, 01:00 pm",211.447,198.96,62.5826,0.577355
"Dec 8, 02:00 pm",255.067,213.06,67.8132,0.624385
"Dec 8, 03:00 pm",198.71,225.283,75.3255,0.567828
"Dec 8, 04:00 pm",40.2342,235.771,84.4337,0
"Dec 8, 05:00 pm",28.5044,244.944,94.9315,0
"Dec 8, 06:00 pm",15.6372,253.304,106.051,0
"Dec 8, 07:00 pm",0,261.404,117.659,0
"Dec 8, 08:00 pm",0,269.954,129.52,0
"Dec 8, 09:00 pm",0,280.169,141.368,0
"Dec 8, 10:00 pm",0,294.857,152.728,0
"Dec 8, 11:00 pm",0,321.927,162.18,0
"Dec 9, 12:00 am",0,11.4832,165.108,0
"Dec 9, 01:00 am",0,51.9972,158.597,0
"Dec 9, 02:00 am",0,72.2705,148.029,0
"Dec 9, 03:00 am",0,84.5227,136.377,0
"Dec 9, 04:00 am",0,93.825,124.488,0
"Dec 9, 05:00 am",0,102.08,112.711,0
"Dec 9, 06:00 am",0,110.219,101.287,0
"Dec 9, 07:00 am",0,118.863,89.9064,0
"Dec 9, 08:00 am",0,128.537,80.4689,0
"Dec 9, 09:00 am",0,139.718,71.9642,0
"Dec 9, 10:00 am",0,152.74,65.3516,0.604035
"Dec 9, 11:00 am",0,167.525,61.302,0.559181
"Dec 9, 12:00 pm",0,183.314,60.3525,0.545134
"Dec 9, 01:00 pm",0,198.819,62.6477,0.576255
"Dec 9, 02:00 pm",0,212.913,67.851,0
"Dec 9, 03:00 pm",0,225.138,75.3396,0.568354
"Dec 9, 04:00 pm",0,235.63,84.4295,0
"Dec 9, 05:00 pm",0,244.805,94.9115,0
"Dec 9, 06:00 pm",0,253.162,106.02,0
"Dec 9, 07:00 pm",0,261.251,117.621,0
"Dec 9, 08:00 pm",0,269.78,129.479,0
"Dec 9, 09:00 pm",0,279.953,141.331,0
"Dec 9, 10:00 pm",0,294.555,152.706,0
"Dec 9, 11:00 pm",0,321.477,162.204,0
"Dec 10, 12:00 am",0,11.1477,165.218,0
"Dec 10, 01:00 am",0,51.9632,158.736,0
"Dec 10, 02:00 am",0,72.3036,148.168,0
"Dec 10, 03:00 am",0,84.5612,136.513,0
"Dec 10, 04:00 am",0,93.8575,124.624,0
"Dec 10, 05:00 am",0,102.104,112.848,0
"Dec 10, 06:00 am",0,110.233,101.425,0
"Dec 10, 07:00 am",0,118.865,90.0219,0
"Dec 10, 08:00 am",0,128.522,80.6052,0.256411
"Dec 10, 09:00 am",0,139.681,72.0974,0.648083
"Dec 10, 10:00 am",0,152.674,65.4759,0.603869
"Dec 10, 11:00 am",0,167.428,61.4102,0.558657
"Dec 10, 12:00 pm",0,183.189,60.4374,0.544151
"Dec 10, 01:00 pm",0,198.678,62.7051,0.575202
"Dec 10, 02:00 pm",0,212.768,67.8813,0.622778
"Dec 10, 03:00 pm",0,224.997,75.3469,0.569086
"Dec 10, 04:00 pm",0,235.493,84.4195,0
"Dec 10, 05:00 pm",0,244.67,94.8856,0
"Dec 10, 06:00 pm",0,253.025,105.984,0
"Dec 10, 07:00 pm",0,261.105,117.578,0
"Dec 10, 08:00 pm",0,269.613,129.433,0
"Dec 10, 09:00 pm",0,279.746,141.288,0
"Dec 10, 10:00 pm",0,294.265,152.678,0
"Dec 10, 11:00 pm",0,321.035,162.221,0
"Dec 11, 12:00 am",0,10.7967,165.32,0
"Dec 11, 01:00 am",0,51.9117,158.871,0
"Dec 11, 02:00 am",0,72.3237,148.303,0
"Dec 11, 03:00 am",0,84.5895,136.647,0
"Dec 11, 04:00 am",0,93.8814,124.758,0
"Dec 11, 05:00 am",0,102.12,112.983,0
"Dec 11, 06:00 am",0,110.24,101.56,0
"Dec 11, 07:00 am",0,118.859,90.1429,0
"Dec 11, 08:00 am",0,128.5,80.7378,0
"Dec 11, 09:00 am",0,139.638,72.2255,0.648083
"Dec 11, 10:00 am",0,152.604,65.5941,0.603757
"Dec 11, 11:00 am",0,167.328,61.5116,0.558209
"Dec 11, 12:00 pm",0,183.063,60.5149,0.542161
"Dec 11, 01:00 pm",183.963,198.539,62.7551,0.57347
"Dec 11, 02:00 pm",39.5642,212.626,67.9046,0.622014
"Dec 11, 03:00 pm",127.226,224.858,75.3471,0.56714
"Dec 11, 04:00 pm",38.4093,235.36,84.4016,0
"Dec 11, 05:00 pm",27.5382,244.54,94.8539,0
"Dec 11, 06:00 pm",15.1142,252.893,105.942,0
"Dec 11, 07:00 pm",0,260.965,117.53,0
"Dec 11, 08:00 pm",0,269.454,129.382,0
"Dec 11, 09:00 pm",0,279.548,141.24,0
"Dec 11, 10:00 pm",0,293.986,152.643,0
"Dec 11, 11:00 pm",0,320.602,162.229,0
"Dec 12, 12:00 am",0,10.4306,165.415,0
"Dec 12, 01:00 am",0,51.8425,159.001,0
"Dec 12, 02:00 am",0,72.3306,148.435,0
"Dec 12, 03:00 am",0,84.6074,136.779,0
"Dec 12, 04:00 am",0,93.8966,124.889,0
"Dec 12, 05:00 am",0,102.128,113.114,0
"Dec 12, 06:00 am",0,110.239,101.692,0
"Dec 12, 07:00 am",0,118.847,90.8694,0
"Dec 12, 08:00 am",0,128.473,80.8623,0.244152
"Dec 12, 09:00 am",0,139.589,72.3467,0.648102
"Dec 12, 10:00 am",248.62,152.529,65.7052,0.603312
"Dec 12, 11:00 am",218.56,167.225,61.6053,0.557839
"Dec 12, 12:00 pm",196.686,182.937,60.5845,0.542412
"Dec 12, 01:00 pm",226.969,198.4,62.7972,0.573244
"Dec 12, 02:00 pm",277.178,212.486,67.9201,0.621278
"Dec 12, 03:00 pm",249.97,224.724,75.3398,0.571165
"Dec 12, 04:00 pm",40.113,235.231,84.3744,0
"Dec 12, 05:00 pm",28.2981,244.415,94.8163,0
"Dec 12, 06:00 pm",15.437,252.767,105.895,0
"Dec 12, 07:00 pm",0,260.832,117.477,0
"Dec 12, 08:00 pm",0,269.303,129.326,0
"Dec 12, 09:00 pm",0,279.36,141.186,0
"Dec 12, 10:00 pm",0,293.719,152.603,0
"Dec 12, 11:00 pm",0,320.178,162.23,0
"Dec 13, 12:00 am",0,10.0501,165.502,0
"Dec 13, 01:00 am",0,51.7554,159.126,0
"Dec 13, 02:00 am",0,72.3243,148.564,0
"Dec 13, 03:00 am",0,84.615,136.907,0
"Dec 13, 04:00 am",0,93.9031,125.018,0
"Dec 13, 05:00 am",0,102.129,113.243,0
"Dec 13, 06:00 am",0,110.232,101.82,0
"Dec 13, 07:00 am",0,118.829,90.9963,0
"Dec 13, 08:00 am",0,128.439,80.984,0.238383
"Dec 13, 09:00 am",0,139.536,72.4632,0.648168
"Dec 13, 10:00 am",241.162,152.45,65.8103,0.603311
"Dec 13, 11:00 am",215.862,167.119,61.6922,0.557546
"Dec 13, 12:00 pm",193.884,182.809,60.647,0.54166
"Dec 13, 01:00 pm",221.46,198.262,62.8322,0.572343
"Dec 13, 02:00 pm",271.902,212.349,67.929,0.620571
"Dec 13, 03:00 pm",241.183,224.593,75.3268,0.572509
"Dec 13, 04:00 pm",40.1585,235.107,84.3457,0
"Dec 13, 05:00 pm",28.485,244.295,94.7731,0
"Dec 13, 06:00 pm",15.7108,252.647,105.842,0
"Dec 13, 07:00 pm",0,260.705,117.418,0
"Dec 13, 08:00 pm",0,269.16,129.265,0
"Dec 13, 09:00 pm",0,279.181,141.127,0
"Dec 13, 10:00 pm",0,293.464,152.556,0
"Dec 13, 11:00 pm",0,319.765,162.222,0
"Dec 14, 12:00 am",0,9.65596,165.581,0
"Dec 14, 01:00 am",0,51.6503,159.246,0
"Dec 14, 02:00 am",0,72.3046,148.689,0
"Dec 14, 03:00 am",0,84.6122,137.033,0
"Dec 14, 04:00 am",0,93.901,125.144,0
"Dec 14, 05:00 am",0,102.122,113.368,0
"Dec 14, 06:00 am",0,110.218,101.945,0
"Dec 14, 07:00 am",0,118.803,91.1191,0
"Dec 14, 08:00 am",0,128.399,81.1029,0
"Dec 14, 09:00 am",0,139.476,72.5749,0.648278
"Dec 14, 10:00 am",0,152.367,65.9095,0.603745
"Dec 14, 11:00 am",0,167.01,61.7724,0.557331
"Dec 14, 12:00 pm",0,182.681,60.7022,0.540989
"Dec 14, 01:00 pm",0,198.125,62.8599,0.571497
"Dec 14, 02:00 pm",0,212.215,67.931,0
"Dec 14, 03:00 pm",0,224.466,75.3075,0
"Dec 14, 04:00 pm",0,234.988,84.311,0
"Dec 14, 05:00 pm",0,244.18,94.7241,0
"Dec 14, 06:00 pm",0,252.533,105.784,0
"Dec 14, 07:00 pm",0,260.585,117.354,0
"Dec 14, 08:00 pm",0,269.024,129.199,0
"Dec 14, 09:00 pm",0,279.013,141.063,0
"Dec 14, 10:00 pm",0,293.222,152.503,0
"Dec 14, 11:00 pm",0,319.364,162.207,0
"Dec 15, 12:00 am",0,9.24903,165.652,0
"Dec 15, 01:00 am",0,51.5273,159.362,0
"Dec 15, 02:00 am",0,72.2715,148.811,0
"Dec 15, 03:00 am",0,84.599,137.156,0
"Dec 15, 04:00 am",0,93.8901,125.266,0
"Dec 15, 05:00 am",0,102.108,113.49,0
"Dec 15, 06:00 am",0,110.196,102.066,0
"Dec 15, 07:00 am",0,118.772,91.2378,0
"Dec 15, 08:00 am",0,128.353,81.2181,0
"Dec 15, 09:00 am",0,139.412,72.6816,0
"Dec 15, 10:00 am",0,152.279,66.0026,0.603847
"Dec 15, 11:00 am",0,166.898,61.8456,0.557195
"Dec 15, 12:00 pm",0,182.552,60.7501,0.5404
"Dec 15, 01:00 pm",0,197.99,62.8803,0.570707
"Dec 15, 02:00 pm",0,212.083,67.9261,0.619251
"Dec 15, 03:00 pm",0,224.343,75.282,0.5758
"Dec 15, 04:00 pm",0,234.873,84.2713,0
"Dec 15, 05:00 pm",0,244.071,94.6696,0
"Dec 15, 06:00 pm",0,252.425,105.721,0
"Dec 15, 07:00 pm",0,260.472,117.286,0
"Dec 15, 08:00 pm",0,268.897,129.128,0
"Dec 15, 09:00 pm",0,278.854,140.994,0
"Dec 15, 10:00 pm",0,292.992,152.444,0
"Dec 15, 11:00 pm",0,318.974,162.184,0
"Dec 16, 12:00 am",0,8.83021,165.715,0
"Dec 16, 01:00 am",0,51.3862,159.472,0
"Dec 16, 02:00 am",0,72.225,148.93,0
"Dec 16, 03:00 am",0,84.5753,137.276,0
"Dec 16, 04:00 am",0,93.8706,125.386,0
"Dec 16, 05:00 am",0,102.086,113.609,0
"Dec 16, 06:00 am",0,110.168,102.183,0
"Dec 16, 07:00 am",0,118.734,91.3521,0
"Dec 16, 08:00 am",0,128.302,81.3234,0.22252
"Dec 16, 09:00 am",0,139.342,72.7803,0.648566
"Dec 16, 10:00 am",0,152.187,66.0878,0.603534
"Dec 16, 11:00 am",208.015,166.784,61.9107,0.557137
"Dec 16, 12:00 pm",193.902,182.422,60.7897,0.539894
"Dec 16, 01:00 pm",221.158,197.856,62.8926,0.569976
"Dec 16, 02:00 pm",272.88,211.955,67.9132,0.61864
"Dec 16, 03:00 pm",43.9455,224.224,75.2481,0.577742
"Dec 16, 04:00 pm",37.5669,234.763,84.2201,0
"Dec 16, 05:00 pm",26.477,243.967,94.6096,0
"Dec 16, 06:00 pm",14.8799,252.323,105.653,0
"Dec 16, 07:00 pm",0,260.366,117.212,0
"Dec 16, 08:00 pm",0,268.778,129.052,0
"Dec 16, 09:00 pm",0,278.706,140.92,0
"Dec 16, 10:00 pm",0,292.775,152.38,0
"Dec 16, 11:00 pm",0,318.598,162.154,0
"Dec 17, 12:00 am",0,8.40052,165.769,0
"Dec 17, 01:00 am",0,51.2271,159.577,0
"Dec 17, 02:00 am",0,72.165,149.045,0
"Dec 17, 03:00 am",0,84.5411,137.392,0
"Dec 17, 04:00 am",0,93.8423,125.503,0
"Dec 17, 05:00 am",0,102.056,113.725,0
"Dec 17, 06:00 am",0,110.133,102.297,0
"Dec 17, 07:00 am",0,118.69,91.4621,0
"Dec 17, 08:00 am",0,128.244,81.425,0.217712
"Dec 17, 09:00 am",0,139.267,72.8737,0.648747
"Dec 17, 10:00 am",236.189,152.091,66.1666,0.603839
"Dec 17, 11:00 am",217.298,166.668,61.9687,0.557156
"Dec 17, 12:00 pm",197.33,182.292,60.8218,0.539473
"Dec 17, 01:00 pm",224.38,197.724,62.8974,0.569305
"Dec 17, 02:00 pm",277.451,211.829,67.8932,0.618064
"Dec 17, 03:00 pm",253.668,224.109,75.2082,0.579881
"Dec 17, 04:00 pm",40.0839,234.658,84.1649,0
"Dec 17, 05:00 pm",28.2361,243.869,94.5442,0
"Dec 17, 06:00 pm",15.3367,252.227,105.58,0
"Dec 17, 07:00 pm",0,260.267,117.134,0
"Dec 17, 08:00 pm",0,268.668,128.972,0
"Dec 17, 09:00 pm",0,278.568,140.841,0
"Dec 17, 10:00 pm",0,292.572,152.31,0
"Dec 17, 11:00 pm",0,318.236,162.116,0
"Dec 18, 12:00 am",0,7.96104,165.815,0
"Dec 18, 01:00 am",0,51.0501,159.677,0
"Dec 18, 02:00 am",0,72.0915,149.156,0
"Dec 18, 03:00 am",0,84.4965,137.506,0
"Dec 18, 04:00 am",0,93.8054,125.616,0
"Dec 18, 05:00 am",0,102.019,113.837,0
"Dec 18, 06:00 am",0,110.091,102.406,0
"Dec 18, 07:00 am",0,118.639,91.5675,0
"Dec 18, 08:00 am",0,128.181,81.5221,0.213142
"Dec 18, 09:00 am",0,139.187,72.9614,0.648976
"Dec 18, 10:00 am",174.497,151.991,66.239,0.604051
"Dec 18, 11:00 am",200.46,166.549,62.0197,0.557253
"Dec 18, 12:00 pm",184.684,182.162,60.8467,0.539138
"Dec 18, 01:00 pm",212.049,197.593,62.8952,0.568697
"Dec 18, 02:00 pm",264.48,211.707,67.8669,0.617523
"Dec 18, 03:00 pm",252.767,223.998,75.1627,0.582212
"Dec 18, 04:00 pm",40.1204,234.558,84.1062,0
"Dec 18, 05:00 pm",28.333,243.776,94.4734,0
"Dec 18, 06:00 pm",15.4979,252.137,105.502,0
"Dec 18, 07:00 pm",0,260.175,117.052,0
"Dec 18, 08:00 pm",0,268.566,128.887,0
"Dec 18, 09:00 pm",0,278.44,140.757,0
"Dec 18, 10:00 pm",0,292.382,152.235,0
"Dec 18, 11:00 pm",0,317.888,162.071,0
"Dec 19, 12:00 am",0,7.5129,165.853,0
"Dec 19, 01:00 am",0,50.8552,159.771,0
"Dec 19, 02:00 am",0,72.0044,149.263,0
"Dec 19, 03:00 am",0,84.4414,137.615,0
"Dec 19, 04:00 am",0,93.7599,125.726,0
"Dec 19, 05:00 am",0,101.975,113.945,0
"Dec 19, 06:00 am",0,110.042,102.512,0
"Dec 19, 07:00 am",0,118.582,91.6684,0
"Dec 19, 08:00 am",0,128.112,81.6165,0.20881
"Dec 19, 09:00 am",0,139.102,73.0443,0.649218
"Dec 19, 10:00 am",211.327,151.888,66.3054,0.604391
"Dec 19, 11:00 am",211.261,166.428,62.0637,0.557427
"Dec 19, 12:00 pm",195.215,182.031,60.8643,0.538889
"Dec 19, 01:00 pm",223.087,197.464,62.8857,0.568151
"Dec 19, 02:00 pm",276.182,211.588,67.8338,0.61702
"Dec 19, 03:00 pm",260.045,223.892,75.111,0.584735
"Dec 19, 04:00 pm",40.2792,234.463,84.0422,0
"Dec 19, 05:00 pm",28.4453,243.689,94.3974,0
"Dec 19, 06:00 pm",15.5579,252.054,105.419,0
"Dec 19, 07:00 pm",0,260.091,116.964,0
"Dec 19, 08:00 pm",0,268.472,128.798,0
"Dec 19, 09:00 pm",0,278.323,140.669,0
"Dec 19, 10:00 pm",0,292.205,152.154,0
"Dec 19, 11:00 pm",0,317.555,162.019,0
"Dec 20, 12:00 am",0,7.05732,165.883,0
"Dec 20, 01:00 am",0,50.6427,159.86,0
"Dec 20, 02:00 am",0,71.9039,149.365,0
"Dec 20, 03:00 am",0,84.3759,137.721,0
"Dec 20, 04:00 am",0,93.7058,125.832,0
"Dec 20, 05:00 am",0,101.922,114.05,0
"Dec 20, 06:00 am",0,109.987,102.613,0
"Dec 20, 07:00 am",0,118.52,91.7645,0
"Dec 20, 08:00 am",0,128.038,81.7023,0.204716
"Dec 20, 09:00 am",0,139.012,73.1197,0.649496
"Dec 20, 10:00 am",205.662,151.78,66.364,0.604744
"Dec 20, 11:00 am",206.753,166.305,62.0998,0.557676
"Dec 20, 12:00 pm",190.015,181.9,60.8737,0.538727
"Dec 20, 01:00 pm",216.401,197.336,62.8685,0.567671
"Dec 20, 02:00 pm",265.403,211.472,67.7933,0.616555
"Dec 20, 03:00 pm",251.939,223.79,75.0527,0.587446
"Dec 20, 04:00 pm",40.11,234.373,83.9726,0
"Dec 20, 05:00 pm",28.4404,243.608,94.3162,0
"Dec 20, 06:00 pm",15.6578,251.978,105.332,0
"Dec 20, 07:00 pm",0,260.013,116.873,0
"Dec 20, 08:00 pm",0,268.387,128.704,0
"Dec 20, 09:00 pm",0,278.216,140.577,0
"Dec 20, 10:00 pm",0,292.043,152.069,0
"Dec 20, 11:00 pm",0,317.238,161.96,0
"Dec 21, 12:00 am",0,6.59554,165.903,0
"Dec 21, 01:00 am",0,50.4127,159.943,0
"Dec 21, 02:00 am",0,71.79,149.464,0
"Dec 21, 03:00 am",0,84.3,137.824,0
"Dec 21, 04:00 am",0,93.643,125.934,0
"Dec 21, 05:00 am",0,101.863,114.15,0
"Dec 21, 06:00 am",0,109.925,102.71,0
"Dec 21, 07:00 am",0,118.451,91.8557,0
"Dec 21, 08:00 am",0,127.958,81.7838,0.200858
"Dec 21, 09:00 am",0,138.918,73.1892,0.649802
"Dec 21, 10:00 am",208.816,151.669,66.4159,0.605154
"Dec 21, 11:00 am",207.267,166.18,62.1286,0.558
"Dec 21, 12:00 pm",188.119,181.769,60.8757,0.538653
"Dec 21, 01:00 pm",213.316,197.211,62.8438,0.567258
"Dec 21, 02:00 pm",262.883,211.359,67.7458,0.61613
"Dec 21, 03:00 pm",257.938,223.693,74.9877,0.590343
"Dec 21, 04:00 pm",40.0941,234.289,83.8962,0
"Dec 21, 05:00 pm",28.5126,243.533,94.2299,0
"Dec 21, 06:00 pm",15.8575,251.907,105.24,0
"Dec 21, 07:00 pm",0,259.944,116.777,0
"Dec 21, 08:00 pm",0,268.311,128.607,0
"Dec 21, 09:00 pm",0,278.121,140.48,0
"Dec 21, 10:00 pm",0,291.894,151.978,0
"Dec 21, 11:00 pm",0,316.937,161.894,0
"Dec 22, 12:00 am",0,6.12885,165.916,0
"Dec 22, 01:00 am",0,50.1655,160.019,0
"Dec 22, 02:00 am",0,71.6626,149.558,0
"Dec 22, 03:00 am",0,84.2137,137.922,0
"Dec 22, 04:00 am",0,93.5718,126.033,0
"Dec 22, 05:00 am",0,101.796,114.247,0
"Dec 22, 06:00 am",0,109.856,102.803,0
"Dec 22, 07:00 am",0,118.376,91.9421,0
"Dec 22, 08:00 am",0,127.873,81.8601,0.197237
"Dec 22, 09:00 am",0,138.819,73.2529,0.650135
"Dec 22, 10:00 am",203.333,151.555,66.4611,0.605601
"Dec 22, 11:00 am",205.655,166.053,62.1502,0.558398
"Dec 22, 12:00 pm",187.115,181.639,60.8703,0.538667
"Dec 22, 01:00 pm",212.322,197.087,62.812,0.566912
"Dec 22, 02:00 pm",261.55,211.251,67.6918,0.615746
"Dec 22, 03:00 pm",248.538,223.6,74.9173,0.593423
"Dec 22, 04:00 pm",40.1156,234.21,83.8151,0
"Dec 22, 05:00 pm",28.459,243.464,94.1387,0
"Dec 22, 06:00 pm",15.6778,251.844,105.143,0
"Dec 22, 07:00 pm",0,259.881,116.677,0
"Dec 22, 08:00 pm",0,268.243,128.505,0
"Dec 22, 09:00 pm",0,278.035,140.379,0
"Dec 22, 10:00 pm",0,291.759,151.883,0
"Dec 22, 11:00 pm",0,316.653,161.821,0
"Dec 23, 12:00 am",0,5.65853,165.919,0
"Dec 23, 01:00 am",0,49.9013,160.09,0
"Dec 23, 02:00 am",0,71.5219,149.648,0
"Dec 23, 03:00 am",0,84.1171,138.017,0
"Dec 23, 04:00 am",0,93.4921,126.128,0
"Dec 23, 05:00 am",0,101.722,114.339,0
"Dec 23, 06:00 am",0,109.781,102.891,0
"Dec 23, 07:00 am",0,118.295,92.0234,0
"Dec 23, 08:00 am",0,127.782,81.9309,0.19385
"Dec 23, 09:00 am",0,138.715,73.3101,0.650497
"Dec 23, 10:00 am",188.388,151.437,66.4994,0.606076
"Dec 23, 11:00 am",205.022,165.924,62.1642,0.558869
"Dec 23, 12:00 pm",181.166,181.508,60.8571,0.538769
"Dec 23, 01:00 pm",202.403,196.966,62.7725,0.566636
"Dec 23, 02:00 pm",245.659,211.146,67.6306,0.615404
"Dec 23, 03:00 pm",230.505,223.512,74.8399,0.596684
"Dec 23, 04:00 pm",40.1797,234.136,83.7277,0
"Dec 23, 05:00 pm",28.462,243.401,94.0427,0
"Dec 23, 06:00 pm",15.6424,251.787,105.042,0
"Dec 23, 07:00 pm",0,259.827,116.573,0
"Dec 23, 08:00 pm",0,268.184,128.4,0
"Dec 23, 09:00 pm",0,277.961,140.274,0
"Dec 23, 10:00 pm",0,291.639,151.783,0
"Dec 23, 11:00 pm",0,316.387,161.742,0
"Dec 24, 12:00 am",0,5.18592,165.914,0
"Dec 24, 01:00 am",0,49.6204,160.154,0
"Dec 24, 02:00 am",0,71.368,149.733,0
"Dec 24, 03:00 am",0,84.0103,138.107,0
"Dec 24, 04:00 am",0,93.404,126.218,0
"Dec 24, 05:00 am",0,101.64,114.428,0
"Dec 24, 06:00 am",0,109.699,102.974,0
"Dec 24, 07:00 am",0,118.208,92.0996,0
"Dec 24, 08:00 am",0,127.687,81.9964,0.190698
"Dec 24, 09:00 am",0,138.607,73.3612,0.65088
"Dec 24, 10:00 am",152.685,151.316,66.5307,0.606628
"Dec 24, 11:00 am",193.426,165.794,62.1708,0.559411
"Dec 24, 12:00 pm",177.608,181.378,60.8364,0.538958
"Dec 24, 01:00 pm",201.908,196.847,62.7259,0.56643
"Dec 24, 02:00 pm",246.889,211.045,67.563,0.615105
"Dec 24, 03:00 pm",222.144,223.429,74.7572,0.60012
"Dec 24, 04:00 pm",40.1965,234.068,83.6366,0
"Dec 24, 05:00 pm",28.5054,243.344,93.9418,0
"Dec 24, 06:00 pm",15.7017,251.737,104.937,0
"Dec 24, 07:00 pm",0,259.779,116.465,0
"Dec 24, 08:00 pm",0,268.134,128.291,0
"Dec 24, 09:00 pm",0,277.898,140.166,0
"Dec 24, 10:00 pm",0,291.533,151.678,0
"Dec 24, 11:00 pm",0,316.138,161.656,0
"Dec 25, 12:00 am",0,4.71231,165.901,0
"Dec 25, 01:00 am",0,49.3234,160.212,0
"Dec 25, 02:00 am",0,71.2009,149.813,0
"Dec 25, 03:00 am",0,83.8932,138.193,0
"Dec 25, 04:00 am",0,93.3075,126.305,0
"Dec 25, 05:00 am",0,101.551,114.511,0
"Dec 25, 06:00 am",0,109.611,103.053,0
"Dec 25, 07:00 am",0,118.116,92.1705,0
"Dec 25, 08:00 am",0,127.586,82.0567,0
"Dec 25, 09:00 am",0,138.495,73.4059,0
"Dec 25, 10:00 am",0,151.191,66.5548,0
"Dec 25, 11:00 am",0,165.662,62.1697,0.560023
"Dec 25, 12:00 pm",0,181.248,60.8079,0
"Dec 25, 01:00 pm",0,196.731,62.6718,0.566294
"Dec 25, 02:00 pm",0,210.947,67.4883,0.614702
"Dec 25, 03:00 pm",20.9942,223.351,74.6679,0.603731
"Dec 25, 04:00 pm",19.1686,234.006,83.5386,0.110297
"Dec 25, 05:00 pm",11.9761,243.293,93.8363,0
"Dec 25, 06:00 pm",0,251.694,104.827,0
"Dec 25, 07:00 pm",0,259.74,116.354,0
"Dec 25, 08:00 pm",0,268.093,128.178,0
"Dec 25, 09:00 pm",0,277.845,140.053,0
"Dec 25, 10:00 pm",0,291.44,151.569,0
"Dec 25, 11:00 pm",0,315.906,161.564,0
"Dec 26, 12:00 am",0,4.23901,165.878,0
"Dec 26, 01:00 am",0,49.0105,160.264,0
"Dec 26, 02:00 am",0,71.0209,149.889,0
"Dec 26, 03:00 am",0,83.7661,138.275,0
"Dec 26, 04:00 am",0,93.2027,126.387,0
"Dec 26, 05:00 am",0,101.456,114.591,0
"Dec 26, 06:00 am",0,109.517,103.127,0
"Dec 26, 07:00 am",0,118.018,92.2362,0
"Dec 26, 08:00 am",0,127.48,82.11,0.185096
"Dec 26, 09:00 am",0,138.378,73.4438,0.651719
"Dec 26, 10:00 am",19.5021,151.064,66.5718,0.608199
"Dec 26, 11:00 am",18.1896,165.528,62.1613,0.560704
"Dec 26, 12:00 pm",13.5735,181.119,60.7719,0.539598
"Dec 26, 01:00 pm",0,196.617,62.6105,0.56623
"Dec 26, 02:00 pm",0,210.854,67.4069,0.61464
"Dec 26, 03:00 pm",0,223.278,74.5727,0.607512
"Dec 26, 04:00 pm",0,233.949,83.4354,0
"Dec 26, 05:00 pm",0,243.248,93.7261,0
"Dec 26, 06:00 pm",0,251.658,104.714,0
"Dec 26, 07:00 pm",0,259.708,116.238,0
"Dec 26, 08:00 pm",0,268.061,128.062,0
"Dec 26, 09:00 pm",0,277.804,139.937,0
"Dec 26, 10:00 pm",0,291.363,151.456,0
"Dec 26, 11:00 pm",0,315.693,161.466,0
"Dec 27, 12:00 am",0,3.76731,165.847,0
"Dec 27, 01:00 am",0,48.6821,160.308,0
"Dec 27, 02:00 am",0,70.8279,149.959,0
"Dec 27, 03:00 am",0,83.6289,138.353,0
"Dec 27, 04:00 am",0,93.0897,126.465,0
"Dec 27, 05:00 am",0,101.353,114.666,0
"Dec 27, 06:00 am",0,109.416,103.196,0
"Dec 27, 07:00 am",0,117.914,92.2965,0
"Dec 27, 08:00 am",0,127.369,82.1593,0
"Dec 27, 09:00 am",0,138.257,73.476,0
"Dec 27, 10:00 am",0,150.933,66.5822,0.608859
"Dec 27, 11:00 am",0,165.394,62.1456,0.56145
"Dec 27, 12:00 pm",0,180.991,60.7287,0
"Dec 27, 01:00 pm",0,196.505,62.5423,0
"Dec 27, 02:00 pm",0,210.765,67.3196,0.614475
"Dec 27, 03:00 pm",0,223.21,74.4727,0
"Dec 27, 04:00 pm",0,233.898,83.3296,0
"Dec 27, 05:00 pm",0,243.21,93.6115,0
"Dec 27, 06:00 pm",0,251.628,104.596,0
"Dec 27, 07:00 pm",0,259.684,116.119,0
"Dec 27, 08:00 pm",0,268.038,127.942,0
"Dec 27, 09:00 pm",0,277.773,139.818,0
"Dec 27, 10:00 pm",0,291.299,151.339,0
"Dec 27, 11:00 pm",0,315.498,161.362,0
"Dec 28, 12:00 am",0,3.29843,165.808,0
"Dec 28, 01:00 am",0,48.3389,160.346,0
"Dec 28, 02:00 am",0,70.6223,150.024,0
"Dec 28, 03:00 am",0,83.4818,138.425,0
"Dec 28, 04:00 am",0,92.9686,126.538,0
"Dec 28, 05:00 am",0,101.243,114.736,0
"Dec 28, 06:00 am",0,109.309,103.26,0
"Dec 28, 07:00 am",0,117.805,92.3514,0
"Dec 28, 08:00 am",0,127.253,82.201,0
"Dec 28, 09:00 am",0,138.132,73.501,0
"Dec 28, 10:00 am",0,150.8,66.5853,0.609557
"Dec 28, 11:00 am",0,165.258,62.1224,0.562262
"Dec 28, 12:00 pm",0,180.863,60.6779,0.540582
"Dec 28, 01:00 pm",0,196.397,62.4669,0.56632
"Dec 28, 02:00 pm",0,210.68,67.2255,0.614357
"Dec 28, 03:00 pm",0,223.147,74.3665,0.61557
"Dec 28, 04:00 pm",0,233.853,83.2177,0.12307
"Dec 28, 05:00 pm",0,243.178,93.4925,0
"Dec 28, 06:00 pm",0,251.605,104.475,0
"Dec 28, 07:00 pm",0,259.667,115.997,0
"Dec 28, 08:00 pm",0,268.024,127.819,0
"Dec 28, 09:00 pm",0,277.753,139.695,0
"Dec 28, 10:00 pm",0,291.249,151.217,0
"Dec 28, 11:00 pm",0,315.321,161.252,0
"Dec 29, 12:00 am",0,2.83359,165.759,0
"Dec 29, 01:00 am",0,47.9813,160.377,0
"Dec 29, 02:00 am",0,70.4041,150.083,0
"Dec 29, 03:00 am",0,83.3249,138.493,0
"Dec 29, 04:00 am",0,92.8395,126.607,0
"Dec 29, 05:00 am",0,101.126,114.801,0
"Dec 29, 06:00 am",0,109.197,103.319,0
"Dec 29, 07:00 am",0,117.69,92.4008,0
"Dec 29, 08:00 am",0,127.132,82.2356,0
"Dec 29, 09:00 am",0,138.003,73.519,0
"Dec 29, 10:00 am",0,150.664,66.5807,0.610292
"Dec 29, 11:00 am",0,165.12,62.0912,0
"Dec 29, 12:00 pm",0,180.736,60.619,0
"Dec 29, 01:00 pm",0,196.291,62.3837,0.566474
"Dec 29, 02:00 pm",0,210.599,67.1244,0.614285
"Dec 29, 03:00 pm",0,223.09,74.2537,0
"Dec 29, 04:00 pm",0,233.814,83.0987,0
"Dec 29, 05:00 pm",0,243.153,93.3692,0
"Dec 29, 06:00 pm",0,251.59,104.35,0
"Dec 29, 07:00 pm",0,259.658,115.871,0
"Dec 29, 08:00 pm",0,268.018,127.693,0
"Dec 29, 09:00 pm",0,277.744,139.569,0
"Dec 29, 10:00 pm",0,291.214,151.092,0
"Dec 29, 11:00 pm",0,315.163,161.136,0
"Dec 30, 12:00 am",0,2.37393,165.702,0
"Dec 30, 01:00 am",0,47.6099,160.4,0
"Dec 30, 02:00 am",0,70.1735,150.137,0
"Dec 30, 03:00 am",0,83.1582,138.556,0
"Dec 30, 04:00 am",0,92.7024,126.671,0
"Dec 30, 05:00 am",0,101.003,114.862,0
"Dec 30, 06:00 am",0,109.078,103.373,0
"Dec 30, 07:00 am",0,117.57,92.4446,0
"Dec 30, 08:00 am",0,127.007,82.2647,0.17668
"Dec 30, 09:00 am",0,137.87,73.5304,0.653664
"Dec 30, 10:00 am",0,150.525,66.5692,0.610674
"Dec 30, 11:00 am",194.432,164.982,62.0527,0.564073
"Dec 30, 12:00 pm",190.635,180.61,60.5529,0.541901
"Dec 30, 01:00 pm",216.129,196.187,62.2937,0.566701
"Dec 30, 02:00 pm",267.056,210.523,67.017,0.614261
"Dec 30, 03:00 pm",283.18,223.037,74.1358,0.624267
"Dec 30, 04:00 pm",43.0132,233.781,82.9769,0.13267
"Dec 30, 05:00 pm",35.5117,243.134,93.2416,0
"Dec 30, 06:00 pm",24.1403,251.581,104.221,0
"Dec 30, 07:00 pm",12.0727,259.657,115.742,0
"Dec 30, 08:00 pm",0,268.021,127.564,0
"Dec 30, 09:00 pm",0,277.746,139.439,0
"Dec 30, 10:00 pm",0,291.193,150.963,0
"Dec 30, 11:00 pm",0,315.023,161.014,0
"Dec 31, 12:00 am",0,1.92057,165.637,0
"Dec 31, 01:00 am",0,47.2253,160.417,0
"Dec 31, 02:00 am",0,69.9308,150.186,0
"Dec 31, 03:00 am",0,82.982,138.614,0
"Dec 31, 04:00 am",0,92.5574,126.73,0
"Dec 31, 05:00 am",0,100.873,114.917,0
"Dec 31, 06:00 am",0,108.953,103.421,0
"Dec 31, 07:00 am",0,117.445,92.4828,0
"Dec 31, 08:00 am",0,126.877,82.2881,0
"Dec 31, 09:00 am",0,137.734,73.5352,0.654201
"Dec 31, 10:00 am",0,150.383,66.5503,0.611868
"Dec 31, 11:00 am",0,164.843,62.0065,0.565069
"Dec 31, 12:00 pm",0,180.485,60.4789,0.542684
"Dec 31, 01:00 pm",0,196.087,62.1962,0.567
"Dec 31, 02:00 pm",0,210.451,66.9029,0.614284
"Dec 31, 03:00 pm",0,222.991,74.0117,0.628844
"Dec 31, 04:00 pm",0,233.754,82.8484,0
"Dec 31, 05:00 pm",0,243.121,93.11,0
"Dec 31, 06:00 pm",0,251.58,104.089,0
"Dec 31, 07:00 pm",0,259.664,115.609,0
"Dec 31, 08:00 pm",0,268.034,127.431,0
"Dec 31, 09:00 pm",0,277.758,139.307,0
"Dec 31, 10:00 pm",0,291.185,150.83,0
"Dec 31, 11:00 pm",0,314.901,160.887,0
