"Time stamp","System power generated | (kW)","Estimated receiver thermal power TO HTF | (MWt)","Resource beam normal irradiance | (W/m2)","Predicted clear-sky beam normal irradiance | (W/m2)"
"Jan 1, 12:00 am",58745.9,0,0,0
"Jan 1, 01:00 am",118384,0,0,0
"Jan 1, 02:00 am",106046,0,0,0
"Jan 1, 03:00 am",-607.2,0,0,0
"Jan 1, 04:00 am",-607.2,0,0,0
"Jan 1, 05:00 am",-607.2,0,0,0
"Jan 1, 06:00 am",-607.2,0,0,0
"Jan 1, 07:00 am",-607.2,0,0,0
"Jan 1, 08:00 am",-607.2,0,0,0
"Jan 1, 09:00 am",-607.2,0,416,0
"Jan 1, 10:00 am",-3101.2,0,661,0
"Jan 1, 11:00 am",112915,463.354,764,0
"Jan 1, 12:00 pm",112028,521.206,815,0
"Jan 1, 01:00 pm",111459,553.086,852,0
"Jan 1, 02:00 pm",116215,0,250,0
"Jan 1, 03:00 pm",113505,0,426,0
"Jan 1, 04:00 pm",113919,346.489,671,0
"Jan 1, 05:00 pm",93695.3,0,433,0
"Jan 1, 06:00 pm",-607.2,0,0,0
"Jan 1, 07:00 pm",-607.2,0,0,0
"Jan 1, 08:00 pm",-607.2,0,0,0
"Jan 1, 09:00 pm",-607.2,0,0,0
"Jan 1, 10:00 pm",-607.2,0,0,0
"Jan 1, 11:00 pm",-607.2,0,0,0
"Jan 2, 12:00 am",-607.2,0,0,0
"Jan 2, 01:00 am",-607.2,0,0,0
"Jan 2, 02:00 am",-607.2,0,0,0
"Jan 2, 03:00 am",-607.2,0,0,0
"Jan 2, 04:00 am",-607.2,0,0,0
"Jan 2, 05:00 am",-607.2,0,0,0
"Jan 2, 06:00 am",-607.2,0,0,0
"Jan 2, 07:00 am",-607.2,0,0,0
"Jan 2, 08:00 am",-607.2,0,0,0
"Jan 2, 09:00 am",-607.2,0,0,0
"Jan 2, 10:00 am",-607.2,0,0,0
"Jan 2, 11:00 am",-2769.31,0,242,0
"Jan 2, 12:00 pm",6237.62,0,356,0
"Jan 2, 01:00 pm",111042,558.588,866,0
"Jan 2, 02:00 pm",111308,538.24,847,0
"Jan 2, 03:00 pm",113877,275.877,479,0
"Jan 2, 04:00 pm",114608,0,116,0
"Jan 2, 05:00 pm",74772.7,0,0,0
"Jan 2, 06:00 pm",-607.2,0,0,0
"Jan 2, 07:00 pm",-607.2,0,0,0
"Jan 2, 08:00 pm",-607.2,0,0,0
"Jan 2, 09:00 pm",-607.2,0,0,0
"Jan 2, 10:00 pm",-607.2,0,0,0
"Jan 2, 11:00 pm",-607.2,0,0,0
"Jan 3, 12:00 am",-607.2,0,0,0
"Jan 3, 01:00 am",-607.2,0,0,0
"Jan 3, 02:00 am",-607.2,0,0,0
"Jan 3, 03:00 am",-607.2,0,0,0
"Jan 3, 04:00 am",-607.2,0,0,0
"Jan 3, 05:00 am",-607.2,0,0,0
"Jan 3, 06:00 am",-607.2,0,0,0
"Jan 3, 07:00 am",-607.2,0,0,0
"Jan 3, 08:00 am",-607.2,0,0,0
"Jan 3, 09:00 am",-607.2,0,0,0
"Jan 3, 10:00 am",-607.2,0,0,0
"Jan 3, 11:00 am",-607.2,0,0,0
"Jan 3, 12:00 pm",-607.2,0,0,0
"Jan 3, 01:00 pm",-2272.11,0,168,0
"Jan 3, 02:00 pm",-2120.48,0,220,0
"Jan 3, 03:00 pm",-3473.72,0,335,0
"Jan 3, 04:00 pm",-818.16,0,95,0
"Jan 3, 05:00 pm",-607.2,0,186,0
"Jan 3, 06:00 pm",-607.2,0,0,0
"Jan 3, 07:00 pm",-607.2,0,0,0
"Jan 3, 08:00 pm",-607.2,0,0,0
"Jan 3, 09:00 pm",-607.2,0,0,0
"Jan 3, 10:00 pm",-607.2,0,0,0
"Jan 3, 11:00 pm",-607.2,0,0,0
"Jan 4, 12:00 am",-607.2,0,0,0
"Jan 4, 01:00 am",-607.2,0,0,0
"Jan 4, 02:00 am",-607.2,0,0,0
"Jan 4, 03:00 am",-607.2,0,0,0
"Jan 4, 04:00 am",-607.2,0,0,0
"Jan 4, 05:00 am",-607.2,0,0,0
"Jan 4, 06:00 am",-607.2,0,0,0
"Jan 4, 07:00 am",-607.2,0,0,0
"Jan 4, 08:00 am",-607.2,0,0,0
"Jan 4, 09:00 am",-607.2,0,268,0
"Jan 4, 10:00 am",-4042.16,0,538,0
"Jan 4, 11:00 am",100270,405.93,673,0
"Jan 4, 12:00 pm",112072,470.404,738,0
"Jan 4, 01:00 pm",111976,461.108,716,0
"Jan 4, 02:00 pm",112107,442.116,697,0
"Jan 4, 03:00 pm",112772,382.868,638,0
"Jan 4, 04:00 pm",113551,259.745,510,0
"Jan 4, 05:00 pm",113031,0,245,0
"Jan 4, 06:00 pm",113311,0,0,0
"Jan 4, 07:00 pm",19062.7,0,0,0
"Jan 4, 08:00 pm",-607.2,0,0,0
"Jan 4, 09:00 pm",-607.2,0,0,0
"Jan 4, 10:00 pm",-607.2,0,0,0
"Jan 4, 11:00 pm",-607.2,0,0,0
"Jan 5, 12:00 am",-607.2,0,0,0
"Jan 5, 01:00 am",-607.2,0,0,0
"Jan 5, 02:00 am",-607.2,0,0,0
"Jan 5, 03:00 am",-607.2,0,0,0
"Jan 5, 04:00 am",-607.2,0,0,0
"Jan 5, 05:00 am",-607.2,0,0,0
"Jan 5, 06:00 am",-607.2,0,0,0
"Jan 5, 07:00 am",-607.2,0,0,0
"Jan 5, 08:00 am",-607.2,0,0,0
"Jan 5, 09:00 am",-607.2,0,453,0
"Jan 5, 10:00 am",-944.89,0,684,0
"Jan 5, 11:00 am",112607,484.089,795,0
"Jan 5, 12:00 pm",111392,548.476,854,0
"Jan 5, 01:00 pm",110697,571.465,877,0
"Jan 5, 02:00 pm",110716,557.15,866,0
"Jan 5, 03:00 pm",111497,502.209,821,0
"Jan 5, 04:00 pm",113070,382.526,724,0
"Jan 5, 05:00 pm",115457,0,506,0
"Jan 5, 06:00 pm",115860,0,0,0
"Jan 5, 07:00 pm",116617,0,0,0
"Jan 5, 08:00 pm",116521,0,0,0
"Jan 5, 09:00 pm",50636.4,0,0,0
"Jan 5, 10:00 pm",-607.2,0,0,0
"Jan 5, 11:00 pm",-607.2,0,0,0
"Jan 6, 12:00 am",-607.2,0,0,0
"Jan 6, 01:00 am",-607.2,0,0,0
"Jan 6, 02:00 am",-607.2,0,0,0
"Jan 6, 03:00 am",-607.2,0,0,0
"Jan 6, 04:00 am",-607.2,0,0,0
"Jan 6, 05:00 am",-607.2,0,0,0
"Jan 6, 06:00 am",-607.2,0,0,0
"Jan 6, 07:00 am",-607.2,0,0,0
"Jan 6, 08:00 am",-607.2,0,0,0
"Jan 6, 09:00 am",-607.2,0,510,0
"Jan 6, 10:00 am",1770.93,0,719,0
"Jan 6, 11:00 am",112371,495.971,813,0
"Jan 6, 12:00 pm",111261,548.743,854,0
"Jan 6, 01:00 pm",110552,575.693,883,0
"Jan 6, 02:00 pm",110751,557.934,867,0
"Jan 6, 03:00 pm",111615,500.908,818,0
"Jan 6, 04:00 pm",113135,388.674,732,0
"Jan 6, 05:00 pm",116017,0,514,0
"Jan 6, 06:00 pm",116331,0,0,0
"Jan 6, 07:00 pm",116333,0,0,0
"Jan 6, 08:00 pm",117007,0,0,0
"Jan 6, 09:00 pm",66770.8,0,0,0
"Jan 6, 10:00 pm",-607.2,0,0,0
"Jan 6, 11:00 pm",-607.2,0,0,0
"Jan 7, 12:00 am",-607.2,0,0,0
"Jan 7, 01:00 am",-607.2,0,0,0
"Jan 7, 02:00 am",-607.2,0,0,0
"Jan 7, 03:00 am",-607.2,0,0,0
"Jan 7, 04:00 am",-607.2,0,0,0
"Jan 7, 05:00 am",-607.2,0,0,0
"Jan 7, 06:00 am",-607.2,0,0,0
"Jan 7, 07:00 am",-607.2,0,0,0
"Jan 7, 08:00 am",-607.2,0,0,0
"Jan 7, 09:00 am",-607.2,0,463,0
"Jan 7, 10:00 am",769.902,0,704,0
"Jan 7, 11:00 am",112269,495.393,811,0
"Jan 7, 12:00 pm",111213,553.829,861,0
"Jan 7, 01:00 pm",110645,578.699,887,0
"Jan 7, 02:00 pm",110860,563.773,875,0
"Jan 7, 03:00 pm",111724,510.682,832,0
"Jan 7, 04:00 pm",113290,394.734,740,0
"Jan 7, 05:00 pm",114566,165.26,525,0
"Jan 7, 06:00 pm",117068,0,0,0
"Jan 7, 07:00 pm",117228,0,0,0
"Jan 7, 08:00 pm",117157,0,0,0
"Jan 7, 09:00 pm",117044,0,0,0
"Jan 7, 10:00 pm",22427.8,0,0,0
"Jan 7, 11:00 pm",-607.2,0,0,0
"Jan 8, 12:00 am",-607.2,0,0,0
"Jan 8, 01:00 am",-607.2,0,0,0
"Jan 8, 02:00 am",-607.2,0,0,0
"Jan 8, 03:00 am",-607.2,0,0,0
"Jan 8, 04:00 am",-607.2,0,0,0
"Jan 8, 05:00 am",-607.2,0,0,0
"Jan 8, 06:00 am",-607.2,0,0,0
"Jan 8, 07:00 am",-607.2,0,0,0
"Jan 8, 08:00 am",-607.2,0,0,0
"Jan 8, 09:00 am",-607.2,0,534,0
"Jan 8, 10:00 am",4861.01,0,760,0
"Jan 8, 11:00 am",19606.8,0,236,0
"Jan 8, 12:00 pm",-3681.73,0,370,0
"Jan 8, 01:00 pm",75987,609.318,930,0
"Jan 8, 02:00 pm",110469,594.807,919,0
"Jan 8, 03:00 pm",111401,541.931,878,0
"Jan 8, 04:00 pm",113227,410.954,765,0
"Jan 8, 05:00 pm",114586,180.415,558,0
"Jan 8, 06:00 pm",116986,0,0,0
"Jan 8, 07:00 pm",117119,0,0,0
"Jan 8, 08:00 pm",111519,0,0,0
"Jan 8, 09:00 pm",-607.2,0,0,0
"Jan 8, 10:00 pm",-607.2,0,0,0
"Jan 8, 11:00 pm",-607.2,0,0,0
"Jan 9, 12:00 am",-607.2,0,0,0
"Jan 9, 01:00 am",-607.2,0,0,0
"Jan 9, 02:00 am",-607.2,0,0,0
"Jan 9, 03:00 am",-607.2,0,0,0
"Jan 9, 04:00 am",-607.2,0,0,0
"Jan 9, 05:00 am",-607.2,0,0,0
"Jan 9, 06:00 am",-607.2,0,0,0
"Jan 9, 07:00 am",-607.2,0,0,0
"Jan 9, 08:00 am",-607.2,0,0,0
"Jan 9, 09:00 am",-607.2,0,571,0
"Jan 9, 10:00 am",6476.67,0,785,0
"Jan 9, 11:00 am",111902,537.325,874,0
"Jan 9, 12:00 pm",110646,594.2,919,0
"Jan 9, 01:00 pm",109999,612.939,935,0
"Jan 9, 02:00 pm",110092,599.312,925,0
"Jan 9, 03:00 pm",110977,548.223,886,0
"Jan 9, 04:00 pm",112810,429.572,794,0
"Jan 9, 05:00 pm",114567,197.581,595,0
"Jan 9, 06:00 pm",117207,0,0,0
"Jan 9, 07:00 pm",117385,0,0,0
"Jan 9, 08:00 pm",117339,0,0,0
"Jan 9, 09:00 pm",117269,0,0,0
"Jan 9, 10:00 pm",117154,0,0,0
"Jan 9, 11:00 pm",20194.6,0,0,0
"Jan 10, 12:00 am",-607.2,0,0,0
"Jan 10, 01:00 am",-607.2,0,0,0
"Jan 10, 02:00 am",-607.2,0,0,0
"Jan 10, 03:00 am",-607.2,0,0,0
"Jan 10, 04:00 am",-607.2,0,0,0
"Jan 10, 05:00 am",-607.2,0,0,0
"Jan 10, 06:00 am",-607.2,0,0,0
"Jan 10, 07:00 am",-607.2,0,0,0
"Jan 10, 08:00 am",-607.2,0,0,0
"Jan 10, 09:00 am",-607.2,0,47,0
"Jan 10, 10:00 am",3408.16,0,736,0
"Jan 10, 11:00 am",15533.3,0,220,0
"Jan 10, 12:00 pm",-3437.3,0,312,0
"Jan 10, 01:00 pm",32178.9,217.178,364,0
"Jan 10, 02:00 pm",75997.6,203.308,348,0
"Jan 10, 03:00 pm",87592.4,228.759,401,0
"Jan 10, 04:00 pm",-818.16,0,296,0
"Jan 10, 05:00 pm",-2139.04,0,273,0
"Jan 10, 06:00 pm",-818.16,0,0,0
"Jan 10, 07:00 pm",-607.2,0,0,0
"Jan 10, 08:00 pm",-607.2,0,0,0
"Jan 10, 09:00 pm",-607.2,0,0,0
"Jan 10, 10:00 pm",-607.2,0,0,0
"Jan 10, 11:00 pm",-607.2,0,0,0
"Jan 11, 12:00 am",-607.2,0,0,0
"Jan 11, 01:00 am",-607.2,0,0,0
"Jan 11, 02:00 am",-607.2,0,0,0
"Jan 11, 03:00 am",-607.2,0,0,0
"Jan 11, 04:00 am",-607.2,0,0,0
"Jan 11, 05:00 am",-607.2,0,0,0
"Jan 11, 06:00 am",-607.2,0,0,0
"Jan 11, 07:00 am",-607.2,0,0,0
"Jan 11, 08:00 am",-607.2,0,0,0
"Jan 11, 09:00 am",-607.2,0,19,0
"Jan 11, 10:00 am",-607.2,0,73,0
"Jan 11, 11:00 am",-2961.17,0,261,0
"Jan 11, 12:00 pm",5538.61,0,326,0
"Jan 11, 01:00 pm",-818.16,0,245,0
"Jan 11, 02:00 pm",-2819.49,0,234,0
"Jan 11, 03:00 pm",-1420.35,0,242,0
"Jan 11, 04:00 pm",6879.72,0,775,0
"Jan 11, 05:00 pm",108863,200.443,585,0
"Jan 11, 06:00 pm",-818.16,0,0,0
"Jan 11, 07:00 pm",-607.2,0,0,0
"Jan 11, 08:00 pm",-607.2,0,0,0
"Jan 11, 09:00 pm",-607.2,0,0,0
"Jan 11, 10:00 pm",-607.2,0,0,0
"Jan 11, 11:00 pm",-607.2,0,0,0
"Jan 12, 12:00 am",-607.2,0,0,0
"Jan 12, 01:00 am",-607.2,0,0,0
"Jan 12, 02:00 am",-607.2,0,0,0
"Jan 12, 03:00 am",-607.2,0,0,0
"Jan 12, 04:00 am",-607.2,0,0,0
"Jan 12, 05:00 am",-607.2,0,0,0
"Jan 12, 06:00 am",-607.2,0,0,0
"Jan 12, 07:00 am",-607.2,0,0,0
"Jan 12, 08:00 am",-607.2,0,0,0
"Jan 12, 09:00 am",-607.2,0,519,0
"Jan 12, 10:00 am",3659.01,0,734,0
"Jan 12, 11:00 am",112223,513.483,833,0
"Jan 12, 12:00 pm",111010,572.137,883,0
"Jan 12, 01:00 pm",110433,589.194,897,0
"Jan 12, 02:00 pm",110610,574.401,885,0
"Jan 12, 03:00 pm",111457,523.173,843,0
"Jan 12, 04:00 pm",113035,409.401,750,0
"Jan 12, 05:00 pm",114129,190.689,552,0
"Jan 12, 06:00 pm",115911,0,0,0
"Jan 12, 07:00 pm",116075,0,0,0
"Jan 12, 08:00 pm",116009,0,0,0
"Jan 12, 09:00 pm",115914,0,0,0
"Jan 12, 10:00 pm",73110.8,0,0,0
"Jan 12, 11:00 pm",-607.2,0,0,0
"Jan 13, 12:00 am",-607.2,0,0,0
"Jan 13, 01:00 am",-607.2,0,0,0
"Jan 13, 02:00 am",-607.2,0,0,0
"Jan 13, 03:00 am",-607.2,0,0,0
"Jan 13, 04:00 am",-607.2,0,0,0
"Jan 13, 05:00 am",-607.2,0,0,0
"Jan 13, 06:00 am",-607.2,0,0,0
"Jan 13, 07:00 am",-607.2,0,0,0
"Jan 13, 08:00 am",-607.2,0,0,0
"Jan 13, 09:00 am",-607.2,0,515,0
"Jan 13, 10:00 am",5504.18,0,767,0
"Jan 13, 11:00 am",111696,550.417,895,0
"Jan 13, 12:00 pm",110541,606.899,940,0
"Jan 13, 01:00 pm",115202,0,218,0
"Jan 13, 02:00 pm",109587,0,940,0
"Jan 13, 03:00 pm",111367,555.404,897,0
"Jan 13, 04:00 pm",113044,444.54,812,0
"Jan 13, 05:00 pm",115369,219.278,619,0
"Jan 13, 06:00 pm",117087,0,0,0
"Jan 13, 07:00 pm",117215,0,0,0
"Jan 13, 08:00 pm",97216.6,0,0,0
"Jan 13, 09:00 pm",-607.2,0,0,0
"Jan 13, 10:00 pm",-607.2,0,0,0
"Jan 13, 11:00 pm",-607.2,0,0,0
"Jan 14, 12:00 am",-607.2,0,0,0
"Jan 14, 01:00 am",-607.2,0,0,0
"Jan 14, 02:00 am",-607.2,0,0,0
"Jan 14, 03:00 am",-607.2,0,0,0
"Jan 14, 04:00 am",-607.2,0,0,0
"Jan 14, 05:00 am",-607.2,0,0,0
"Jan 14, 06:00 am",-607.2,0,0,0
"Jan 14, 07:00 am",-607.2,0,0,0
"Jan 14, 08:00 am",-607.2,0,0,0
"Jan 14, 09:00 am",-607.2,0,546,0
"Jan 14, 10:00 am",6454.92,0,782,0
"Jan 14, 11:00 am",112628,542.277,884,0
"Jan 14, 12:00 pm",110698,605.335,939,0
"Jan 14, 01:00 pm",110246,623.827,954,0
"Jan 14, 02:00 pm",110440,613.162,947,0
"Jan 14, 03:00 pm",111343,566.703,912,0
"Jan 14, 04:00 pm",112963,460.32,834,0
"Jan 14, 05:00 pm",115381,239.161,657,0
"Jan 14, 06:00 pm",117293,0,0,0
"Jan 14, 07:00 pm",117465,0,0,0
"Jan 14, 08:00 pm",117415,0,0,0
"Jan 14, 09:00 pm",117350,0,0,0
"Jan 14, 10:00 pm",117255,0,0,0
"Jan 14, 11:00 pm",77772.6,0,0,0
"Jan 15, 12:00 am",-607.2,0,0,0
"Jan 15, 01:00 am",-607.2,0,0,0
"Jan 15, 02:00 am",-607.2,0,0,0
"Jan 15, 03:00 am",-607.2,0,0,0
"Jan 15, 04:00 am",-607.2,0,0,0
"Jan 15, 05:00 am",-607.2,0,0,0
"Jan 15, 06:00 am",-607.2,0,0,0
"Jan 15, 07:00 am",-607.2,0,0,0
"Jan 15, 08:00 am",-607.2,0,0,0
"Jan 15, 09:00 am",-3508.9,0,612,0
"Jan 15, 10:00 am",67447.5,437.073,815,0
"Jan 15, 11:00 am",112431,554.127,899,0
"Jan 15, 12:00 pm",110570,608.395,940,0
"Jan 15, 01:00 pm",110148,622.702,948,0
"Jan 15, 02:00 pm",110359,609.438,937,0
"Jan 15, 03:00 pm",111271,560.815,898,0
"Jan 15, 04:00 pm",116540,0,261,0
"Jan 15, 05:00 pm",114704,0,628,0
"Jan 15, 06:00 pm",117333,0,0,0
"Jan 15, 07:00 pm",117483,0,0,0
"Jan 15, 08:00 pm",117393,0,0,0
"Jan 15, 09:00 pm",88391.6,0,0,0
"Jan 15, 10:00 pm",-607.2,0,0,0
"Jan 15, 11:00 pm",-607.2,0,0,0
"Jan 16, 12:00 am",-607.2,0,0,0
"Jan 16, 01:00 am",-607.2,0,0,0
"Jan 16, 02:00 am",-607.2,0,0,0
"Jan 16, 03:00 am",-607.2,0,0,0
"Jan 16, 04:00 am",-607.2,0,0,0
"Jan 16, 05:00 am",-607.2,0,0,0
"Jan 16, 06:00 am",-607.2,0,0,0
"Jan 16, 07:00 am",-607.2,0,0,0
"Jan 16, 08:00 am",-607.2,0,0,0
"Jan 16, 09:00 am",-3509.74,0,602,0
"Jan 16, 10:00 am",67475.5,435.541,806,0
"Jan 16, 11:00 am",111544,552.88,891,0
"Jan 16, 12:00 pm",110260,607.464,933,0
"Jan 16, 01:00 pm",109780,621.883,942,0
"Jan 16, 02:00 pm",109941,609.941,933,0
"Jan 16, 03:00 pm",110825,563.848,898,0
"Jan 16, 04:00 pm",112624,454.384,813,0
"Jan 16, 05:00 pm",114598,239.524,636,0
"Jan 16, 06:00 pm",117356,0,0,0
"Jan 16, 07:00 pm",117535,0,0,0
"Jan 16, 08:00 pm",117491,0,0,0
"Jan 16, 09:00 pm",117431,0,0,0
"Jan 16, 10:00 pm",117345,0,0,0
"Jan 16, 11:00 pm",107339,0,0,0
"Jan 17, 12:00 am",-607.2,0,0,0
"Jan 17, 01:00 am",-607.2,0,0,0
"Jan 17, 02:00 am",-607.2,0,0,0
"Jan 17, 03:00 am",-607.2,0,0,0
"Jan 17, 04:00 am",-607.2,0,0,0
"Jan 17, 05:00 am",-607.2,0,0,0
"Jan 17, 06:00 am",-607.2,0,0,0
"Jan 17, 07:00 am",-607.2,0,0,0
"Jan 17, 08:00 am",-607.2,0,0,0
"Jan 17, 09:00 am",-3499.26,0,589,0
"Jan 17, 10:00 am",66289.6,423.071,781,0
"Jan 17, 11:00 am",111412,541.194,871,0
"Jan 17, 12:00 pm",110018,595.273,914,0
"Jan 17, 01:00 pm",109477,611.727,927,0
"Jan 17, 02:00 pm",109657,599.603,918,0
"Jan 17, 03:00 pm",110654,552.713,881,0
"Jan 17, 04:00 pm",112524,445.144,795,0
"Jan 17, 05:00 pm",114512,236.931,621,0
"Jan 17, 06:00 pm",117380,0,0,0
"Jan 17, 07:00 pm",117554,0,0,0
"Jan 17, 08:00 pm",117505,0,0,0
"Jan 17, 09:00 pm",117443,0,0,0
"Jan 17, 10:00 pm",117353,0,0,0
"Jan 17, 11:00 pm",71735,0,0,0
"Jan 18, 12:00 am",-607.2,0,0,0
"Jan 18, 01:00 am",-607.2,0,0,0
"Jan 18, 02:00 am",-607.2,0,0,0
"Jan 18, 03:00 am",-607.2,0,0,0
"Jan 18, 04:00 am",-607.2,0,0,0
"Jan 18, 05:00 am",-607.2,0,0,0
"Jan 18, 06:00 am",-607.2,0,0,0
"Jan 18, 07:00 am",-607.2,0,0,0
"Jan 18, 08:00 am",-607.2,0,0,0
"Jan 18, 09:00 am",-3644.2,0,663,0
"Jan 18, 10:00 am",76408.1,463.102,860,0
"Jan 18, 11:00 am",111786,593.57,962,0
"Jan 18, 12:00 pm",110642,647.953,1001,0
"Jan 18, 01:00 pm",110227,664.938,1013,0
"Jan 18, 02:00 pm",110758,642.441,989,0
"Jan 18, 03:00 pm",111746,594.731,952,0
"Jan 18, 04:00 pm",117522,0,182,0
"Jan 18, 05:00 pm",117711,0,0,0
"Jan 18, 06:00 pm",117679,0,0,0
"Jan 18, 07:00 pm",117625,0,0,0
"Jan 18, 08:00 pm",117551,0,0,0
"Jan 18, 09:00 pm",117436,0,0,0
"Jan 18, 10:00 pm",26594,0,0,0
"Jan 18, 11:00 pm",-607.2,0,0,0
"Jan 19, 12:00 am",-607.2,0,0,0
"Jan 19, 01:00 am",-607.2,0,0,0
"Jan 19, 02:00 am",-607.2,0,0,0
"Jan 19, 03:00 am",-607.2,0,0,0
"Jan 19, 04:00 am",-607.2,0,0,0
"Jan 19, 05:00 am",-607.2,0,0,0
"Jan 19, 06:00 am",-607.2,0,0,0
"Jan 19, 07:00 am",-607.2,0,0,0
"Jan 19, 08:00 am",-607.2,0,0,0
"Jan 19, 09:00 am",-607.2,0,0,0
"Jan 19, 10:00 am",-607.2,0,46,0
"Jan 19, 11:00 am",-3466.33,0,334,0
"Jan 19, 12:00 pm",12396.3,163.431,289,0
"Jan 19, 01:00 pm",-818.16,0,163,0
"Jan 19, 02:00 pm",-607.2,0,76,0
"Jan 19, 03:00 pm",-607.2,0,17,0
"Jan 19, 04:00 pm",-607.2,0,0,0
"Jan 19, 05:00 pm",-607.2,0,0,0
"Jan 19, 06:00 pm",-607.2,0,0,0
"Jan 19, 07:00 pm",-607.2,0,0,0
"Jan 19, 08:00 pm",-607.2,0,0,0
"Jan 19, 09:00 pm",-607.2,0,0,0
"Jan 19, 10:00 pm",-607.2,0,0,0
"Jan 19, 11:00 pm",-607.2,0,0,0
"Jan 20, 12:00 am",-607.2,0,0,0
"Jan 20, 01:00 am",-607.2,0,0,0
"Jan 20, 02:00 am",-607.2,0,0,0
"Jan 20, 03:00 am",-607.2,0,0,0
"Jan 20, 04:00 am",-607.2,0,0,0
"Jan 20, 05:00 am",-607.2,0,0,0
"Jan 20, 06:00 am",-607.2,0,0,0
"Jan 20, 07:00 am",-607.2,0,0,0
"Jan 20, 08:00 am",-607.2,0,0,0
"Jan 20, 09:00 am",-607.2,0,0,0
"Jan 20, 10:00 am",-607.2,0,0,0
"Jan 20, 11:00 am",-607.2,0,0,0
"Jan 20, 12:00 pm",-607.2,0,0,0
"Jan 20, 01:00 pm",-607.2,0,0,0
"Jan 20, 02:00 pm",-607.2,0,0,0
"Jan 20, 03:00 pm",-607.2,0,0,0
"Jan 20, 04:00 pm",-607.2,0,0,0
"Jan 20, 05:00 pm",-607.2,0,0,0
"Jan 20, 06:00 pm",-607.2,0,0,0
"Jan 20, 07:00 pm",-607.2,0,0,0
"Jan 20, 08:00 pm",-607.2,0,0,0
"Jan 20, 09:00 pm",-607.2,0,0,0
"Jan 20, 10:00 pm",-607.2,0,0,0
"Jan 20, 11:00 pm",-607.2,0,0,0
"Jan 21, 12:00 am",-607.2,0,0,0
"Jan 21, 01:00 am",-607.2,0,0,0
"Jan 21, 02:00 am",-607.2,0,0,0
"Jan 21, 03:00 am",-607.2,0,0,0
"Jan 21, 04:00 am",-607.2,0,0,0
"Jan 21, 05:00 am",-607.2,0,0,0
"Jan 21, 06:00 am",-607.2,0,0,0
"Jan 21, 07:00 am",-607.2,0,0,0
"Jan 21, 08:00 am",-607.2,0,0,0
"Jan 21, 09:00 am",-607.2,0,97,0
"Jan 21, 10:00 am",-3742.02,0,446,0
"Jan 21, 11:00 am",82973,463.726,749,0
"Jan 21, 12:00 pm",112014,528.35,813,0
"Jan 21, 01:00 pm",111091,578.606,876,0
"Jan 21, 02:00 pm",112122,0,166,0
"Jan 21, 03:00 pm",112225,0,13,0
"Jan 21, 04:00 pm",30358.6,0,0,0
"Jan 21, 05:00 pm",-607.2,0,0,0
"Jan 21, 06:00 pm",-607.2,0,0,0
"Jan 21, 07:00 pm",-607.2,0,0,0
"Jan 21, 08:00 pm",-607.2,0,0,0
"Jan 21, 09:00 pm",-607.2,0,0,0
"Jan 21, 10:00 pm",-607.2,0,0,0
"Jan 21, 11:00 pm",-607.2,0,0,0
"Jan 22, 12:00 am",-607.2,0,0,0
"Jan 22, 01:00 am",-607.2,0,0,0
"Jan 22, 02:00 am",-607.2,0,0,0
"Jan 22, 03:00 am",-607.2,0,0,0
"Jan 22, 04:00 am",-607.2,0,0,0
"Jan 22, 05:00 am",-607.2,0,0,0
"Jan 22, 06:00 am",-607.2,0,0,0
"Jan 22, 07:00 am",-607.2,0,0,0
"Jan 22, 08:00 am",-607.2,0,0,0
"Jan 22, 09:00 am",-2968.45,0,434,0
"Jan 22, 10:00 am",46737.1,0,765,0
"Jan 22, 11:00 am",111882,540.9,865,0
"Jan 22, 12:00 pm",110766,594.902,910,0
"Jan 22, 01:00 pm",110329,612.392,925,0
"Jan 22, 02:00 pm",110550,599.434,914,0
"Jan 22, 03:00 pm",111344,557.596,882,0
"Jan 22, 04:00 pm",112934,453.966,795,0
"Jan 22, 05:00 pm",115254,253.594,615,0
"Jan 22, 06:00 pm",116660,0,131,0
"Jan 22, 07:00 pm",116837,0,0,0
"Jan 22, 08:00 pm",116789,0,0,0
"Jan 22, 09:00 pm",116726,0,0,0
"Jan 22, 10:00 pm",116633,0,0,0
"Jan 22, 11:00 pm",78051.9,0,0,0
"Jan 23, 12:00 am",-607.2,0,0,0
"Jan 23, 01:00 am",-607.2,0,0,0
"Jan 23, 02:00 am",-607.2,0,0,0
"Jan 23, 03:00 am",-607.2,0,0,0
"Jan 23, 04:00 am",-607.2,0,0,0
"Jan 23, 05:00 am",-607.2,0,0,0
"Jan 23, 06:00 am",-607.2,0,0,0
"Jan 23, 07:00 am",-607.2,0,0,0
"Jan 23, 08:00 am",-607.2,0,0,0
"Jan 23, 09:00 am",-3515.67,0,568,0
"Jan 23, 10:00 am",68124.8,425.395,772,0
"Jan 23, 11:00 am",111907,539.34,861,0
"Jan 23, 12:00 pm",110810,591.522,903,0
"Jan 23, 01:00 pm",110250,612.886,923,0
"Jan 23, 02:00 pm",110395,603.046,916,0
"Jan 23, 03:00 pm",111166,562.804,886,0
"Jan 23, 04:00 pm",112777,463.95,807,0
"Jan 23, 05:00 pm",115298,268.91,639,0
"Jan 23, 06:00 pm",117328,0,187,0
"Jan 23, 07:00 pm",117506,0,0,0
"Jan 23, 08:00 pm",117459,0,0,0
"Jan 23, 09:00 pm",117399,0,0,0
"Jan 23, 10:00 pm",117311,0,0,0
"Jan 23, 11:00 pm",98387,0,0,0
"Jan 24, 12:00 am",-607.2,0,0,0
"Jan 24, 01:00 am",-607.2,0,0,0
"Jan 24, 02:00 am",-607.2,0,0,0
"Jan 24, 03:00 am",-607.2,0,0,0
"Jan 24, 04:00 am",-607.2,0,0,0
"Jan 24, 05:00 am",-607.2,0,0,0
"Jan 24, 06:00 am",-607.2,0,0,0
"Jan 24, 07:00 am",-607.2,0,0,0
"Jan 24, 08:00 am",-607.2,0,0,0
"Jan 24, 09:00 am",-3530.39,0,564,0
"Jan 24, 10:00 am",69000.5,429.679,775,0
"Jan 24, 11:00 am",111767,543.084,864,0
"Jan 24, 12:00 pm",110572,596.521,908,0
"Jan 24, 01:00 pm",110003,615.793,925,0
"Jan 24, 02:00 pm",110166,604.733,916,0
"Jan 24, 03:00 pm",111029,559.914,879,0
"Jan 24, 04:00 pm",112624,463.958,803,0
"Jan 24, 05:00 pm",115286,271.278,635,0
"Jan 24, 06:00 pm",117409,0,181,0
"Jan 24, 07:00 pm",117587,0,0,0
"Jan 24, 08:00 pm",117541,0,0,0
"Jan 24, 09:00 pm",117480,0,0,0
"Jan 24, 10:00 pm",117394,0,0,0
"Jan 24, 11:00 pm",107492,0,0,0
"Jan 25, 12:00 am",-607.2,0,0,0
"Jan 25, 01:00 am",-607.2,0,0,0
"Jan 25, 02:00 am",-607.2,0,0,0
"Jan 25, 03:00 am",-607.2,0,0,0
"Jan 25, 04:00 am",-607.2,0,0,0
"Jan 25, 05:00 am",-607.2,0,0,0
"Jan 25, 06:00 am",-607.2,0,0,0
"Jan 25, 07:00 am",-607.2,0,0,0
"Jan 25, 08:00 am",-607.2,0,0,0
"Jan 25, 09:00 am",-3626.13,0,597,0
"Jan 25, 10:00 am",75344.8,446.003,800,0
"Jan 25, 11:00 am",111528,561.784,891,0
"Jan 25, 12:00 pm",110371,615.188,935,0
"Jan 25, 01:00 pm",109979,628.63,944,0
"Jan 25, 02:00 pm",110216,616.682,934,0
"Jan 25, 03:00 pm",111120,571.817,897,0
"Jan 25, 04:00 pm",112748,470.681,812,0
"Jan 25, 05:00 pm",115280,277.843,641,0
"Jan 25, 06:00 pm",117471,0,0,0
"Jan 25, 07:00 pm",117650,0,0,0
"Jan 25, 08:00 pm",117604,0,0,0
"Jan 25, 09:00 pm",117543,0,0,0
"Jan 25, 10:00 pm",117462,0,0,0
"Jan 25, 11:00 pm",117339,0,0,0
"Jan 26, 12:00 am",23996.7,0,0,0
"Jan 26, 01:00 am",-607.2,0,0,0
"Jan 26, 02:00 am",-607.2,0,0,0
"Jan 26, 03:00 am",-607.2,0,0,0
"Jan 26, 04:00 am",-607.2,0,0,0
"Jan 26, 05:00 am",-607.2,0,0,0
"Jan 26, 06:00 am",-607.2,0,0,0
"Jan 26, 07:00 am",-607.2,0,0,0
"Jan 26, 08:00 am",-607.2,0,0,0
"Jan 26, 09:00 am",-607.2,0,0,0
"Jan 26, 10:00 am",-607.2,0,0,0
"Jan 26, 11:00 am",-607.2,0,5,0
"Jan 26, 12:00 pm",-607.2,0,76,0
"Jan 26, 01:00 pm",-607.2,0,0,0
"Jan 26, 02:00 pm",-607.2,0,0,0
"Jan 26, 03:00 pm",-607.2,0,0,0
"Jan 26, 04:00 pm",-607.2,0,0,0
"Jan 26, 05:00 pm",-607.2,0,0,0
"Jan 26, 06:00 pm",-607.2,0,0,0
"Jan 26, 07:00 pm",-607.2,0,0,0
"Jan 26, 08:00 pm",-607.2,0,0,0
"Jan 26, 09:00 pm",-607.2,0,0,0
"Jan 26, 10:00 pm",-607.2,0,0,0
"Jan 26, 11:00 pm",-607.2,0,0,0
"Jan 27, 12:00 am",-607.2,0,0,0
"Jan 27, 01:00 am",-607.2,0,0,0
"Jan 27, 02:00 am",-607.2,0,0,0
"Jan 27, 03:00 am",-607.2,0,0,0
"Jan 27, 04:00 am",-607.2,0,0,0
"Jan 27, 05:00 am",-607.2,0,0,0
"Jan 27, 06:00 am",-607.2,0,0,0
"Jan 27, 07:00 am",-607.2,0,0,0
"Jan 27, 08:00 am",-607.2,0,0,0
"Jan 27, 09:00 am",-607.2,0,0,0
"Jan 27, 10:00 am",-607.2,0,0,0
"Jan 27, 11:00 am",-607.2,0,0,0
"Jan 27, 12:00 pm",-1757.96,0,118,0
"Jan 27, 01:00 pm",-2119.62,0,183,0
"Jan 27, 02:00 pm",44593.5,0,870,0
"Jan 27, 03:00 pm",99739.6,0,0,0
"Jan 27, 04:00 pm",7149.59,0,739,0
"Jan 27, 05:00 pm",114743,247.888,571,0
"Jan 27, 06:00 pm",9036.08,0,136,0
"Jan 27, 07:00 pm",-607.2,0,0,0
"Jan 27, 08:00 pm",-607.2,0,0,0
"Jan 27, 09:00 pm",-607.2,0,0,0
"Jan 27, 10:00 pm",-607.2,0,0,0
"Jan 27, 11:00 pm",-607.2,0,0,0
"Jan 28, 12:00 am",-607.2,0,0,0
"Jan 28, 01:00 am",-607.2,0,0,0
"Jan 28, 02:00 am",-607.2,0,0,0
"Jan 28, 03:00 am",-607.2,0,0,0
"Jan 28, 04:00 am",-607.2,0,0,0
"Jan 28, 05:00 am",-607.2,0,0,0
"Jan 28, 06:00 am",-607.2,0,0,0
"Jan 28, 07:00 am",-607.2,0,0,0
"Jan 28, 08:00 am",-607.2,0,0,0
"Jan 28, 09:00 am",-3478.1,0,519,0
"Jan 28, 10:00 am",65722.8,404.8,725,0
"Jan 28, 11:00 am",112205,518.524,824,0
"Jan 28, 12:00 pm",111121,571.363,870,0
"Jan 28, 01:00 pm",113450,178.519,298,0
"Jan 28, 02:00 pm",113866,0,205,0
"Jan 28, 03:00 pm",74152,0,161,0
"Jan 28, 04:00 pm",-818.16,0,12,0
"Jan 28, 05:00 pm",-2844.42,0,321,0
"Jan 28, 06:00 pm",-818.16,0,0,0
"Jan 28, 07:00 pm",-607.2,0,0,0
"Jan 28, 08:00 pm",-607.2,0,0,0
"Jan 28, 09:00 pm",-607.2,0,0,0
"Jan 28, 10:00 pm",-607.2,0,0,0
"Jan 28, 11:00 pm",-607.2,0,0,0
"Jan 29, 12:00 am",-607.2,0,0,0
"Jan 29, 01:00 am",-607.2,0,0,0
"Jan 29, 02:00 am",-607.2,0,0,0
"Jan 29, 03:00 am",-607.2,0,0,0
"Jan 29, 04:00 am",-607.2,0,0,0
"Jan 29, 05:00 am",-607.2,0,0,0
"Jan 29, 06:00 am",-607.2,0,0,0
"Jan 29, 07:00 am",-607.2,0,0,0
"Jan 29, 08:00 am",-607.2,0,0,0
"Jan 29, 09:00 am",-607.2,0,0,0
"Jan 29, 10:00 am",-607.2,0,0,0
"Jan 29, 11:00 am",-2997.5,0,256,0
"Jan 29, 12:00 pm",-3280.43,0,278,0
"Jan 29, 01:00 pm",110123,589.611,883,0
"Jan 29, 02:00 pm",110509,578.642,873,0
"Jan 29, 03:00 pm",111152,537.521,838,0
"Jan 29, 04:00 pm",112502,444.466,757,0
"Jan 29, 05:00 pm",114091,267.451,590,0
"Jan 29, 06:00 pm",115152,0,181,0
"Jan 29, 07:00 pm",115371,0,0,0
"Jan 29, 08:00 pm",116035,0,0,0
"Jan 29, 09:00 pm",16533.3,0,0,0
"Jan 29, 10:00 pm",-607.2,0,0,0
"Jan 29, 11:00 pm",-607.2,0,0,0
"Jan 30, 12:00 am",-607.2,0,0,0
"Jan 30, 01:00 am",-607.2,0,0,0
"Jan 30, 02:00 am",-607.2,0,0,0
"Jan 30, 03:00 am",-607.2,0,0,0
"Jan 30, 04:00 am",-607.2,0,0,0
"Jan 30, 05:00 am",-607.2,0,0,0
"Jan 30, 06:00 am",-607.2,0,0,0
"Jan 30, 07:00 am",-607.2,0,0,0
"Jan 30, 08:00 am",-607.2,0,0,0
"Jan 30, 09:00 am",-3562.05,0,541,0
"Jan 30, 10:00 am",71087.4,422.078,748,0
"Jan 30, 11:00 am",111649,536.897,847,0
"Jan 30, 12:00 pm",110405,591.539,895,0
"Jan 30, 01:00 pm",109751,613.767,917,0
"Jan 30, 02:00 pm",109799,607.395,914,0
"Jan 30, 03:00 pm",110609,566.963,881,0
"Jan 30, 04:00 pm",112071,481.531,814,0
"Jan 30, 05:00 pm",114125,306.94,662,0
"Jan 30, 06:00 pm",116425,0,263,0
"Jan 30, 07:00 pm",117347,0,0,0
"Jan 30, 08:00 pm",117299,0,0,0
"Jan 30, 09:00 pm",117235,0,0,0
"Jan 30, 10:00 pm",117154,0,0,0
"Jan 30, 11:00 pm",117028,0,0,0
"Jan 31, 12:00 am",-607.2,0,0,0
"Jan 31, 01:00 am",-607.2,0,0,0
"Jan 31, 02:00 am",-607.2,0,0,0
"Jan 31, 03:00 am",-607.2,0,0,0
"Jan 31, 04:00 am",-607.2,0,0,0
"Jan 31, 05:00 am",-607.2,0,0,0
"Jan 31, 06:00 am",-607.2,0,0,0
"Jan 31, 07:00 am",-607.2,0,0,0
"Jan 31, 08:00 am",-607.2,0,0,0
"Jan 31, 09:00 am",-607.2,0,0,0
"Jan 31, 10:00 am",-2306.99,0,196,0
"Jan 31, 11:00 am",-3208.95,0,292,0
"Jan 31, 12:00 pm",-818.16,0,141,0
"Jan 31, 01:00 pm",-607.2,0,5,0
"Jan 31, 02:00 pm",-607.2,0,44,0
"Jan 31, 03:00 pm",-607.2,0,3,0
"Jan 31, 04:00 pm",-607.2,0,4,0
"Jan 31, 05:00 pm",-607.2,0,46,0
"Jan 31, 06:00 pm",-607.2,0,0,0
"Jan 31, 07:00 pm",-607.2,0,0,0
"Jan 31, 08:00 pm",-607.2,0,0,0
"Jan 31, 09:00 pm",-607.2,0,0,0
"Jan 31, 10:00 pm",-607.2,0,0,0
"Jan 31, 11:00 pm",-607.2,0,0,0
"Feb 1, 12:00 am",-607.2,0,0,0
"Feb 1, 01:00 am",-607.2,0,0,0
"Feb 1, 02:00 am",-607.2,0,0,0
"Feb 1, 03:00 am",-607.2,0,0,0
"Feb 1, 04:00 am",-607.2,0,0,0
"Feb 1, 05:00 am",-607.2,0,0,0
"Feb 1, 06:00 am",-607.2,0,0,0
"Feb 1, 07:00 am",-607.2,0,0,0
"Feb 1, 08:00 am",-607.2,0,0,0
"Feb 1, 09:00 am",-607.2,0,0,0
"Feb 1, 10:00 am",-607.2,0,0,0
"Feb 1, 11:00 am",-607.2,0,0,0
"Feb 1, 12:00 pm",-607.2,0,0,0
"Feb 1, 01:00 pm",18156.4,0,894,0
"Feb 1, 02:00 pm",110348,592.841,893,0
"Feb 1, 03:00 pm",111017,556.601,865,0
"Feb 1, 04:00 pm",112397,466.834,787,0
"Feb 1, 05:00 pm",114231,294.917,627,0
"Feb 1, 06:00 pm",114679,0,237,0
"Feb 1, 07:00 pm",115598,0,0,0
"Feb 1, 08:00 pm",115483,0,0,0
"Feb 1, 09:00 pm",24147.5,0,0,0
"Feb 1, 10:00 pm",-607.2,0,0,0
"Feb 1, 11:00 pm",-607.2,0,0,0
"Feb 2, 12:00 am",-607.2,0,0,0
"Feb 2, 01:00 am",-607.2,0,0,0
"Feb 2, 02:00 am",-607.2,0,0,0
"Feb 2, 03:00 am",-607.2,0,0,0
"Feb 2, 04:00 am",-607.2,0,0,0
"Feb 2, 05:00 am",-607.2,0,0,0
"Feb 2, 06:00 am",-607.2,0,0,0
"Feb 2, 07:00 am",-607.2,0,0,0
"Feb 2, 08:00 am",-607.2,0,0,0
"Feb 2, 09:00 am",-3098.46,0,412,0
"Feb 2, 10:00 am",-818.16,0,0,0
"Feb 2, 11:00 am",-607.2,0,0,0
"Feb 2, 12:00 pm",-607.2,0,0,0
"Feb 2, 01:00 pm",-607.2,0,0,0
"Feb 2, 02:00 pm",-3448.23,0,311,0
"Feb 2, 03:00 pm",-818.16,0,142,0
"Feb 2, 04:00 pm",-607.2,0,37,0
"Feb 2, 05:00 pm",-2455.28,0,249,0
"Feb 2, 06:00 pm",-818.16,0,35,0
"Feb 2, 07:00 pm",-607.2,0,0,0
"Feb 2, 08:00 pm",-607.2,0,0,0
"Feb 2, 09:00 pm",-607.2,0,0,0
"Feb 2, 10:00 pm",-607.2,0,0,0
"Feb 2, 11:00 pm",-607.2,0,0,0
"Feb 3, 12:00 am",-607.2,0,0,0
"Feb 3, 01:00 am",-607.2,0,0,0
"Feb 3, 02:00 am",-607.2,0,0,0
"Feb 3, 03:00 am",-607.2,0,0,0
"Feb 3, 04:00 am",-607.2,0,0,0
"Feb 3, 05:00 am",-607.2,0,0,0
"Feb 3, 06:00 am",-607.2,0,0,0
"Feb 3, 07:00 am",-607.2,0,0,0
"Feb 3, 08:00 am",-607.2,0,0,0
"Feb 3, 09:00 am",-607.2,0,0,0
"Feb 3, 10:00 am",-607.2,0,0,0
"Feb 3, 11:00 am",-2481.52,0,201,0
"Feb 3, 12:00 pm",-818.16,0,42,0
"Feb 3, 01:00 pm",-607.2,0,7,0
"Feb 3, 02:00 pm",-607.2,0,0,0
"Feb 3, 03:00 pm",-1816.45,0,118,0
"Feb 3, 04:00 pm",-1760.6,0,146,0
"Feb 3, 05:00 pm",-818.16,0,0,0
"Feb 3, 06:00 pm",-607.2,0,0,0
"Feb 3, 07:00 pm",-607.2,0,0,0
"Feb 3, 08:00 pm",-607.2,0,0,0
"Feb 3, 09:00 pm",-607.2,0,0,0
"Feb 3, 10:00 pm",-607.2,0,0,0
"Feb 3, 11:00 pm",-607.2,0,0,0
"Feb 4, 12:00 am",-607.2,0,0,0
"Feb 4, 01:00 am",-607.2,0,0,0
"Feb 4, 02:00 am",-607.2,0,0,0
"Feb 4, 03:00 am",-607.2,0,0,0
"Feb 4, 04:00 am",-607.2,0,0,0
"Feb 4, 05:00 am",-607.2,0,0,0
"Feb 4, 06:00 am",-607.2,0,0,0
"Feb 4, 07:00 am",-607.2,0,0,0
"Feb 4, 08:00 am",-607.2,0,0,0
"Feb 4, 09:00 am",-607.2,0,0,0
"Feb 4, 10:00 am",-607.2,0,0,0
"Feb 4, 11:00 am",-607.2,0,0,0
"Feb 4, 12:00 pm",-607.2,0,0,0
"Feb 4, 01:00 pm",-607.2,0,8,0
"Feb 4, 02:00 pm",-607.2,0,0,0
"Feb 4, 03:00 pm",-607.2,0,0,0
"Feb 4, 04:00 pm",-607.2,0,24,0
"Feb 4, 05:00 pm",-607.2,0,0,0
"Feb 4, 06:00 pm",-607.2,0,0,0
"Feb 4, 07:00 pm",-607.2,0,0,0
"Feb 4, 08:00 pm",-607.2,0,0,0
"Feb 4, 09:00 pm",-607.2,0,0,0
"Feb 4, 10:00 pm",-607.2,0,0,0
"Feb 4, 11:00 pm",-607.2,0,0,0
"Feb 5, 12:00 am",-607.2,0,0,0
"Feb 5, 01:00 am",-607.2,0,0,0
"Feb 5, 02:00 am",-607.2,0,0,0
"Feb 5, 03:00 am",-607.2,0,0,0
"Feb 5, 04:00 am",-607.2,0,0,0
"Feb 5, 05:00 am",-607.2,0,0,0
"Feb 5, 06:00 am",-607.2,0,0,0
"Feb 5, 07:00 am",-607.2,0,0,0
"Feb 5, 08:00 am",-607.2,0,0,0
"Feb 5, 09:00 am",-3700.27,0,558,0
"Feb 5, 10:00 am",-818.16,0,27,0
"Feb 5, 11:00 am",-1850.72,0,130,0
"Feb 5, 12:00 pm",28199.8,0,901,0
"Feb 5, 01:00 pm",109489,186.938,315,0
"Feb 5, 02:00 pm",108483,168.35,290,0
"Feb 5, 03:00 pm",112909,409.196,649,0
"Feb 5, 04:00 pm",112534,459.152,769,0
"Feb 5, 05:00 pm",114151,285.22,591,0
"Feb 5, 06:00 pm",106885,0,214,0
"Feb 5, 07:00 pm",-607.2,0,0,0
"Feb 5, 08:00 pm",-607.2,0,0,0
"Feb 5, 09:00 pm",-607.2,0,0,0
"Feb 5, 10:00 pm",-607.2,0,0,0
"Feb 5, 11:00 pm",-607.2,0,0,0
"Feb 6, 12:00 am",-607.2,0,0,0
"Feb 6, 01:00 am",-607.2,0,0,0
"Feb 6, 02:00 am",-607.2,0,0,0
"Feb 6, 03:00 am",-607.2,0,0,0
"Feb 6, 04:00 am",-607.2,0,0,0
"Feb 6, 05:00 am",-607.2,0,0,0
"Feb 6, 06:00 am",-607.2,0,0,0
"Feb 6, 07:00 am",-607.2,0,0,0
"Feb 6, 08:00 am",-607.2,0,0,0
"Feb 6, 09:00 am",-3842.54,0,591,0
"Feb 6, 10:00 am",89032.2,457.58,788,0
"Feb 6, 11:00 am",111219,564.525,879,0
"Feb 6, 12:00 pm",109848,615.477,923,0
"Feb 6, 01:00 pm",109066,633.951,940,0
"Feb 6, 02:00 pm",109013,626.371,935,0
"Feb 6, 03:00 pm",109816,586.195,901,0
"Feb 6, 04:00 pm",111396,504.803,834,0
"Feb 6, 05:00 pm",113684,342.686,692,0
"Feb 6, 06:00 pm",115889,0,343,0
"Feb 6, 07:00 pm",116869,0,0,0
"Feb 6, 08:00 pm",116832,0,0,0
"Feb 6, 09:00 pm",116784,0,0,0
"Feb 6, 10:00 pm",116717,0,0,0
"Feb 6, 11:00 pm",116620,0,0,0
"Feb 7, 12:00 am",75047.8,0,0,0
"Feb 7, 01:00 am",-607.2,0,0,0
"Feb 7, 02:00 am",-607.2,0,0,0
"Feb 7, 03:00 am",-607.2,0,0,0
"Feb 7, 04:00 am",-607.2,0,0,0
"Feb 7, 05:00 am",-607.2,0,0,0
"Feb 7, 06:00 am",-607.2,0,0,0
"Feb 7, 07:00 am",-607.2,0,0,0
"Feb 7, 08:00 am",-607.2,0,0,0
"Feb 7, 09:00 am",-3925.84,0,607,0
"Feb 7, 10:00 am",93530.7,451.24,775,0
"Feb 7, 11:00 am",56084.1,0,267,0
"Feb 7, 12:00 pm",-4235.49,0,475,0
"Feb 7, 01:00 pm",-818.16,0,262,0
"Feb 7, 02:00 pm",-2038.57,0,139,0
"Feb 7, 03:00 pm",-1350.96,0,87,0
"Feb 7, 04:00 pm",-818.16,0,75,0
"Feb 7, 05:00 pm",-607.2,0,0,0
"Feb 7, 06:00 pm",-607.2,0,0,0
"Feb 7, 07:00 pm",-607.2,0,0,0
"Feb 7, 08:00 pm",-607.2,0,0,0
"Feb 7, 09:00 pm",-607.2,0,0,0
"Feb 7, 10:00 pm",-607.2,0,0,0
"Feb 7, 11:00 pm",-607.2,0,0,0
"Feb 8, 12:00 am",-607.2,0,0,0
"Feb 8, 01:00 am",-607.2,0,0,0
"Feb 8, 02:00 am",-607.2,0,0,0
"Feb 8, 03:00 am",-607.2,0,0,0
"Feb 8, 04:00 am",-607.2,0,0,0
"Feb 8, 05:00 am",-607.2,0,0,0
"Feb 8, 06:00 am",-607.2,0,0,0
"Feb 8, 07:00 am",-607.2,0,0,0
"Feb 8, 08:00 am",-607.2,0,216,0
"Feb 8, 09:00 am",-4286.64,0,709,0
"Feb 8, 10:00 am",108182,513.313,876,0
"Feb 8, 11:00 am",110644,606.193,942,0
"Feb 8, 12:00 pm",109360,653.84,979,0
"Feb 8, 01:00 pm",108748,670.107,991,0
"Feb 8, 02:00 pm",108919,656.984,977,0
"Feb 8, 03:00 pm",109680,621.383,949,0
"Feb 8, 04:00 pm",112553,445.412,736,0
"Feb 8, 05:00 pm",113612,378.45,748,0
"Feb 8, 06:00 pm",117030,0,412,0
"Feb 8, 07:00 pm",117223,0,0,0
"Feb 8, 08:00 pm",117194,0,0,0
"Feb 8, 09:00 pm",117155,0,0,0
"Feb 8, 10:00 pm",117106,0,0,0
"Feb 8, 11:00 pm",117038,0,0,0
"Feb 9, 12:00 am",116932,0,0,0
"Feb 9, 01:00 am",54084.7,0,0,0
"Feb 9, 02:00 am",-607.2,0,0,0
"Feb 9, 03:00 am",-607.2,0,0,0
"Feb 9, 04:00 am",-607.2,0,0,0
"Feb 9, 05:00 am",-607.2,0,0,0
"Feb 9, 06:00 am",-607.2,0,0,0
"Feb 9, 07:00 am",-607.2,0,0,0
"Feb 9, 08:00 am",-607.2,0,0,0
"Feb 9, 09:00 am",-4360.82,0,718,0
"Feb 9, 10:00 am",-227.889,0,255,0
"Feb 9, 11:00 am",-1476.7,0,237,0
"Feb 9, 12:00 pm",-4230.23,0,472,0
"Feb 9, 01:00 pm",59968.5,180.703,297,0
"Feb 9, 02:00 pm",82259.8,217.798,351,0
"Feb 9, 03:00 pm",-818.16,0,153,0
"Feb 9, 04:00 pm",-3510.51,0,343,0
"Feb 9, 05:00 pm",-818.16,0,119,0
"Feb 9, 06:00 pm",-607.2,0,27,0
"Feb 9, 07:00 pm",-607.2,0,0,0
"Feb 9, 08:00 pm",-607.2,0,0,0
"Feb 9, 09:00 pm",-607.2,0,0,0
"Feb 9, 10:00 pm",-607.2,0,0,0
"Feb 9, 11:00 pm",-607.2,0,0,0
"Feb 10, 12:00 am",-607.2,0,0,0
"Feb 10, 01:00 am",-607.2,0,0,0
"Feb 10, 02:00 am",-607.2,0,0,0
"Feb 10, 03:00 am",-607.2,0,0,0
"Feb 10, 04:00 am",-607.2,0,0,0
"Feb 10, 05:00 am",-607.2,0,0,0
"Feb 10, 06:00 am",-607.2,0,0,0
"Feb 10, 07:00 am",-607.2,0,0,0
"Feb 10, 08:00 am",-607.2,0,0,0
"Feb 10, 09:00 am",-607.2,0,0,0
"Feb 10, 10:00 am",-607.2,0,0,0
"Feb 10, 11:00 am",-607.2,0,44,0
"Feb 10, 12:00 pm",-607.2,0,0,0
"Feb 10, 01:00 pm",-607.2,0,0,0
"Feb 10, 02:00 pm",-607.2,0,11,0
"Feb 10, 03:00 pm",-607.2,0,68,0
"Feb 10, 04:00 pm",-607.2,0,0,0
"Feb 10, 05:00 pm",-607.2,0,0,0
"Feb 10, 06:00 pm",-607.2,0,0,0
"Feb 10, 07:00 pm",-607.2,0,0,0
"Feb 10, 08:00 pm",-607.2,0,0,0
"Feb 10, 09:00 pm",-607.2,0,0,0
"Feb 10, 10:00 pm",-607.2,0,0,0
"Feb 10, 11:00 pm",-607.2,0,0,0
"Feb 11, 12:00 am",-607.2,0,0,0
"Feb 11, 01:00 am",-607.2,0,0,0
"Feb 11, 02:00 am",-607.2,0,0,0
"Feb 11, 03:00 am",-607.2,0,0,0
"Feb 11, 04:00 am",-607.2,0,0,0
"Feb 11, 05:00 am",-607.2,0,0,0
"Feb 11, 06:00 am",-607.2,0,0,0
"Feb 11, 07:00 am",-607.2,0,0,0
"Feb 11, 08:00 am",-607.2,0,0,0
"Feb 11, 09:00 am",-607.2,0,0,0
"Feb 11, 10:00 am",-607.2,0,0,0
"Feb 11, 11:00 am",-607.2,0,0,0
"Feb 11, 12:00 pm",-607.2,0,0,0
"Feb 11, 01:00 pm",-607.2,0,0,0
"Feb 11, 02:00 pm",-607.2,0,0,0
"Feb 11, 03:00 pm",-607.2,0,0,0
"Feb 11, 04:00 pm",-607.2,0,0,0
"Feb 11, 05:00 pm",-607.2,0,0,0
"Feb 11, 06:00 pm",-607.2,0,0,0
"Feb 11, 07:00 pm",-607.2,0,0,0
"Feb 11, 08:00 pm",-607.2,0,0,0
"Feb 11, 09:00 pm",-607.2,0,0,0
"Feb 11, 10:00 pm",-607.2,0,0,0
"Feb 11, 11:00 pm",-607.2,0,0,0
"Feb 12, 12:00 am",-607.2,0,0,0
"Feb 12, 01:00 am",-607.2,0,0,0
"Feb 12, 02:00 am",-607.2,0,0,0
"Feb 12, 03:00 am",-607.2,0,0,0
"Feb 12, 04:00 am",-607.2,0,0,0
"Feb 12, 05:00 am",-607.2,0,0,0
"Feb 12, 06:00 am",-607.2,0,0,0
"Feb 12, 07:00 am",-607.2,0,0,0
"Feb 12, 08:00 am",-607.2,0,0,0
"Feb 12, 09:00 am",-607.2,0,0,0
"Feb 12, 10:00 am",-607.2,0,0,0
"Feb 12, 11:00 am",-607.2,0,0,0
"Feb 12, 12:00 pm",-607.2,0,0,0
"Feb 12, 01:00 pm",-607.2,0,0,0
"Feb 12, 02:00 pm",-607.2,0,0,0
"Feb 12, 03:00 pm",-607.2,0,0,0
"Feb 12, 04:00 pm",-607.2,0,0,0
"Feb 12, 05:00 pm",-607.2,0,0,0
"Feb 12, 06:00 pm",-607.2,0,0,0
"Feb 12, 07:00 pm",-607.2,0,0,0
"Feb 12, 08:00 pm",-607.2,0,0,0
"Feb 12, 09:00 pm",-607.2,0,0,0
"Feb 12, 10:00 pm",-607.2,0,0,0
"Feb 12, 11:00 pm",-607.2,0,0,0
"Feb 13, 12:00 am",-607.2,0,0,0
"Feb 13, 01:00 am",-607.2,0,0,0
"Feb 13, 02:00 am",-607.2,0,0,0
"Feb 13, 03:00 am",-607.2,0,0,0
"Feb 13, 04:00 am",-607.2,0,0,0
"Feb 13, 05:00 am",-607.2,0,0,0
"Feb 13, 06:00 am",-607.2,0,0,0
"Feb 13, 07:00 am",-607.2,0,0,0
"Feb 13, 08:00 am",-607.2,0,0,0
"Feb 13, 09:00 am",-607.2,0,0,0
"Feb 13, 10:00 am",10834.8,0,785,0
"Feb 13, 11:00 am",27378.3,0,211,0
"Feb 13, 12:00 pm",-3391.18,0,292,0
"Feb 13, 01:00 pm",-818.16,0,61,0
"Feb 13, 02:00 pm",-2605.49,0,207,0
"Feb 13, 03:00 pm",-3412.12,0,320,0
"Feb 13, 04:00 pm",109866,484.505,791,0
"Feb 13, 05:00 pm",59102.4,0,290,0
"Feb 13, 06:00 pm",-607.2,0,340,0
"Feb 13, 07:00 pm",-607.2,0,0,0
"Feb 13, 08:00 pm",-607.2,0,0,0
"Feb 13, 09:00 pm",-607.2,0,0,0
"Feb 13, 10:00 pm",-607.2,0,0,0
"Feb 13, 11:00 pm",-607.2,0,0,0
"Feb 14, 12:00 am",-607.2,0,0,0
"Feb 14, 01:00 am",-607.2,0,0,0
"Feb 14, 02:00 am",-607.2,0,0,0
"Feb 14, 03:00 am",-607.2,0,0,0
"Feb 14, 04:00 am",-607.2,0,0,0
"Feb 14, 05:00 am",-607.2,0,0,0
"Feb 14, 06:00 am",-607.2,0,0,0
"Feb 14, 07:00 am",-607.2,0,0,0
"Feb 14, 08:00 am",-607.2,0,0,0
"Feb 14, 09:00 am",-607.2,0,0,0
"Feb 14, 10:00 am",-607.2,0,0,0
"Feb 14, 11:00 am",-607.2,0,0,0
"Feb 14, 12:00 pm",-607.2,0,7,0
"Feb 14, 01:00 pm",-1818.89,0,110,0
"Feb 14, 02:00 pm",-818.16,0,22,0
"Feb 14, 03:00 pm",-607.2,0,5,0
"Feb 14, 04:00 pm",-607.2,0,0,0
"Feb 14, 05:00 pm",-607.2,0,0,0
"Feb 14, 06:00 pm",-607.2,0,0,0
"Feb 14, 07:00 pm",-607.2,0,0,0
"Feb 14, 08:00 pm",-607.2,0,0,0
"Feb 14, 09:00 pm",-607.2,0,0,0
"Feb 14, 10:00 pm",-607.2,0,0,0
"Feb 14, 11:00 pm",-607.2,0,0,0
"Feb 15, 12:00 am",-607.2,0,0,0
"Feb 15, 01:00 am",-607.2,0,0,0
"Feb 15, 02:00 am",-607.2,0,0,0
"Feb 15, 03:00 am",-607.2,0,0,0
"Feb 15, 04:00 am",-607.2,0,0,0
"Feb 15, 05:00 am",-607.2,0,0,0
"Feb 15, 06:00 am",-607.2,0,0,0
"Feb 15, 07:00 am",-607.2,0,0,0
"Feb 15, 08:00 am",-607.2,0,0,0
"Feb 15, 09:00 am",-607.2,0,0,0
"Feb 15, 10:00 am",-3409.75,0,328,0
"Feb 15, 11:00 am",52078.7,268.023,439,0
"Feb 15, 12:00 pm",103387,264.676,422,0
"Feb 15, 01:00 pm",-818.16,0,236,0
"Feb 15, 02:00 pm",-607.2,0,15,0
"Feb 15, 03:00 pm",-3061.77,0,259,0
"Feb 15, 04:00 pm",47139.2,0,507,0
"Feb 15, 05:00 pm",109069,278.635,543,0
"Feb 15, 06:00 pm",-818.16,0,79,0
"Feb 15, 07:00 pm",-607.2,0,0,0
"Feb 15, 08:00 pm",-607.2,0,0,0
"Feb 15, 09:00 pm",-607.2,0,0,0
"Feb 15, 10:00 pm",-607.2,0,0,0
"Feb 15, 11:00 pm",-607.2,0,0,0
"Feb 16, 12:00 am",-607.2,0,0,0
"Feb 16, 01:00 am",-607.2,0,0,0
"Feb 16, 02:00 am",-607.2,0,0,0
"Feb 16, 03:00 am",-607.2,0,0,0
"Feb 16, 04:00 am",-607.2,0,0,0
"Feb 16, 05:00 am",-607.2,0,0,0
"Feb 16, 06:00 am",-607.2,0,0,0
"Feb 16, 07:00 am",-607.2,0,0,0
"Feb 16, 08:00 am",-607.2,0,0,0
"Feb 16, 09:00 am",-607.2,0,0,0
"Feb 16, 10:00 am",-2541.07,0,219,0
"Feb 16, 11:00 am",-818.16,0,75,0
"Feb 16, 12:00 pm",-3540.01,0,327,0
"Feb 16, 01:00 pm",-818.16,0,170,0
"Feb 16, 02:00 pm",-1511.59,0,78,0
"Feb 16, 03:00 pm",2212.08,0,518,0
"Feb 16, 04:00 pm",88825.8,199.797,348,0
"Feb 16, 05:00 pm",-818.16,0,0,0
"Feb 16, 06:00 pm",-607.2,0,0,0
"Feb 16, 07:00 pm",-607.2,0,0,0
"Feb 16, 08:00 pm",-607.2,0,0,0
"Feb 16, 09:00 pm",-607.2,0,0,0
"Feb 16, 10:00 pm",-607.2,0,0,0
"Feb 16, 11:00 pm",-607.2,0,0,0
"Feb 17, 12:00 am",-607.2,0,0,0
"Feb 17, 01:00 am",-607.2,0,0,0
"Feb 17, 02:00 am",-607.2,0,0,0
"Feb 17, 03:00 am",-607.2,0,0,0
"Feb 17, 04:00 am",-607.2,0,0,0
"Feb 17, 05:00 am",-607.2,0,0,0
"Feb 17, 06:00 am",-607.2,0,0,0
"Feb 17, 07:00 am",-607.2,0,0,0
"Feb 17, 08:00 am",-607.2,0,90,0
"Feb 17, 09:00 am",-3764.21,0,507,0
"Feb 17, 10:00 am",84888.3,415.151,695,0
"Feb 17, 11:00 am",111631,511.752,788,0
"Feb 17, 12:00 pm",110622,558.052,831,0
"Feb 17, 01:00 pm",109620,602.824,886,0
"Feb 17, 02:00 pm",109701,593.309,877,0
"Feb 17, 03:00 pm",110299,557.807,845,0
"Feb 17, 04:00 pm",111725,465.828,751,0
"Feb 17, 05:00 pm",113416,319.024,608,0
"Feb 17, 06:00 pm",112614,0,290,0
"Feb 17, 07:00 pm",113013,0,0,0
"Feb 17, 08:00 pm",113117,0,0,0
"Feb 17, 09:00 pm",113135,0,0,0
"Feb 17, 10:00 pm",113104,0,0,0
"Feb 17, 11:00 pm",61328.6,0,0,0
"Feb 18, 12:00 am",-607.2,0,0,0
"Feb 18, 01:00 am",-607.2,0,0,0
"Feb 18, 02:00 am",-607.2,0,0,0
"Feb 18, 03:00 am",-607.2,0,0,0
"Feb 18, 04:00 am",-607.2,0,0,0
"Feb 18, 05:00 am",-607.2,0,0,0
"Feb 18, 06:00 am",-607.2,0,0,0
"Feb 18, 07:00 am",-607.2,0,0,0
"Feb 18, 08:00 am",-607.2,0,165,0
"Feb 18, 09:00 am",-4095.77,0,588,0
"Feb 18, 10:00 am",102100,459.293,760,0
"Feb 18, 11:00 am",111079,554.488,848,0
"Feb 18, 12:00 pm",113328,281.177,438,0
"Feb 18, 01:00 pm",112926,324.439,495,0
"Feb 18, 02:00 pm",112860,252.076,396,0
"Feb 18, 03:00 pm",112869,0,21,0
"Feb 18, 04:00 pm",35686,0,14,0
"Feb 18, 05:00 pm",-607.2,0,3,0
"Feb 18, 06:00 pm",-607.2,0,0,0
"Feb 18, 07:00 pm",-607.2,0,0,0
"Feb 18, 08:00 pm",-607.2,0,0,0
"Feb 18, 09:00 pm",-607.2,0,0,0
"Feb 18, 10:00 pm",-607.2,0,0,0
"Feb 18, 11:00 pm",-607.2,0,0,0
"Feb 19, 12:00 am",-607.2,0,0,0
"Feb 19, 01:00 am",-607.2,0,0,0
"Feb 19, 02:00 am",-607.2,0,0,0
"Feb 19, 03:00 am",-607.2,0,0,0
"Feb 19, 04:00 am",-607.2,0,0,0
"Feb 19, 05:00 am",-607.2,0,0,0
"Feb 19, 06:00 am",-607.2,0,0,0
"Feb 19, 07:00 am",-607.2,0,0,0
"Feb 19, 08:00 am",-607.2,0,0,0
"Feb 19, 09:00 am",-607.2,0,0,0
"Feb 19, 10:00 am",-607.2,0,0,0
"Feb 19, 11:00 am",-2050.75,0,149,0
"Feb 19, 12:00 pm",-3347.82,0,314,0
"Feb 19, 01:00 pm",-818.16,0,203,0
"Feb 19, 02:00 pm",-2556.26,0,201,0
"Feb 19, 03:00 pm",-818.16,0,59,0
"Feb 19, 04:00 pm",-2148.9,0,162,0
"Feb 19, 05:00 pm",-818.16,0,0,0
"Feb 19, 06:00 pm",-607.2,0,0,0
"Feb 19, 07:00 pm",-607.2,0,0,0
"Feb 19, 08:00 pm",-607.2,0,0,0
"Feb 19, 09:00 pm",-607.2,0,0,0
"Feb 19, 10:00 pm",-607.2,0,0,0
"Feb 19, 11:00 pm",-607.2,0,0,0
"Feb 20, 12:00 am",-607.2,0,0,0
"Feb 20, 01:00 am",-607.2,0,0,0
"Feb 20, 02:00 am",-607.2,0,0,0
"Feb 20, 03:00 am",-607.2,0,0,0
"Feb 20, 04:00 am",-607.2,0,0,0
"Feb 20, 05:00 am",-607.2,0,0,0
"Feb 20, 06:00 am",-607.2,0,0,0
"Feb 20, 07:00 am",-607.2,0,0,0
"Feb 20, 08:00 am",-607.2,0,0,0
"Feb 20, 09:00 am",-607.2,0,0,0
"Feb 20, 10:00 am",-607.2,0,0,0
"Feb 20, 11:00 am",-607.2,0,0,0
"Feb 20, 12:00 pm",-607.2,0,34,0
"Feb 20, 01:00 pm",-1599.02,0,92,0
"Feb 20, 02:00 pm",-818.16,0,15,0
"Feb 20, 03:00 pm",-607.2,0,1,0
"Feb 20, 04:00 pm",-607.2,0,0,0
"Feb 20, 05:00 pm",-607.2,0,0,0
"Feb 20, 06:00 pm",-607.2,0,0,0
"Feb 20, 07:00 pm",-607.2,0,0,0
"Feb 20, 08:00 pm",-607.2,0,0,0
"Feb 20, 09:00 pm",-607.2,0,0,0
"Feb 20, 10:00 pm",-607.2,0,0,0
"Feb 20, 11:00 pm",-607.2,0,0,0
"Feb 21, 12:00 am",-607.2,0,0,0
"Feb 21, 01:00 am",-607.2,0,0,0
"Feb 21, 02:00 am",-607.2,0,0,0
"Feb 21, 03:00 am",-607.2,0,0,0
"Feb 21, 04:00 am",-607.2,0,0,0
"Feb 21, 05:00 am",-607.2,0,0,0
"Feb 21, 06:00 am",-607.2,0,0,0
"Feb 21, 07:00 am",-607.2,0,0,0
"Feb 21, 08:00 am",-607.2,0,0,0
"Feb 21, 09:00 am",-607.2,0,0,0
"Feb 21, 10:00 am",-1559.58,0,96,0
"Feb 21, 11:00 am",6033.88,0,547,0
"Feb 21, 12:00 pm",112523,392.985,596,0
"Feb 21, 01:00 pm",106994,159.247,263,0
"Feb 21, 02:00 pm",-818.16,0,19,0
"Feb 21, 03:00 pm",-607.2,0,35,0
"Feb 21, 04:00 pm",-3602.26,0,360,0
"Feb 21, 05:00 pm",-818.16,0,131,0
"Feb 21, 06:00 pm",-607.2,0,15,0
"Feb 21, 07:00 pm",-607.2,0,0,0
"Feb 21, 08:00 pm",-607.2,0,0,0
"Feb 21, 09:00 pm",-607.2,0,0,0
"Feb 21, 10:00 pm",-607.2,0,0,0
"Feb 21, 11:00 pm",-607.2,0,0,0
"Feb 22, 12:00 am",-607.2,0,0,0
"Feb 22, 01:00 am",-607.2,0,0,0
"Feb 22, 02:00 am",-607.2,0,0,0
"Feb 22, 03:00 am",-607.2,0,0,0
"Feb 22, 04:00 am",-607.2,0,0,0
"Feb 22, 05:00 am",-607.2,0,0,0
"Feb 22, 06:00 am",-607.2,0,0,0
"Feb 22, 07:00 am",-607.2,0,0,0
"Feb 22, 08:00 am",-607.2,0,0,0
"Feb 22, 09:00 am",-607.2,0,0,0
"Feb 22, 10:00 am",-1540.1,0,90,0
"Feb 22, 11:00 am",-2598.11,0,231,0
"Feb 22, 12:00 pm",49247.6,0,560,0
"Feb 22, 01:00 pm",111584,440.263,656,0
"Feb 22, 02:00 pm",111539,426.723,640,0
"Feb 22, 03:00 pm",112096,361.109,559,0
"Feb 22, 04:00 pm",107597,0,221,0
"Feb 22, 05:00 pm",37089.6,0,90,0
"Feb 22, 06:00 pm",-818.16,0,0,0
"Feb 22, 07:00 pm",-607.2,0,0,0
"Feb 22, 08:00 pm",-607.2,0,0,0
"Feb 22, 09:00 pm",-607.2,0,0,0
"Feb 22, 10:00 pm",-607.2,0,0,0
"Feb 22, 11:00 pm",-607.2,0,0,0
"Feb 23, 12:00 am",-607.2,0,0,0
"Feb 23, 01:00 am",-607.2,0,0,0
"Feb 23, 02:00 am",-607.2,0,0,0
"Feb 23, 03:00 am",-607.2,0,0,0
"Feb 23, 04:00 am",-607.2,0,0,0
"Feb 23, 05:00 am",-607.2,0,0,0
"Feb 23, 06:00 am",-607.2,0,0,0
"Feb 23, 07:00 am",-607.2,0,0,0
"Feb 23, 08:00 am",-607.2,0,0,0
"Feb 23, 09:00 am",-607.2,0,0,0
"Feb 23, 10:00 am",-607.2,0,0,0
"Feb 23, 11:00 am",-607.2,0,0,0
"Feb 23, 12:00 pm",-607.2,0,0,0
"Feb 23, 01:00 pm",-607.2,0,0,0
"Feb 23, 02:00 pm",-607.2,0,0,0
"Feb 23, 03:00 pm",-607.2,0,0,0
"Feb 23, 04:00 pm",-2097.84,0,151,0
"Feb 23, 05:00 pm",-818.16,0,2,0
"Feb 23, 06:00 pm",-607.2,0,0,0
"Feb 23, 07:00 pm",-607.2,0,0,0
"Feb 23, 08:00 pm",-607.2,0,0,0
"Feb 23, 09:00 pm",-607.2,0,0,0
"Feb 23, 10:00 pm",-607.2,0,0,0
"Feb 23, 11:00 pm",-607.2,0,0,0
"Feb 24, 12:00 am",-607.2,0,0,0
"Feb 24, 01:00 am",-607.2,0,0,0
"Feb 24, 02:00 am",-607.2,0,0,0
"Feb 24, 03:00 am",-607.2,0,0,0
"Feb 24, 04:00 am",-607.2,0,0,0
"Feb 24, 05:00 am",-607.2,0,0,0
"Feb 24, 06:00 am",-607.2,0,0,0
"Feb 24, 07:00 am",-607.2,0,0,0
"Feb 24, 08:00 am",-607.2,0,0,0
"Feb 24, 09:00 am",-607.2,0,0,0
"Feb 24, 10:00 am",-607.2,0,13,0
"Feb 24, 11:00 am",-607.2,0,61,0
"Feb 24, 12:00 pm",-3184.84,0,262,0
"Feb 24, 01:00 pm",50653.4,0,494,0
"Feb 24, 02:00 pm",112130,325.755,496,0
"Feb 24, 03:00 pm",112314,292.572,459,0
"Feb 24, 04:00 pm",108542,222.96,377,0
"Feb 24, 05:00 pm",-818.16,0,234,0
"Feb 24, 06:00 pm",-607.2,0,39,0
"Feb 24, 07:00 pm",-607.2,0,0,0
"Feb 24, 08:00 pm",-607.2,0,0,0
"Feb 24, 09:00 pm",-607.2,0,0,0
"Feb 24, 10:00 pm",-607.2,0,0,0
"Feb 24, 11:00 pm",-607.2,0,0,0
"Feb 25, 12:00 am",-607.2,0,0,0
"Feb 25, 01:00 am",-607.2,0,0,0
"Feb 25, 02:00 am",-607.2,0,0,0
"Feb 25, 03:00 am",-607.2,0,0,0
"Feb 25, 04:00 am",-607.2,0,0,0
"Feb 25, 05:00 am",-607.2,0,0,0
"Feb 25, 06:00 am",-607.2,0,0,0
"Feb 25, 07:00 am",-607.2,0,0,0
"Feb 25, 08:00 am",-607.2,0,57,0
"Feb 25, 09:00 am",-607.2,0,0,0
"Feb 25, 10:00 am",-607.2,0,0,0
"Feb 25, 11:00 am",-607.2,0,0,0
"Feb 25, 12:00 pm",-607.2,0,0,0
"Feb 25, 01:00 pm",-607.2,0,2,0
"Feb 25, 02:00 pm",-607.2,0,0,0
"Feb 25, 03:00 pm",-607.2,0,0,0
"Feb 25, 04:00 pm",-4269.37,0,507,0
"Feb 25, 05:00 pm",61877.7,181.765,356,0
"Feb 25, 06:00 pm",-818.16,0,108,0
"Feb 25, 07:00 pm",-607.2,0,0,0
"Feb 25, 08:00 pm",-607.2,0,0,0
"Feb 25, 09:00 pm",-607.2,0,0,0
"Feb 25, 10:00 pm",-607.2,0,0,0
"Feb 25, 11:00 pm",-607.2,0,0,0
"Feb 26, 12:00 am",-607.2,0,0,0
"Feb 26, 01:00 am",-607.2,0,0,0
"Feb 26, 02:00 am",-607.2,0,0,0
"Feb 26, 03:00 am",-607.2,0,0,0
"Feb 26, 04:00 am",-607.2,0,0,0
"Feb 26, 05:00 am",-607.2,0,0,0
"Feb 26, 06:00 am",-607.2,0,0,0
"Feb 26, 07:00 am",-607.2,0,0,0
"Feb 26, 08:00 am",-607.2,0,60,0
"Feb 26, 09:00 am",-607.2,0,0,0
"Feb 26, 10:00 am",-607.2,0,0,0
"Feb 26, 11:00 am",-607.2,0,0,0
"Feb 26, 12:00 pm",-607.2,0,9,0
"Feb 26, 01:00 pm",-607.2,0,10,0
"Feb 26, 02:00 pm",-607.2,0,0,0
"Feb 26, 03:00 pm",-607.2,0,0,0
"Feb 26, 04:00 pm",9776.72,0,720,0
"Feb 26, 05:00 pm",113741,318.468,585,0
"Feb 26, 06:00 pm",34874.4,0,312,0
"Feb 26, 07:00 pm",-607.2,0,0,0
"Feb 26, 08:00 pm",-607.2,0,0,0
"Feb 26, 09:00 pm",-607.2,0,0,0
"Feb 26, 10:00 pm",-607.2,0,0,0
"Feb 26, 11:00 pm",-607.2,0,0,0
"Feb 27, 12:00 am",-607.2,0,0,0
"Feb 27, 01:00 am",-607.2,0,0,0
"Feb 27, 02:00 am",-607.2,0,0,0
"Feb 27, 03:00 am",-607.2,0,0,0
"Feb 27, 04:00 am",-607.2,0,0,0
"Feb 27, 05:00 am",-607.2,0,0,0
"Feb 27, 06:00 am",-607.2,0,0,0
"Feb 27, 07:00 am",-607.2,0,0,0
"Feb 27, 08:00 am",-607.2,0,0,0
"Feb 27, 09:00 am",-607.2,0,0,0
"Feb 27, 10:00 am",-607.2,0,0,0
"Feb 27, 11:00 am",-607.2,0,0,0
"Feb 27, 12:00 pm",-607.2,0,23,0
"Feb 27, 01:00 pm",-607.2,0,30,0
"Feb 27, 02:00 pm",-2122.58,0,147,0
"Feb 27, 03:00 pm",-2279.02,0,201,0
"Feb 27, 04:00 pm",-3953.72,0,442,0
"Feb 27, 05:00 pm",96548.3,399.429,720,0
"Feb 27, 06:00 pm",95633.3,156.939,484,0
"Feb 27, 07:00 pm",-818.16,0,0,0
"Feb 27, 08:00 pm",-607.2,0,0,0
"Feb 27, 09:00 pm",-607.2,0,0,0
"Feb 27, 10:00 pm",-607.2,0,0,0
"Feb 27, 11:00 pm",-607.2,0,0,0
"Feb 28, 12:00 am",-607.2,0,0,0
"Feb 28, 01:00 am",-607.2,0,0,0
"Feb 28, 02:00 am",-607.2,0,0,0
"Feb 28, 03:00 am",-607.2,0,0,0
"Feb 28, 04:00 am",-607.2,0,0,0
"Feb 28, 05:00 am",-607.2,0,0,0
"Feb 28, 06:00 am",-607.2,0,0,0
"Feb 28, 07:00 am",-607.2,0,0,0
"Feb 28, 08:00 am",-607.2,0,313,0
"Feb 28, 09:00 am",-607.2,0,56,0
"Feb 28, 10:00 am",-1825.57,0,122,0
"Feb 28, 11:00 am",-818.16,0,14,0
"Feb 28, 12:00 pm",-607.2,0,65,0
"Feb 28, 01:00 pm",-607.2,0,4,0
"Feb 28, 02:00 pm",-607.2,0,1,0
"Feb 28, 03:00 pm",-607.2,0,0,0
"Feb 28, 04:00 pm",15450.1,0,843,0
"Feb 28, 05:00 pm",48508.2,0,0,0
"Feb 28, 06:00 pm",-607.2,0,0,0
"Feb 28, 07:00 pm",-607.2,0,0,0
"Feb 28, 08:00 pm",-607.2,0,0,0
"Feb 28, 09:00 pm",-607.2,0,0,0
"Feb 28, 10:00 pm",-607.2,0,0,0
"Feb 28, 11:00 pm",-607.2,0,0,0
"Mar 1, 12:00 am",-607.2,0,0,0
"Mar 1, 01:00 am",-607.2,0,0,0
"Mar 1, 02:00 am",-607.2,0,0,0
"Mar 1, 03:00 am",-607.2,0,0,0
"Mar 1, 04:00 am",-607.2,0,0,0
"Mar 1, 05:00 am",-607.2,0,0,0
"Mar 1, 06:00 am",-607.2,0,0,0
"Mar 1, 07:00 am",-736.663,0,0,0
"Mar 1, 08:00 am",-881.947,0,368,0
"Mar 1, 09:00 am",425.166,0,696,0
"Mar 1, 10:00 am",111652,522.186,834,0
"Mar 1, 11:00 am",110054,600.689,902,0
"Mar 1, 12:00 pm",108942,639.984,936,0
"Mar 1, 01:00 pm",108431,650.206,943,0
"Mar 1, 02:00 pm",108371,642.508,937,0
"Mar 1, 03:00 pm",108945,612.007,912,0
"Mar 1, 04:00 pm",110144,548.781,859,0
"Mar 1, 05:00 pm",112109,424.979,756,0
"Mar 1, 06:00 pm",113843,176.732,519,0
"Mar 1, 07:00 pm",115302,0,0,0
"Mar 1, 08:00 pm",115581,0,0,0
"Mar 1, 09:00 pm",116316,0,0,0
"Mar 1, 10:00 pm",116275,0,0,0
"Mar 1, 11:00 pm",116222,0,0,0
"Mar 2, 12:00 am",116147,0,0,0
"Mar 2, 01:00 am",116040,0,0,0
"Mar 2, 02:00 am",32428.7,0,0,0
"Mar 2, 03:00 am",-607.2,0,0,0
"Mar 2, 04:00 am",-607.2,0,0,0
"Mar 2, 05:00 am",-607.2,0,0,0
"Mar 2, 06:00 am",-607.2,0,0,0
"Mar 2, 07:00 am",-607.2,0,0,0
"Mar 2, 08:00 am",-607.2,0,422,0
"Mar 2, 09:00 am",3350.05,0,729,0
"Mar 2, 10:00 am",111318,538.029,856,0
"Mar 2, 11:00 am",109463,613.17,919,0
"Mar 2, 12:00 pm",108292,651.754,952,0
"Mar 2, 01:00 pm",108094,651.105,944,0
"Mar 2, 02:00 pm",108306,641.789,936,0
"Mar 2, 03:00 pm",109042,611.987,912,0
"Mar 2, 04:00 pm",110408,547.687,857,0
"Mar 2, 05:00 pm",112541,421.479,748,0
"Mar 2, 06:00 pm",114535,174.795,507,0
"Mar 2, 07:00 pm",116731,0,0,0
"Mar 2, 08:00 pm",117698,0,0,0
"Mar 2, 09:00 pm",117667,0,0,0
"Mar 2, 10:00 pm",117628,0,0,0
"Mar 2, 11:00 pm",117576,0,0,0
"Mar 3, 12:00 am",117506,0,0,0
"Mar 3, 01:00 am",117408,0,0,0
"Mar 3, 02:00 am",75580.2,0,0,0
"Mar 3, 03:00 am",-607.2,0,0,0
"Mar 3, 04:00 am",-607.2,0,0,0
"Mar 3, 05:00 am",-607.2,0,0,0
"Mar 3, 06:00 am",-607.2,0,0,0
"Mar 3, 07:00 am",-607.2,0,0,0
"Mar 3, 08:00 am",-607.2,0,0,0
"Mar 3, 09:00 am",-607.2,0,0,0
"Mar 3, 10:00 am",-607.2,0,0,0
"Mar 3, 11:00 am",-607.2,0,0,0
"Mar 3, 12:00 pm",-607.2,0,0,0
"Mar 3, 01:00 pm",-607.2,0,0,0
"Mar 3, 02:00 pm",-1536.26,0,93,0
"Mar 3, 03:00 pm",-3261.52,0,312,0
"Mar 3, 04:00 pm",-818.16,0,0,0
"Mar 3, 05:00 pm",-457.023,0,657,0
"Mar 3, 06:00 pm",9660.27,0,6,0
"Mar 3, 07:00 pm",-607.2,0,0,0
"Mar 3, 08:00 pm",-607.2,0,0,0
"Mar 3, 09:00 pm",-607.2,0,0,0
"Mar 3, 10:00 pm",-607.2,0,0,0
"Mar 3, 11:00 pm",-607.2,0,0,0
"Mar 4, 12:00 am",-607.2,0,0,0
"Mar 4, 01:00 am",-607.2,0,0,0
"Mar 4, 02:00 am",-607.2,0,0,0
"Mar 4, 03:00 am",-607.2,0,0,0
"Mar 4, 04:00 am",-607.2,0,0,0
"Mar 4, 05:00 am",-607.2,0,0,0
"Mar 4, 06:00 am",-607.2,0,0,0
"Mar 4, 07:00 am",-607.2,0,0,0
"Mar 4, 08:00 am",-607.2,0,0,0
"Mar 4, 09:00 am",-607.2,0,0,0
"Mar 4, 10:00 am",-607.2,0,0,0
"Mar 4, 11:00 am",-607.2,0,0,0
"Mar 4, 12:00 pm",-607.2,0,2,0
"Mar 4, 01:00 pm",-607.2,0,7,0
"Mar 4, 02:00 pm",-607.2,0,62,0
"Mar 4, 03:00 pm",-3146.13,0,266,0
"Mar 4, 04:00 pm",49496.7,0,605,0
"Mar 4, 05:00 pm",112524,229.115,430,0
"Mar 4, 06:00 pm",69402.3,169.264,484,0
"Mar 4, 07:00 pm",-818.16,0,0,0
"Mar 4, 08:00 pm",-607.2,0,0,0
"Mar 4, 09:00 pm",-607.2,0,0,0
"Mar 4, 10:00 pm",-607.2,0,0,0
"Mar 4, 11:00 pm",-607.2,0,0,0
"Mar 5, 12:00 am",-607.2,0,0,0
"Mar 5, 01:00 am",-607.2,0,0,0
"Mar 5, 02:00 am",-607.2,0,0,0
"Mar 5, 03:00 am",-607.2,0,0,0
"Mar 5, 04:00 am",-607.2,0,0,0
"Mar 5, 05:00 am",-607.2,0,0,0
"Mar 5, 06:00 am",-607.2,0,0,0
"Mar 5, 07:00 am",-607.2,0,0,0
"Mar 5, 08:00 am",-607.2,0,0,0
"Mar 5, 09:00 am",-607.2,0,0,0
"Mar 5, 10:00 am",-607.2,0,0,0
"Mar 5, 11:00 am",-607.2,0,0,0
"Mar 5, 12:00 pm",-607.2,0,0,0
"Mar 5, 01:00 pm",-607.2,0,13,0
"Mar 5, 02:00 pm",-2333.75,0,169,0
"Mar 5, 03:00 pm",-818.16,0,8,0
"Mar 5, 04:00 pm",-607.2,0,64,0
"Mar 5, 05:00 pm",-607.2,0,0,0
"Mar 5, 06:00 pm",-607.2,0,0,0
"Mar 5, 07:00 pm",-607.2,0,0,0
"Mar 5, 08:00 pm",-607.2,0,0,0
"Mar 5, 09:00 pm",-607.2,0,0,0
"Mar 5, 10:00 pm",-607.2,0,0,0
"Mar 5, 11:00 pm",-607.2,0,0,0
"Mar 6, 12:00 am",-607.2,0,0,0
"Mar 6, 01:00 am",-607.2,0,0,0
"Mar 6, 02:00 am",-607.2,0,0,0
"Mar 6, 03:00 am",-607.2,0,0,0
"Mar 6, 04:00 am",-607.2,0,0,0
"Mar 6, 05:00 am",-607.2,0,0,0
"Mar 6, 06:00 am",-607.2,0,0,0
"Mar 6, 07:00 am",-607.2,0,0,0
"Mar 6, 08:00 am",-607.2,0,0,0
"Mar 6, 09:00 am",-607.2,0,21,0
"Mar 6, 10:00 am",-3519.78,0,339,0
"Mar 6, 11:00 am",64826.6,282.272,447,0
"Mar 6, 12:00 pm",113110,306.805,472,0
"Mar 6, 01:00 pm",112727,329.965,501,0
"Mar 6, 02:00 pm",81852.7,178.676,293,0
"Mar 6, 03:00 pm",112170,360.744,557,0
"Mar 6, 04:00 pm",110270,234.49,393,0
"Mar 6, 05:00 pm",-818.16,0,187,0
"Mar 6, 06:00 pm",-1807.32,0,181,0
"Mar 6, 07:00 pm",-818.16,0,0,0
"Mar 6, 08:00 pm",-607.2,0,0,0
"Mar 6, 09:00 pm",-607.2,0,0,0
"Mar 6, 10:00 pm",-607.2,0,0,0
"Mar 6, 11:00 pm",-607.2,0,0,0
"Mar 7, 12:00 am",-607.2,0,0,0
"Mar 7, 01:00 am",-607.2,0,0,0
"Mar 7, 02:00 am",-607.2,0,0,0
"Mar 7, 03:00 am",-607.2,0,0,0
"Mar 7, 04:00 am",-607.2,0,0,0
"Mar 7, 05:00 am",-607.2,0,0,0
"Mar 7, 06:00 am",-607.2,0,0,0
"Mar 7, 07:00 am",-607.2,0,0,0
"Mar 7, 08:00 am",-607.2,0,0,0
"Mar 7, 09:00 am",-1670.71,0,114,0
"Mar 7, 10:00 am",-2871.1,0,247,0
"Mar 7, 11:00 am",18260.5,0,909,0
"Mar 7, 12:00 pm",107001,648.949,946,0
"Mar 7, 01:00 pm",105862,666.004,963,0
"Mar 7, 02:00 pm",105629,658.911,958,0
"Mar 7, 03:00 pm",109330,423.645,642,0
"Mar 7, 04:00 pm",110478,346.117,554,0
"Mar 7, 05:00 pm",111652,208.431,388,0
"Mar 7, 06:00 pm",113401,0,394,0
"Mar 7, 07:00 pm",114105,0,0,0
"Mar 7, 08:00 pm",114205,0,0,0
"Mar 7, 09:00 pm",114211,0,0,0
"Mar 7, 10:00 pm",91970.6,0,0,0
"Mar 7, 11:00 pm",-607.2,0,0,0
"Mar 8, 12:00 am",-607.2,0,0,0
"Mar 8, 01:00 am",-607.2,0,0,0
"Mar 8, 02:00 am",-607.2,0,0,0
"Mar 8, 03:00 am",-607.2,0,0,0
"Mar 8, 04:00 am",-607.2,0,0,0
"Mar 8, 05:00 am",-607.2,0,0,0
"Mar 8, 06:00 am",-607.2,0,0,0
"Mar 8, 07:00 am",-607.2,0,0,0
"Mar 8, 08:00 am",-607.2,0,493,0
"Mar 8, 09:00 am",6894.92,0,764,0
"Mar 8, 10:00 am",110146,559.655,881,0
"Mar 8, 11:00 am",107869,629.814,940,0
"Mar 8, 12:00 pm",106260,661.768,964,0
"Mar 8, 01:00 pm",105264,677.141,978,0
"Mar 8, 02:00 pm",105128,668.364,970,0
"Mar 8, 03:00 pm",105847,634.758,940,0
"Mar 8, 04:00 pm",107333,573.484,888,0
"Mar 8, 05:00 pm",109987,454.486,788,0
"Mar 8, 06:00 pm",112822,218.083,569,0
"Mar 8, 07:00 pm",115466,0,0,0
"Mar 8, 08:00 pm",116029,0,0,0
"Mar 8, 09:00 pm",116285,0,0,0
"Mar 8, 10:00 pm",116466,0,0,0
"Mar 8, 11:00 pm",116585,0,0,0
"Mar 9, 12:00 am",116592,0,0,0
"Mar 9, 01:00 am",117355,0,0,0
"Mar 9, 02:00 am",117256,0,0,0
"Mar 9, 03:00 am",55228.7,0,0,0
"Mar 9, 04:00 am",-607.2,0,0,0
"Mar 9, 05:00 am",-607.2,0,0,0
"Mar 9, 06:00 am",-607.2,0,0,0
"Mar 9, 07:00 am",-607.2,0,0,0
"Mar 9, 08:00 am",-3264.13,0,505,0
"Mar 9, 09:00 am",51836,0,764,0
"Mar 9, 10:00 am",110146,558.112,877,0
"Mar 9, 11:00 am",107894,622.397,929,0
"Mar 9, 12:00 pm",106200,655.444,956,0
"Mar 9, 01:00 pm",105166,671.876,972,0
"Mar 9, 02:00 pm",105171,662.022,963,0
"Mar 9, 03:00 pm",106027,630.176,935,0
"Mar 9, 04:00 pm",107506,575.389,891,0
"Mar 9, 05:00 pm",110284,457.925,792,0
"Mar 9, 06:00 pm",113204,224.366,577,0
"Mar 9, 07:00 pm",115930,0,0,0
"Mar 9, 08:00 pm",116368,0,0,0
"Mar 9, 09:00 pm",116579,0,0,0
"Mar 9, 10:00 pm",116805,0,0,0
"Mar 9, 11:00 pm",116944,0,0,0
"Mar 10, 12:00 am",116947,0,0,0
"Mar 10, 01:00 am",117663,0,0,0
"Mar 10, 02:00 am",117568,0,0,0
"Mar 10, 03:00 am",75989,0,0,0
"Mar 10, 04:00 am",-607.2,0,0,0
"Mar 10, 05:00 am",-607.2,0,0,0
"Mar 10, 06:00 am",-607.2,0,0,0
"Mar 10, 07:00 am",-607.2,0,0,0
"Mar 10, 08:00 am",-3395.73,0,520,0
"Mar 10, 09:00 am",56720.3,432.707,772,0
"Mar 10, 10:00 am",109965,566.677,885,0
"Mar 10, 11:00 am",107530,632.466,939,0
"Mar 10, 12:00 pm",105668,667.635,969,0
"Mar 10, 01:00 pm",104836,679.414,979,0
"Mar 10, 02:00 pm",104875,670.867,972,0
"Mar 10, 03:00 pm",105805,637.119,942,0
"Mar 10, 04:00 pm",107430,576.131,890,0
"Mar 10, 05:00 pm",110222,458.916,791,0
"Mar 10, 06:00 pm",113338,225.838,574,0
"Mar 10, 07:00 pm",116245,0,0,0
"Mar 10, 08:00 pm",116649,0,0,0
"Mar 10, 09:00 pm",116741,0,0,0
"Mar 10, 10:00 pm",116801,0,0,0
"Mar 10, 11:00 pm",116832,0,0,0
"Mar 11, 12:00 am",116808,0,0,0
"Mar 11, 01:00 am",116842,0,0,0
"Mar 11, 02:00 am",116814,0,0,0
"Mar 11, 03:00 am",106650,0,0,0
"Mar 11, 04:00 am",-607.2,0,0,0
"Mar 11, 05:00 am",-607.2,0,0,0
"Mar 11, 06:00 am",-607.2,0,0,0
"Mar 11, 07:00 am",-607.2,0,0,0
"Mar 11, 08:00 am",-3298.03,0,484,0
"Mar 11, 09:00 am",52347.6,0,733,0
"Mar 11, 10:00 am",43014,0,165,0
"Mar 11, 11:00 am",-3939.91,0,409,0
"Mar 11, 12:00 pm",70921.3,239.951,373,0
"Mar 11, 01:00 pm",106105,634.465,917,0
"Mar 11, 02:00 pm",110496,227.814,358,0
"Mar 11, 03:00 pm",110882,276.762,434,0
"Mar 11, 04:00 pm",111651,280.612,456,0
"Mar 11, 05:00 pm",111979,373.747,652,0
"Mar 11, 06:00 pm",114794,0,393,0
"Mar 11, 07:00 pm",8718.46,0,0,0
"Mar 11, 08:00 pm",-607.2,0,0,0
"Mar 11, 09:00 pm",-607.2,0,0,0
"Mar 11, 10:00 pm",-607.2,0,0,0
"Mar 11, 11:00 pm",-607.2,0,0,0
"Mar 12, 12:00 am",-607.2,0,0,0
"Mar 12, 01:00 am",-607.2,0,0,0
"Mar 12, 02:00 am",-607.2,0,0,0
"Mar 12, 03:00 am",-607.2,0,0,0
"Mar 12, 04:00 am",-607.2,0,0,0
"Mar 12, 05:00 am",-607.2,0,0,0
"Mar 12, 06:00 am",-607.2,0,0,0
"Mar 12, 07:00 am",-607.2,0,0,0
"Mar 12, 08:00 am",-3309.6,0,491,0
"Mar 12, 09:00 am",52959.4,0,760,0
"Mar 12, 10:00 am",110834,558.122,880,0
"Mar 12, 11:00 am",108811,631.231,946,0
"Mar 12, 12:00 pm",107386,667.544,978,0
"Mar 12, 01:00 pm",106822,676.69,985,0
"Mar 12, 02:00 pm",106991,668.439,979,0
"Mar 12, 03:00 pm",107982,635.318,950,0
"Mar 12, 04:00 pm",109686,571.756,894,0
"Mar 12, 05:00 pm",111904,455.108,793,0
"Mar 12, 06:00 pm",114119,233.259,592,0
"Mar 12, 07:00 pm",116519,0,0,0
"Mar 12, 08:00 pm",116838,0,0,0
"Mar 12, 09:00 pm",116875,0,0,0
"Mar 12, 10:00 pm",117601,0,0,0
"Mar 12, 11:00 pm",117566,0,0,0
"Mar 13, 12:00 am",117516,0,0,0
"Mar 13, 01:00 am",117457,0,0,0
"Mar 13, 02:00 am",117370,0,0,0
"Mar 13, 03:00 am",92375.3,0,0,0
"Mar 13, 04:00 am",-607.2,0,0,0
"Mar 13, 05:00 am",-607.2,0,0,0
"Mar 13, 06:00 am",-607.2,0,0,0
"Mar 13, 07:00 am",-607.2,0,0,0
"Mar 13, 08:00 am",-607.2,0,0,0
"Mar 13, 09:00 am",-607.2,0,0,0
"Mar 13, 10:00 am",-607.2,0,0,0
"Mar 13, 11:00 am",-607.2,0,26,0
"Mar 13, 12:00 pm",-607.2,0,3,0
"Mar 13, 01:00 pm",-3523.95,0,319,0
"Mar 13, 02:00 pm",-818.16,0,27,0
"Mar 13, 03:00 pm",-2079.07,0,150,0
"Mar 13, 04:00 pm",25451.6,0,649,0
"Mar 13, 05:00 pm",28949.1,0,0,0
"Mar 13, 06:00 pm",-607.2,0,0,0
"Mar 13, 07:00 pm",-607.2,0,0,0
"Mar 13, 08:00 pm",-607.2,0,0,0
"Mar 13, 09:00 pm",-607.2,0,0,0
"Mar 13, 10:00 pm",-607.2,0,0,0
"Mar 13, 11:00 pm",-607.2,0,0,0
"Mar 14, 12:00 am",-607.2,0,0,0
"Mar 14, 01:00 am",-607.2,0,0,0
"Mar 14, 02:00 am",-607.2,0,0,0
"Mar 14, 03:00 am",-607.2,0,0,0
"Mar 14, 04:00 am",-607.2,0,0,0
"Mar 14, 05:00 am",-607.2,0,0,0
"Mar 14, 06:00 am",-607.2,0,0,0
"Mar 14, 07:00 am",-607.2,0,0,0
"Mar 14, 08:00 am",-607.2,0,0,0
"Mar 14, 09:00 am",-607.2,0,0,0
"Mar 14, 10:00 am",-607.2,0,0,0
"Mar 14, 11:00 am",-607.2,0,0,0
"Mar 14, 12:00 pm",-607.2,0,11,0
"Mar 14, 01:00 pm",-607.2,0,5,0
"Mar 14, 02:00 pm",-607.2,0,0,0
"Mar 14, 03:00 pm",-607.2,0,0,0
"Mar 14, 04:00 pm",-607.2,0,0,0
"Mar 14, 05:00 pm",-607.2,0,0,0
"Mar 14, 06:00 pm",-607.2,0,0,0
"Mar 14, 07:00 pm",-607.2,0,0,0
"Mar 14, 08:00 pm",-607.2,0,0,0
"Mar 14, 09:00 pm",-607.2,0,0,0
"Mar 14, 10:00 pm",-607.2,0,0,0
"Mar 14, 11:00 pm",-607.2,0,0,0
"Mar 15, 12:00 am",-607.2,0,0,0
"Mar 15, 01:00 am",-607.2,0,0,0
"Mar 15, 02:00 am",-607.2,0,0,0
"Mar 15, 03:00 am",-607.2,0,0,0
"Mar 15, 04:00 am",-607.2,0,0,0
"Mar 15, 05:00 am",-607.2,0,0,0
"Mar 15, 06:00 am",-607.2,0,0,0
"Mar 15, 07:00 am",-607.2,0,0,0
"Mar 15, 08:00 am",-607.2,0,0,0
"Mar 15, 09:00 am",-607.2,0,0,0
"Mar 15, 10:00 am",-607.2,0,54,0
"Mar 15, 11:00 am",-4282.97,0,481,0
"Mar 15, 12:00 pm",103285,276.939,427,0
"Mar 15, 01:00 pm",112325,397.018,589,0
"Mar 15, 02:00 pm",109209,602.424,876,0
"Mar 15, 03:00 pm",109479,575.484,853,0
"Mar 15, 04:00 pm",110377,520.818,805,0
"Mar 15, 05:00 pm",112943,255.339,455,0
"Mar 15, 06:00 pm",113341,0,9,0
"Mar 15, 07:00 pm",113832,0,0,0
"Mar 15, 08:00 pm",113779,0,0,0
"Mar 15, 09:00 pm",-607.2,0,0,0
"Mar 15, 10:00 pm",-607.2,0,0,0
"Mar 15, 11:00 pm",-607.2,0,0,0
"Mar 16, 12:00 am",-607.2,0,0,0
"Mar 16, 01:00 am",-607.2,0,0,0
"Mar 16, 02:00 am",-607.2,0,0,0
"Mar 16, 03:00 am",-607.2,0,0,0
"Mar 16, 04:00 am",-607.2,0,0,0
"Mar 16, 05:00 am",-607.2,0,0,0
"Mar 16, 06:00 am",-607.2,0,0,0
"Mar 16, 07:00 am",-607.2,0,0,0
"Mar 16, 08:00 am",-607.2,0,0,0
"Mar 16, 09:00 am",-607.2,0,0,0
"Mar 16, 10:00 am",6596.27,0,664,0
"Mar 16, 11:00 am",111685,493.386,742,0
"Mar 16, 12:00 pm",112988,315.653,481,0
"Mar 16, 01:00 pm",110577,526.969,769,0
"Mar 16, 02:00 pm",111036,490.988,723,0
"Mar 16, 03:00 pm",113664,0,165,0
"Mar 16, 04:00 pm",113931,0,23,0
"Mar 16, 05:00 pm",54560.9,0,90,0
"Mar 16, 06:00 pm",-818.16,0,0,0
"Mar 16, 07:00 pm",-607.2,0,0,0
"Mar 16, 08:00 pm",-607.2,0,0,0
"Mar 16, 09:00 pm",-607.2,0,0,0
"Mar 16, 10:00 pm",-607.2,0,0,0
"Mar 16, 11:00 pm",-607.2,0,0,0
"Mar 17, 12:00 am",-607.2,0,0,0
"Mar 17, 01:00 am",-607.2,0,0,0
"Mar 17, 02:00 am",-607.2,0,0,0
"Mar 17, 03:00 am",-607.2,0,0,0
"Mar 17, 04:00 am",-607.2,0,0,0
"Mar 17, 05:00 am",-607.2,0,0,0
"Mar 17, 06:00 am",-607.2,0,0,0
"Mar 17, 07:00 am",-607.2,0,0,0
"Mar 17, 08:00 am",-607.2,0,0,0
"Mar 17, 09:00 am",-607.2,0,0,0
"Mar 17, 10:00 am",-607.2,0,72,0
"Mar 17, 11:00 am",-4304.28,0,486,0
"Mar 17, 12:00 pm",107804,394.702,592,0
"Mar 17, 01:00 pm",112255,329.992,498,0
"Mar 17, 02:00 pm",112114,321.818,488,0
"Mar 17, 03:00 pm",110853,172.176,285,0
"Mar 17, 04:00 pm",112091,257.947,420,0
"Mar 17, 05:00 pm",74162.6,179.34,332,0
"Mar 17, 06:00 pm",-818.16,0,183,0
"Mar 17, 07:00 pm",-607.2,0,0,0
"Mar 17, 08:00 pm",-607.2,0,0,0
"Mar 17, 09:00 pm",-607.2,0,0,0
"Mar 17, 10:00 pm",-607.2,0,0,0
"Mar 17, 11:00 pm",-607.2,0,0,0
"Mar 18, 12:00 am",-607.2,0,0,0
"Mar 18, 01:00 am",-607.2,0,0,0
"Mar 18, 02:00 am",-607.2,0,0,0
"Mar 18, 03:00 am",-607.2,0,0,0
"Mar 18, 04:00 am",-607.2,0,0,0
"Mar 18, 05:00 am",-607.2,0,0,0
"Mar 18, 06:00 am",-607.2,0,0,0
"Mar 18, 07:00 am",-607.2,0,0,0
"Mar 18, 08:00 am",-2053.72,0,223,0
"Mar 18, 09:00 am",12288.1,0,503,0
"Mar 18, 10:00 am",112436,418.81,659,0
"Mar 18, 11:00 am",110765,498.529,745,0
"Mar 18, 12:00 pm",109569,540.684,789,0
"Mar 18, 01:00 pm",108023,604.05,871,0
"Mar 18, 02:00 pm",107982,595.756,864,0
"Mar 18, 03:00 pm",108554,563.076,833,0
"Mar 18, 04:00 pm",109788,491.903,760,0
"Mar 18, 05:00 pm",111567,375.51,643,0
"Mar 18, 06:00 pm",112852,170.42,416,0
"Mar 18, 07:00 pm",114674,0,0,0
"Mar 18, 08:00 pm",115146,0,0,0
"Mar 18, 09:00 pm",115376,0,0,0
"Mar 18, 10:00 pm",115505,0,0,0
"Mar 18, 11:00 pm",115554,0,0,0
"Mar 19, 12:00 am",46887.7,0,0,0
"Mar 19, 01:00 am",-607.2,0,0,0
"Mar 19, 02:00 am",-607.2,0,0,0
"Mar 19, 03:00 am",-607.2,0,0,0
"Mar 19, 04:00 am",-607.2,0,0,0
"Mar 19, 05:00 am",-607.2,0,0,0
"Mar 19, 06:00 am",-607.2,0,0,0
"Mar 19, 07:00 am",-607.2,0,0,0
"Mar 19, 08:00 am",-3627.63,0,532,0
"Mar 19, 09:00 am",74824.1,441.645,757,0
"Mar 19, 10:00 am",110049,561.118,864,0
"Mar 19, 11:00 am",107933,624.083,920,0
"Mar 19, 12:00 pm",106707,653.37,944,0
"Mar 19, 01:00 pm",105771,674.379,967,0
"Mar 19, 02:00 pm",110507,319.521,481,0
"Mar 19, 03:00 pm",106296,638.248,938,0
"Mar 19, 04:00 pm",107575,582.256,891,0
"Mar 19, 05:00 pm",109734,475.792,801,0
"Mar 19, 06:00 pm",112460,265.55,610,0
"Mar 19, 07:00 pm",115463,0,0,0
"Mar 19, 08:00 pm",116114,0,0,0
"Mar 19, 09:00 pm",116347,0,0,0
"Mar 19, 10:00 pm",116463,0,0,0
"Mar 19, 11:00 pm",116520,0,0,0
"Mar 20, 12:00 am",116510,0,0,0
"Mar 20, 01:00 am",116529,0,0,0
"Mar 20, 02:00 am",91168,0,0,0
"Mar 20, 03:00 am",-607.2,0,0,0
"Mar 20, 04:00 am",-607.2,0,0,0
"Mar 20, 05:00 am",-607.2,0,0,0
"Mar 20, 06:00 am",-607.2,0,0,0
"Mar 20, 07:00 am",-607.2,0,0,0
"Mar 20, 08:00 am",-3733.15,0,558,0
"Mar 20, 09:00 am",81275.5,444.264,757,0
"Mar 20, 10:00 am",109924,554.652,853,0
"Mar 20, 11:00 am",108046,610.523,901,0
"Mar 20, 12:00 pm",106927,640.234,927,0
"Mar 20, 01:00 pm",106476,650.778,937,0
"Mar 20, 02:00 pm",106804,638.828,926,0
"Mar 20, 03:00 pm",107642,608.896,900,0
"Mar 20, 04:00 pm",109059,554.366,853,0
"Mar 20, 05:00 pm",111173,451.573,763,0
"Mar 20, 06:00 pm",113718,251.81,578,0
"Mar 20, 07:00 pm",116553,0,0,0
"Mar 20, 08:00 pm",116910,0,0,0
"Mar 20, 09:00 pm",116984,0,0,0
"Mar 20, 10:00 pm",117009,0,0,0
"Mar 20, 11:00 pm",117743,0,0,0
"Mar 21, 12:00 am",117690,0,0,0
"Mar 21, 01:00 am",117624,0,0,0
"Mar 21, 02:00 am",117517,0,0,0
"Mar 21, 03:00 am",39824.2,0,0,0
"Mar 21, 04:00 am",-607.2,0,0,0
"Mar 21, 05:00 am",-607.2,0,0,0
"Mar 21, 06:00 am",-607.2,0,0,0
"Mar 21, 07:00 am",-607.2,0,0,0
"Mar 21, 08:00 am",-1575.3,0,131,0
"Mar 21, 09:00 am",-1484.88,0,114,0
"Mar 21, 10:00 am",-3662.61,0,397,0
"Mar 21, 11:00 am",-818.16,0,235,0
"Mar 21, 12:00 pm",-1831.01,0,113,0
"Mar 21, 01:00 pm",-818.16,0,19,0
"Mar 21, 02:00 pm",-2718.91,0,211,0
"Mar 21, 03:00 pm",-818.16,0,0,0
"Mar 21, 04:00 pm",-607.2,0,3,0
"Mar 21, 05:00 pm",9214.67,0,758,0
"Mar 21, 06:00 pm",113631,249.565,571,0
"Mar 21, 07:00 pm",16271.6,0,82,0
"Mar 21, 08:00 pm",-607.2,0,0,0
"Mar 21, 09:00 pm",-607.2,0,0,0
"Mar 21, 10:00 pm",-607.2,0,0,0
"Mar 21, 11:00 pm",-607.2,0,0,0
"Mar 22, 12:00 am",-607.2,0,0,0
"Mar 22, 01:00 am",-607.2,0,0,0
"Mar 22, 02:00 am",-607.2,0,0,0
"Mar 22, 03:00 am",-607.2,0,0,0
"Mar 22, 04:00 am",-607.2,0,0,0
"Mar 22, 05:00 am",-607.2,0,0,0
"Mar 22, 06:00 am",-607.2,0,0,0
"Mar 22, 07:00 am",-607.2,0,0,0
"Mar 22, 08:00 am",-3779.53,0,561,0
"Mar 22, 09:00 am",-818.16,0,40,0
"Mar 22, 10:00 am",-2936.52,0,246,0
"Mar 22, 11:00 am",33961,0,414,0
"Mar 22, 12:00 pm",-818.16,0,30,0
"Mar 22, 01:00 pm",-607.2,0,39,0
"Mar 22, 02:00 pm",-3331.15,0,278,0
"Mar 22, 03:00 pm",-818.16,0,38,0
"Mar 22, 04:00 pm",-3586.69,0,352,0
"Mar 22, 05:00 pm",-818.16,0,0,0
"Mar 22, 06:00 pm",-607.2,0,0,0
"Mar 22, 07:00 pm",-607.2,0,11,0
"Mar 22, 08:00 pm",-607.2,0,0,0
"Mar 22, 09:00 pm",-607.2,0,0,0
"Mar 22, 10:00 pm",-607.2,0,0,0
"Mar 22, 11:00 pm",-607.2,0,0,0
"Mar 23, 12:00 am",-607.2,0,0,0
"Mar 23, 01:00 am",-607.2,0,0,0
"Mar 23, 02:00 am",-607.2,0,0,0
"Mar 23, 03:00 am",-607.2,0,0,0
"Mar 23, 04:00 am",-607.2,0,0,0
"Mar 23, 05:00 am",-607.2,0,0,0
"Mar 23, 06:00 am",-607.2,0,0,0
"Mar 23, 07:00 am",-607.2,0,0,0
"Mar 23, 08:00 am",-607.2,0,0,0
"Mar 23, 09:00 am",-2005.54,0,150,0
"Mar 23, 10:00 am",-2479.27,0,212,0
"Mar 23, 11:00 am",18196.4,0,874,0
"Mar 23, 12:00 pm",109703,654.622,948,0
"Mar 23, 01:00 pm",112647,0,168,0
"Mar 23, 02:00 pm",109399,0,51,0
"Mar 23, 03:00 pm",-3438.85,0,299,0
"Mar 23, 04:00 pm",17614.2,180.962,310,0
"Mar 23, 05:00 pm",69602.7,188.206,346,0
"Mar 23, 06:00 pm",-818.16,0,175,0
"Mar 23, 07:00 pm",-607.2,0,54,0
"Mar 23, 08:00 pm",-607.2,0,0,0
"Mar 23, 09:00 pm",-607.2,0,0,0
"Mar 23, 10:00 pm",-607.2,0,0,0
"Mar 23, 11:00 pm",-607.2,0,0,0
"Mar 24, 12:00 am",-607.2,0,0,0
"Mar 24, 01:00 am",-607.2,0,0,0
"Mar 24, 02:00 am",-607.2,0,0,0
"Mar 24, 03:00 am",-607.2,0,0,0
"Mar 24, 04:00 am",-607.2,0,0,0
"Mar 24, 05:00 am",-607.2,0,0,0
"Mar 24, 06:00 am",-607.2,0,0,0
"Mar 24, 07:00 am",-607.2,0,82,0
"Mar 24, 08:00 am",-3893.33,0,580,0
"Mar 24, 09:00 am",92161.3,475.099,796,0
"Mar 24, 10:00 am",111846,589.329,899,0
"Mar 24, 11:00 am",109866,648.212,950,0
"Mar 24, 12:00 pm",114201,225.528,351,0
"Mar 24, 01:00 pm",109448,662.925,950,0
"Mar 24, 02:00 pm",115400,0,221,0
"Mar 24, 03:00 pm",112933,0,356,0
"Mar 24, 04:00 pm",111983,530.988,816,0
"Mar 24, 05:00 pm",113501,410.432,693,0
"Mar 24, 06:00 pm",115242,208.226,475,0
"Mar 24, 07:00 pm",116590,0,0,0
"Mar 24, 08:00 pm",116720,0,0,0
"Mar 24, 09:00 pm",110811,0,0,0
"Mar 24, 10:00 pm",-607.2,0,0,0
"Mar 24, 11:00 pm",-607.2,0,0,0
"Mar 25, 12:00 am",-607.2,0,0,0
"Mar 25, 01:00 am",-607.2,0,0,0
"Mar 25, 02:00 am",-607.2,0,0,0
"Mar 25, 03:00 am",-607.2,0,0,0
"Mar 25, 04:00 am",-607.2,0,0,0
"Mar 25, 05:00 am",-607.2,0,0,0
"Mar 25, 06:00 am",-607.2,0,0,0
"Mar 25, 07:00 am",-607.2,0,34,0
"Mar 25, 08:00 am",-607.2,0,0,0
"Mar 25, 09:00 am",-607.2,0,0,0
"Mar 25, 10:00 am",-1665.19,0,104,0
"Mar 25, 11:00 am",-818.16,0,18,0
"Mar 25, 12:00 pm",-607.2,0,0,0
"Mar 25, 01:00 pm",18700.6,0,891,0
"Mar 25, 02:00 pm",91184.9,0,21,0
"Mar 25, 03:00 pm",-607.2,0,33,0
"Mar 25, 04:00 pm",-2606.26,0,214,0
"Mar 25, 05:00 pm",38482.8,0,715,0
"Mar 25, 06:00 pm",40374.8,0,341,0
"Mar 25, 07:00 pm",-607.2,0,81,0
"Mar 25, 08:00 pm",-607.2,0,0,0
"Mar 25, 09:00 pm",-607.2,0,0,0
"Mar 25, 10:00 pm",-607.2,0,0,0
"Mar 25, 11:00 pm",-607.2,0,0,0
"Mar 26, 12:00 am",-607.2,0,0,0
"Mar 26, 01:00 am",-607.2,0,0,0
"Mar 26, 02:00 am",-607.2,0,0,0
"Mar 26, 03:00 am",-607.2,0,0,0
"Mar 26, 04:00 am",-607.2,0,0,0
"Mar 26, 05:00 am",-607.2,0,0,0
"Mar 26, 06:00 am",-607.2,0,0,0
"Mar 26, 07:00 am",-607.2,0,0,0
"Mar 26, 08:00 am",-607.2,0,0,0
"Mar 26, 09:00 am",-607.2,0,0,0
"Mar 26, 10:00 am",-607.2,0,9,0
"Mar 26, 11:00 am",-607.2,0,9,0
"Mar 26, 12:00 pm",-607.2,0,2,0
"Mar 26, 01:00 pm",-607.2,0,6,0
"Mar 26, 02:00 pm",-607.2,0,25,0
"Mar 26, 03:00 pm",17876.7,0,883,0
"Mar 26, 04:00 pm",112984,205.468,355,0
"Mar 26, 05:00 pm",41992,0,0,0
"Mar 26, 06:00 pm",-607.2,0,0,0
"Mar 26, 07:00 pm",-607.2,0,0,0
"Mar 26, 08:00 pm",-607.2,0,0,0
"Mar 26, 09:00 pm",-607.2,0,0,0
"Mar 26, 10:00 pm",-607.2,0,0,0
"Mar 26, 11:00 pm",-607.2,0,0,0
"Mar 27, 12:00 am",-607.2,0,0,0
"Mar 27, 01:00 am",-607.2,0,0,0
"Mar 27, 02:00 am",-607.2,0,0,0
"Mar 27, 03:00 am",-607.2,0,0,0
"Mar 27, 04:00 am",-607.2,0,0,0
"Mar 27, 05:00 am",-607.2,0,0,0
"Mar 27, 06:00 am",-607.2,0,0,0
"Mar 27, 07:00 am",-607.2,0,0,0
"Mar 27, 08:00 am",-607.2,0,0,0
"Mar 27, 09:00 am",-607.2,0,0,0
"Mar 27, 10:00 am",-607.2,0,0,0
"Mar 27, 11:00 am",-607.2,0,0,0
"Mar 27, 12:00 pm",-607.2,0,44,0
"Mar 27, 01:00 pm",-1748.73,0,102,0
"Mar 27, 02:00 pm",-818.16,0,4,0
"Mar 27, 03:00 pm",-607.2,0,43,0
"Mar 27, 04:00 pm",-607.2,0,9,0
"Mar 27, 05:00 pm",-607.2,0,0,0
"Mar 27, 06:00 pm",-607.2,0,0,0
"Mar 27, 07:00 pm",-607.2,0,0,0
"Mar 27, 08:00 pm",-607.2,0,0,0
"Mar 27, 09:00 pm",-607.2,0,0,0
"Mar 27, 10:00 pm",-607.2,0,0,0
"Mar 27, 11:00 pm",-607.2,0,0,0
"Mar 28, 12:00 am",-607.2,0,0,0
"Mar 28, 01:00 am",-607.2,0,0,0
"Mar 28, 02:00 am",-607.2,0,0,0
"Mar 28, 03:00 am",-607.2,0,0,0
"Mar 28, 04:00 am",-607.2,0,0,0
"Mar 28, 05:00 am",-607.2,0,0,0
"Mar 28, 06:00 am",-607.2,0,0,0
"Mar 28, 07:00 am",-607.2,0,108,0
"Mar 28, 08:00 am",-3925.93,0,565,0
"Mar 28, 09:00 am",-818.16,0,0,0
"Mar 28, 10:00 am",-607.2,0,0,0
"Mar 28, 11:00 am",-2973.53,0,237,0
"Mar 28, 12:00 pm",44862.9,0,942,0
"Mar 28, 01:00 pm",107309,667.572,953,0
"Mar 28, 02:00 pm",107382,657.462,945,0
"Mar 28, 03:00 pm",107940,630.439,923,0
"Mar 28, 04:00 pm",109106,575.788,876,0
"Mar 28, 05:00 pm",110849,477.702,791,0
"Mar 28, 06:00 pm",113011,288.933,619,0
"Mar 28, 07:00 pm",114361,0,180,0
"Mar 28, 08:00 pm",114865,0,0,0
"Mar 28, 09:00 pm",115084,0,0,0
"Mar 28, 10:00 pm",115225,0,0,0
"Mar 28, 11:00 pm",115252,0,0,0
"Mar 29, 12:00 am",115908,0,0,0
"Mar 29, 01:00 am",34220.3,0,0,0
"Mar 29, 02:00 am",-607.2,0,0,0
"Mar 29, 03:00 am",-607.2,0,0,0
"Mar 29, 04:00 am",-607.2,0,0,0
"Mar 29, 05:00 am",-607.2,0,0,0
"Mar 29, 06:00 am",-607.2,0,0,0
"Mar 29, 07:00 am",-607.2,0,179,0
"Mar 29, 08:00 am",-4140.48,0,618,0
"Mar 29, 09:00 am",102761,477.777,791,0
"Mar 29, 10:00 am",109857,576.566,878,0
"Mar 29, 11:00 am",108040,631.619,926,0
"Mar 29, 12:00 pm",106774,661.334,952,0
"Mar 29, 01:00 pm",106109,669.82,958,0
"Mar 29, 02:00 pm",106262,654.698,943,0
"Mar 29, 03:00 pm",109234,486.52,723,0
"Mar 29, 04:00 pm",110444,410.695,638,0
"Mar 29, 05:00 pm",110970,441.402,734,0
"Mar 29, 06:00 pm",113399,264.83,569,0
"Mar 29, 07:00 pm",116199,0,164,0
"Mar 29, 08:00 pm",116568,0,0,0
"Mar 29, 09:00 pm",116593,0,0,0
"Mar 29, 10:00 pm",116566,0,0,0
"Mar 29, 11:00 pm",116598,0,0,0
"Mar 30, 12:00 am",116595,0,0,0
"Mar 30, 01:00 am",117381,0,0,0
"Mar 30, 02:00 am",110145,0,0,0
"Mar 30, 03:00 am",-607.2,0,0,0
"Mar 30, 04:00 am",-607.2,0,0,0
"Mar 30, 05:00 am",-607.2,0,0,0
"Mar 30, 06:00 am",-607.2,0,0,0
"Mar 30, 07:00 am",-607.2,0,24,0
"Mar 30, 08:00 am",-2202.16,0,211,0
"Mar 30, 09:00 am",-2093.14,0,407,0
"Mar 30, 10:00 am",80883.6,214.628,354,0
"Mar 30, 11:00 am",113024,305.817,470,0
"Mar 30, 12:00 pm",112303,312.148,471,0
"Mar 30, 01:00 pm",111493,334.028,498,0
"Mar 30, 02:00 pm",102414,197.525,313,0
"Mar 30, 03:00 pm",111241,314.685,482,0
"Mar 30, 04:00 pm",3347.08,0,227,0
"Mar 30, 05:00 pm",15099.4,0,476,0
"Mar 30, 06:00 pm",71969.9,195.628,432,0
"Mar 30, 07:00 pm",-818.16,0,102,0
"Mar 30, 08:00 pm",-607.2,0,0,0
"Mar 30, 09:00 pm",-607.2,0,0,0
"Mar 30, 10:00 pm",-607.2,0,0,0
"Mar 30, 11:00 pm",-607.2,0,0,0
"Mar 31, 12:00 am",-607.2,0,0,0
"Mar 31, 01:00 am",-607.2,0,0,0
"Mar 31, 02:00 am",-607.2,0,0,0
"Mar 31, 03:00 am",-607.2,0,0,0
"Mar 31, 04:00 am",-607.2,0,0,0
"Mar 31, 05:00 am",-607.2,0,0,0
"Mar 31, 06:00 am",-607.2,0,0,0
"Mar 31, 07:00 am",-607.2,0,132,0
"Mar 31, 08:00 am",-3969,0,556,0
"Mar 31, 09:00 am",95203.2,451.114,743,0
"Mar 31, 10:00 am",110297,549.314,835,0
"Mar 31, 11:00 am",108819,604.55,886,0
"Mar 31, 12:00 pm",107768,635.418,916,0
"Mar 31, 01:00 pm",107081,653.583,937,0
"Mar 31, 02:00 pm",107289,642.538,929,0
"Mar 31, 03:00 pm",111086,394.102,597,0
"Mar 31, 04:00 pm",112256,258.333,420,0
"Mar 31, 05:00 pm",112738,253.518,442,0
"Mar 31, 06:00 pm",113456,265.414,565,0
"Mar 31, 07:00 pm",115633,0,12,0
"Mar 31, 08:00 pm",115990,0,0,0
"Mar 31, 09:00 pm",116029,0,0,0
"Mar 31, 10:00 pm",116069,0,0,0
"Mar 31, 11:00 pm",116064,0,0,0
"Apr 1, 12:00 am",115956,0,0,0
"Apr 1, 01:00 am",-607.2,0,0,0
"Apr 1, 02:00 am",-607.2,0,0,0
"Apr 1, 03:00 am",-607.2,0,0,0
"Apr 1, 04:00 am",-607.2,0,0,0
"Apr 1, 05:00 am",-607.2,0,0,0
"Apr 1, 06:00 am",-607.2,0,0,0
"Apr 1, 07:00 am",-607.2,0,117,0
"Apr 1, 08:00 am",-4244.59,0,629,0
"Apr 1, 09:00 am",106023,493.185,812,0
"Apr 1, 10:00 am",110290,597.115,908,0
"Apr 1, 11:00 am",108608,655.619,960,0
"Apr 1, 12:00 pm",107400,686.397,987,0
"Apr 1, 01:00 pm",107263,676.584,968,0
"Apr 1, 02:00 pm",107314,665.248,959,0
"Apr 1, 03:00 pm",107993,636.322,935,0
"Apr 1, 04:00 pm",109580,566.626,866,0
"Apr 1, 05:00 pm",111641,469.161,777,0
"Apr 1, 06:00 pm",113827,285.68,601,0
"Apr 1, 07:00 pm",116665,0,100,0
"Apr 1, 08:00 pm",116992,0,0,0
"Apr 1, 09:00 pm",116996,0,0,0
"Apr 1, 10:00 pm",116993,0,0,0
"Apr 1, 11:00 pm",116982,0,0,0
"Apr 2, 12:00 am",117682,0,0,0
"Apr 2, 01:00 am",117632,0,0,0
"Apr 2, 02:00 am",117563,0,0,0
"Apr 2, 03:00 am",117458,0,0,0
"Apr 2, 04:00 am",53697.3,0,0,0
"Apr 2, 05:00 am",-607.2,0,0,0
"Apr 2, 06:00 am",-607.2,0,0,0
"Apr 2, 07:00 am",-607.2,0,238,0
"Apr 2, 08:00 am",-4329.92,0,642,0
"Apr 2, 09:00 am",108157,496.132,811,0
"Apr 2, 10:00 am",109948,592.88,897,0
"Apr 2, 11:00 am",108030,649.259,947,0
"Apr 2, 12:00 pm",106638,679.021,973,0
"Apr 2, 01:00 pm",105884,687.644,979,0
"Apr 2, 02:00 pm",105822,676.502,970,0
"Apr 2, 03:00 pm",106444,649.297,948,0
"Apr 2, 04:00 pm",107689,597.987,906,0
"Apr 2, 05:00 pm",111074,504.612,827,0
"Apr 2, 06:00 pm",113058,324.625,670,0
"Apr 2, 07:00 pm",116458,0,265,0
"Apr 2, 08:00 pm",116929,0,0,0
"Apr 2, 09:00 pm",117021,0,0,0
"Apr 2, 10:00 pm",117058,0,0,0
"Apr 2, 11:00 pm",117069,0,0,0
"Apr 3, 12:00 am",117046,0,0,0
"Apr 3, 01:00 am",117762,0,0,0
"Apr 3, 02:00 am",117693,0,0,0
"Apr 3, 03:00 am",117592,0,0,0
"Apr 3, 04:00 am",57068.1,0,0,0
"Apr 3, 05:00 am",-607.2,0,0,0
"Apr 3, 06:00 am",-607.2,0,0,0
"Apr 3, 07:00 am",-607.2,0,286,0
"Apr 3, 08:00 am",-4398.21,0,655,0
"Apr 3, 09:00 am",109552,491.254,803,0
"Apr 3, 10:00 am",109529,581.53,881,0
"Apr 3, 11:00 am",107667,630.274,921,0
"Apr 3, 12:00 pm",109830,453.259,663,0
"Apr 3, 01:00 pm",110101,377.462,555,0
"Apr 3, 02:00 pm",109344,426.619,626,0
"Apr 3, 03:00 pm",108407,500.829,740,0
"Apr 3, 04:00 pm",109170,453.334,696,0
"Apr 3, 05:00 pm",110387,388.305,645,0
"Apr 3, 06:00 pm",112053,306.618,632,0
"Apr 3, 07:00 pm",115385,0,242,0
"Apr 3, 08:00 pm",116047,0,0,0
"Apr 3, 09:00 pm",116328,0,0,0
"Apr 3, 10:00 pm",116522,0,0,0
"Apr 3, 11:00 pm",116607,0,0,0
"Apr 4, 12:00 am",89743.8,0,0,0
"Apr 4, 01:00 am",-607.2,0,0,0
"Apr 4, 02:00 am",-607.2,0,0,0
"Apr 4, 03:00 am",-607.2,0,0,0
"Apr 4, 04:00 am",-607.2,0,0,0
"Apr 4, 05:00 am",-607.2,0,0,0
"Apr 4, 06:00 am",-607.2,0,0,0
"Apr 4, 07:00 am",-607.2,0,310,0
"Apr 4, 08:00 am",-2481.71,0,692,0
"Apr 4, 09:00 am",111370,527.357,855,0
"Apr 4, 10:00 am",108926,618.867,934,0
"Apr 4, 11:00 am",107059,664.828,970,0
"Apr 4, 12:00 pm",105675,690.194,990,0
"Apr 4, 01:00 pm",105265,685.628,978,0
"Apr 4, 02:00 pm",105159,676.737,972,0
"Apr 4, 03:00 pm",105642,650.004,950,0
"Apr 4, 04:00 pm",106965,598.747,907,0
"Apr 4, 05:00 pm",111232,506.752,828,0
"Apr 4, 06:00 pm",112193,330.08,673,0
"Apr 4, 07:00 pm",115431,0,280,0
"Apr 4, 08:00 pm",116100,0,0,0
"Apr 4, 09:00 pm",116391,0,0,0
"Apr 4, 10:00 pm",116573,0,0,0
"Apr 4, 11:00 pm",116718,0,0,0
"Apr 5, 12:00 am",116745,0,0,0
"Apr 5, 01:00 am",116862,0,0,0
"Apr 5, 02:00 am",116856,0,0,0
"Apr 5, 03:00 am",117506,0,0,0
"Apr 5, 04:00 am",56976.8,0,0,0
"Apr 5, 05:00 am",-607.2,0,0,0
"Apr 5, 06:00 am",-607.2,0,0,0
"Apr 5, 07:00 am",-607.2,0,350,0
"Apr 5, 08:00 am",-1051.12,0,703,0
"Apr 5, 09:00 am",111082,524.485,847,0
"Apr 5, 10:00 am",108637,608.633,916,0
"Apr 5, 11:00 am",106416,657.126,956,0
"Apr 5, 12:00 pm",104950,679.686,973,0
"Apr 5, 01:00 pm",104394,679.613,968,0
"Apr 5, 02:00 pm",104474,669.032,961,0
"Apr 5, 03:00 pm",105250,639.323,936,0
"Apr 5, 04:00 pm",107374,558.554,851,0
"Apr 5, 05:00 pm",110663,468.246,770,0
"Apr 5, 06:00 pm",112822,299.382,614,0
"Apr 5, 07:00 pm",116365,0,228,0
"Apr 5, 08:00 pm",116890,0,0,0
"Apr 5, 09:00 pm",117002,0,0,0
"Apr 5, 10:00 pm",117063,0,0,0
"Apr 5, 11:00 pm",117083,0,0,0
"Apr 6, 12:00 am",117066,0,0,0
"Apr 6, 01:00 am",117775,0,0,0
"Apr 6, 02:00 am",117708,0,0,0
"Apr 6, 03:00 am",117608,0,0,0
"Apr 6, 04:00 am",57085.7,0,0,0
"Apr 6, 05:00 am",-607.2,0,0,0
"Apr 6, 06:00 am",-607.2,0,0,0
"Apr 6, 07:00 am",-607.2,0,325,0
"Apr 6, 08:00 am",-3395.93,0,677,0
"Apr 6, 09:00 am",111737,504.029,820,0
"Apr 6, 10:00 am",109599,592.526,897,0
"Apr 6, 11:00 am",107902,643.018,940,0
"Apr 6, 12:00 pm",106657,669.389,962,0
"Apr 6, 01:00 pm",106141,672.24,960,0
"Apr 6, 02:00 pm",106069,662.595,953,0
"Apr 6, 03:00 pm",106630,633.861,928,0
"Apr 6, 04:00 pm",107895,575,873,0
"Apr 6, 05:00 pm",110130,487.573,797,0
"Apr 6, 06:00 pm",112700,318.8,646,0
"Apr 6, 07:00 pm",116169,0,271,0
"Apr 6, 08:00 pm",116729,0,0,0
"Apr 6, 09:00 pm",116898,0,0,0
"Apr 6, 10:00 pm",117036,0,0,0
"Apr 6, 11:00 pm",117103,0,0,0
"Apr 7, 12:00 am",117829,0,0,0
"Apr 7, 01:00 am",117785,0,0,0
"Apr 7, 02:00 am",117719,0,0,0
"Apr 7, 03:00 am",117617,0,0,0
"Apr 7, 04:00 am",57094.2,0,0,0
"Apr 7, 05:00 am",-607.2,0,0,0
"Apr 7, 06:00 am",-607.2,0,0,0
"Apr 7, 07:00 am",-607.2,0,262,0
"Apr 7, 08:00 am",-4350.71,0,623,0
"Apr 7, 09:00 am",108459,483.891,784,0
"Apr 7, 10:00 am",109638,581.412,878,0
"Apr 7, 11:00 am",107749,630.719,921,0
"Apr 7, 12:00 pm",106391,655.726,942,0
"Apr 7, 01:00 pm",105400,675.68,964,0
"Apr 7, 02:00 pm",105446,664.823,956,0
"Apr 7, 03:00 pm",106176,636.403,932,0
"Apr 7, 04:00 pm",107760,573.251,871,0
"Apr 7, 05:00 pm",109924,479.678,785,0
"Apr 7, 06:00 pm",112836,305.32,619,0
"Apr 7, 07:00 pm",116447,0,238,0
"Apr 7, 08:00 pm",116980,0,0,0
"Apr 7, 09:00 pm",117107,0,0,0
"Apr 7, 10:00 pm",117143,0,0,0
"Apr 7, 11:00 pm",117871,0,0,0
"Apr 8, 12:00 am",117828,0,0,0
"Apr 8, 01:00 am",117779,0,0,0
"Apr 8, 02:00 am",117707,0,0,0
"Apr 8, 03:00 am",117600,0,0,0
"Apr 8, 04:00 am",44521,0,0,0
"Apr 8, 05:00 am",-607.2,0,0,0
"Apr 8, 06:00 am",-607.2,0,0,0
"Apr 8, 07:00 am",-607.2,0,278,0
"Apr 8, 08:00 am",-4405.99,0,634,0
"Apr 8, 09:00 am",109720,495.402,803,0
"Apr 8, 10:00 am",109652,587.807,890,0
"Apr 8, 11:00 am",107824,640.913,938,0
"Apr 8, 12:00 pm",106566,667.169,960,0
"Apr 8, 01:00 pm",105817,674.471,964,0
"Apr 8, 02:00 pm",105827,661.055,952,0
"Apr 8, 03:00 pm",106488,632.594,927,0
"Apr 8, 04:00 pm",107899,574.706,873,0
"Apr 8, 05:00 pm",114282,484.04,791,0
"Apr 8, 06:00 pm",112293,0,635,0
"Apr 8, 07:00 pm",116375,0,265,0
"Apr 8, 08:00 pm",116883,0,0,0
"Apr 8, 09:00 pm",117004,0,0,0
"Apr 8, 10:00 pm",117059,0,0,0
"Apr 8, 11:00 pm",117789,0,0,0
"Apr 9, 12:00 am",117717,0,0,0
"Apr 9, 01:00 am",117612,0,0,0
"Apr 9, 02:00 am",38701.3,0,0,0
"Apr 9, 03:00 am",-607.2,0,0,0
"Apr 9, 04:00 am",-607.2,0,0,0
"Apr 9, 05:00 am",-607.2,0,0,0
"Apr 9, 06:00 am",-607.2,0,0,0
"Apr 9, 07:00 am",-607.2,0,321,0
"Apr 9, 08:00 am",-3156.25,0,665,0
"Apr 9, 09:00 am",111613,499.756,809,0
"Apr 9, 10:00 am",109468,586.96,889,0
"Apr 9, 11:00 am",107609,637.219,934,0
"Apr 9, 12:00 pm",106127,668.765,964,0
"Apr 9, 01:00 pm",105211,682.985,978,0
"Apr 9, 02:00 pm",105363,670.66,968,0
"Apr 9, 03:00 pm",106205,640.432,941,0
"Apr 9, 04:00 pm",107865,579.883,883,0
"Apr 9, 05:00 pm",110591,484.98,794,0
"Apr 9, 06:00 pm",113007,309.73,623,0
"Apr 9, 07:00 pm",116365,0,236,0
"Apr 9, 08:00 pm",116894,0,0,0
"Apr 9, 09:00 pm",117034,0,0,0
"Apr 9, 10:00 pm",117094,0,0,0
"Apr 9, 11:00 pm",117830,0,0,0
"Apr 10, 12:00 am",117788,0,0,0
"Apr 10, 01:00 am",117740,0,0,0
"Apr 10, 02:00 am",117670,0,0,0
"Apr 10, 03:00 am",117567,0,0,0
"Apr 10, 04:00 am",57037.6,0,0,0
"Apr 10, 05:00 am",-607.2,0,0,0
"Apr 10, 06:00 am",-607.2,0,0,0
"Apr 10, 07:00 am",-607.2,0,313,0
"Apr 10, 08:00 am",-3633.91,0,657,0
"Apr 10, 09:00 am",111421,500.064,808,0
"Apr 10, 10:00 am",109054,586.526,887,0
"Apr 10, 11:00 am",107005,635.814,930,0
"Apr 10, 12:00 pm",105558,662.538,952,0
"Apr 10, 01:00 pm",105014,659.925,942,0
"Apr 10, 02:00 pm",104967,648.408,932,0
"Apr 10, 03:00 pm",105550,618.943,905,0
"Apr 10, 04:00 pm",107078,553.479,839,0
"Apr 10, 05:00 pm",109102,459.434,749,0
"Apr 10, 06:00 pm",112089,286.883,576,0
"Apr 10, 07:00 pm",115883,0,190,0
"Apr 10, 08:00 pm",116602,0,0,0
"Apr 10, 09:00 pm",116836,0,0,0
"Apr 10, 10:00 pm",116996,0,0,0
"Apr 10, 11:00 pm",117062,0,0,0
"Apr 11, 12:00 am",117050,0,0,0
"Apr 11, 01:00 am",117756,0,0,0
"Apr 11, 02:00 am",117681,0,0,0
"Apr 11, 03:00 am",117562,0,0,0
"Apr 11, 04:00 am",18285.4,0,0,0
"Apr 11, 05:00 am",-607.2,0,0,0
"Apr 11, 06:00 am",-607.2,0,0,0
"Apr 11, 07:00 am",-607.2,0,272,0
"Apr 11, 08:00 am",-4448.07,0,627,0
"Apr 11, 09:00 am",110534,496.246,794,0
"Apr 11, 10:00 am",108885,589.12,883,0
"Apr 11, 11:00 am",106181,643.643,934,0
"Apr 11, 12:00 pm",104312,672.385,960,0
"Apr 11, 01:00 pm",103438,674.086,957,0
"Apr 11, 02:00 pm",103299,665.111,952,0
"Apr 11, 03:00 pm",103908,636.132,927,0
"Apr 11, 04:00 pm",105134,586.543,885,0
"Apr 11, 05:00 pm",107853,498.862,808,0
"Apr 11, 06:00 pm",110796,331.695,655,0
"Apr 11, 07:00 pm",115004,0,301,0
"Apr 11, 08:00 pm",116048,0,0,0
"Apr 11, 09:00 pm",116417,0,0,0
"Apr 11, 10:00 pm",116626,0,0,0
"Apr 11, 11:00 pm",116712,0,0,0
"Apr 12, 12:00 am",116716,0,0,0
"Apr 12, 01:00 am",116595,0,0,0
"Apr 12, 02:00 am",116435,0,0,0
"Apr 12, 03:00 am",116348,0,0,0
"Apr 12, 04:00 am",56716,0,0,0
"Apr 12, 05:00 am",-607.2,0,0,0
"Apr 12, 06:00 am",-607.2,0,0,0
"Apr 12, 07:00 am",-607.2,0,383,0
"Apr 12, 08:00 am",552.905,0,691,0
"Apr 12, 09:00 am",110022,519.473,827,0
"Apr 12, 10:00 am",106951,601.817,900,0
"Apr 12, 11:00 am",104341,649.127,941,0
"Apr 12, 12:00 pm",102793,673.317,961,0
"Apr 12, 01:00 pm",102564,663.999,943,0
"Apr 12, 02:00 pm",102612,652.092,934,0
"Apr 12, 03:00 pm",103436,622.452,908,0
"Apr 12, 04:00 pm",105266,552.904,837,0
"Apr 12, 05:00 pm",107704,453.975,739,0
"Apr 12, 06:00 pm",111265,276.108,552,0
"Apr 12, 07:00 pm",115530,0,159,0
"Apr 12, 08:00 pm",116331,0,0,0
"Apr 12, 09:00 pm",116531,0,0,0
"Apr 12, 10:00 pm",116634,0,0,0
"Apr 12, 11:00 pm",116668,0,0,0
"Apr 13, 12:00 am",116640,0,0,0
"Apr 13, 01:00 am",116584,0,0,0
"Apr 13, 02:00 am",116545,0,0,0
"Apr 13, 03:00 am",116486,0,0,0
"Apr 13, 04:00 am",49518.1,0,0,0
"Apr 13, 05:00 am",-607.2,0,0,0
"Apr 13, 06:00 am",-607.2,0,0,0
"Apr 13, 07:00 am",-607.2,0,0,0
"Apr 13, 08:00 am",-607.2,0,0,0
"Apr 13, 09:00 am",-607.2,0,0,0
"Apr 13, 10:00 am",-3605.64,0,339,0
"Apr 13, 11:00 am",72540.5,310.624,471,0
"Apr 13, 12:00 pm",108582,492.077,713,0
"Apr 13, 01:00 pm",107269,545.472,782,0
"Apr 13, 02:00 pm",107284,527.616,764,0
"Apr 13, 03:00 pm",107720,496.346,733,0
"Apr 13, 04:00 pm",109236,394.59,610,0
"Apr 13, 05:00 pm",110733,311.184,521,0
"Apr 13, 06:00 pm",112326,190.977,397,0
"Apr 13, 07:00 pm",115217,0,79,0
"Apr 13, 08:00 pm",115845,0,0,0
"Apr 13, 09:00 pm",115900,0,0,0
"Apr 13, 10:00 pm",10414.9,0,0,0
"Apr 13, 11:00 pm",-607.2,0,0,0
"Apr 14, 12:00 am",-607.2,0,0,0
"Apr 14, 01:00 am",-607.2,0,0,0
"Apr 14, 02:00 am",-607.2,0,0,0
"Apr 14, 03:00 am",-607.2,0,0,0
"Apr 14, 04:00 am",-607.2,0,0,0
"Apr 14, 05:00 am",-607.2,0,0,0
"Apr 14, 06:00 am",-607.2,0,0,0
"Apr 14, 07:00 am",-607.2,0,210,0
"Apr 14, 08:00 am",-607.2,0,0,0
"Apr 14, 09:00 am",-607.2,0,0,0
"Apr 14, 10:00 am",-607.2,0,0,0
"Apr 14, 11:00 am",-1660.18,0,530,0
"Apr 14, 12:00 pm",108923,379.768,559,0
"Apr 14, 01:00 pm",104500,648.972,923,0
"Apr 14, 02:00 pm",104504,639.641,918,0
"Apr 14, 03:00 pm",105086,615.724,900,0
"Apr 14, 04:00 pm",106687,545.383,827,0
"Apr 14, 05:00 pm",108573,464.051,754,0
"Apr 14, 06:00 pm",111661,269.341,536,0
"Apr 14, 07:00 pm",114988,0,201,0
"Apr 14, 08:00 pm",115711,0,0,0
"Apr 14, 09:00 pm",115799,0,0,0
"Apr 14, 10:00 pm",115806,0,0,0
"Apr 14, 11:00 pm",115728,0,0,0
"Apr 15, 12:00 am",23866.7,0,0,0
"Apr 15, 01:00 am",-607.2,0,0,0
"Apr 15, 02:00 am",-607.2,0,0,0
"Apr 15, 03:00 am",-607.2,0,0,0
"Apr 15, 04:00 am",-607.2,0,0,0
"Apr 15, 05:00 am",-607.2,0,0,0
"Apr 15, 06:00 am",-607.2,0,0,0
"Apr 15, 07:00 am",-607.2,0,119,0
"Apr 15, 08:00 am",-2704.19,0,255,0
"Apr 15, 09:00 am",-3164.92,0,281,0
"Apr 15, 10:00 am",99081.1,376.275,577,0
"Apr 15, 11:00 am",110331,291.541,444,0
"Apr 15, 12:00 pm",109237,366.093,540,0
"Apr 15, 01:00 pm",108797,386.504,565,0
"Apr 15, 02:00 pm",104646,648.875,930,0
"Apr 15, 03:00 pm",107775,441.557,656,0
"Apr 15, 04:00 pm",108881,335.466,524,0
"Apr 15, 05:00 pm",108622,437.449,712,0
"Apr 15, 06:00 pm",111523,217.048,440,0
"Apr 15, 07:00 pm",114528,0,221,0
"Apr 15, 08:00 pm",115244,0,0,0
"Apr 15, 09:00 pm",107621,0,0,0
"Apr 15, 10:00 pm",-607.2,0,0,0
"Apr 15, 11:00 pm",-607.2,0,0,0
"Apr 16, 12:00 am",-607.2,0,0,0
"Apr 16, 01:00 am",-607.2,0,0,0
"Apr 16, 02:00 am",-607.2,0,0,0
"Apr 16, 03:00 am",-607.2,0,0,0
"Apr 16, 04:00 am",-607.2,0,0,0
"Apr 16, 05:00 am",-607.2,0,0,0
"Apr 16, 06:00 am",-607.2,0,0,0
"Apr 16, 07:00 am",-607.2,0,0,0
"Apr 16, 08:00 am",-1667.41,0,112,0
"Apr 16, 09:00 am",-1776.09,0,137,0
"Apr 16, 10:00 am",11655.3,0,399,0
"Apr 16, 11:00 am",110356,299.183,455,0
"Apr 16, 12:00 pm",69653.1,202.964,317,0
"Apr 16, 01:00 pm",108681,360.827,530,0
"Apr 16, 02:00 pm",108499,229.995,355,0
"Apr 16, 03:00 pm",108395,428.13,637,0
"Apr 16, 04:00 pm",45174,0,246,0
"Apr 16, 05:00 pm",1516.22,0,618,0
"Apr 16, 06:00 pm",13425.4,0,60,0
"Apr 16, 07:00 pm",-607.2,0,0,0
"Apr 16, 08:00 pm",-607.2,0,0,0
"Apr 16, 09:00 pm",-607.2,0,0,0
"Apr 16, 10:00 pm",-607.2,0,0,0
"Apr 16, 11:00 pm",-607.2,0,0,0
"Apr 17, 12:00 am",-607.2,0,0,0
"Apr 17, 01:00 am",-607.2,0,0,0
"Apr 17, 02:00 am",-607.2,0,0,0
"Apr 17, 03:00 am",-607.2,0,0,0
"Apr 17, 04:00 am",-607.2,0,0,0
"Apr 17, 05:00 am",-607.2,0,0,0
"Apr 17, 06:00 am",-607.2,0,0,0
"Apr 17, 07:00 am",-607.2,0,324,0
"Apr 17, 08:00 am",-607.2,0,55,0
"Apr 17, 09:00 am",10594.1,0,741,0
"Apr 17, 10:00 am",108056,527.496,791,0
"Apr 17, 11:00 am",106085,558.363,813,0
"Apr 17, 12:00 pm",104685,575.512,825,0
"Apr 17, 01:00 pm",103501,596.635,849,0
"Apr 17, 02:00 pm",103081,587.034,843,0
"Apr 17, 03:00 pm",103420,559.818,819,0
"Apr 17, 04:00 pm",104809,484.15,736,0
"Apr 17, 05:00 pm",106924,385.854,631,0
"Apr 17, 06:00 pm",109998,221.282,444,0
"Apr 17, 07:00 pm",113770,0,105,0
"Apr 17, 08:00 pm",114770,0,0,0
"Apr 17, 09:00 pm",115038,0,0,0
"Apr 17, 10:00 pm",115262,0,0,0
"Apr 17, 11:00 pm",115444,0,0,0
"Apr 18, 12:00 am",115446,0,0,0
"Apr 18, 01:00 am",75663.2,0,0,0
"Apr 18, 02:00 am",-607.2,0,0,0
"Apr 18, 03:00 am",-607.2,0,0,0
"Apr 18, 04:00 am",-607.2,0,0,0
"Apr 18, 05:00 am",-607.2,0,0,0
"Apr 18, 06:00 am",-607.2,0,0,0
"Apr 18, 07:00 am",-607.2,0,5,0
"Apr 18, 08:00 am",-1576.64,0,100,0
"Apr 18, 09:00 am",-3645.53,0,408,0
"Apr 18, 10:00 am",92493,519.542,780,0
"Apr 18, 11:00 am",104442,570.255,830,0
"Apr 18, 12:00 pm",102675,598.412,857,0
"Apr 18, 01:00 pm",101779,599.004,853,0
"Apr 18, 02:00 pm",101548,587.013,844,0
"Apr 18, 03:00 pm",101971,557.22,816,0
"Apr 18, 04:00 pm",103235,502.879,763,0
"Apr 18, 05:00 pm",105240,413.896,673,0
"Apr 18, 06:00 pm",108770,253.372,499,0
"Apr 18, 07:00 pm",113303,0,146,0
"Apr 18, 08:00 pm",114684,0,0,0
"Apr 18, 09:00 pm",115395,0,0,0
"Apr 18, 10:00 pm",115874,0,0,0
"Apr 18, 11:00 pm",116085,0,0,0
"Apr 19, 12:00 am",116086,0,0,0
"Apr 19, 01:00 am",75521.9,0,0,0
"Apr 19, 02:00 am",-607.2,0,0,0
"Apr 19, 03:00 am",-607.2,0,0,0
"Apr 19, 04:00 am",-607.2,0,0,0
"Apr 19, 05:00 am",-607.2,0,0,0
"Apr 19, 06:00 am",-607.2,0,0,0
"Apr 19, 07:00 am",-1484.29,0,141,0
"Apr 19, 08:00 am",-3492.36,0,425,0
"Apr 19, 09:00 am",-818.16,0,262,0
"Apr 19, 10:00 am",10655.5,0,712,0
"Apr 19, 11:00 am",107923,523.119,770,0
"Apr 19, 12:00 pm",106380,551.787,799,0
"Apr 19, 01:00 pm",105940,548.336,790,0
"Apr 19, 02:00 pm",106476,532.142,775,0
"Apr 19, 03:00 pm",107960,498.176,740,0
"Apr 19, 04:00 pm",111195,209.338,348,0
"Apr 19, 05:00 pm",112203,197.965,351,0
"Apr 19, 06:00 pm",114826,0,18,0
"Apr 19, 07:00 pm",115600,0,0,0
"Apr 19, 08:00 pm",115855,0,0,0
"Apr 19, 09:00 pm",95846.8,0,0,0
"Apr 19, 10:00 pm",-607.2,0,0,0
"Apr 19, 11:00 pm",-607.2,0,0,0
"Apr 20, 12:00 am",-607.2,0,0,0
"Apr 20, 01:00 am",-607.2,0,0,0
"Apr 20, 02:00 am",-607.2,0,0,0
"Apr 20, 03:00 am",-607.2,0,0,0
"Apr 20, 04:00 am",-607.2,0,0,0
"Apr 20, 05:00 am",-607.2,0,0,0
"Apr 20, 06:00 am",-607.2,0,0,0
"Apr 20, 07:00 am",-607.2,0,119,0
"Apr 20, 08:00 am",-607.2,0,57,0
"Apr 20, 09:00 am",-4440.51,0,547,0
"Apr 20, 10:00 am",111382,329.413,522,0
"Apr 20, 11:00 am",111733,338.864,522,0
"Apr 20, 12:00 pm",110855,233.756,371,0
"Apr 20, 01:00 pm",107663,559.52,811,0
"Apr 20, 02:00 pm",107366,551.931,807,0
"Apr 20, 03:00 pm",107768,525.587,783,0
"Apr 20, 04:00 pm",109070,472.216,730,0
"Apr 20, 05:00 pm",111688,270.647,466,0
"Apr 20, 06:00 pm",114531,0,0,0
"Apr 20, 07:00 pm",115480,0,136,0
"Apr 20, 08:00 pm",115736,0,0,0
"Apr 20, 09:00 pm",21651.1,0,0,0
"Apr 20, 10:00 pm",-607.2,0,0,0
"Apr 20, 11:00 pm",-607.2,0,0,0
"Apr 21, 12:00 am",-607.2,0,0,0
"Apr 21, 01:00 am",-607.2,0,0,0
"Apr 21, 02:00 am",-607.2,0,0,0
"Apr 21, 03:00 am",-607.2,0,0,0
"Apr 21, 04:00 am",-607.2,0,0,0
"Apr 21, 05:00 am",-607.2,0,0,0
"Apr 21, 06:00 am",-607.2,0,0,0
"Apr 21, 07:00 am",-607.2,0,132,0
"Apr 21, 08:00 am",-1696.35,0,121,0
"Apr 21, 09:00 am",-2836.27,0,260,0
"Apr 21, 10:00 am",6044.24,0,638,0
"Apr 21, 11:00 am",110967,466.256,694,0
"Apr 21, 12:00 pm",110035,493.861,722,0
"Apr 21, 01:00 pm",108888,534.207,772,0
"Apr 21, 02:00 pm",112277,0,229,0
"Apr 21, 03:00 pm",112267,0,61,0
"Apr 21, 04:00 pm",32195.3,0,74,0
"Apr 21, 05:00 pm",-607.2,0,48,0
"Apr 21, 06:00 pm",-607.2,0,0,0
"Apr 21, 07:00 pm",-607.2,0,0,0
"Apr 21, 08:00 pm",-607.2,0,0,0
"Apr 21, 09:00 pm",-607.2,0,0,0
"Apr 21, 10:00 pm",-607.2,0,0,0
"Apr 21, 11:00 pm",-607.2,0,0,0
"Apr 22, 12:00 am",-607.2,0,0,0
"Apr 22, 01:00 am",-607.2,0,0,0
"Apr 22, 02:00 am",-607.2,0,0,0
"Apr 22, 03:00 am",-607.2,0,0,0
"Apr 22, 04:00 am",-607.2,0,0,0
"Apr 22, 05:00 am",-607.2,0,0,0
"Apr 22, 06:00 am",-607.2,0,0,0
"Apr 22, 07:00 am",-607.2,0,135,0
"Apr 22, 08:00 am",-1695.73,0,121,0
"Apr 22, 09:00 am",-2374.77,0,216,0
"Apr 22, 10:00 am",47786.4,0,643,0
"Apr 22, 11:00 am",111272,463.14,687,0
"Apr 22, 12:00 pm",110409,485.686,707,0
"Apr 22, 01:00 pm",109760,489.727,707,0
"Apr 22, 02:00 pm",109668,468.32,683,0
"Apr 22, 03:00 pm",110089,420.125,626,0
"Apr 22, 04:00 pm",110672,374.564,579,0
"Apr 22, 05:00 pm",111748,254.527,430,0
"Apr 22, 06:00 pm",113686,0,253,0
"Apr 22, 07:00 pm",114532,0,25,0
"Apr 22, 08:00 pm",114828,0,0,0
"Apr 22, 09:00 pm",49692.7,0,0,0
"Apr 22, 10:00 pm",-607.2,0,0,0
"Apr 22, 11:00 pm",-607.2,0,0,0
"Apr 23, 12:00 am",-607.2,0,0,0
"Apr 23, 01:00 am",-607.2,0,0,0
"Apr 23, 02:00 am",-607.2,0,0,0
"Apr 23, 03:00 am",-607.2,0,0,0
"Apr 23, 04:00 am",-607.2,0,0,0
"Apr 23, 05:00 am",-607.2,0,0,0
"Apr 23, 06:00 am",-607.2,0,0,0
"Apr 23, 07:00 am",-607.2,0,88,0
"Apr 23, 08:00 am",-3397.9,0,336,0
"Apr 23, 09:00 am",57817.8,312.443,508,0
"Apr 23, 10:00 am",110690,389.847,594,0
"Apr 23, 11:00 am",109201,451.636,665,0
"Apr 23, 12:00 pm",107969,488.347,706,0
"Apr 23, 01:00 pm",106562,545.722,780,0
"Apr 23, 02:00 pm",106281,536.645,775,0
"Apr 23, 03:00 pm",106785,506.39,746,0
"Apr 23, 04:00 pm",108608,377.653,584,0
"Apr 23, 05:00 pm",110053,284.348,476,0
"Apr 23, 06:00 pm",112987,0,297,0
"Apr 23, 07:00 pm",114555,0,47,0
"Apr 23, 08:00 pm",115235,0,0,0
"Apr 23, 09:00 pm",115448,0,0,0
"Apr 23, 10:00 pm",20925.2,0,0,0
"Apr 23, 11:00 pm",-607.2,0,0,0
"Apr 24, 12:00 am",-607.2,0,0,0
"Apr 24, 01:00 am",-607.2,0,0,0
"Apr 24, 02:00 am",-607.2,0,0,0
"Apr 24, 03:00 am",-607.2,0,0,0
"Apr 24, 04:00 am",-607.2,0,0,0
"Apr 24, 05:00 am",-607.2,0,0,0
"Apr 24, 06:00 am",-607.2,0,0,0
"Apr 24, 07:00 am",-607.2,0,0,0
"Apr 24, 08:00 am",-1557.94,0,94,0
"Apr 24, 09:00 am",-3028.78,0,278,0
"Apr 24, 10:00 am",18262,183.181,301,0
"Apr 24, 11:00 am",88020.2,237.429,369,0
"Apr 24, 12:00 pm",100387,265.151,402,0
"Apr 24, 01:00 pm",90943.5,245.775,374,0
"Apr 24, 02:00 pm",109949,292.574,442,0
"Apr 24, 03:00 pm",99237.6,261.906,407,0
"Apr 24, 04:00 pm",77544.8,215.851,353,0
"Apr 24, 05:00 pm",52787.2,156.502,283,0
"Apr 24, 06:00 pm",-818.16,0,135,0
"Apr 24, 07:00 pm",-607.2,0,7,0
"Apr 24, 08:00 pm",-607.2,0,0,0
"Apr 24, 09:00 pm",-607.2,0,0,0
"Apr 24, 10:00 pm",-607.2,0,0,0
"Apr 24, 11:00 pm",-607.2,0,0,0
"Apr 25, 12:00 am",-607.2,0,0,0
"Apr 25, 01:00 am",-607.2,0,0,0
"Apr 25, 02:00 am",-607.2,0,0,0
"Apr 25, 03:00 am",-607.2,0,0,0
"Apr 25, 04:00 am",-607.2,0,0,0
"Apr 25, 05:00 am",-607.2,0,0,0
"Apr 25, 06:00 am",-607.2,0,0,0
"Apr 25, 07:00 am",-607.2,0,116,0
"Apr 25, 08:00 am",-607.2,0,0,0
"Apr 25, 09:00 am",-607.2,0,0,0
"Apr 25, 10:00 am",-607.2,0,37,0
"Apr 25, 11:00 am",-607.2,0,46,0
"Apr 25, 12:00 pm",-1503.95,0,77,0
"Apr 25, 01:00 pm",-818.16,0,38,0
"Apr 25, 02:00 pm",-2086.57,0,140,0
"Apr 25, 03:00 pm",8251.2,0,416,0
"Apr 25, 04:00 pm",110981,298.984,473,0
"Apr 25, 05:00 pm",-818.16,0,255,0
"Apr 25, 06:00 pm",-2038.77,0,169,0
"Apr 25, 07:00 pm",-818.16,0,0,0
"Apr 25, 08:00 pm",-607.2,0,0,0
"Apr 25, 09:00 pm",-607.2,0,0,0
"Apr 25, 10:00 pm",-607.2,0,0,0
"Apr 25, 11:00 pm",-607.2,0,0,0
"Apr 26, 12:00 am",-607.2,0,0,0
"Apr 26, 01:00 am",-607.2,0,0,0
"Apr 26, 02:00 am",-607.2,0,0,0
"Apr 26, 03:00 am",-607.2,0,0,0
"Apr 26, 04:00 am",-607.2,0,0,0
"Apr 26, 05:00 am",-607.2,0,0,0
"Apr 26, 06:00 am",-607.2,0,0,0
"Apr 26, 07:00 am",-607.2,0,0,0
"Apr 26, 08:00 am",-607.2,0,0,0
"Apr 26, 09:00 am",-607.2,0,0,0
"Apr 26, 10:00 am",-607.2,0,49,0
"Apr 26, 11:00 am",-2336.99,0,167,0
"Apr 26, 12:00 pm",-3109.81,0,256,0
"Apr 26, 01:00 pm",-818.16,0,39,0
"Apr 26, 02:00 pm",-2025.77,0,133,0
"Apr 26, 03:00 pm",-1457.01,0,95,0
"Apr 26, 04:00 pm",-818.16,0,29,0
"Apr 26, 05:00 pm",-1486.01,0,82,0
"Apr 26, 06:00 pm",-2543.39,0,266,0
"Apr 26, 07:00 pm",-818.16,0,101,0
"Apr 26, 08:00 pm",-607.2,0,0,0
"Apr 26, 09:00 pm",-607.2,0,0,0
"Apr 26, 10:00 pm",-607.2,0,0,0
"Apr 26, 11:00 pm",-607.2,0,0,0
"Apr 27, 12:00 am",-607.2,0,0,0
"Apr 27, 01:00 am",-607.2,0,0,0
"Apr 27, 02:00 am",-607.2,0,0,0
"Apr 27, 03:00 am",-607.2,0,0,0
"Apr 27, 04:00 am",-607.2,0,0,0
"Apr 27, 05:00 am",-607.2,0,0,0
"Apr 27, 06:00 am",-607.2,0,0,0
"Apr 27, 07:00 am",-607.2,0,5,0
"Apr 27, 08:00 am",-607.2,0,64,0
"Apr 27, 09:00 am",-1874.47,0,121,0
"Apr 27, 10:00 am",-2083.31,0,165,0
"Apr 27, 11:00 am",-1257.75,0,193,0
"Apr 27, 12:00 pm",-2699.54,0,204,0
"Apr 27, 01:00 pm",-1554.02,0,206,0
"Apr 27, 02:00 pm",-2600.31,0,195,0
"Apr 27, 03:00 pm",-818.16,0,37,0
"Apr 27, 04:00 pm",-607.2,0,0,0
"Apr 27, 05:00 pm",-607.2,0,0,0
"Apr 27, 06:00 pm",-607.2,0,0,0
"Apr 27, 07:00 pm",-607.2,0,0,0
"Apr 27, 08:00 pm",-607.2,0,0,0
"Apr 27, 09:00 pm",-607.2,0,0,0
"Apr 27, 10:00 pm",-607.2,0,0,0
"Apr 27, 11:00 pm",-607.2,0,0,0
"Apr 28, 12:00 am",-607.2,0,0,0
"Apr 28, 01:00 am",-607.2,0,0,0
"Apr 28, 02:00 am",-607.2,0,0,0
"Apr 28, 03:00 am",-607.2,0,0,0
"Apr 28, 04:00 am",-607.2,0,0,0
"Apr 28, 05:00 am",-607.2,0,0,0
"Apr 28, 06:00 am",-607.2,0,0,0
"Apr 28, 07:00 am",-607.2,0,0,0
"Apr 28, 08:00 am",-607.2,0,0,0
"Apr 28, 09:00 am",-607.2,0,0,0
"Apr 28, 10:00 am",-607.2,0,0,0
"Apr 28, 11:00 am",-607.2,0,0,0
"Apr 28, 12:00 pm",-607.2,0,0,0
"Apr 28, 01:00 pm",-607.2,0,0,0
"Apr 28, 02:00 pm",-944.136,0,0,0
"Apr 28, 03:00 pm",-1096.33,0,0,0
"Apr 28, 04:00 pm",-1096.53,0,0,0
"Apr 28, 05:00 pm",-1096.83,0,0,0
"Apr 28, 06:00 pm",-1097.44,0,0,0
"Apr 28, 07:00 pm",-1098.25,0,79,0
"Apr 28, 08:00 pm",-1098.76,0,0,0
"Apr 28, 09:00 pm",-1099.07,0,0,0
"Apr 28, 10:00 pm",-1099.27,0,0,0
"Apr 28, 11:00 pm",-1099.57,0,0,0
"Apr 29, 12:00 am",-1099.67,0,0,0
"Apr 29, 01:00 am",-1099.98,0,0,0
"Apr 29, 02:00 am",-1100.08,0,0,0
"Apr 29, 03:00 am",-1100.28,0,0,0
"Apr 29, 04:00 am",-1100.49,0,0,0
"Apr 29, 05:00 am",-1100.49,0,0,0
"Apr 29, 06:00 am",-1099.98,0,0,0
"Apr 29, 07:00 am",-1098.76,0,0,0
"Apr 29, 08:00 am",-1097.34,0,0,0
"Apr 29, 09:00 am",-1095.82,0,0,0
"Apr 29, 10:00 am",-1094.4,0,0,0
"Apr 29, 11:00 am",-1093.38,0,51,0
"Apr 29, 12:00 pm",-1092.57,0,19,0
"Apr 29, 01:00 pm",18860.6,0,905,0
"Apr 29, 02:00 pm",107566,634.351,913,0
"Apr 29, 03:00 pm",107931,616.5,903,0
"Apr 29, 04:00 pm",109038,570.832,864,0
"Apr 29, 05:00 pm",110628,490.046,789,0
"Apr 29, 06:00 pm",112705,346.025,649,0
"Apr 29, 07:00 pm",111768,0,342,0
"Apr 29, 08:00 pm",112298,0,0,0
"Apr 29, 09:00 pm",112410,0,0,0
"Apr 29, 10:00 pm",112431,0,0,0
"Apr 29, 11:00 pm",97685.9,0,0,0
"Apr 30, 12:00 am",-607.2,0,0,0
"Apr 30, 01:00 am",-607.2,0,0,0
"Apr 30, 02:00 am",-607.2,0,0,0
"Apr 30, 03:00 am",-607.2,0,0,0
"Apr 30, 04:00 am",-607.2,0,0,0
"Apr 30, 05:00 am",-607.2,0,0,0
"Apr 30, 06:00 am",-607.2,0,0,0
"Apr 30, 07:00 am",-3323.5,0,454,0
"Apr 30, 08:00 am",-818.16,0,74,0
"Apr 30, 09:00 am",-607.2,0,0,0
"Apr 30, 10:00 am",-607.2,0,0,0
"Apr 30, 11:00 am",-607.2,0,20,0
"Apr 30, 12:00 pm",-607.2,0,12,0
"Apr 30, 01:00 pm",-607.2,0,0,0
"Apr 30, 02:00 pm",-607.2,0,0,0
"Apr 30, 03:00 pm",16354.9,0,829,0
"Apr 30, 04:00 pm",66455.1,0,2,0
"Apr 30, 05:00 pm",5240.27,0,664,0
"Apr 30, 06:00 pm",113255,277.911,530,0
"Apr 30, 07:00 pm",14562.7,0,261,0
"Apr 30, 08:00 pm",-607.2,0,0,0
"Apr 30, 09:00 pm",-607.2,0,0,0
"Apr 30, 10:00 pm",-607.2,0,0,0
"Apr 30, 11:00 pm",-607.2,0,0,0
"May 1, 12:00 am",-607.2,0,0,0
"May 1, 01:00 am",-607.2,0,0,0
"May 1, 02:00 am",-607.2,0,0,0
"May 1, 03:00 am",-607.2,0,0,0
"May 1, 04:00 am",-607.2,0,0,0
"May 1, 05:00 am",-607.2,0,0,0
"May 1, 06:00 am",-607.2,0,0,0
"May 1, 07:00 am",-3552.06,0,535,0
"May 1, 08:00 am",70591.9,431.848,756,0
"May 1, 09:00 am",111270,551.317,863,0
"May 1, 10:00 am",109598,618.207,918,0
"May 1, 11:00 am",108161,656.595,949,0
"May 1, 12:00 pm",107000,678.902,965,0
"May 1, 01:00 pm",106314,682.679,964,0
"May 1, 02:00 pm",106135,669.601,955,0
"May 1, 03:00 pm",106542,642.852,933,0
"May 1, 04:00 pm",108334,592.62,888,0
"May 1, 05:00 pm",111421,511.678,814,0
"May 1, 06:00 pm",112062,374.064,688,0
"May 1, 07:00 pm",115078,0,425,0
"May 1, 08:00 pm",115936,0,0,0
"May 1, 09:00 pm",116258,0,0,0
"May 1, 10:00 pm",116452,0,0,0
"May 1, 11:00 pm",116536,0,0,0
"May 2, 12:00 am",116523,0,0,0
"May 2, 01:00 am",117262,0,0,0
"May 2, 02:00 am",117195,0,0,0
"May 2, 03:00 am",117093,0,0,0
"May 2, 04:00 am",56508.6,0,0,0
"May 2, 05:00 am",-607.2,0,0,0
"May 2, 06:00 am",-607.2,0,0,0
"May 2, 07:00 am",-3563.34,0,526,0
"May 2, 08:00 am",70374.2,423.091,737,0
"May 2, 09:00 am",110271,537.029,839,0
"May 2, 10:00 am",108416,588.498,875,0
"May 2, 11:00 am",106854,626.265,907,0
"May 2, 12:00 pm",105621,648.086,923,0
"May 2, 01:00 pm",104242,678.27,958,0
"May 2, 02:00 pm",104237,665.356,949,0
"May 2, 03:00 pm",104715,639.404,928,0
"May 2, 04:00 pm",106436,556.768,836,0
"May 2, 05:00 pm",109202,476.378,760,0
"May 2, 06:00 pm",110801,336.518,622,0
"May 2, 07:00 pm",114725,0,263,0
"May 2, 08:00 pm",115835,0,0,0
"May 2, 09:00 pm",116183,0,0,0
"May 2, 10:00 pm",116437,0,0,0
"May 2, 11:00 pm",116557,0,0,0
"May 3, 12:00 am",116584,0,0,0
"May 3, 01:00 am",116705,0,0,0
"May 3, 02:00 am",116779,0,0,0
"May 3, 03:00 am",116766,0,0,0
"May 3, 04:00 am",57030.6,0,0,0
"May 3, 05:00 am",-607.2,0,0,0
"May 3, 06:00 am",-607.2,0,0,0
"May 3, 07:00 am",-3497.07,0,497,0
"May 3, 08:00 am",65730.2,420.552,733,0
"May 3, 09:00 am",110200,539.146,844,0
"May 3, 10:00 am",107612,609.706,907,0
"May 3, 11:00 am",105377,650.321,942,0
"May 3, 12:00 pm",103680,670.514,955,0
"May 3, 01:00 pm",107351,362.693,532,0
"May 3, 02:00 pm",106853,356.205,528,0
"May 3, 03:00 pm",105248,500.433,737,0
"May 3, 04:00 pm",104584,579.485,871,0
"May 3, 05:00 pm",107394,456.466,732,0
"May 3, 06:00 pm",110070,361.199,664,0
"May 3, 07:00 pm",114963,0,380,0
"May 3, 08:00 pm",116103,0,0,0
"May 3, 09:00 pm",116387,0,0,0
"May 3, 10:00 pm",116503,0,0,0
"May 3, 11:00 pm",116559,0,0,0
"May 4, 12:00 am",116526,0,0,0
"May 4, 01:00 am",116527,0,0,0
"May 4, 02:00 am",87771,0,0,0
"May 4, 03:00 am",-607.2,0,0,0
"May 4, 04:00 am",-607.2,0,0,0
"May 4, 05:00 am",-607.2,0,0,0
"May 4, 06:00 am",-607.2,0,0,0
"May 4, 07:00 am",-607.2,0,0,0
"May 4, 08:00 am",-607.2,0,0,0
"May 4, 09:00 am",-607.2,0,37,0
"May 4, 10:00 am",-3022.28,0,245,0
"May 4, 11:00 am",16427.7,0,342,0
"May 4, 12:00 pm",91838.9,243.719,375,0
"May 4, 01:00 pm",101289,265.332,403,0
"May 4, 02:00 pm",110382,320.846,483,0
"May 4, 03:00 pm",110353,316.786,485,0
"May 4, 04:00 pm",110598,246.917,399,0
"May 4, 05:00 pm",-818.16,0,120,0
"May 4, 06:00 pm",-607.2,0,0,0
"May 4, 07:00 pm",-607.2,0,0,0
"May 4, 08:00 pm",-607.2,0,0,0
"May 4, 09:00 pm",-607.2,0,0,0
"May 4, 10:00 pm",-607.2,0,0,0
"May 4, 11:00 pm",-607.2,0,0,0
"May 5, 12:00 am",-607.2,0,0,0
"May 5, 01:00 am",-607.2,0,0,0
"May 5, 02:00 am",-607.2,0,0,0
"May 5, 03:00 am",-607.2,0,0,0
"May 5, 04:00 am",-607.2,0,0,0
"May 5, 05:00 am",-607.2,0,0,0
"May 5, 06:00 am",-607.2,0,0,0
"May 5, 07:00 am",-3534.99,0,503,0
"May 5, 08:00 am",-818.16,0,0,0
"May 5, 09:00 am",-607.2,0,0,0
"May 5, 10:00 am",-607.2,0,0,0
"May 5, 11:00 am",-1438.71,0,79,0
"May 5, 12:00 pm",-2774.26,0,239,0
"May 5, 01:00 pm",46659.9,0,940,0
"May 5, 02:00 pm",107002,652.571,942,0
"May 5, 03:00 pm",107841,625.505,920,0
"May 5, 04:00 pm",109256,569.299,865,0
"May 5, 05:00 pm",112709,277.357,470,0
"May 5, 06:00 pm",114340,0,120,0
"May 5, 07:00 pm",113833,0,194,0
"May 5, 08:00 pm",115035,0,0,0
"May 5, 09:00 pm",115330,0,0,0
"May 5, 10:00 pm",50281,0,0,0
"May 5, 11:00 pm",-607.2,0,0,0
"May 6, 12:00 am",-607.2,0,0,0
"May 6, 01:00 am",-607.2,0,0,0
"May 6, 02:00 am",-607.2,0,0,0
"May 6, 03:00 am",-607.2,0,0,0
"May 6, 04:00 am",-607.2,0,0,0
"May 6, 05:00 am",-607.2,0,0,0
"May 6, 06:00 am",-607.2,0,0,0
"May 6, 07:00 am",-3630.88,0,529,0
"May 6, 08:00 am",54034.5,237.802,429,0
"May 6, 09:00 am",110309,546.554,848,0
"May 6, 10:00 am",108412,614.885,908,0
"May 6, 11:00 am",106895,653.217,941,0
"May 6, 12:00 pm",105771,675.796,958,0
"May 6, 01:00 pm",105576,668.191,943,0
"May 6, 02:00 pm",105616,657.051,937,0
"May 6, 03:00 pm",106154,630.728,916,0
"May 6, 04:00 pm",107204,583.399,874,0
"May 6, 05:00 pm",109817,507.57,806,0
"May 6, 06:00 pm",111584,374.935,682,0
"May 6, 07:00 pm",115015,0,425,0
"May 6, 08:00 pm",115968,0,0,0
"May 6, 09:00 pm",116216,0,0,0
"May 6, 10:00 pm",116348,0,0,0
"May 6, 11:00 pm",116422,0,0,0
"May 7, 12:00 am",116412,0,0,0
"May 7, 01:00 am",116487,0,0,0
"May 7, 02:00 am",116473,0,0,0
"May 7, 03:00 am",116423,0,0,0
"May 7, 04:00 am",56930.8,0,0,0
"May 7, 05:00 am",-607.2,0,0,0
"May 7, 06:00 am",-607.2,0,0,0
"May 7, 07:00 am",-3590.91,0,516,0
"May 7, 08:00 am",-818.16,0,199,0
"May 7, 09:00 am",15036.3,0,835,0
"May 7, 10:00 am",107056,605.336,897,0
"May 7, 11:00 am",104696,648.806,936,0
"May 7, 12:00 pm",103151,671.237,952,0
"May 7, 01:00 pm",102236,676.97,955,0
"May 7, 02:00 pm",102212,662.093,944,0
"May 7, 03:00 pm",102853,634.653,922,0
"May 7, 04:00 pm",104413,575.991,864,0
"May 7, 05:00 pm",110912,498.681,793,0
"May 7, 06:00 pm",108951,0,666,0
"May 7, 07:00 pm",114454,0,405,0
"May 7, 08:00 pm",115725,0,0,0
"May 7, 09:00 pm",116021,0,0,0
"May 7, 10:00 pm",116115,0,0,0
"May 7, 11:00 pm",116165,0,0,0
"May 8, 12:00 am",116166,0,0,0
"May 8, 01:00 am",116325,0,0,0
"May 8, 02:00 am",54365.3,0,0,0
"May 8, 03:00 am",-607.2,0,0,0
"May 8, 04:00 am",-607.2,0,0,0
"May 8, 05:00 am",-607.2,0,0,0
"May 8, 06:00 am",-607.2,0,0,0
"May 8, 07:00 am",-3730.99,0,557,0
"May 8, 08:00 am",80760,437.399,751,0
"May 8, 09:00 am",109184,542.95,844,0
"May 8, 10:00 am",110162,259.175,407,0
"May 8, 11:00 am",107467,423.03,624,0
"May 8, 12:00 pm",102317,667.471,947,0
"May 8, 01:00 pm",101071,683.402,964,0
"May 8, 02:00 pm",100954,671.421,957,0
"May 8, 03:00 pm",101854,641.236,932,0
"May 8, 04:00 pm",103613,584.221,877,0
"May 8, 05:00 pm",105975,505.107,804,0
"May 8, 06:00 pm",109895,268.692,502,0
"May 8, 07:00 pm",114327,0,116,0
"May 8, 08:00 pm",115695,0,0,0
"May 8, 09:00 pm",116080,0,0,0
"May 8, 10:00 pm",116296,0,0,0
"May 8, 11:00 pm",116397,0,0,0
"May 9, 12:00 am",116398,0,0,0
"May 9, 01:00 am",116396,0,0,0
"May 9, 02:00 am",116336,0,0,0
"May 9, 03:00 am",37604.7,0,0,0
"May 9, 04:00 am",-607.2,0,0,0
"May 9, 05:00 am",-607.2,0,0,0
"May 9, 06:00 am",-607.2,0,79,0
"May 9, 07:00 am",-3620.88,0,512,0
"May 9, 08:00 am",74130.6,402.44,692,0
"May 9, 09:00 am",112247,197.68,334,0
"May 9, 10:00 am",107939,587.306,871,0
"May 9, 11:00 am",106390,626.733,909,0
"May 9, 12:00 pm",112244,0,120,0
"May 9, 01:00 pm",104665,0,935,0
"May 9, 02:00 pm",105662,640.688,923,0
"May 9, 03:00 pm",110925,250.42,396,0
"May 9, 04:00 pm",110943,377.859,588,0
"May 9, 05:00 pm",112232,272.008,459,0
"May 9, 06:00 pm",112398,315.502,586,0
"May 9, 07:00 pm",115354,0,323,0
"May 9, 08:00 pm",115893,0,0,0
"May 9, 09:00 pm",115924,0,0,0
"May 9, 10:00 pm",13780.1,0,0,0
"May 9, 11:00 pm",-607.2,0,0,0
"May 10, 12:00 am",-607.2,0,0,0
"May 10, 01:00 am",-607.2,0,0,0
"May 10, 02:00 am",-607.2,0,0,0
"May 10, 03:00 am",-607.2,0,0,0
"May 10, 04:00 am",-607.2,0,0,0
"May 10, 05:00 am",-607.2,0,0,0
"May 10, 06:00 am",-607.2,0,38,0
"May 10, 07:00 am",-607.2,0,0,0
"May 10, 08:00 am",-607.2,0,0,0
"May 10, 09:00 am",-607.2,0,0,0
"May 10, 10:00 am",-607.2,0,5,0
"May 10, 11:00 am",-2167.85,0,155,0
"May 10, 12:00 pm",-818.16,0,39,0
"May 10, 01:00 pm",-607.2,0,55,0
"May 10, 02:00 pm",-607.2,0,29,0
"May 10, 03:00 pm",-607.2,0,5,0
"May 10, 04:00 pm",-607.2,0,84,0
"May 10, 05:00 pm",-607.2,0,0,0
"May 10, 06:00 pm",-2260.48,0,199,0
"May 10, 07:00 pm",-1350.9,0,152,0
"May 10, 08:00 pm",-818.16,0,0,0
"May 10, 09:00 pm",-607.2,0,0,0
"May 10, 10:00 pm",-607.2,0,0,0
"May 10, 11:00 pm",-607.2,0,0,0
"May 11, 12:00 am",-607.2,0,0,0
"May 11, 01:00 am",-607.2,0,0,0
"May 11, 02:00 am",-607.2,0,0,0
"May 11, 03:00 am",-607.2,0,0,0
"May 11, 04:00 am",-607.2,0,0,0
"May 11, 05:00 am",-607.2,0,0,0
"May 11, 06:00 am",-607.2,0,13,0
"May 11, 07:00 am",-607.2,0,85,0
"May 11, 08:00 am",-1636.46,0,108,0
"May 11, 09:00 am",-818.16,0,0,0
"May 11, 10:00 am",-607.2,0,69,0
"May 11, 11:00 am",-3136.22,0,260,0
"May 11, 12:00 pm",-818.16,0,14,0
"May 11, 01:00 pm",-607.2,0,11,0
"May 11, 02:00 pm",-4008.43,0,421,0
"May 11, 03:00 pm",93967.8,598.676,884,0
"May 11, 04:00 pm",109624,552.375,841,0
"May 11, 05:00 pm",112273,232.855,403,0
"May 11, 06:00 pm",112693,354.66,651,0
"May 11, 07:00 pm",112744,0,378,0
"May 11, 08:00 pm",104067,0,0,0
"May 11, 09:00 pm",-607.2,0,0,0
"May 11, 10:00 pm",-607.2,0,0,0
"May 11, 11:00 pm",-607.2,0,0,0
"May 12, 12:00 am",-607.2,0,0,0
"May 12, 01:00 am",-607.2,0,0,0
"May 12, 02:00 am",-607.2,0,0,0
"May 12, 03:00 am",-607.2,0,0,0
"May 12, 04:00 am",-607.2,0,0,0
"May 12, 05:00 am",-607.2,0,0,0
"May 12, 06:00 am",-607.2,0,84,0
"May 12, 07:00 am",-3658.48,0,520,0
"May 12, 08:00 am",76920.8,420.871,724,0
"May 12, 09:00 am",41125.9,0,33,0
"May 12, 10:00 am",-1946.27,0,132,0
"May 12, 11:00 am",-3319.88,0,303,0
"May 12, 12:00 pm",-818.16,0,111,0
"May 12, 01:00 pm",-607.2,0,25,0
"May 12, 02:00 pm",-2787.37,0,222,0
"May 12, 03:00 pm",-1517.31,0,170,0
"May 12, 04:00 pm",-2684.16,0,219,0
"May 12, 05:00 pm",37043.4,0,562,0
"May 12, 06:00 pm",102064,217.95,419,0
"May 12, 07:00 pm",-818.16,0,246,0
"May 12, 08:00 pm",-607.2,0,0,0
"May 12, 09:00 pm",-607.2,0,0,0
"May 12, 10:00 pm",-607.2,0,0,0
"May 12, 11:00 pm",-607.2,0,0,0
"May 13, 12:00 am",-607.2,0,0,0
"May 13, 01:00 am",-607.2,0,0,0
"May 13, 02:00 am",-607.2,0,0,0
"May 13, 03:00 am",-607.2,0,0,0
"May 13, 04:00 am",-607.2,0,0,0
"May 13, 05:00 am",-607.2,0,0,0
"May 13, 06:00 am",-607.2,0,64,0
"May 13, 07:00 am",-607.2,0,29,0
"May 13, 08:00 am",-1687.97,0,107,0
"May 13, 09:00 am",-2815.02,0,272,0
"May 13, 10:00 am",-2978.8,0,240,0
"May 13, 11:00 am",-818.16,0,38,0
"May 13, 12:00 pm",-607.2,0,3,0
"May 13, 01:00 pm",-3787.24,0,365,0
"May 13, 02:00 pm",63903.2,242.483,374,0
"May 13, 03:00 pm",-818.16,0,179,0
"May 13, 04:00 pm",14422,0,794,0
"May 13, 05:00 pm",110360,205.687,354,0
"May 13, 06:00 pm",103078,195.538,376,0
"May 13, 07:00 pm",-818.16,0,240,0
"May 13, 08:00 pm",-607.2,0,0,0
"May 13, 09:00 pm",-607.2,0,0,0
"May 13, 10:00 pm",-607.2,0,0,0
"May 13, 11:00 pm",-607.2,0,0,0
"May 14, 12:00 am",-607.2,0,0,0
"May 14, 01:00 am",-607.2,0,0,0
"May 14, 02:00 am",-607.2,0,0,0
"May 14, 03:00 am",-607.2,0,0,0
"May 14, 04:00 am",-607.2,0,0,0
"May 14, 05:00 am",-607.2,0,0,0
"May 14, 06:00 am",-607.2,0,99,0
"May 14, 07:00 am",-3670.16,0,517,0
"May 14, 08:00 am",77773.1,414.369,707,0
"May 14, 09:00 am",110002,523.094,811,0
"May 14, 10:00 am",107772,593.524,876,0
"May 14, 11:00 am",106166,629.265,907,0
"May 14, 12:00 pm",104944,650.31,921,0
"May 14, 01:00 pm",104613,637.548,900,0
"May 14, 02:00 pm",104588,621.695,886,0
"May 14, 03:00 pm",105046,590.315,858,0
"May 14, 04:00 pm",106024,540.325,810,0
"May 14, 05:00 pm",107351,468.118,743,0
"May 14, 06:00 pm",109433,342.398,617,0
"May 14, 07:00 pm",113094,0,373,0
"May 14, 08:00 pm",114384,0,0,0
"May 14, 09:00 pm",114776,0,0,0
"May 14, 10:00 pm",114976,0,0,0
"May 14, 11:00 pm",115183,0,0,0
"May 15, 12:00 am",115280,0,0,0
"May 15, 01:00 am",115476,0,0,0
"May 15, 02:00 am",115528,0,0,0
"May 15, 03:00 am",115533,0,0,0
"May 15, 04:00 am",38183.8,0,0,0
"May 15, 05:00 am",-607.2,0,0,0
"May 15, 06:00 am",-607.2,0,36,0
"May 15, 07:00 am",-1826.82,0,164,0
"May 15, 08:00 am",18323.8,0,685,0
"May 15, 09:00 am",110447,294.306,477,0
"May 15, 10:00 am",101592,189.782,310,0
"May 15, 11:00 am",107953,334.584,503,0
"May 15, 12:00 pm",107395,290.351,435,0
"May 15, 01:00 pm",63018.3,157.608,254,0
"May 15, 02:00 pm",-818.16,0,210,0
"May 15, 03:00 pm",-4399.45,0,490,0
"May 15, 04:00 pm",104289,286.461,450,0
"May 15, 05:00 pm",59601.3,173.647,303,0
"May 15, 06:00 pm",-818.16,0,172,0
"May 15, 07:00 pm",-607.2,0,0,0
"May 15, 08:00 pm",-607.2,0,0,0
"May 15, 09:00 pm",-607.2,0,0,0
"May 15, 10:00 pm",-607.2,0,0,0
"May 15, 11:00 pm",-607.2,0,0,0
"May 16, 12:00 am",-607.2,0,0,0
"May 16, 01:00 am",-607.2,0,0,0
"May 16, 02:00 am",-607.2,0,0,0
"May 16, 03:00 am",-607.2,0,0,0
"May 16, 04:00 am",-607.2,0,0,0
"May 16, 05:00 am",-607.2,0,0,0
"May 16, 06:00 am",-607.2,0,0,0
"May 16, 07:00 am",-607.2,0,0,0
"May 16, 08:00 am",-607.2,0,51,0
"May 16, 09:00 am",-1597.96,0,89,0
"May 16, 10:00 am",-1281.94,0,455,0
"May 16, 11:00 am",104551,284.597,433,0
"May 16, 12:00 pm",93022.7,256.674,388,0
"May 16, 01:00 pm",97696,269.597,404,0
"May 16, 02:00 pm",105073,292.269,438,0
"May 16, 03:00 pm",104872,321.501,486,0
"May 16, 04:00 pm",103335,521.751,784,0
"May 16, 05:00 pm",105341,445.67,709,0
"May 16, 06:00 pm",108448,317.677,574,0
"May 16, 07:00 pm",109748,0,321,0
"May 16, 08:00 pm",48830.7,0,0,0
"May 16, 09:00 pm",-607.2,0,0,0
"May 16, 10:00 pm",-607.2,0,0,0
"May 16, 11:00 pm",-607.2,0,0,0
"May 17, 12:00 am",-607.2,0,0,0
"May 17, 01:00 am",-607.2,0,0,0
"May 17, 02:00 am",-607.2,0,0,0
"May 17, 03:00 am",-607.2,0,0,0
"May 17, 04:00 am",-607.2,0,0,0
"May 17, 05:00 am",-607.2,0,0,0
"May 17, 06:00 am",-607.2,0,0,0
"May 17, 07:00 am",-607.2,0,81,0
"May 17, 08:00 am",-3457.44,0,338,0
"May 17, 09:00 am",-818.16,0,270,0
"May 17, 10:00 am",-4278.16,0,474,0
"May 17, 11:00 am",99140.2,616.26,889,0
"May 17, 12:00 pm",102660,637.7,903,0
"May 17, 01:00 pm",102411,629.75,889,0
"May 17, 02:00 pm",106579,233.605,356,0
"May 17, 03:00 pm",106538,310.434,469,0
"May 17, 04:00 pm",107873,0,244,0
"May 17, 05:00 pm",104895,0,674,0
"May 17, 06:00 pm",107583,353.471,632,0
"May 17, 07:00 pm",111447,0,407,0
"May 17, 08:00 pm",113102,0,0,0
"May 17, 09:00 pm",37203.8,0,0,0
"May 17, 10:00 pm",-607.2,0,0,0
"May 17, 11:00 pm",-607.2,0,0,0
"May 18, 12:00 am",-607.2,0,0,0
"May 18, 01:00 am",-607.2,0,0,0
"May 18, 02:00 am",-607.2,0,0,0
"May 18, 03:00 am",-607.2,0,0,0
"May 18, 04:00 am",-607.2,0,0,0
"May 18, 05:00 am",-607.2,0,0,0
"May 18, 06:00 am",-607.2,0,101,0
"May 18, 07:00 am",-3764.22,0,545,0
"May 18, 08:00 am",83129.6,446.166,764,0
"May 18, 09:00 am",109636,561.758,877,0
"May 18, 10:00 am",107401,636.017,945,0
"May 18, 11:00 am",105744,671.3,974,0
"May 18, 12:00 pm",104345,695.305,990,0
"May 18, 01:00 pm",103332,708.168,1004,0
"May 18, 02:00 pm",103342,693.585,992,0
"May 18, 03:00 pm",104026,667.655,974,0
"May 18, 04:00 pm",108845,602.019,906,0
"May 18, 05:00 pm",110105,529.483,842,0
"May 18, 06:00 pm",111144,411.514,734,0
"May 18, 07:00 pm",112887,186.302,511,0
"May 18, 08:00 pm",115801,0,0,0
"May 18, 09:00 pm",116292,0,0,0
"May 18, 10:00 pm",116417,0,0,0
"May 18, 11:00 pm",116537,0,0,0
"May 19, 12:00 am",116559,0,0,0
"May 19, 01:00 am",116671,0,0,0
"May 19, 02:00 am",116687,0,0,0
"May 19, 03:00 am",116657,0,0,0
"May 19, 04:00 am",117292,0,0,0
"May 19, 05:00 am",11819.6,0,0,0
"May 19, 06:00 am",-607.2,0,205,0
"May 19, 07:00 am",-4084.73,0,626,0
"May 19, 08:00 am",100260,473.499,799,0
"May 19, 09:00 am",108826,573.169,885,0
"May 19, 10:00 am",106233,636.466,937,0
"May 19, 11:00 am",104316,672.48,967,0
"May 19, 12:00 pm",102601,699.519,987,0
"May 19, 01:00 pm",102071,688.864,969,0
"May 19, 02:00 pm",101759,679.722,964,0
"May 19, 03:00 pm",102230,651.161,942,0
"May 19, 04:00 pm",106735,599.283,893,0
"May 19, 05:00 pm",107915,527.268,830,0
"May 19, 06:00 pm",109305,407.476,720,0
"May 19, 07:00 pm",111918,184.295,499,0
"May 19, 08:00 pm",115467,0,0,0
"May 19, 09:00 pm",116140,0,0,0
"May 19, 10:00 pm",116393,0,0,0
"May 19, 11:00 pm",116601,0,0,0
"May 20, 12:00 am",116668,0,0,0
"May 20, 01:00 am",116858,0,0,0
"May 20, 02:00 am",116881,0,0,0
"May 20, 03:00 am",116842,0,0,0
"May 20, 04:00 am",116731,0,0,0
"May 20, 05:00 am",10483.9,0,0,0
"May 20, 06:00 am",-607.2,0,216,0
"May 20, 07:00 am",-4086.82,0,624,0
"May 20, 08:00 am",99882.9,469.518,793,0
"May 20, 09:00 am",108140,566.707,878,0
"May 20, 10:00 am",105160,627.761,929,0
"May 20, 11:00 am",102890,660.12,955,0
"May 20, 12:00 pm",101043,680.963,967,0
"May 20, 01:00 pm",100043,682.272,966,0
"May 20, 02:00 pm",99914.8,669.871,957,0
"May 20, 03:00 pm",100579,642.513,937,0
"May 20, 04:00 pm",104541,597.386,897,0
"May 20, 05:00 pm",106999,481.592,768,0
"May 20, 06:00 pm",108792,272.977,502,0
"May 20, 07:00 pm",113614,0,361,0
"May 20, 08:00 pm",115291,0,0,0
"May 20, 09:00 pm",115891,0,0,0
"May 20, 10:00 pm",116066,0,0,0
"May 20, 11:00 pm",116085,0,0,0
"May 21, 12:00 am",116067,0,0,0
"May 21, 01:00 am",116012,0,0,0
"May 21, 02:00 am",115938,0,0,0
"May 21, 03:00 am",115858,0,0,0
"May 21, 04:00 am",48303.4,0,0,0
"May 21, 05:00 am",-607.2,0,0,0
"May 21, 06:00 am",-607.2,0,0,0
"May 21, 07:00 am",-607.2,0,0,0
"May 21, 08:00 am",-607.2,0,0,0
"May 21, 09:00 am",-607.2,0,11,0
"May 21, 10:00 am",-607.2,0,65,0
"May 21, 11:00 am",-607.2,0,18,0
"May 21, 12:00 pm",-607.2,0,23,0
"May 21, 01:00 pm",-607.2,0,41,0
"May 21, 02:00 pm",-607.2,0,29,0
"May 21, 03:00 pm",-1929.08,0,127,0
"May 21, 04:00 pm",-1876.06,0,148,0
"May 21, 05:00 pm",-818.16,0,61,0
"May 21, 06:00 pm",-607.2,0,0,0
"May 21, 07:00 pm",-607.2,0,0,0
"May 21, 08:00 pm",-607.2,0,0,0
"May 21, 09:00 pm",-607.2,0,0,0
"May 21, 10:00 pm",-607.2,0,0,0
"May 21, 11:00 pm",-607.2,0,0,0
"May 22, 12:00 am",-607.2,0,0,0
"May 22, 01:00 am",-607.2,0,0,0
"May 22, 02:00 am",-607.2,0,0,0
"May 22, 03:00 am",-607.2,0,0,0
"May 22, 04:00 am",-607.2,0,0,0
"May 22, 05:00 am",-607.2,0,0,0
"May 22, 06:00 am",-607.2,0,39,0
"May 22, 07:00 am",-3331.29,0,386,0
"May 22, 08:00 am",53275.7,0,604,0
"May 22, 09:00 am",110412,470.625,732,0
"May 22, 10:00 am",108436,546.068,808,0
"May 22, 11:00 am",106649,589.894,852,0
"May 22, 12:00 pm",104976,617.776,875,0
"May 22, 01:00 pm",103422,641.873,905,0
"May 22, 02:00 pm",102614,634.846,902,0
"May 22, 03:00 pm",102584,611.841,887,0
"May 22, 04:00 pm",103262,570.607,851,0
"May 22, 05:00 pm",104759,500.452,788,0
"May 22, 06:00 pm",107102,383.175,676,0
"May 22, 07:00 pm",110216,169.051,453,0
"May 22, 08:00 pm",113725,0,0,0
"May 22, 09:00 pm",114723,0,0,0
"May 22, 10:00 pm",115123,0,0,0
"May 22, 11:00 pm",115307,0,0,0
"May 23, 12:00 am",115354,0,0,0
"May 23, 01:00 am",115416,0,0,0
"May 23, 02:00 am",115404,0,0,0
"May 23, 03:00 am",115416,0,0,0
"May 23, 04:00 am",84994.5,0,0,0
"May 23, 05:00 am",-607.2,0,0,0
"May 23, 06:00 am",-607.2,0,111,0
"May 23, 07:00 am",-3652.67,0,487,0
"May 23, 08:00 am",75094,390.126,663,0
"May 23, 09:00 am",107891,483.055,752,0
"May 23, 10:00 am",105476,534.37,794,0
"May 23, 11:00 am",103555,557.638,810,0
"May 23, 12:00 pm",102090,565.309,806,0
"May 23, 01:00 pm",100085,612.099,867,0
"May 23, 02:00 pm",99871.4,592.264,846,0
"May 23, 03:00 pm",100429,554.922,810,0
"May 23, 04:00 pm",101938,485.762,732,0
"May 23, 05:00 pm",103911,403.623,645,0
"May 23, 06:00 pm",106732,276.484,501,0
"May 23, 07:00 pm",111837,0,255,0
"May 23, 08:00 pm",113961,0,0,0
"May 23, 09:00 pm",114815,0,0,0
"May 23, 10:00 pm",115246,0,0,0
"May 23, 11:00 pm",115504,0,0,0
"May 24, 12:00 am",115560,0,0,0
"May 24, 01:00 am",115724,0,0,0
"May 24, 02:00 am",67819.3,0,0,0
"May 24, 03:00 am",-607.2,0,0,0
"May 24, 04:00 am",-607.2,0,0,0
"May 24, 05:00 am",-607.2,0,0,0
"May 24, 06:00 am",-607.2,0,0,0
"May 24, 07:00 am",-1698.24,0,138,0
"May 24, 08:00 am",-2638.23,0,482,0
"May 24, 09:00 am",110004,375.682,598,0
"May 24, 10:00 am",108531,445.454,673,0
"May 24, 11:00 am",107472,489.868,721,0
"May 24, 12:00 pm",106728,519.359,748,0
"May 24, 01:00 pm",105644,561.738,803,0
"May 24, 02:00 pm",105307,550.369,792,0
"May 24, 03:00 pm",105330,517.943,761,0
"May 24, 04:00 pm",105931,472.286,714,0
"May 24, 05:00 pm",107288,387.682,621,0
"May 24, 06:00 pm",109249,257.166,468,0
"May 24, 07:00 pm",112780,0,218,0
"May 24, 08:00 pm",113969,0,0,0
"May 24, 09:00 pm",114432,0,0,0
"May 24, 10:00 pm",114817,0,0,0
"May 24, 11:00 pm",114981,0,0,0
"May 25, 12:00 am",64837.3,0,0,0
"May 25, 01:00 am",-607.2,0,0,0
"May 25, 02:00 am",-607.2,0,0,0
"May 25, 03:00 am",-607.2,0,0,0
"May 25, 04:00 am",-607.2,0,0,0
"May 25, 05:00 am",-607.2,0,0,0
"May 25, 06:00 am",-607.2,0,24,0
"May 25, 07:00 am",-2861.98,0,314,0
"May 25, 08:00 am",39367.2,0,510,0
"May 25, 09:00 am",108663,393.773,619,0
"May 25, 10:00 am",106450,461.509,690,0
"May 25, 11:00 am",104830,488.166,713,0
"May 25, 12:00 pm",105483,200.756,311,0
"May 25, 01:00 pm",101401,567.591,806,0
"May 25, 02:00 pm",101014,549.979,788,0
"May 25, 03:00 pm",101346,514.776,755,0
"May 25, 04:00 pm",103147,432.509,658,0
"May 25, 05:00 pm",105665,346.584,563,0
"May 25, 06:00 pm",108609,218.442,410,0
"May 25, 07:00 pm",112718,0,169,0
"May 25, 08:00 pm",114336,0,0,0
"May 25, 09:00 pm",114861,0,0,0
"May 25, 10:00 pm",115055,0,0,0
"May 25, 11:00 pm",25562.6,0,0,0
"May 26, 12:00 am",-607.2,0,0,0
"May 26, 01:00 am",-607.2,0,0,0
"May 26, 02:00 am",-607.2,0,0,0
"May 26, 03:00 am",-607.2,0,0,0
"May 26, 04:00 am",-607.2,0,0,0
"May 26, 05:00 am",-607.2,0,0,0
"May 26, 06:00 am",-607.2,0,5,0
"May 26, 07:00 am",-1969.77,0,175,0
"May 26, 08:00 am",-818.16,0,0,0
"May 26, 09:00 am",-607.2,0,0,0
"May 26, 10:00 am",-607.2,0,0,0
"May 26, 11:00 am",-607.2,0,3,0
"May 26, 12:00 pm",-607.2,0,0,0
"May 26, 01:00 pm",-607.2,0,0,0
"May 26, 02:00 pm",-607.2,0,26,0
"May 26, 03:00 pm",-2674.11,0,205,0
"May 26, 04:00 pm",-1733.29,0,143,0
"May 26, 05:00 pm",-3764.65,0,394,0
"May 26, 06:00 pm",-818.16,0,258,0
"May 26, 07:00 pm",-607.2,0,0,0
"May 26, 08:00 pm",-607.2,0,0,0
"May 26, 09:00 pm",-607.2,0,0,0
"May 26, 10:00 pm",-607.2,0,0,0
"May 26, 11:00 pm",-607.2,0,0,0
"May 27, 12:00 am",-607.2,0,0,0
"May 27, 01:00 am",-607.2,0,0,0
"May 27, 02:00 am",-607.2,0,0,0
"May 27, 03:00 am",-607.2,0,0,0
"May 27, 04:00 am",-607.2,0,0,0
"May 27, 05:00 am",-607.2,0,0,0
"May 27, 06:00 am",-607.2,0,0,0
"May 27, 07:00 am",-2720.13,0,293,0
"May 27, 08:00 am",-818.16,0,0,0
"May 27, 09:00 am",-1602.84,0,89,0
"May 27, 10:00 am",-3302.01,0,305,0
"May 27, 11:00 am",46830.7,227.123,354,0
"May 27, 12:00 pm",64530.9,195.933,306,0
"May 27, 01:00 pm",66186.2,200.972,313,0
"May 27, 02:00 pm",101264,275.204,417,0
"May 27, 03:00 pm",91470.7,252.323,394,0
"May 27, 04:00 pm",82490.1,233.922,378,0
"May 27, 05:00 pm",-818.16,0,189,0
"May 27, 06:00 pm",-607.2,0,69,0
"May 27, 07:00 pm",-607.2,0,12,0
"May 27, 08:00 pm",-607.2,0,0,0
"May 27, 09:00 pm",-607.2,0,0,0
"May 27, 10:00 pm",-607.2,0,0,0
"May 27, 11:00 pm",-607.2,0,0,0
"May 28, 12:00 am",-607.2,0,0,0
"May 28, 01:00 am",-607.2,0,0,0
"May 28, 02:00 am",-607.2,0,0,0
"May 28, 03:00 am",-607.2,0,0,0
"May 28, 04:00 am",-607.2,0,0,0
"May 28, 05:00 am",-607.2,0,0,0
"May 28, 06:00 am",-607.2,0,0,0
"May 28, 07:00 am",-607.2,0,0,0
"May 28, 08:00 am",-607.2,0,0,0
"May 28, 09:00 am",-607.2,0,0,0
"May 28, 10:00 am",-607.2,0,55,0
"May 28, 11:00 am",-1633.46,0,89,0
"May 28, 12:00 pm",-3551.13,0,352,0
"May 28, 01:00 pm",-818.16,0,250,0
"May 28, 02:00 pm",17909.1,0,893,0
"May 28, 03:00 pm",106034,593.194,867,0
"May 28, 04:00 pm",109590,396.473,608,0
"May 28, 05:00 pm",110240,225.444,382,0
"May 28, 06:00 pm",111016,243.144,447,0
"May 28, 07:00 pm",109757,0,18,0
"May 28, 08:00 pm",86530.1,0,0,0
"May 28, 09:00 pm",-607.2,0,0,0
"May 28, 10:00 pm",-607.2,0,0,0
"May 28, 11:00 pm",-607.2,0,0,0
"May 29, 12:00 am",-607.2,0,0,0
"May 29, 01:00 am",-607.2,0,0,0
"May 29, 02:00 am",-607.2,0,0,0
"May 29, 03:00 am",-607.2,0,0,0
"May 29, 04:00 am",-607.2,0,0,0
"May 29, 05:00 am",-607.2,0,0,0
"May 29, 06:00 am",-607.2,0,186,0
"May 29, 07:00 am",-607.2,0,0,0
"May 29, 08:00 am",-607.2,0,0,0
"May 29, 09:00 am",-607.2,0,0,0
"May 29, 10:00 am",-1792.09,0,106,0
"May 29, 11:00 am",26663.3,0,911,0
"May 29, 12:00 pm",102021,0,167,0
"May 29, 01:00 pm",-607.2,0,34,0
"May 29, 02:00 pm",-607.2,0,49,0
"May 29, 03:00 pm",-2121.97,0,145,0
"May 29, 04:00 pm",-3631.98,0,375,0
"May 29, 05:00 pm",65968.4,193.963,335,0
"May 29, 06:00 pm",98735.4,259.322,473,0
"May 29, 07:00 pm",-818.16,0,389,0
"May 29, 08:00 pm",-607.2,0,22,0
"May 29, 09:00 pm",-607.2,0,0,0
"May 29, 10:00 pm",-607.2,0,0,0
"May 29, 11:00 pm",-607.2,0,0,0
"May 30, 12:00 am",-607.2,0,0,0
"May 30, 01:00 am",-607.2,0,0,0
"May 30, 02:00 am",-607.2,0,0,0
"May 30, 03:00 am",-607.2,0,0,0
"May 30, 04:00 am",-607.2,0,0,0
"May 30, 05:00 am",-607.2,0,0,0
"May 30, 06:00 am",-607.2,0,154,0
"May 30, 07:00 am",-3774.36,0,518,0
"May 30, 08:00 am",-818.16,0,279,0
"May 30, 09:00 am",13296.3,0,790,0
"May 30, 10:00 am",105640,572.918,845,0
"May 30, 11:00 am",103922,609.211,878,0
"May 30, 12:00 pm",102472,635.979,898,0
"May 30, 01:00 pm",101765,636.756,897,0
"May 30, 02:00 pm",101495,628.807,892,0
"May 30, 03:00 pm",101966,600.757,871,0
"May 30, 04:00 pm",103351,534.334,798,0
"May 30, 05:00 pm",104809,462.936,730,0
"May 30, 06:00 pm",107005,347.889,612,0
"May 30, 07:00 pm",111099,0,392,0
"May 30, 08:00 pm",112877,0,19,0
"May 30, 09:00 pm",113674,0,0,0
"May 30, 10:00 pm",114135,0,0,0
"May 30, 11:00 pm",114378,0,0,0
"May 31, 12:00 am",114441,0,0,0
"May 31, 01:00 am",114484,0,0,0
"May 31, 02:00 am",114693,0,0,0
"May 31, 03:00 am",63435.1,0,0,0
"May 31, 04:00 am",-607.2,0,0,0
"May 31, 05:00 am",-607.2,0,0,0
"May 31, 06:00 am",-607.2,0,106,0
"May 31, 07:00 am",-3592.43,0,457,0
"May 31, 08:00 am",71052.9,380.882,644,0
"May 31, 09:00 am",107769,482.625,748,0
"May 31, 10:00 am",105274,547.879,810,0
"May 31, 11:00 am",103253,585.717,846,0
"May 31, 12:00 pm",101622,611.354,865,0
"May 31, 01:00 pm",100251,632.8,892,0
"May 31, 02:00 pm",99967.8,623.551,885,0
"May 31, 03:00 pm",100594,592.038,859,0
"May 31, 04:00 pm",101880,545.071,813,0
"May 31, 05:00 pm",103750,469.389,739,0
"May 31, 06:00 pm",106198,355.345,623,0
"May 31, 07:00 pm",109233,164.748,420,0
"May 31, 08:00 pm",113081,0,41,0
"May 31, 09:00 pm",114219,0,0,0
"May 31, 10:00 pm",114783,0,0,0
"May 31, 11:00 pm",115148,0,0,0
"Jun 1, 12:00 am",115253,0,0,0
"Jun 1, 01:00 am",115340,0,0,0
"Jun 1, 02:00 am",115265,0,0,0
"Jun 1, 03:00 am",115155,0,0,0
"Jun 1, 04:00 am",42453.6,0,0,0
"Jun 1, 05:00 am",-607.2,0,0,0
"Jun 1, 06:00 am",-607.2,0,48,0
"Jun 1, 07:00 am",-3086.37,0,341,0
"Jun 1, 08:00 am",45978.3,0,536,0
"Jun 1, 09:00 am",108092,417.566,653,0
"Jun 1, 10:00 am",105578,487.616,726,0
"Jun 1, 11:00 am",103281,530.793,771,0
"Jun 1, 12:00 pm",101374,557.868,793,0
"Jun 1, 01:00 pm",99494.7,601.604,850,0
"Jun 1, 02:00 pm",99082.9,586.236,834,0
"Jun 1, 03:00 pm",99599.3,550.335,801,0
"Jun 1, 04:00 pm",101119,478.879,719,0
"Jun 1, 05:00 pm",102970,401.42,638,0
"Jun 1, 06:00 pm",105206,283.494,506,0
"Jun 1, 07:00 pm",110000,0,285,0
"Jun 1, 08:00 pm",112259,0,6,0
"Jun 1, 09:00 pm",113306,0,0,0
"Jun 1, 10:00 pm",113897,0,0,0
"Jun 1, 11:00 pm",114272,0,0,0
"Jun 2, 12:00 am",114363,0,0,0
"Jun 2, 01:00 am",90716.4,0,0,0
"Jun 2, 02:00 am",-607.2,0,0,0
"Jun 2, 03:00 am",-607.2,0,0,0
"Jun 2, 04:00 am",-607.2,0,0,0
"Jun 2, 05:00 am",-607.2,0,0,0
"Jun 2, 06:00 am",-607.2,0,19,0
"Jun 2, 07:00 am",-2535.76,0,260,0
"Jun 2, 08:00 am",19976.6,0,456,0
"Jun 2, 09:00 am",107597,369.351,582,0
"Jun 2, 10:00 am",105286,441.939,661,0
"Jun 2, 11:00 am",103260,486.445,709,0
"Jun 2, 12:00 pm",101547,514.767,734,0
"Jun 2, 01:00 pm",99869,564.783,800,0
"Jun 2, 02:00 pm",99663.3,552.748,789,0
"Jun 2, 03:00 pm",100231,522.013,763,0
"Jun 2, 04:00 pm",101620,453.659,685,0
"Jun 2, 05:00 pm",103373,378.993,607,0
"Jun 2, 06:00 pm",105620,268.153,483,0
"Jun 2, 07:00 pm",109962,0,279,0
"Jun 2, 08:00 pm",112054,0,9,0
"Jun 2, 09:00 pm",112975,0,0,0
"Jun 2, 10:00 pm",113557,0,0,0
"Jun 2, 11:00 pm",113998,0,0,0
"Jun 3, 12:00 am",57936.6,0,0,0
"Jun 3, 01:00 am",-607.2,0,0,0
"Jun 3, 02:00 am",-607.2,0,0,0
"Jun 3, 03:00 am",-607.2,0,0,0
"Jun 3, 04:00 am",-607.2,0,0,0
"Jun 3, 05:00 am",-607.2,0,0,0
"Jun 3, 06:00 am",-607.2,0,158,0
"Jun 3, 07:00 am",-3808.35,0,525,0
"Jun 3, 08:00 am",83903.9,420.868,709,0
"Jun 3, 09:00 am",106279,525.815,813,0
"Jun 3, 10:00 am",103219,591.992,873,0
"Jun 3, 11:00 am",100845,630.899,909,0
"Jun 3, 12:00 pm",99099.2,657.353,928,0
"Jun 3, 01:00 pm",98043.9,675.308,951,0
"Jun 3, 02:00 pm",98023.1,664.45,943,0
"Jun 3, 03:00 pm",98888.3,636.2,924,0
"Jun 3, 04:00 pm",102714,427.548,650,0
"Jun 3, 05:00 pm",103742,429.536,683,0
"Jun 3, 06:00 pm",106553,331.855,585,0
"Jun 3, 07:00 pm",109547,167.877,422,0
"Jun 3, 08:00 pm",113025,0,28,0
"Jun 3, 09:00 pm",113867,0,0,0
"Jun 3, 10:00 pm",114337,0,0,0
"Jun 3, 11:00 pm",114879,0,0,0
"Jun 4, 12:00 am",115116,0,0,0
"Jun 4, 01:00 am",115769,0,0,0
"Jun 4, 02:00 am",116007,0,0,0
"Jun 4, 03:00 am",116122,0,0,0
"Jun 4, 04:00 am",115774,0,0,0
"Jun 4, 05:00 am",-607.2,0,0,0
"Jun 4, 06:00 am",-607.2,0,35,0
"Jun 4, 07:00 am",-1865.01,0,158,0
"Jun 4, 08:00 am",19306.3,0,674,0
"Jun 4, 09:00 am",109160,502.89,778,0
"Jun 4, 10:00 am",106300,575.975,850,0
"Jun 4, 11:00 am",103580,622.693,898,0
"Jun 4, 12:00 pm",101704,651.001,920,0
"Jun 4, 01:00 pm",100619,659.65,931,0
"Jun 4, 02:00 pm",100352,651.385,927,0
"Jun 4, 03:00 pm",100864,624.673,910,0
"Jun 4, 04:00 pm",102178,575.75,863,0
"Jun 4, 05:00 pm",104365,509.06,805,0
"Jun 4, 06:00 pm",107519,401.553,703,0
"Jun 4, 07:00 pm",109809,208.755,512,0
"Jun 4, 08:00 pm",113740,0,94,0
"Jun 4, 09:00 pm",114712,0,0,0
"Jun 4, 10:00 pm",115265,0,0,0
"Jun 4, 11:00 pm",115728,0,0,0
"Jun 5, 12:00 am",115903,0,0,0
"Jun 5, 01:00 am",116237,0,0,0
"Jun 5, 02:00 am",116309,0,0,0
"Jun 5, 03:00 am",116349,0,0,0
"Jun 5, 04:00 am",116356,0,0,0
"Jun 5, 05:00 am",20694,0,0,0
"Jun 5, 06:00 am",-607.2,0,241,0
"Jun 5, 07:00 am",-4082.45,0,598,0
"Jun 5, 08:00 am",98977.1,447.782,750,0
"Jun 5, 09:00 am",107020,540.583,833,0
"Jun 5, 10:00 am",104212,603.303,888,0
"Jun 5, 11:00 am",102073,642.833,925,0
"Jun 5, 12:00 pm",100334,671.257,946,0
"Jun 5, 01:00 pm",99394.5,675.665,950,0
"Jun 5, 02:00 pm",99193.4,664.345,941,0
"Jun 5, 03:00 pm",99763.5,636.286,923,0
"Jun 5, 04:00 pm",101748,595.166,888,0
"Jun 5, 05:00 pm",105452,528.268,831,0
"Jun 5, 06:00 pm",106706,421.978,733,0
"Jun 5, 07:00 pm",109267,227.889,548,0
"Jun 5, 08:00 pm",113542,0,128,0
"Jun 5, 09:00 pm",114543,0,0,0
"Jun 5, 10:00 pm",115001,0,0,0
"Jun 5, 11:00 pm",115401,0,0,0
"Jun 6, 12:00 am",115542,0,0,0
"Jun 6, 01:00 am",115962,0,0,0
"Jun 6, 02:00 am",116121,0,0,0
"Jun 6, 03:00 am",116187,0,0,0
"Jun 6, 04:00 am",116195,0,0,0
"Jun 6, 05:00 am",28893.3,0,0,0
"Jun 6, 06:00 am",-607.2,0,260,0
"Jun 6, 07:00 am",-4115.96,0,608,0
"Jun 6, 08:00 am",100066,455.096,763,0
"Jun 6, 09:00 am",107533,548.362,846,0
"Jun 6, 10:00 am",104880,607.503,895,0
"Jun 6, 11:00 am",102622,644.614,928,0
"Jun 6, 12:00 pm",100603,671.353,946,0
"Jun 6, 01:00 pm",99541.5,666.359,937,0
"Jun 6, 02:00 pm",98982.2,657.132,930,0
"Jun 6, 03:00 pm",99322.2,629.392,911,0
"Jun 6, 04:00 pm",100936,578.776,861,0
"Jun 6, 05:00 pm",104426,513.276,804,0
"Jun 6, 06:00 pm",105650,406.49,703,0
"Jun 6, 07:00 pm",108602,211.481,508,0
"Jun 6, 08:00 pm",113096,0,83,0
"Jun 6, 09:00 pm",114152,0,0,0
"Jun 6, 10:00 pm",114564,0,0,0
"Jun 6, 11:00 pm",114844,0,0,0
"Jun 7, 12:00 am",114932,0,0,0
"Jun 7, 01:00 am",115242,0,0,0
"Jun 7, 02:00 am",115439,0,0,0
"Jun 7, 03:00 am",115588,0,0,0
"Jun 7, 04:00 am",115679,0,0,0
"Jun 7, 05:00 am",22337.7,0,0,0
"Jun 7, 06:00 am",-607.2,0,238,0
"Jun 7, 07:00 am",-4086.46,0,599,0
"Jun 7, 08:00 am",97330.5,454.473,761,0
"Jun 7, 09:00 am",104190,550.034,848,0
"Jun 7, 10:00 am",100789,610.518,899,0
"Jun 7, 11:00 am",98374.5,644.888,928,0
"Jun 7, 12:00 pm",96314.4,669.359,943,0
"Jun 7, 01:00 pm",95996.5,666.484,937,0
"Jun 7, 02:00 pm",96147.7,654.238,926,0
"Jun 7, 03:00 pm",96788.5,624.932,905,0
"Jun 7, 04:00 pm",98267,582.18,866,0
"Jun 7, 05:00 pm",101410,513.179,804,0
"Jun 7, 06:00 pm",102870,405.535,701,0
"Jun 7, 07:00 pm",106402,213.374,510,0
"Jun 7, 08:00 pm",111491,0,99,0
"Jun 7, 09:00 pm",112987,0,0,0
"Jun 7, 10:00 pm",113757,0,0,0
"Jun 7, 11:00 pm",114193,0,0,0
"Jun 8, 12:00 am",114302,0,0,0
"Jun 8, 01:00 am",114585,0,0,0
"Jun 8, 02:00 am",114951,0,0,0
"Jun 8, 03:00 am",115220,0,0,0
"Jun 8, 04:00 am",115344,0,0,0
"Jun 8, 05:00 am",22932.2,0,0,0
"Jun 8, 06:00 am",-607.2,0,269,0
"Jun 8, 07:00 am",-4103.91,0,603,0
"Jun 8, 08:00 am",97551.9,450.025,756,0
"Jun 8, 09:00 am",104395,542.251,840,0
"Jun 8, 10:00 am",100910,599.632,887,0
"Jun 8, 11:00 am",98092.7,635.038,917,0
"Jun 8, 12:00 pm",96277.8,659.215,931,0
"Jun 8, 01:00 pm",101210,241.013,365,0
"Jun 8, 02:00 pm",100360,370.724,543,0
"Jun 8, 03:00 pm",101650,164.574,269,0
"Jun 8, 04:00 pm",100856,419.08,636,0
"Jun 8, 05:00 pm",102246,382.014,610,0
"Jun 8, 06:00 pm",107426,0,0,0
"Jun 8, 07:00 pm",110078,0,89,0
"Jun 8, 08:00 pm",111713,0,8,0
"Jun 8, 09:00 pm",112730,0,0,0
"Jun 8, 10:00 pm",113244,0,0,0
"Jun 8, 11:00 pm",24046.7,0,0,0
"Jun 9, 12:00 am",-607.2,0,0,0
"Jun 9, 01:00 am",-607.2,0,0,0
"Jun 9, 02:00 am",-607.2,0,0,0
"Jun 9, 03:00 am",-607.2,0,0,0
"Jun 9, 04:00 am",-607.2,0,0,0
"Jun 9, 05:00 am",-607.2,0,0,0
"Jun 9, 06:00 am",-607.2,0,0,0
"Jun 9, 07:00 am",-607.2,0,0,0
"Jun 9, 08:00 am",-3595.87,0,371,0
"Jun 9, 09:00 am",62238.3,271.292,439,0
"Jun 9, 10:00 am",105252,365.127,553,0
"Jun 9, 11:00 am",103317,324.207,485,0
"Jun 9, 12:00 pm",101999,285.215,423,0
"Jun 9, 01:00 pm",100731,359.514,523,0
"Jun 9, 02:00 pm",101079,303.827,451,0
"Jun 9, 03:00 pm",100626,366.098,547,0
"Jun 9, 04:00 pm",100438,397.911,605,0
"Jun 9, 05:00 pm",101190,407.117,646,0
"Jun 9, 06:00 pm",103642,281.146,499,0
"Jun 9, 07:00 pm",107247,0,386,0
"Jun 9, 08:00 pm",57044.5,0,67,0
"Jun 9, 09:00 pm",-607.2,0,0,0
"Jun 9, 10:00 pm",-607.2,0,0,0
"Jun 9, 11:00 pm",-607.2,0,0,0
"Jun 10, 12:00 am",-607.2,0,0,0
"Jun 10, 01:00 am",-607.2,0,0,0
"Jun 10, 02:00 am",-607.2,0,0,0
"Jun 10, 03:00 am",-607.2,0,0,0
"Jun 10, 04:00 am",-607.2,0,0,0
"Jun 10, 05:00 am",-607.2,0,0,0
"Jun 10, 06:00 am",-607.2,0,0,0
"Jun 10, 07:00 am",-607.2,0,83,0
"Jun 10, 08:00 am",4127.15,0,672,0
"Jun 10, 09:00 am",108401,492.825,764,0
"Jun 10, 10:00 am",106288,530.493,786,0
"Jun 10, 11:00 am",103956,569.958,824,0
"Jun 10, 12:00 pm",102441,597.021,844,0
"Jun 10, 01:00 pm",104981,365.669,530,0
"Jun 10, 02:00 pm",101234,630.325,892,0
"Jun 10, 03:00 pm",106003,280.157,426,0
"Jun 10, 04:00 pm",105482,469.667,705,0
"Jun 10, 05:00 pm",107663,395.948,629,0
"Jun 10, 06:00 pm",109800,286.815,509,0
"Jun 10, 07:00 pm",112741,0,308,0
"Jun 10, 08:00 pm",113447,0,14,0
"Jun 10, 09:00 pm",113649,0,0,0
"Jun 10, 10:00 pm",113683,0,0,0
"Jun 10, 11:00 pm",113692,0,0,0
"Jun 11, 12:00 am",109945,0,0,0
"Jun 11, 01:00 am",-607.2,0,0,0
"Jun 11, 02:00 am",-607.2,0,0,0
"Jun 11, 03:00 am",-607.2,0,0,0
"Jun 11, 04:00 am",-607.2,0,0,0
"Jun 11, 05:00 am",-607.2,0,0,0
"Jun 11, 06:00 am",-607.2,0,95,0
"Jun 11, 07:00 am",-3572.96,0,446,0
"Jun 11, 08:00 am",67730.1,376.744,636,0
"Jun 11, 09:00 am",103509,480.984,745,0
"Jun 11, 10:00 am",100230,548.973,811,0
"Jun 11, 11:00 am",97791,589.926,851,0
"Jun 11, 12:00 pm",96888.2,617.768,872,0
"Jun 11, 01:00 pm",96500.5,623.682,878,0
"Jun 11, 02:00 pm",96549.5,614.899,871,0
"Jun 11, 03:00 pm",97039.8,586.974,851,0
"Jun 11, 04:00 pm",97791.3,548.075,816,0
"Jun 11, 05:00 pm",98941.4,479.533,752,0
"Jun 11, 06:00 pm",100490,370.736,642,0
"Jun 11, 07:00 pm",104433,181.798,437,0
"Jun 11, 08:00 pm",109903,0,54,0
"Jun 11, 09:00 pm",111848,0,0,0
"Jun 11, 10:00 pm",112901,0,0,0
"Jun 11, 11:00 pm",113543,0,0,0
"Jun 12, 12:00 am",113764,0,0,0
"Jun 12, 01:00 am",114013,0,0,0
"Jun 12, 02:00 am",114088,0,0,0
"Jun 12, 03:00 am",114128,0,0,0
"Jun 12, 04:00 am",59321.3,0,0,0
"Jun 12, 05:00 am",-607.2,0,0,0
"Jun 12, 06:00 am",-607.2,0,124,0
"Jun 12, 07:00 am",-3639.8,0,467,0
"Jun 12, 08:00 am",72101.6,382.84,646,0
"Jun 12, 09:00 am",104018,483.285,749,0
"Jun 12, 10:00 am",100470,546.326,808,0
"Jun 12, 11:00 am",97842.5,584.879,845,0
"Jun 12, 12:00 pm",96872.5,612.71,866,0
"Jun 12, 01:00 pm",96317.5,625.258,881,0
"Jun 12, 02:00 pm",96296.9,617.134,875,0
"Jun 12, 03:00 pm",96780.2,589.764,856,0
"Jun 12, 04:00 pm",97604.6,548.58,818,0
"Jun 12, 05:00 pm",98822.7,480.161,755,0
"Jun 12, 06:00 pm",100398,375.367,652,0
"Jun 12, 07:00 pm",104044,194.267,465,0
"Jun 12, 08:00 pm",109537,0,88,0
"Jun 12, 09:00 pm",111833,0,0,0
"Jun 12, 10:00 pm",113200,0,0,0
"Jun 12, 11:00 pm",113931,0,0,0
"Jun 13, 12:00 am",114142,0,0,0
"Jun 13, 01:00 am",114518,0,0,0
"Jun 13, 02:00 am",114708,0,0,0
"Jun 13, 03:00 am",114894,0,0,0
"Jun 13, 04:00 am",71403.1,0,0,0
"Jun 13, 05:00 am",-607.2,0,0,0
"Jun 13, 06:00 am",-607.2,0,146,0
"Jun 13, 07:00 am",-3692.53,0,486,0
"Jun 13, 08:00 am",76002.7,389.101,659,0
"Jun 13, 09:00 am",105404,487.933,759,0
"Jun 13, 10:00 am",102376,553.535,821,0
"Jun 13, 11:00 am",99569.6,592.573,858,0
"Jun 13, 12:00 pm",97270.7,619.001,877,0
"Jun 13, 01:00 pm",96879,624.658,883,0
"Jun 13, 02:00 pm",97078.7,610.188,869,0
"Jun 13, 03:00 pm",97792.8,576.589,842,0
"Jun 13, 04:00 pm",98962.4,520.907,783,0
"Jun 13, 05:00 pm",101804,446.114,708,0
"Jun 13, 06:00 pm",105320,334.15,588,0
"Jun 13, 07:00 pm",110733,0,378,0
"Jun 13, 08:00 pm",112894,0,35,0
"Jun 13, 09:00 pm",113935,0,0,0
"Jun 13, 10:00 pm",114448,0,0,0
"Jun 13, 11:00 pm",114722,0,0,0
"Jun 14, 12:00 am",114839,0,0,0
"Jun 14, 01:00 am",115128,0,0,0
"Jun 14, 02:00 am",115215,0,0,0
"Jun 14, 03:00 am",73446.3,0,0,0
"Jun 14, 04:00 am",-607.2,0,0,0
"Jun 14, 05:00 am",-607.2,0,0,0
"Jun 14, 06:00 am",-607.2,0,76,0
"Jun 14, 07:00 am",-3404.6,0,389,0
"Jun 14, 08:00 am",56873.1,336.026,573,0
"Jun 14, 09:00 am",107755,436.508,681,0
"Jun 14, 10:00 am",105417,499.839,743,0
"Jun 14, 11:00 am",103270,536.726,779,0
"Jun 14, 12:00 pm",101317,561.302,797,0
"Jun 14, 01:00 pm",99467,592.755,838,0
"Jun 14, 02:00 pm",98812.8,583.954,831,0
"Jun 14, 03:00 pm",99117,553.376,807,0
"Jun 14, 04:00 pm",100092,509.835,764,0
"Jun 14, 05:00 pm",101812,436.366,690,0
"Jun 14, 06:00 pm",104205,323.556,567,0
"Jun 14, 07:00 pm",109040,0,349,0
"Jun 14, 08:00 pm",111329,0,23,0
"Jun 14, 09:00 pm",112629,0,0,0
"Jun 14, 10:00 pm",113403,0,0,0
"Jun 14, 11:00 pm",113826,0,0,0
"Jun 15, 12:00 am",113903,0,0,0
"Jun 15, 01:00 am",114177,0,0,0
"Jun 15, 02:00 am",33927.1,0,0,0
"Jun 15, 03:00 am",-607.2,0,0,0
"Jun 15, 04:00 am",-607.2,0,0,0
"Jun 15, 05:00 am",-607.2,0,0,0
"Jun 15, 06:00 am",-607.2,0,53,0
"Jun 15, 07:00 am",-3196.19,0,354,0
"Jun 15, 08:00 am",48055.1,0,550,0
"Jun 15, 09:00 am",105248,429.339,670,0
"Jun 15, 10:00 am",102210,502.223,746,0
"Jun 15, 11:00 am",99520.5,548.07,794,0
"Jun 15, 12:00 pm",97783.2,581.475,823,0
"Jun 15, 01:00 pm",97790.5,557.139,788,0
"Jun 15, 02:00 pm",97602.3,550.444,783,0
"Jun 15, 03:00 pm",97877,521.591,760,0
"Jun 15, 04:00 pm",98457.3,480.817,720,0
"Jun 15, 05:00 pm",99458,411.247,650,0
"Jun 15, 06:00 pm",100769,304.648,534,0
"Jun 15, 07:00 pm",105057,0,332,0
"Jun 15, 08:00 pm",108538,0,23,0
"Jun 15, 09:00 pm",110315,0,0,0
"Jun 15, 10:00 pm",111229,0,0,0
"Jun 15, 11:00 pm",111581,0,0,0
"Jun 16, 12:00 am",111629,0,0,0
"Jun 16, 01:00 am",92392,0,0,0
"Jun 16, 02:00 am",-607.2,0,0,0
"Jun 16, 03:00 am",-607.2,0,0,0
"Jun 16, 04:00 am",-607.2,0,0,0
"Jun 16, 05:00 am",-607.2,0,0,0
"Jun 16, 06:00 am",-607.2,0,0,0
"Jun 16, 07:00 am",-607.2,0,0,0
"Jun 16, 08:00 am",-607.2,0,45,0
"Jun 16, 09:00 am",8700.44,0,712,0
"Jun 16, 10:00 am",98576.8,526.465,780,0
"Jun 16, 11:00 am",97279.7,567.711,821,0
"Jun 16, 12:00 pm",96290.8,595.573,842,0
"Jun 16, 01:00 pm",95771.1,605.48,853,0
"Jun 16, 02:00 pm",95791.9,593.395,841,0
"Jun 16, 03:00 pm",98976.1,328.251,492,0
"Jun 16, 04:00 pm",98934.6,345.716,528,0
"Jun 16, 05:00 pm",98253,443.814,697,0
"Jun 16, 06:00 pm",99641.5,335.54,582,0
"Jun 16, 07:00 pm",101156,158.133,381,0
"Jun 16, 08:00 pm",104753,0,43,0
"Jun 16, 09:00 pm",107359,0,0,0
"Jun 16, 10:00 pm",109149,0,0,0
"Jun 16, 11:00 pm",110358,0,0,0
"Jun 17, 12:00 am",110787,0,0,0
"Jun 17, 01:00 am",86277.3,0,0,0
"Jun 17, 02:00 am",-607.2,0,0,0
"Jun 17, 03:00 am",-607.2,0,0,0
"Jun 17, 04:00 am",-607.2,0,0,0
"Jun 17, 05:00 am",-607.2,0,0,0
"Jun 17, 06:00 am",-607.2,0,0,0
"Jun 17, 07:00 am",-607.2,0,68,0
"Jun 17, 08:00 am",885.725,0,633,0
"Jun 17, 09:00 am",100031,473.245,735,0
"Jun 17, 10:00 am",98155,537.017,796,0
"Jun 17, 11:00 am",97025.9,577.211,836,0
"Jun 17, 12:00 pm",96106.3,604.82,857,0
"Jun 17, 01:00 pm",95379.7,627.049,885,0
"Jun 17, 02:00 pm",95345.6,620.153,880,0
"Jun 17, 03:00 pm",95847.3,593.57,862,0
"Jun 17, 04:00 pm",96842.1,543.181,810,0
"Jun 17, 05:00 pm",98070.1,474.626,745,0
"Jun 17, 06:00 pm",99650.2,369.435,638,0
"Jun 17, 07:00 pm",101592,187.835,442,0
"Jun 17, 08:00 pm",107456,0,71,0
"Jun 17, 09:00 pm",109804,0,0,0
"Jun 17, 10:00 pm",111226,0,0,0
"Jun 17, 11:00 pm",112152,0,0,0
"Jun 18, 12:00 am",112429,0,0,0
"Jun 18, 01:00 am",112741,0,0,0
"Jun 18, 02:00 am",112845,0,0,0
"Jun 18, 03:00 am",113076,0,0,0
"Jun 18, 04:00 am",35832.1,0,0,0
"Jun 18, 05:00 am",-607.2,0,0,0
"Jun 18, 06:00 am",-607.2,0,135,0
"Jun 18, 07:00 am",-3746.17,0,502,0
"Jun 18, 08:00 am",76875.1,407.124,686,0
"Jun 18, 09:00 am",100645,506.696,785,0
"Jun 18, 10:00 am",97704.9,570.924,844,0
"Jun 18, 11:00 am",100231,278.364,423,0
"Jun 18, 12:00 pm",99647.8,302.279,447,0
"Jun 18, 01:00 pm",95604.5,609.083,860,0
"Jun 18, 02:00 pm",95730.2,596.465,848,0
"Jun 18, 03:00 pm",96325.6,565.313,824,0
"Jun 18, 04:00 pm",97245,522.607,783,0
"Jun 18, 05:00 pm",98542.7,452.042,714,0
"Jun 18, 06:00 pm",100130,344.647,601,0
"Jun 18, 07:00 pm",102022,166.439,400,0
"Jun 18, 08:00 pm",107670,0,49,0
"Jun 18, 09:00 pm",109979,0,0,0
"Jun 18, 10:00 pm",111218,0,0,0
"Jun 18, 11:00 pm",112246,0,0,0
"Jun 19, 12:00 am",112603,0,0,0
"Jun 19, 01:00 am",113282,0,0,0
"Jun 19, 02:00 am",18702.3,0,0,0
"Jun 19, 03:00 am",-607.2,0,0,0
"Jun 19, 04:00 am",-607.2,0,0,0
"Jun 19, 05:00 am",-607.2,0,0,0
"Jun 19, 06:00 am",-607.2,0,82,0
"Jun 19, 07:00 am",-3460.74,0,413,0
"Jun 19, 08:00 am",18775.5,189.548,346,0
"Jun 19, 09:00 am",91619.4,257.78,422,0
"Jun 19, 10:00 am",98230.2,558.193,828,0
"Jun 19, 11:00 am",97169.1,590.542,856,0
"Jun 19, 12:00 pm",96726,603.792,857,0
"Jun 19, 01:00 pm",96825.2,604.306,855,0
"Jun 19, 02:00 pm",102935,0,0,0
"Jun 19, 03:00 pm",103215,0,0,0
"Jun 19, 04:00 pm",101253,0,196,0
"Jun 19, 05:00 pm",100511,0,552,0
"Jun 19, 06:00 pm",101458,310.39,543,0
"Jun 19, 07:00 pm",106326,0,331,0
"Jun 19, 08:00 pm",5621.68,0,25,0
"Jun 19, 09:00 pm",-607.2,0,0,0
"Jun 19, 10:00 pm",-607.2,0,0,0
"Jun 19, 11:00 pm",-607.2,0,0,0
"Jun 20, 12:00 am",-607.2,0,0,0
"Jun 20, 01:00 am",-607.2,0,0,0
"Jun 20, 02:00 am",-607.2,0,0,0
"Jun 20, 03:00 am",-607.2,0,0,0
"Jun 20, 04:00 am",-607.2,0,0,0
"Jun 20, 05:00 am",-607.2,0,0,0
"Jun 20, 06:00 am",-607.2,0,76,0
"Jun 20, 07:00 am",-3433.76,0,406,0
"Jun 20, 08:00 am",58112.6,348.911,599,0
"Jun 20, 09:00 am",103011,452.625,710,0
"Jun 20, 10:00 am",99069.5,520.363,777,0
"Jun 20, 11:00 am",97830.4,560.315,816,0
"Jun 20, 12:00 pm",96930.3,588.396,837,0
"Jun 20, 01:00 pm",96587.9,593.231,841,0
"Jun 20, 02:00 pm",96707.8,582.222,830,0
"Jun 20, 03:00 pm",97256.6,552.065,806,0
"Jun 20, 04:00 pm",98083.9,508.496,763,0
"Jun 20, 05:00 pm",99219.4,441.504,698,0
"Jun 20, 06:00 pm",100661,336.977,588,0
"Jun 20, 07:00 pm",103660,162.387,391,0
"Jun 20, 08:00 pm",108735,0,49,0
"Jun 20, 09:00 pm",110888,0,0,0
"Jun 20, 10:00 pm",111959,0,0,0
"Jun 20, 11:00 pm",112721,0,0,0
"Jun 21, 12:00 am",113009,0,0,0
"Jun 21, 01:00 am",113525,0,0,0
"Jun 21, 02:00 am",113663,0,0,0
"Jun 21, 03:00 am",31888.3,0,0,0
"Jun 21, 04:00 am",-607.2,0,0,0
"Jun 21, 05:00 am",-607.2,0,0,0
"Jun 21, 06:00 am",-607.2,0,100,0
"Jun 21, 07:00 am",-3526.84,0,436,0
"Jun 21, 08:00 am",-818.16,0,0,0
"Jun 21, 09:00 am",10137.8,0,734,0
"Jun 21, 10:00 am",102811,537.481,800,0
"Jun 21, 11:00 am",100501,574.459,835,0
"Jun 21, 12:00 pm",98897.7,596.089,848,0
"Jun 21, 01:00 pm",97644.4,626.062,887,0
"Jun 21, 02:00 pm",98033,613.317,875,0
"Jun 21, 03:00 pm",99320.7,584.413,854,0
"Jun 21, 04:00 pm",100732,548.712,822,0
"Jun 21, 05:00 pm",102563,490.085,771,0
"Jun 21, 06:00 pm",104979,395.631,682,0
"Jun 21, 07:00 pm",107850,221.108,509,0
"Jun 21, 08:00 pm",111912,0,133,0
"Jun 21, 09:00 pm",113267,0,0,0
"Jun 21, 10:00 pm",113938,0,0,0
"Jun 21, 11:00 pm",114390,0,0,0
"Jun 22, 12:00 am",114569,0,0,0
"Jun 22, 01:00 am",114963,0,0,0
"Jun 22, 02:00 am",115072,0,0,0
"Jun 22, 03:00 am",115055,0,0,0
"Jun 22, 04:00 am",8851.43,0,0,0
"Jun 22, 05:00 am",-607.2,0,0,0
"Jun 22, 06:00 am",-607.2,0,163,0
"Jun 22, 07:00 am",-3841.18,0,532,0
"Jun 22, 08:00 am",84829.7,424.173,713,0
"Jun 22, 09:00 am",105567,528.125,816,0
"Jun 22, 10:00 am",108013,0,0,0
"Jun 22, 11:00 am",43367.7,0,911,0
"Jun 22, 12:00 pm",97220.6,663.174,935,0
"Jun 22, 01:00 pm",96405.8,654.115,921,0
"Jun 22, 02:00 pm",96348.2,650.328,921,0
"Jun 22, 03:00 pm",96848.9,628.312,911,0
"Jun 22, 04:00 pm",97924.7,580.287,864,0
"Jun 22, 05:00 pm",99742.7,519.39,813,0
"Jun 22, 06:00 pm",102794,419.13,719,0
"Jun 22, 07:00 pm",106931,235.642,538,0
"Jun 22, 08:00 pm",111955,0,139,0
"Jun 22, 09:00 pm",113614,0,0,0
"Jun 22, 10:00 pm",114316,0,0,0
"Jun 22, 11:00 pm",114747,0,0,0
"Jun 23, 12:00 am",114867,0,0,0
"Jun 23, 01:00 am",114966,0,0,0
"Jun 23, 02:00 am",114952,0,0,0
"Jun 23, 03:00 am",83654,0,0,0
"Jun 23, 04:00 am",-607.2,0,0,0
"Jun 23, 05:00 am",-607.2,0,0,0
"Jun 23, 06:00 am",-607.2,0,183,0
"Jun 23, 07:00 am",-3843.77,0,534,0
"Jun 23, 08:00 am",84609.2,408.775,689,0
"Jun 23, 09:00 am",104595,492.179,763,0
"Jun 23, 10:00 am",101373,539.757,799,0
"Jun 23, 11:00 am",98785.2,560.239,811,0
"Jun 23, 12:00 pm",97894.2,570.767,809,0
"Jun 23, 01:00 pm",97519.5,572.917,810,0
"Jun 23, 02:00 pm",97393.7,566.183,805,0
"Jun 23, 03:00 pm",97746.4,535.868,781,0
"Jun 23, 04:00 pm",98377.8,491.279,736,0
"Jun 23, 05:00 pm",99410.8,418.604,662,0
"Jun 23, 06:00 pm",100715,312.475,546,0
"Jun 23, 07:00 pm",105662,0,337,0
"Jun 23, 08:00 pm",109085,0,19,0
"Jun 23, 09:00 pm",110206,0,0,0
"Jun 23, 10:00 pm",110701,0,0,0
"Jun 23, 11:00 pm",111167,0,0,0
"Jun 24, 12:00 am",111315,0,0,0
"Jun 24, 01:00 am",111904,0,0,0
"Jun 24, 02:00 am",74079.2,0,0,0
"Jun 24, 03:00 am",-607.2,0,0,0
"Jun 24, 04:00 am",-607.2,0,0,0
"Jun 24, 05:00 am",-607.2,0,0,0
"Jun 24, 06:00 am",-607.2,0,0,0
"Jun 24, 07:00 am",-607.2,0,0,0
"Jun 24, 08:00 am",-1635.54,0,100,0
"Jun 24, 09:00 am",-1672.27,0,122,0
"Jun 24, 10:00 am",25440.6,0,599,0
"Jun 24, 11:00 am",99204.9,450.012,659,0
"Jun 24, 12:00 pm",98409.5,477.472,682,0
"Jun 24, 01:00 pm",98115,478.009,681,0
"Jun 24, 02:00 pm",98182.7,467.742,671,0
"Jun 24, 03:00 pm",98651,434.4,641,0
"Jun 24, 04:00 pm",99519.5,371.456,569,0
"Jun 24, 05:00 pm",100464,306.75,502,0
"Jun 24, 06:00 pm",101391,208.809,389,0
"Jun 24, 07:00 pm",105726,0,197,0
"Jun 24, 08:00 pm",107888,0,0,0
"Jun 24, 09:00 pm",109046,0,0,0
"Jun 24, 10:00 pm",17622.9,0,0,0
"Jun 24, 11:00 pm",-607.2,0,0,0
"Jun 25, 12:00 am",-607.2,0,0,0
"Jun 25, 01:00 am",-607.2,0,0,0
"Jun 25, 02:00 am",-607.2,0,0,0
"Jun 25, 03:00 am",-607.2,0,0,0
"Jun 25, 04:00 am",-607.2,0,0,0
"Jun 25, 05:00 am",-607.2,0,0,0
"Jun 25, 06:00 am",-607.2,0,5,0
"Jun 25, 07:00 am",-2040.45,0,185,0
"Jun 25, 08:00 am",-3500.02,0,381,0
"Jun 25, 09:00 am",92707.8,312.414,499,0
"Jun 25, 10:00 am",359.406,0,0,0
"Jun 25, 11:00 am",-4324.09,0,471,0
"Jun 25, 12:00 pm",-1926.36,0,131,0
"Jun 25, 01:00 pm",-2442.79,0,220,0
"Jun 25, 02:00 pm",-2889.45,0,223,0
"Jun 25, 03:00 pm",39147.3,0,680,0
"Jun 25, 04:00 pm",99813.4,432.915,654,0
"Jun 25, 05:00 pm",100694,361.034,577,0
"Jun 25, 06:00 pm",102082,262.804,467,0
"Jun 25, 07:00 pm",104936,0,288,0
"Jun 25, 08:00 pm",9141.93,0,24,0
"Jun 25, 09:00 pm",-607.2,0,0,0
"Jun 25, 10:00 pm",-607.2,0,0,0
"Jun 25, 11:00 pm",-607.2,0,0,0
"Jun 26, 12:00 am",-607.2,0,0,0
"Jun 26, 01:00 am",-607.2,0,0,0
"Jun 26, 02:00 am",-607.2,0,0,0
"Jun 26, 03:00 am",-607.2,0,0,0
"Jun 26, 04:00 am",-607.2,0,0,0
"Jun 26, 05:00 am",-607.2,0,0,0
"Jun 26, 06:00 am",-607.2,0,171,0
"Jun 26, 07:00 am",-3934.09,0,565,0
"Jun 26, 08:00 am",89242.3,442.771,745,0
"Jun 26, 09:00 am",103496,545.822,844,0
"Jun 26, 10:00 am",100945,593.888,878,0
"Jun 26, 11:00 am",98590.1,636.344,919,0
"Jun 26, 12:00 pm",96640.8,665.781,941,0
"Jun 26, 01:00 pm",95797,679.625,958,0
"Jun 26, 02:00 pm",95927.6,673.785,955,0
"Jun 26, 03:00 pm",96654.4,646.203,938,0
"Jun 26, 04:00 pm",98995,564.127,843,0
"Jun 26, 05:00 pm",102932,504.386,792,0
"Jun 26, 06:00 pm",104454,406.319,699,0
"Jun 26, 07:00 pm",106967,226.627,519,0
"Jun 26, 08:00 pm",111295,0,124,0
"Jun 26, 09:00 pm",112887,0,0,0
"Jun 26, 10:00 pm",113579,0,0,0
"Jun 26, 11:00 pm",114051,0,0,0
"Jun 27, 12:00 am",114155,0,0,0
"Jun 27, 01:00 am",114590,0,0,0
"Jun 27, 02:00 am",114849,0,0,0
"Jun 27, 03:00 am",115026,0,0,0
"Jun 27, 04:00 am",115169,0,0,0
"Jun 27, 05:00 am",28631,0,0,0
"Jun 27, 06:00 am",-607.2,0,176,0
"Jun 27, 07:00 am",-3874.87,0,552,0
"Jun 27, 08:00 am",-818.16,0,0,0
"Jun 27, 09:00 am",-607.2,0,17,0
"Jun 27, 10:00 am",-3386.55,0,282,0
"Jun 27, 11:00 am",52697,318.542,481,0
"Jun 27, 12:00 pm",99571.6,668.914,946,0
"Jun 27, 01:00 pm",98662.4,662.012,935,0
"Jun 27, 02:00 pm",98347.1,654.399,930,0
"Jun 27, 03:00 pm",98831.8,628.953,916,0
"Jun 27, 04:00 pm",100123,584.245,874,0
"Jun 27, 05:00 pm",102050,520.443,819,0
"Jun 27, 06:00 pm",104635,421.694,728,0
"Jun 27, 07:00 pm",107619,240.346,553,0
"Jun 27, 08:00 pm",111479,0,175,0
"Jun 27, 09:00 pm",112766,0,0,0
"Jun 27, 10:00 pm",113586,0,0,0
"Jun 27, 11:00 pm",114251,0,0,0
"Jun 28, 12:00 am",114468,0,0,0
"Jun 28, 01:00 am",115036,0,0,0
"Jun 28, 02:00 am",115220,0,0,0
"Jun 28, 03:00 am",4020.33,0,0,0
"Jun 28, 04:00 am",-607.2,0,0,0
"Jun 28, 05:00 am",-607.2,0,0,0
"Jun 28, 06:00 am",-607.2,0,250,0
"Jun 28, 07:00 am",-4037.67,0,599,0
"Jun 28, 08:00 am",97083.4,446.256,756,0
"Jun 28, 09:00 am",107665,539.871,841,0
"Jun 28, 10:00 am",110699,0,79,0
"Jun 28, 11:00 am",26536.2,0,91,0
"Jun 28, 12:00 pm",-818.16,0,13,0
"Jun 28, 01:00 pm",-607.2,0,46,0
"Jun 28, 02:00 pm",-3082.95,0,250,0
"Jun 28, 03:00 pm",-3189.59,0,269,0
"Jun 28, 04:00 pm",102100,567.911,855,0
"Jun 28, 05:00 pm",104225,507.462,803,0
"Jun 28, 06:00 pm",107095,335.823,593,0
"Jun 28, 07:00 pm",108865,246.882,567,0
"Jun 28, 08:00 pm",111987,0,201,0
"Jun 28, 09:00 pm",69456.1,0,0,0
"Jun 28, 10:00 pm",-607.2,0,0,0
"Jun 28, 11:00 pm",-607.2,0,0,0
"Jun 29, 12:00 am",-607.2,0,0,0
"Jun 29, 01:00 am",-607.2,0,0,0
"Jun 29, 02:00 am",-607.2,0,0,0
"Jun 29, 03:00 am",-607.2,0,0,0
"Jun 29, 04:00 am",-607.2,0,0,0
"Jun 29, 05:00 am",-607.2,0,0,0
"Jun 29, 06:00 am",-607.2,0,247,0
"Jun 29, 07:00 am",-4101.58,0,624,0
"Jun 29, 08:00 am",100625,466.161,791,0
"Jun 29, 09:00 am",108954,563.789,877,0
"Jun 29, 10:00 am",106606,625.639,928,0
"Jun 29, 11:00 am",104687,658.83,955,0
"Jun 29, 12:00 pm",103019,683.135,969,0
"Jun 29, 01:00 pm",102499,671.02,950,0
"Jun 29, 02:00 pm",102023,667.549,950,0
"Jun 29, 03:00 pm",102543,642.296,936,0
"Jun 29, 04:00 pm",105776,481.198,730,0
"Jun 29, 05:00 pm",108293,524.315,827,0
"Jun 29, 06:00 pm",109456,430.34,745,0
"Jun 29, 07:00 pm",110911,251.584,580,0
"Jun 29, 08:00 pm",114199,0,206,0
"Jun 29, 09:00 pm",115067,0,0,0
"Jun 29, 10:00 pm",115475,0,0,0
"Jun 29, 11:00 pm",115813,0,0,0
"Jun 30, 12:00 am",115942,0,0,0
"Jun 30, 01:00 am",116263,0,0,0
"Jun 30, 02:00 am",116355,0,0,0
"Jun 30, 03:00 am",116411,0,0,0
"Jun 30, 04:00 am",116388,0,0,0
"Jun 30, 05:00 am",39607.6,0,0,0
"Jun 30, 06:00 am",-607.2,0,257,0
"Jun 30, 07:00 am",-4111.2,0,629,0
"Jun 30, 08:00 am",101080,464.141,791,0
"Jun 30, 09:00 am",109202,561.737,877,0
"Jun 30, 10:00 am",106946,624.359,928,0
"Jun 30, 11:00 am",105002,660.871,958,0
"Jun 30, 12:00 pm",103288,685.554,971,0
"Jun 30, 01:00 pm",102528,680.799,961,0
"Jun 30, 02:00 pm",102116,675.582,958,0
"Jun 30, 03:00 pm",102460,648.557,941,0
"Jun 30, 04:00 pm",106072,613.157,912,0
"Jun 30, 05:00 pm",107767,550.048,859,0
"Jun 30, 06:00 pm",108478,452.862,773,0
"Jun 30, 07:00 pm",109949,271.883,608,0
"Jun 30, 08:00 pm",113951,0,233,0
"Jun 30, 09:00 pm",114761,0,0,0
"Jun 30, 10:00 pm",114989,0,0,0
"Jun 30, 11:00 pm",115237,0,0,0
"Jul 1, 12:00 am",115351,0,0,0
"Jul 1, 01:00 am",115682,0,0,0
"Jul 1, 02:00 am",115839,0,0,0
"Jul 1, 03:00 am",115935,0,0,0
"Jul 1, 04:00 am",115984,0,0,0
"Jul 1, 05:00 am",47650.9,0,0,0
"Jul 1, 06:00 am",-607.2,0,290,0
"Jul 1, 07:00 am",-4187.92,0,650,0
"Jul 1, 08:00 am",101211,471.998,802,0
"Jul 1, 09:00 am",105838,567.109,882,0
"Jul 1, 10:00 am",103085,627.429,929,0
"Jul 1, 11:00 am",100935,661.699,956,0
"Jul 1, 12:00 pm",99155.6,684.707,967,0
"Jul 1, 01:00 pm",98434.9,678.555,955,0
"Jul 1, 02:00 pm",97904.3,672.077,950,0
"Jul 1, 03:00 pm",98426.2,646.95,935,0
"Jul 1, 04:00 pm",102391,600.496,890,0
"Jul 1, 05:00 pm",104147,538.65,838,0
"Jul 1, 06:00 pm",105132,439.36,747,0
"Jul 1, 07:00 pm",107489,257.965,577,0
"Jul 1, 08:00 pm",111973,0,189,0
"Jul 1, 09:00 pm",113168,0,0,0
"Jul 1, 10:00 pm",113920,0,0,0
"Jul 1, 11:00 pm",114629,0,0,0
"Jul 2, 12:00 am",114896,0,0,0
"Jul 2, 01:00 am",115471,0,0,0
"Jul 2, 02:00 am",115738,0,0,0
"Jul 2, 03:00 am",115897,0,0,0
"Jul 2, 04:00 am",115948,0,0,0
"Jul 2, 05:00 am",42031.5,0,0,0
"Jul 2, 06:00 am",-607.2,0,282,0
"Jul 2, 07:00 am",-4192.31,0,649,0
"Jul 2, 08:00 am",100073,475.174,805,0
"Jul 2, 09:00 am",104021,570.204,887,0
"Jul 2, 10:00 am",101031,630.165,935,0
"Jul 2, 11:00 am",98470.8,665.628,964,0
"Jul 2, 12:00 pm",96249,691.756,979,0
"Jul 2, 01:00 pm",95646.2,683.558,964,0
"Jul 2, 02:00 pm",95588.4,678.277,960,0
"Jul 2, 03:00 pm",96166.6,652.413,944,0
"Jul 2, 04:00 pm",100528,615.235,912,0
"Jul 2, 05:00 pm",101354,553.442,861,0
"Jul 2, 06:00 pm",102288,456.829,776,0
"Jul 2, 07:00 pm",105341,275.364,613,0
"Jul 2, 08:00 pm",110916,0,229,0
"Jul 2, 09:00 pm",112746,0,0,0
"Jul 2, 10:00 pm",113763,0,0,0
"Jul 2, 11:00 pm",114585,0,0,0
"Jul 3, 12:00 am",114858,0,0,0
"Jul 3, 01:00 am",115254,0,0,0
"Jul 3, 02:00 am",115384,0,0,0
"Jul 3, 03:00 am",115447,0,0,0
"Jul 3, 04:00 am",115501,0,0,0
"Jul 3, 05:00 am",49604.3,0,0,0
"Jul 3, 06:00 am",-607.2,0,231,0
"Jul 3, 07:00 am",-4048.87,0,608,0
"Jul 3, 08:00 am",95398.6,454.249,770,0
"Jul 3, 09:00 am",103576,550.813,857,0
"Jul 3, 10:00 am",99961.8,613.313,910,0
"Jul 3, 11:00 am",97233.1,649.653,941,0
"Jul 3, 12:00 pm",95668.4,677.176,959,0
"Jul 3, 01:00 pm",95218.5,683.373,964,0
"Jul 3, 02:00 pm",95322,674.573,956,0
"Jul 3, 03:00 pm",96035.5,645.757,936,0
"Jul 3, 04:00 pm",99111.8,568.267,847,0
"Jul 3, 05:00 pm",101252,498.279,781,0
"Jul 3, 06:00 pm",102346,392.887,676,0
"Jul 3, 07:00 pm",105706,210.191,484,0
"Jul 3, 08:00 pm",110992,0,92,0
"Jul 3, 09:00 pm",112932,0,0,0
"Jul 3, 10:00 pm",113975,0,0,0
"Jul 3, 11:00 pm",114631,0,0,0
"Jul 4, 12:00 am",114855,0,0,0
"Jul 4, 01:00 am",115250,0,0,0
"Jul 4, 02:00 am",115412,0,0,0
"Jul 4, 03:00 am",115500,0,0,0
"Jul 4, 04:00 am",115537,0,0,0
"Jul 4, 05:00 am",21712.4,0,0,0
"Jul 4, 06:00 am",-607.2,0,162,0
"Jul 4, 07:00 am",-3847.86,0,554,0
"Jul 4, 08:00 am",84918.4,427.296,728,0
"Jul 4, 09:00 am",104629,526.823,821,0
"Jul 4, 10:00 am",101153,586.821,871,0
"Jul 4, 11:00 am",98317.2,619.893,898,0
"Jul 4, 12:00 pm",96665.7,638.94,906,0
"Jul 4, 01:00 pm",96469.3,637.583,902,0
"Jul 4, 02:00 pm",96687.3,624.144,888,0
"Jul 4, 03:00 pm",97437.8,590.525,861,0
"Jul 4, 04:00 pm",98343,551.748,826,0
"Jul 4, 05:00 pm",100342,474.769,749,0
"Jul 4, 06:00 pm",103718,361.19,628,0
"Jul 4, 07:00 pm",106588,175.041,417,0
"Jul 4, 08:00 pm",110912,0,52,0
"Jul 4, 09:00 pm",112486,0,0,0
"Jul 4, 10:00 pm",113426,0,0,0
"Jul 4, 11:00 pm",113988,0,0,0
"Jul 5, 12:00 am",114251,0,0,0
"Jul 5, 01:00 am",114715,0,0,0
"Jul 5, 02:00 am",114906,0,0,0
"Jul 5, 03:00 am",115023,0,0,0
"Jul 5, 04:00 am",115047,0,0,0
"Jul 5, 05:00 am",9852.21,0,0,0
"Jul 5, 06:00 am",-607.2,0,66,0
"Jul 5, 07:00 am",-3460.25,0,428,0
"Jul 5, 08:00 am",61697.9,366.8,631,0
"Jul 5, 09:00 am",107411,478.101,748,0
"Jul 5, 10:00 am",107324,356.731,546,0
"Jul 5, 11:00 am",105907,369.442,553,0
"Jul 5, 12:00 pm",101880,596.831,851,0
"Jul 5, 01:00 pm",101164,605.669,861,0
"Jul 5, 02:00 pm",101532,586.436,839,0
"Jul 5, 03:00 pm",102722,537.412,789,0
"Jul 5, 04:00 pm",104752,427.357,650,0
"Jul 5, 05:00 pm",107263,159.04,282,0
"Jul 5, 06:00 pm",108291,245.3,442,0
"Jul 5, 07:00 pm",112020,0,208,0
"Jul 5, 08:00 pm",113493,0,4,0
"Jul 5, 09:00 pm",114295,0,0,0
"Jul 5, 10:00 pm",114654,0,0,0
"Jul 5, 11:00 pm",114808,0,0,0
"Jul 6, 12:00 am",11088,0,0,0
"Jul 6, 01:00 am",-607.2,0,0,0
"Jul 6, 02:00 am",-607.2,0,0,0
"Jul 6, 03:00 am",-607.2,0,0,0
"Jul 6, 04:00 am",-607.2,0,0,0
"Jul 6, 05:00 am",-607.2,0,0,0
"Jul 6, 06:00 am",-607.2,0,0,0
"Jul 6, 07:00 am",-607.2,0,0,0
"Jul 6, 08:00 am",-607.2,0,0,0
"Jul 6, 09:00 am",-2053.62,0,143,0
"Jul 6, 10:00 am",-2364.45,0,251,0
"Jul 6, 11:00 am",-4027.64,0,419,0
"Jul 6, 12:00 pm",-818.16,0,136,0
"Jul 6, 01:00 pm",-3457.94,0,291,0
"Jul 6, 02:00 pm",55144.9,634.664,904,0
"Jul 6, 03:00 pm",101866,616.567,898,0
"Jul 6, 04:00 pm",102937,578.807,864,0
"Jul 6, 05:00 pm",104399,525.688,823,0
"Jul 6, 06:00 pm",106643,430.1,736,0
"Jul 6, 07:00 pm",109433,249.89,565,0
"Jul 6, 08:00 pm",112801,0,181,0
"Jul 6, 09:00 pm",113831,0,0,0
"Jul 6, 10:00 pm",114248,0,0,0
"Jul 6, 11:00 pm",114496,0,0,0
"Jul 7, 12:00 am",33696.7,0,0,0
"Jul 7, 01:00 am",-607.2,0,0,0
"Jul 7, 02:00 am",-607.2,0,0,0
"Jul 7, 03:00 am",-607.2,0,0,0
"Jul 7, 04:00 am",-607.2,0,0,0
"Jul 7, 05:00 am",-607.2,0,0,0
"Jul 7, 06:00 am",-607.2,0,162,0
"Jul 7, 07:00 am",-3821.28,0,548,0
"Jul 7, 08:00 am",84678.1,427.324,725,0
"Jul 7, 09:00 am",107124,529.921,822,0
"Jul 7, 10:00 am",104847,594.487,879,0
"Jul 7, 11:00 am",102974,633.259,915,0
"Jul 7, 12:00 pm",101367,658.968,933,0
"Jul 7, 01:00 pm",100727,656.361,927,0
"Jul 7, 02:00 pm",100365,652.516,926,0
"Jul 7, 03:00 pm",100695,629.833,914,0
"Jul 7, 04:00 pm",101519,593.523,883,0
"Jul 7, 05:00 pm",105007,534.179,834,0
"Jul 7, 06:00 pm",106370,436.446,745,0
"Jul 7, 07:00 pm",108268,253.884,572,0
"Jul 7, 08:00 pm",112470,0,185,0
"Jul 7, 09:00 pm",113474,0,0,0
"Jul 7, 10:00 pm",113822,0,0,0
"Jul 7, 11:00 pm",114045,0,0,0
"Jul 8, 12:00 am",114156,0,0,0
"Jul 8, 01:00 am",114615,0,0,0
"Jul 8, 02:00 am",114888,0,0,0
"Jul 8, 03:00 am",115043,0,0,0
"Jul 8, 04:00 am",115145,0,0,0
"Jul 8, 05:00 am",39986.3,0,0,0
"Jul 8, 06:00 am",-607.2,0,87,0
"Jul 8, 07:00 am",-3510.47,0,448,0
"Jul 8, 08:00 am",64772.4,369.984,635,0
"Jul 8, 09:00 am",106631,471.282,737,0
"Jul 8, 10:00 am",104390,531.766,792,0
"Jul 8, 11:00 am",102385,563.802,820,0
"Jul 8, 12:00 pm",100889,580.353,827,0
"Jul 8, 01:00 pm",99241.3,618.967,877,0
"Jul 8, 02:00 pm",98902.1,611.363,871,0
"Jul 8, 03:00 pm",99442.6,583.279,850,0
"Jul 8, 04:00 pm",100424,543.023,812,0
"Jul 8, 05:00 pm",102237,469.752,739,0
"Jul 8, 06:00 pm",104580,359.116,622,0
"Jul 8, 07:00 pm",107442,175.224,416,0
"Jul 8, 08:00 pm",111572,0,62,0
"Jul 8, 09:00 pm",113045,0,0,0
"Jul 8, 10:00 pm",113690,0,0,0
"Jul 8, 11:00 pm",113966,0,0,0
"Jul 9, 12:00 am",114020,0,0,0
"Jul 9, 01:00 am",114301,0,0,0
"Jul 9, 02:00 am",114404,0,0,0
"Jul 9, 03:00 am",114489,0,0,0
"Jul 9, 04:00 am",4354.75,0,0,0
"Jul 9, 05:00 am",-607.2,0,0,0
"Jul 9, 06:00 am",-607.2,0,63,0
"Jul 9, 07:00 am",-3448.48,0,426,0
"Jul 9, 08:00 am",-818.16,0,0,0
"Jul 9, 09:00 am",-607.2,0,0,0
"Jul 9, 10:00 am",14128.2,0,806,0
"Jul 9, 11:00 am",100506,585.227,848,0
"Jul 9, 12:00 pm",98544.5,613.918,871,0
"Jul 9, 01:00 pm",96925.1,638.713,902,0
"Jul 9, 02:00 pm",96843.2,632.044,897,0
"Jul 9, 03:00 pm",97317.5,607.087,881,0
"Jul 9, 04:00 pm",98017.2,570.942,850,0
"Jul 9, 05:00 pm",99244.9,508.588,796,0
"Jul 9, 06:00 pm",101914,406.895,699,0
"Jul 9, 07:00 pm",105620,227.661,523,0
"Jul 9, 08:00 pm",110519,0,138,0
"Jul 9, 09:00 pm",112257,0,0,0
"Jul 9, 10:00 pm",113033,0,0,0
"Jul 9, 11:00 pm",113558,0,0,0
"Jul 10, 12:00 am",113723,0,0,0
"Jul 10, 01:00 am",114447,0,0,0
"Jul 10, 02:00 am",114786,0,0,0
"Jul 10, 03:00 am",113672,0,0,0
"Jul 10, 04:00 am",-607.2,0,0,0
"Jul 10, 05:00 am",-607.2,0,0,0
"Jul 10, 06:00 am",-607.2,0,187,0
"Jul 10, 07:00 am",-3914.13,0,584,0
"Jul 10, 08:00 am",88768.4,448.429,761,0
"Jul 10, 09:00 am",104342,550.182,852,0
"Jul 10, 10:00 am",100584,615.925,909,0
"Jul 10, 11:00 am",97792.2,652.481,941,0
"Jul 10, 12:00 pm",95746.6,679.894,961,0
"Jul 10, 01:00 pm",95564.4,677.406,955,0
"Jul 10, 02:00 pm",95418.2,677.182,959,0
"Jul 10, 03:00 pm",95953,655.19,948,0
"Jul 10, 04:00 pm",99414.2,605.079,898,0
"Jul 10, 05:00 pm",101300,544.507,848,0
"Jul 10, 06:00 pm",102179,450.191,766,0
"Jul 10, 07:00 pm",105475,265.586,598,0
"Jul 10, 08:00 pm",111099,0,199,0
"Jul 10, 09:00 pm",112581,0,0,0
"Jul 10, 10:00 pm",113279,0,0,0
"Jul 10, 11:00 pm",113798,0,0,0
"Jul 11, 12:00 am",113970,0,0,0
"Jul 11, 01:00 am",114510,0,0,0
"Jul 11, 02:00 am",114843,0,0,0
"Jul 11, 03:00 am",115085,0,0,0
"Jul 11, 04:00 am",115198,0,0,0
"Jul 11, 05:00 am",45186.5,0,0,0
"Jul 11, 06:00 am",-607.2,0,171,0
"Jul 11, 07:00 am",-3893.16,0,578,0
"Jul 11, 08:00 am",86223.3,440.786,749,0
"Jul 11, 09:00 am",102197,541.958,840,0
"Jul 11, 10:00 am",98350.7,602.046,889,0
"Jul 11, 11:00 am",96485.2,639.089,921,0
"Jul 11, 12:00 pm",95467.2,664.763,938,0
"Jul 11, 01:00 pm",95177.2,661.991,931,0
"Jul 11, 02:00 pm",95030.6,657.48,929,0
"Jul 11, 03:00 pm",95547.5,631.405,912,0
"Jul 11, 04:00 pm",96566.3,594.874,881,0
"Jul 11, 05:00 pm",100360,526.187,819,0
"Jul 11, 06:00 pm",100735,417.139,712,0
"Jul 11, 07:00 pm",102654,221.659,509,0
"Jul 11, 08:00 pm",108738,0,92,0
"Jul 11, 09:00 pm",110803,0,0,0
"Jul 11, 10:00 pm",111791,0,0,0
"Jul 11, 11:00 pm",112233,0,0,0
"Jul 12, 12:00 am",112326,0,0,0
"Jul 12, 01:00 am",112723,0,0,0
"Jul 12, 02:00 am",113026,0,0,0
"Jul 12, 03:00 am",113236,0,0,0
"Jul 12, 04:00 am",113395,0,0,0
"Jul 12, 05:00 am",25796.6,0,0,0
"Jul 12, 06:00 am",-607.2,0,13,0
"Jul 12, 07:00 am",-2811.89,0,320,0
"Jul 12, 08:00 am",36007.3,0,525,0
"Jul 12, 09:00 am",100996,405.07,638,0
"Jul 12, 10:00 am",99126.2,459.134,687,0
"Jul 12, 11:00 am",97970.1,498.139,726,0
"Jul 12, 12:00 pm",97067,522.244,745,0
"Jul 12, 01:00 pm",96180.6,549.381,779,0
"Jul 12, 02:00 pm",96058.8,538.588,768,0
"Jul 12, 03:00 pm",96491.5,506.794,740,0
"Jul 12, 04:00 pm",97576.2,431.053,650,0
"Jul 12, 05:00 pm",98667.9,355.572,568,0
"Jul 12, 06:00 pm",100019,239.939,430,0
"Jul 12, 07:00 pm",103256,0,214,0
"Jul 12, 08:00 pm",106129,0,2,0
"Jul 12, 09:00 pm",107955,0,0,0
"Jul 12, 10:00 pm",108669,0,0,0
"Jul 12, 11:00 pm",108829,0,0,0
"Jul 13, 12:00 am",40374.5,0,0,0
"Jul 13, 01:00 am",-607.2,0,0,0
"Jul 13, 02:00 am",-607.2,0,0,0
"Jul 13, 03:00 am",-607.2,0,0,0
"Jul 13, 04:00 am",-607.2,0,0,0
"Jul 13, 05:00 am",-607.2,0,0,0
"Jul 13, 06:00 am",-607.2,0,4,0
"Jul 13, 07:00 am",-2397.07,0,255,0
"Jul 13, 08:00 am",18929.8,0,483,0
"Jul 13, 09:00 am",100159,395.632,625,0
"Jul 13, 10:00 am",98448,481.026,720,0
"Jul 13, 11:00 am",97024.9,539.018,786,0
"Jul 13, 12:00 pm",95907.9,580.105,828,0
"Jul 13, 01:00 pm",95547.9,585.97,834,0
"Jul 13, 02:00 pm",95529,583.531,835,0
"Jul 13, 03:00 pm",96114.4,557.318,815,0
"Jul 13, 04:00 pm",97069.6,511.32,767,0
"Jul 13, 05:00 pm",98342.9,441.013,696,0
"Jul 13, 06:00 pm",99922.7,332.235,578,0
"Jul 13, 07:00 pm",103551,0,367,0
"Jul 13, 08:00 pm",107448,0,26,0
"Jul 13, 09:00 pm",109166,0,0,0
"Jul 13, 10:00 pm",110173,0,0,0
"Jul 13, 11:00 pm",110792,0,0,0
"Jul 14, 12:00 am",111004,0,0,0
"Jul 14, 01:00 am",111300,0,0,0
"Jul 14, 02:00 am",9587.49,0,0,0
"Jul 14, 03:00 am",-607.2,0,0,0
"Jul 14, 04:00 am",-607.2,0,0,0
"Jul 14, 05:00 am",-607.2,0,0,0
"Jul 14, 06:00 am",-607.2,0,30,0
"Jul 14, 07:00 am",-3303.87,0,396,0
"Jul 14, 08:00 am",48254.1,0,605,0
"Jul 14, 09:00 am",99724.2,460.32,720,0
"Jul 14, 10:00 am",98148.5,528.55,786,0
"Jul 14, 11:00 am",96962.6,567.755,824,0
"Jul 14, 12:00 pm",96048.6,593.868,845,0
"Jul 14, 01:00 pm",95759.9,594.643,844,0
"Jul 14, 02:00 pm",95876.3,585.165,836,0
"Jul 14, 03:00 pm",96528.2,556.735,814,0
"Jul 14, 04:00 pm",97530.4,513.002,771,0
"Jul 14, 05:00 pm",98920.8,441.107,699,0
"Jul 14, 06:00 pm",100514,332.749,583,0
"Jul 14, 07:00 pm",105119,0,375,0
"Jul 14, 08:00 pm",108693,0,28,0
"Jul 14, 09:00 pm",110770,0,0,0
"Jul 14, 10:00 pm",111733,0,0,0
"Jul 14, 11:00 pm",112345,0,0,0
"Jul 15, 12:00 am",112594,0,0,0
"Jul 15, 01:00 am",113092,0,0,0
"Jul 15, 02:00 am",106801,0,0,0
"Jul 15, 03:00 am",-607.2,0,0,0
"Jul 15, 04:00 am",-607.2,0,0,0
"Jul 15, 05:00 am",-607.2,0,0,0
"Jul 15, 06:00 am",-607.2,0,34,0
"Jul 15, 07:00 am",-3390.62,0,415,0
"Jul 15, 08:00 am",53524.9,362.798,627,0
"Jul 15, 09:00 am",103448,471.396,738,0
"Jul 15, 10:00 am",99644.9,539.479,803,0
"Jul 15, 11:00 am",97749,576.947,838,0
"Jul 15, 12:00 pm",96889.9,601.882,857,0
"Jul 15, 01:00 pm",96776.8,592.173,841,0
"Jul 15, 02:00 pm",96539.7,597.277,852,0
"Jul 15, 03:00 pm",97011,573.292,836,0
"Jul 15, 04:00 pm",97819.3,532.472,797,0
"Jul 15, 05:00 pm",98919.5,469.731,740,0
"Jul 15, 06:00 pm",100387,367.607,638,0
"Jul 15, 07:00 pm",103358,182.623,438,0
"Jul 15, 08:00 pm",108624,0,53,0
"Jul 15, 09:00 pm",110758,0,0,0
"Jul 15, 10:00 pm",111871,0,0,0
"Jul 15, 11:00 pm",112675,0,0,0
"Jul 16, 12:00 am",112987,0,0,0
"Jul 16, 01:00 am",113647,0,0,0
"Jul 16, 02:00 am",113874,0,0,0
"Jul 16, 03:00 am",113990,0,0,0
"Jul 16, 04:00 am",7240.52,0,0,0
"Jul 16, 05:00 am",-607.2,0,0,0
"Jul 16, 06:00 am",-607.2,0,39,0
"Jul 16, 07:00 am",-3375.86,0,411,0
"Jul 16, 08:00 am",52126.9,350.324,607,0
"Jul 16, 09:00 am",104382,453.105,710,0
"Jul 16, 10:00 am",100666,519.448,773,0
"Jul 16, 11:00 am",98084.4,560.688,813,0
"Jul 16, 12:00 pm",97024.7,589.375,837,0
"Jul 16, 01:00 pm",96683.2,585.245,828,0
"Jul 16, 02:00 pm",96603.7,573.554,816,0
"Jul 16, 03:00 pm",97062.8,538.61,784,0
"Jul 16, 04:00 pm",97866.1,488.315,731,0
"Jul 16, 05:00 pm",99035.8,408.306,646,0
"Jul 16, 06:00 pm",100449,288.567,509,0
"Jul 16, 07:00 pm",103689,0,278,0
"Jul 16, 08:00 pm",107092,0,5,0
"Jul 16, 09:00 pm",109106,0,0,0
"Jul 16, 10:00 pm",110516,0,0,0
"Jul 16, 11:00 pm",111413,0,0,0
"Jul 17, 12:00 am",111751,0,0,0
"Jul 17, 01:00 am",112414,0,0,0
"Jul 17, 02:00 am",32024.3,0,0,0
"Jul 17, 03:00 am",-607.2,0,0,0
"Jul 17, 04:00 am",-607.2,0,0,0
"Jul 17, 05:00 am",-607.2,0,0,0
"Jul 17, 06:00 am",-607.2,0,0,0
"Jul 17, 07:00 am",-1642.97,0,131,0
"Jul 17, 08:00 am",-2339.46,0,217,0
"Jul 17, 09:00 am",-1262.5,0,265,0
"Jul 17, 10:00 am",-4462.43,0,507,0
"Jul 17, 11:00 am",-823.957,0,202,0
"Jul 17, 12:00 pm",27902.3,0,415,0
"Jul 17, 01:00 pm",100426,333.941,489,0
"Jul 17, 02:00 pm",100505,278.475,416,0
"Jul 17, 03:00 pm",100433,291.424,442,0
"Jul 17, 04:00 pm",95849.5,246.314,388,0
"Jul 17, 05:00 pm",78091.5,235.938,390,0
"Jul 17, 06:00 pm",60822.8,199.927,365,0
"Jul 17, 07:00 pm",-818.16,0,172,0
"Jul 17, 08:00 pm",-607.2,0,1,0
"Jul 17, 09:00 pm",-607.2,0,0,0
"Jul 17, 10:00 pm",-607.2,0,0,0
"Jul 17, 11:00 pm",-607.2,0,0,0
"Jul 18, 12:00 am",-607.2,0,0,0
"Jul 18, 01:00 am",-607.2,0,0,0
"Jul 18, 02:00 am",-607.2,0,0,0
"Jul 18, 03:00 am",-607.2,0,0,0
"Jul 18, 04:00 am",-607.2,0,0,0
"Jul 18, 05:00 am",-607.2,0,0,0
"Jul 18, 06:00 am",-607.2,0,0,0
"Jul 18, 07:00 am",-607.2,0,2,0
"Jul 18, 08:00 am",-607.2,0,62,0
"Jul 18, 09:00 am",-4411.85,0,521,0
"Jul 18, 10:00 am",-1657.38,0,251,0
"Jul 18, 11:00 am",42475.8,0,670,0
"Jul 18, 12:00 pm",98800.7,496.235,713,0
"Jul 18, 01:00 pm",100078,333.856,492,0
"Jul 18, 02:00 pm",98255.8,498.534,720,0
"Jul 18, 03:00 pm",100190,239.646,377,0
"Jul 18, 04:00 pm",99758.6,399.751,613,0
"Jul 18, 05:00 pm",100834,324.186,529,0
"Jul 18, 06:00 pm",102468,212.909,395,0
"Jul 18, 07:00 pm",105696,0,187,0
"Jul 18, 08:00 pm",107899,0,1,0
"Jul 18, 09:00 pm",8675.55,0,0,0
"Jul 18, 10:00 pm",-607.2,0,0,0
"Jul 18, 11:00 pm",-607.2,0,0,0
"Jul 19, 12:00 am",-607.2,0,0,0
"Jul 19, 01:00 am",-607.2,0,0,0
"Jul 19, 02:00 am",-607.2,0,0,0
"Jul 19, 03:00 am",-607.2,0,0,0
"Jul 19, 04:00 am",-607.2,0,0,0
"Jul 19, 05:00 am",-607.2,0,0,0
"Jul 19, 06:00 am",-607.2,0,28,0
"Jul 19, 07:00 am",-3430.17,0,440,0
"Jul 19, 08:00 am",58626.6,388.124,670,0
"Jul 19, 09:00 am",104760,506.303,790,0
"Jul 19, 10:00 am",101498,579.015,859,0
"Jul 19, 11:00 am",98784.1,621.903,900,0
"Jul 19, 12:00 pm",96601.1,649.892,923,0
"Jul 19, 01:00 pm",95971,665.506,941,0
"Jul 19, 02:00 pm",96018.6,660.56,940,0
"Jul 19, 03:00 pm",96584,637.713,927,0
"Jul 19, 04:00 pm",97957.5,575.342,860,0
"Jul 19, 05:00 pm",100419,508.044,799,0
"Jul 19, 06:00 pm",103164,401.08,695,0
"Jul 19, 07:00 pm",105527,210.099,502,0
"Jul 19, 08:00 pm",109676,0,92,0
"Jul 19, 09:00 pm",111073,0,0,0
"Jul 19, 10:00 pm",111941,0,0,0
"Jul 19, 11:00 pm",112603,0,0,0
"Jul 20, 12:00 am",112860,0,0,0
"Jul 20, 01:00 am",113684,0,0,0
"Jul 20, 02:00 am",114066,0,0,0
"Jul 20, 03:00 am",114385,0,0,0
"Jul 20, 04:00 am",114589,0,0,0
"Jul 20, 05:00 am",21944.5,0,0,0
"Jul 20, 06:00 am",-607.2,0,76,0
"Jul 20, 07:00 am",-3590.11,0,506,0
"Jul 20, 08:00 am",70207.5,405.696,701,0
"Jul 20, 09:00 am",106607,517.661,808,0
"Jul 20, 10:00 am",103881,587.153,871,0
"Jul 20, 11:00 am",101416,629.111,910,0
"Jul 20, 12:00 pm",99013.8,659.862,936,0
"Jul 20, 01:00 pm",97440.4,670.711,947,0
"Jul 20, 02:00 pm",96866.3,664.673,944,0
"Jul 20, 03:00 pm",97242.7,639.985,928,0
"Jul 20, 04:00 pm",98530.9,598.974,891,0
"Jul 20, 05:00 pm",102890,534.025,835,0
"Jul 20, 06:00 pm",104755,429.367,739,0
"Jul 20, 07:00 pm",106913,236.284,558,0
"Jul 20, 08:00 pm",111180,0,133,0
"Jul 20, 09:00 pm",112525,0,0,0
"Jul 20, 10:00 pm",113170,0,0,0
"Jul 20, 11:00 pm",113752,0,0,0
"Jul 21, 12:00 am",114028,0,0,0
"Jul 21, 01:00 am",115066,0,0,0
"Jul 21, 02:00 am",115485,0,0,0
"Jul 21, 03:00 am",115751,0,0,0
"Jul 21, 04:00 am",115859,0,0,0
"Jul 21, 05:00 am",33061.9,0,0,0
"Jul 21, 06:00 am",-607.2,0,86,0
"Jul 21, 07:00 am",-3621.26,0,518,0
"Jul 21, 08:00 am",72939.6,415.046,716,0
"Jul 21, 09:00 am",107502,525.879,820,0
"Jul 21, 10:00 am",104482,589.113,874,0
"Jul 21, 11:00 am",101986,631.191,913,0
"Jul 21, 12:00 pm",99946.5,657.45,933,0
"Jul 21, 01:00 pm",98540.3,670.769,947,0
"Jul 21, 02:00 pm",98042,662.81,941,0
"Jul 21, 03:00 pm",98514.5,634.331,919,0
"Jul 21, 04:00 pm",99900.1,574.512,855,0
"Jul 21, 05:00 pm",103350,509.249,797,0
"Jul 21, 06:00 pm",105197,403.855,697,0
"Jul 21, 07:00 pm",107920,209.959,504,0
"Jul 21, 08:00 pm",112364,0,91,0
"Jul 21, 09:00 pm",113730,0,0,0
"Jul 21, 10:00 pm",114323,0,0,0
"Jul 21, 11:00 pm",114758,0,0,0
"Jul 22, 12:00 am",114931,0,0,0
"Jul 22, 01:00 am",115463,0,0,0
"Jul 22, 02:00 am",115634,0,0,0
"Jul 22, 03:00 am",115679,0,0,0
"Jul 22, 04:00 am",115677,0,0,0
"Jul 22, 05:00 am",21902.3,0,0,0
"Jul 22, 06:00 am",-607.2,0,90,0
"Jul 22, 07:00 am",-3632.19,0,525,0
"Jul 22, 08:00 am",72666,417.902,721,0
"Jul 22, 09:00 am",105322,529.01,824,0
"Jul 22, 10:00 am",101638,599.98,888,0
"Jul 22, 11:00 am",98771.2,640.494,924,0
"Jul 22, 12:00 pm",96688.2,667.479,945,0
"Jul 22, 01:00 pm",96300.1,657.298,927,0
"Jul 22, 02:00 pm",96180.3,655,929,0
"Jul 22, 03:00 pm",96625.3,633.591,917,0
"Jul 22, 04:00 pm",97506.9,594.442,883,0
"Jul 22, 05:00 pm",101161,531.303,830,0
"Jul 22, 06:00 pm",102682,426.314,734,0
"Jul 22, 07:00 pm",105817,228.563,546,0
"Jul 22, 08:00 pm",110986,0,111,0
"Jul 22, 09:00 pm",112614,0,0,0
"Jul 22, 10:00 pm",113426,0,0,0
"Jul 22, 11:00 pm",113989,0,0,0
"Jul 23, 12:00 am",114254,0,0,0
"Jul 23, 01:00 am",114804,0,0,0
"Jul 23, 02:00 am",115072,0,0,0
"Jul 23, 03:00 am",115260,0,0,0
"Jul 23, 04:00 am",115415,0,0,0
"Jul 23, 05:00 am",29486.4,0,0,0
"Jul 23, 06:00 am",-607.2,0,0,0
"Jul 23, 07:00 am",-3665.17,0,540,0
"Jul 23, 08:00 am",74144.8,426.141,736,0
"Jul 23, 09:00 am",103963,537.268,837,0
"Jul 23, 10:00 am",99919.8,605.507,896,0
"Jul 23, 11:00 am",96593,648.499,935,0
"Jul 23, 12:00 pm",95489.5,675.224,955,0
"Jul 23, 01:00 pm",95059.5,679.394,956,0
"Jul 23, 02:00 pm",95015.5,673.801,954,0
"Jul 23, 03:00 pm",95557.3,649.822,939,0
"Jul 23, 04:00 pm",97948.6,612.242,908,0
"Jul 23, 05:00 pm",100783,547.587,854,0
"Jul 23, 06:00 pm",101169,441.839,759,0
"Jul 23, 07:00 pm",104085,241.027,574,0
"Jul 23, 08:00 pm",109833,0,132,0
"Jul 23, 09:00 pm",111394,0,0,0
"Jul 23, 10:00 pm",111995,0,0,0
"Jul 23, 11:00 pm",112429,0,0,0
"Jul 24, 12:00 am",112645,0,0,0
"Jul 24, 01:00 am",113142,0,0,0
"Jul 24, 02:00 am",113370,0,0,0
"Jul 24, 03:00 am",113620,0,0,0
"Jul 24, 04:00 am",113870,0,0,0
"Jul 24, 05:00 am",34063.1,0,0,0
"Jul 24, 06:00 am",-607.2,0,0,0
"Jul 24, 07:00 am",-3389.66,0,442,0
"Jul 24, 08:00 am",53010.2,370.865,650,0
"Jul 24, 09:00 am",101763,490.93,771,0
"Jul 24, 10:00 am",98138.8,569.423,847,0
"Jul 24, 11:00 am",96752.6,618.287,895,0
"Jul 24, 12:00 pm",95658.8,651.734,925,0
"Jul 24, 01:00 pm",95525.2,645.622,912,0
"Jul 24, 02:00 pm",95543.5,638.656,908,0
"Jul 24, 03:00 pm",96030.7,614.79,892,0
"Jul 24, 04:00 pm",96706.1,582.941,868,0
"Jul 24, 05:00 pm",97985.2,518.084,812,0
"Jul 24, 06:00 pm",100762,410.757,711,0
"Jul 24, 07:00 pm",102601,208.079,507,0
"Jul 24, 08:00 pm",108039,0,59,0
"Jul 24, 09:00 pm",109528,0,0,0
"Jul 24, 10:00 pm",110392,0,0,0
"Jul 24, 11:00 pm",111263,0,0,0
"Jul 25, 12:00 am",111652,0,0,0
"Jul 25, 01:00 am",112724,0,0,0
"Jul 25, 02:00 am",113199,0,0,0
"Jul 25, 03:00 am",113563,0,0,0
"Jul 25, 04:00 am",113707,0,0,0
"Jul 25, 05:00 am",20707.3,0,0,0
"Jul 25, 06:00 am",-607.2,0,0,0
"Jul 25, 07:00 am",-3515.58,0,492,0
"Jul 25, 08:00 am",62109.9,404.608,703,0
"Jul 25, 09:00 am",99701.9,521.811,815,0
"Jul 25, 10:00 am",97380.5,592.949,879,0
"Jul 25, 11:00 am",96015,638.414,921,0
"Jul 25, 12:00 pm",94995.8,664.769,941,0
"Jul 25, 01:00 pm",96012.5,608.114,859,0
"Jul 25, 02:00 pm",96055.4,598.483,851,0
"Jul 25, 03:00 pm",96590.2,571.055,829,0
"Jul 25, 04:00 pm",97532.8,525.216,784,0
"Jul 25, 05:00 pm",98799.5,452.122,712,0
"Jul 25, 06:00 pm",100411,339.454,595,0
"Jul 25, 07:00 pm",105064,0,381,0
"Jul 25, 08:00 pm",108678,0,18,0
"Jul 25, 09:00 pm",110634,0,0,0
"Jul 25, 10:00 pm",111839,0,0,0
"Jul 25, 11:00 pm",112594,0,0,0
"Jul 26, 12:00 am",112856,0,0,0
"Jul 26, 01:00 am",113597,0,0,0
"Jul 26, 02:00 am",113938,0,0,0
"Jul 26, 03:00 am",114162,0,0,0
"Jul 26, 04:00 am",21809.5,0,0,0
"Jul 26, 05:00 am",-607.2,0,0,0
"Jul 26, 06:00 am",-607.2,0,0,0
"Jul 26, 07:00 am",-3299.18,0,424,0
"Jul 26, 08:00 am",50646.8,0,628,0
"Jul 26, 09:00 am",105648,468.419,736,0
"Jul 26, 10:00 am",102399,534.864,797,0
"Jul 26, 11:00 am",99398.1,573.457,832,0
"Jul 26, 12:00 pm",97465.2,600.464,855,0
"Jul 26, 01:00 pm",97593.4,575.776,817,0
"Jul 26, 02:00 pm",97462.6,572.743,818,0
"Jul 26, 03:00 pm",97752.4,552.481,805,0
"Jul 26, 04:00 pm",98455.8,511.379,766,0
"Jul 26, 05:00 pm",99557.3,442.131,699,0
"Jul 26, 06:00 pm",100994,329.339,581,0
"Jul 26, 07:00 pm",106671,0,371,0
"Jul 26, 08:00 pm",109696,0,31,0
"Jul 26, 09:00 pm",111280,0,0,0
"Jul 26, 10:00 pm",112269,0,0,0
"Jul 26, 11:00 pm",112904,0,0,0
"Jul 27, 12:00 am",113188,0,0,0
"Jul 27, 01:00 am",113696,0,0,0
"Jul 27, 02:00 am",103559,0,0,0
"Jul 27, 03:00 am",-607.2,0,0,0
"Jul 27, 04:00 am",-607.2,0,0,0
"Jul 27, 05:00 am",-607.2,0,0,0
"Jul 27, 06:00 am",-607.2,0,0,0
"Jul 27, 07:00 am",-3023.01,0,382,0
"Jul 27, 08:00 am",43766.9,0,600,0
"Jul 27, 09:00 am",104754,458.263,722,0
"Jul 27, 10:00 am",101630,528.781,790,0
"Jul 27, 11:00 am",98805.7,571.279,831,0
"Jul 27, 12:00 pm",97456.2,595.731,851,0
"Jul 27, 01:00 pm",96949.3,605.843,860,0
"Jul 27, 02:00 pm",96801.6,602.531,861,0
"Jul 27, 03:00 pm",97217.4,579.008,844,0
"Jul 27, 04:00 pm",97775.5,554.425,829,0
"Jul 27, 05:00 pm",99022.7,488.897,770,0
"Jul 27, 06:00 pm",100589,381.562,667,0
"Jul 27, 07:00 pm",104727,188.758,476,0
"Jul 27, 08:00 pm",109646,0,0,0
"Jul 27, 09:00 pm",111356,0,0,0
"Jul 27, 10:00 pm",112214,0,0,0
"Jul 27, 11:00 pm",112684,0,0,0
"Jul 28, 12:00 am",112879,0,0,0
"Jul 28, 01:00 am",113390,0,0,0
"Jul 28, 02:00 am",113579,0,0,0
"Jul 28, 03:00 am",113715,0,0,0
"Jul 28, 04:00 am",13948.7,0,0,0
"Jul 28, 05:00 am",-607.2,0,0,0
"Jul 28, 06:00 am",-607.2,0,0,0
"Jul 28, 07:00 am",-3548.76,0,514,0
"Jul 28, 08:00 am",65308.4,416.269,724,0
"Jul 28, 09:00 am",100740,534.697,834,0
"Jul 28, 10:00 am",97315,596.575,884,0
"Jul 28, 11:00 am",95825.2,639.725,923,0
"Jul 28, 12:00 pm",94776.2,666.854,945,0
"Jul 28, 01:00 pm",93982.9,686.399,966,0
"Jul 28, 02:00 pm",94056.2,678.135,961,0
"Jul 28, 03:00 pm",94681.2,653.472,944,0
"Jul 28, 04:00 pm",96880.2,574.529,855,0
"Jul 28, 05:00 pm",100121,506.926,795,0
"Jul 28, 06:00 pm",100608,393.812,686,0
"Jul 28, 07:00 pm",102557,186.947,474,0
"Jul 28, 08:00 pm",108450,0,0,0
"Jul 28, 09:00 pm",110309,0,0,0
"Jul 28, 10:00 pm",111190,0,0,0
"Jul 28, 11:00 pm",111863,0,0,0
"Jul 29, 12:00 am",112162,0,0,0
"Jul 29, 01:00 am",112931,0,0,0
"Jul 29, 02:00 am",113332,0,0,0
"Jul 29, 03:00 am",113736,0,0,0
"Jul 29, 04:00 am",114013,0,0,0
"Jul 29, 05:00 am",13218.9,0,0,0
"Jul 29, 06:00 am",-607.2,0,0,0
"Jul 29, 07:00 am",-2824.75,0,356,0
"Jul 29, 08:00 am",38042.3,0,580,0
"Jul 29, 09:00 am",102354,441.551,696,0
"Jul 29, 10:00 am",98886.3,510.093,762,0
"Jul 29, 11:00 am",97707.1,550.112,800,0
"Jul 29, 12:00 pm",96869.5,574.895,821,0
"Jul 29, 01:00 pm",95632.6,623.592,882,0
"Jul 29, 02:00 pm",95667.2,616.337,878,0
"Jul 29, 03:00 pm",96184.3,591.746,859,0
"Jul 29, 04:00 pm",97212.1,540.508,807,0
"Jul 29, 05:00 pm",98503.4,469.934,740,0
"Jul 29, 06:00 pm",100167,353.347,621,0
"Jul 29, 07:00 pm",104705,0,393,0
"Jul 29, 08:00 pm",108270,0,0,0
"Jul 29, 09:00 pm",110025,0,0,0
"Jul 29, 10:00 pm",110837,0,0,0
"Jul 29, 11:00 pm",111377,0,0,0
"Jul 30, 12:00 am",111599,0,0,0
"Jul 30, 01:00 am",112126,0,0,0
"Jul 30, 02:00 am",112322,0,0,0
"Jul 30, 03:00 am",12403.2,0,0,0
"Jul 30, 04:00 am",-607.2,0,0,0
"Jul 30, 05:00 am",-607.2,0,0,0
"Jul 30, 06:00 am",-607.2,0,0,0
"Jul 30, 07:00 am",-2680.87,0,333,0
"Jul 30, 08:00 am",34004.6,0,580,0
"Jul 30, 09:00 am",102211,454.172,715,0
"Jul 30, 10:00 am",98784.8,530.647,791,0
"Jul 30, 11:00 am",97357.5,582.83,845,0
"Jul 30, 12:00 pm",96307.8,614.509,875,0
"Jul 30, 01:00 pm",95709.3,630.674,892,0
"Jul 30, 02:00 pm",95719.2,624.931,891,0
"Jul 30, 03:00 pm",96192.5,601.925,875,0
"Jul 30, 04:00 pm",97075.5,561.381,839,0
"Jul 30, 05:00 pm",98378,493.081,777,0
"Jul 30, 06:00 pm",100100,376.813,662,0
"Jul 30, 07:00 pm",102903,168.903,441,0
"Jul 30, 08:00 pm",108049,0,0,0
"Jul 30, 09:00 pm",109777,0,0,0
"Jul 30, 10:00 pm",110913,0,0,0
"Jul 30, 11:00 pm",111737,0,0,0
"Jul 31, 12:00 am",112098,0,0,0
"Jul 31, 01:00 am",113092,0,0,0
"Jul 31, 02:00 am",113517,0,0,0
"Jul 31, 03:00 am",113875,0,0,0
"Jul 31, 04:00 am",43229.3,0,0,0
"Jul 31, 05:00 am",-607.2,0,0,0
"Jul 31, 06:00 am",-607.2,0,0,0
"Jul 31, 07:00 am",-3265.45,0,434,0
"Jul 31, 08:00 am",49388.1,0,669,0
"Jul 31, 09:00 am",103491,503.022,788,0
"Jul 31, 10:00 am",99766.9,575.699,856,0
"Jul 31, 11:00 am",97228.2,618.398,896,0
"Jul 31, 12:00 pm",96356.9,645.467,920,0
"Jul 31, 01:00 pm",96328.9,640.017,908,0
"Jul 31, 02:00 pm",96240,642.829,919,0
"Jul 31, 03:00 pm",96747.9,623.494,908,0
"Jul 31, 04:00 pm",97876,573.224,858,0
"Jul 31, 05:00 pm",99248.1,510.907,805,0
"Jul 31, 06:00 pm",103263,400.776,703,0
"Jul 31, 07:00 pm",108391,0,281,0
"Jul 31, 08:00 pm",110951,0,0,0
"Jul 31, 09:00 pm",112064,0,0,0
"Jul 31, 10:00 pm",112621,0,0,0
"Jul 31, 11:00 pm",112893,0,0,0
"Aug 1, 12:00 am",113028,0,0,0
"Aug 1, 01:00 am",113431,0,0,0
"Aug 1, 02:00 am",113630,0,0,0
"Aug 1, 03:00 am",113938,0,0,0
"Aug 1, 04:00 am",55006.5,0,0,0
"Aug 1, 05:00 am",-607.2,0,0,0
"Aug 1, 06:00 am",-607.2,0,0,0
"Aug 1, 07:00 am",-2191.62,0,250,0
"Aug 1, 08:00 am",22406.3,0,595,0
"Aug 1, 09:00 am",109321,371.003,594,0
"Aug 1, 10:00 am",106827,419.241,634,0
"Aug 1, 11:00 am",104026,453.011,665,0
"Aug 1, 12:00 pm",100395,556.975,796,0
"Aug 1, 01:00 pm",98232.4,591.285,837,0
"Aug 1, 02:00 pm",101050,311.497,462,0
"Aug 1, 03:00 pm",100867,323.046,486,0
"Aug 1, 04:00 pm",97824.8,581.708,865,0
"Aug 1, 05:00 pm",99055,514.325,806,0
"Aug 1, 06:00 pm",101657,401.782,702,0
"Aug 1, 07:00 pm",105592,189.735,494,0
"Aug 1, 08:00 pm",109874,0,0,0
"Aug 1, 09:00 pm",111020,0,0,0
"Aug 1, 10:00 pm",111866,0,0,0
"Aug 1, 11:00 pm",112787,0,0,0
"Aug 2, 12:00 am",113122,0,0,0
"Aug 2, 01:00 am",21669.2,0,0,0
"Aug 2, 02:00 am",-607.2,0,0,0
"Aug 2, 03:00 am",-607.2,0,0,0
"Aug 2, 04:00 am",-607.2,0,0,0
"Aug 2, 05:00 am",-607.2,0,0,0
"Aug 2, 06:00 am",-607.2,0,0,0
"Aug 2, 07:00 am",-3442.42,0,491,0
"Aug 2, 08:00 am",59181.9,403.335,710,0
"Aug 2, 09:00 am",102823,524.705,822,0
"Aug 2, 10:00 am",99007.1,595.733,884,0
"Aug 2, 11:00 am",96754.9,637.932,921,0
"Aug 2, 12:00 pm",95795.1,663.332,941,0
"Aug 2, 01:00 pm",95609.8,660.132,930,0
"Aug 2, 02:00 pm",95662.4,652.381,926,0
"Aug 2, 03:00 pm",96140.7,629.026,909,0
"Aug 2, 04:00 pm",97155.1,580.701,863,0
"Aug 2, 05:00 pm",100118,512.022,802,0
"Aug 2, 06:00 pm",101111,397.934,696,0
"Aug 2, 07:00 pm",104065,181.367,478,0
"Aug 2, 08:00 pm",109238,0,0,0
"Aug 2, 09:00 pm",110774,0,0,0
"Aug 2, 10:00 pm",111548,0,0,0
"Aug 2, 11:00 pm",112128,0,0,0
"Aug 3, 12:00 am",112349,0,0,0
"Aug 3, 01:00 am",113205,0,0,0
"Aug 3, 02:00 am",113636,0,0,0
"Aug 3, 03:00 am",114013,0,0,0
"Aug 3, 04:00 am",114218,0,0,0
"Aug 3, 05:00 am",11276,0,0,0
"Aug 3, 06:00 am",-607.2,0,0,0
"Aug 3, 07:00 am",-3406.15,0,478,0
"Aug 3, 08:00 am",54849.5,399.146,703,0
"Aug 3, 09:00 am",100959,519.858,814,0
"Aug 3, 10:00 am",97511.3,591.517,878,0
"Aug 3, 11:00 am",96095,633.71,915,0
"Aug 3, 12:00 pm",95086.6,658.916,935,0
"Aug 3, 01:00 pm",94807.1,657.265,926,0
"Aug 3, 02:00 pm",94770.1,650.131,923,0
"Aug 3, 03:00 pm",95225.4,627.427,907,0
"Aug 3, 04:00 pm",96144.8,586.091,871,0
"Aug 3, 05:00 pm",99156.3,518.205,812,0
"Aug 3, 06:00 pm",100452,403.771,707,0
"Aug 3, 07:00 pm",101922,186.502,494,0
"Aug 3, 08:00 pm",107393,0,0,0
"Aug 3, 09:00 pm",108655,0,0,0
"Aug 3, 10:00 pm",109144,0,0,0
"Aug 3, 11:00 pm",109538,0,0,0
"Aug 4, 12:00 am",109829,0,0,0
"Aug 4, 01:00 am",110944,0,0,0
"Aug 4, 02:00 am",111394,0,0,0
"Aug 4, 03:00 am",111797,0,0,0
"Aug 4, 04:00 am",112072,0,0,0
"Aug 4, 05:00 am",11726.9,0,0,0
"Aug 4, 06:00 am",-607.2,0,0,0
"Aug 4, 07:00 am",-3436.85,0,494,0
"Aug 4, 08:00 am",56040.2,401.22,707,0
"Aug 4, 09:00 am",98661.5,518.466,812,0
"Aug 4, 10:00 am",96806.5,587.334,872,0
"Aug 4, 11:00 am",95437.5,628.043,907,0
"Aug 4, 12:00 pm",94487.4,652.319,926,0
"Aug 4, 01:00 pm",93960.3,661.039,931,0
"Aug 4, 02:00 pm",93965.5,652.994,927,0
"Aug 4, 03:00 pm",94508.3,629.433,910,0
"Aug 4, 04:00 pm",96023.6,558.784,833,0
"Aug 4, 05:00 pm",98317.4,487.631,768,0
"Aug 4, 06:00 pm",99880.8,370.941,656,0
"Aug 4, 07:00 pm",101250,158.033,434,0
"Aug 4, 08:00 pm",104846,0,0,0
"Aug 4, 09:00 pm",106736,0,0,0
"Aug 4, 10:00 pm",107833,0,0,0
"Aug 4, 11:00 pm",108776,0,0,0
"Aug 5, 12:00 am",109169,0,0,0
"Aug 5, 01:00 am",110191,0,0,0
"Aug 5, 02:00 am",110892,0,0,0
"Aug 5, 03:00 am",111458,0,0,0
"Aug 5, 04:00 am",111873,0,0,0
"Aug 5, 05:00 am",4389.3,0,0,0
"Aug 5, 06:00 am",-607.2,0,0,0
"Aug 5, 07:00 am",-2956.16,0,394,0
"Aug 5, 08:00 am",40695.4,0,637,0
"Aug 5, 09:00 am",99689,482.562,759,0
"Aug 5, 10:00 am",97793.9,555.548,828,0
"Aug 5, 11:00 am",96354.9,601.556,872,0
"Aug 5, 12:00 pm",95421.5,626.878,894,0
"Aug 5, 01:00 pm",95314,619.198,878,0
"Aug 5, 02:00 pm",95308.7,613.577,878,0
"Aug 5, 03:00 pm",95805.4,588.369,858,0
"Aug 5, 04:00 pm",96793.9,539.708,811,0
"Aug 5, 05:00 pm",98208.1,460.264,732,0
"Aug 5, 06:00 pm",100000,329.328,592,0
"Aug 5, 07:00 pm",103658,0,332,0
"Aug 5, 08:00 pm",106229,0,0,0
"Aug 5, 09:00 pm",107912,0,0,0
"Aug 5, 10:00 pm",109108,0,0,0
"Aug 5, 11:00 pm",109984,0,0,0
"Aug 6, 12:00 am",110330,0,0,0
"Aug 6, 01:00 am",111235,0,0,0
"Aug 6, 02:00 am",111769,0,0,0
"Aug 6, 03:00 am",87477.2,0,0,0
"Aug 6, 04:00 am",-607.2,0,0,0
"Aug 6, 05:00 am",-607.2,0,0,0
"Aug 6, 06:00 am",-607.2,0,0,0
"Aug 6, 07:00 am",-2346.01,0,287,0
"Aug 6, 08:00 am",22794.6,0,540,0
"Aug 6, 09:00 am",101908,426.612,676,0
"Aug 6, 10:00 am",98670.9,508.552,761,0
"Aug 6, 11:00 am",97286.9,556.593,809,0
"Aug 6, 12:00 pm",96349.9,582.072,832,0
"Aug 6, 01:00 pm",95066.6,629.513,891,0
"Aug 6, 02:00 pm",95121,619.813,886,0
"Aug 6, 03:00 pm",95726.3,594.404,866,0
"Aug 6, 04:00 pm",99055.9,353.247,546,0
"Aug 6, 05:00 pm",99583,342.897,557,0
"Aug 6, 06:00 pm",100586,288.139,524,0
"Aug 6, 07:00 pm",104701,0,249,0
"Aug 6, 08:00 pm",107973,0,0,0
"Aug 6, 09:00 pm",109154,0,0,0
"Aug 6, 10:00 pm",110088,0,0,0
"Aug 6, 11:00 pm",110784,0,0,0
"Aug 7, 12:00 am",110989,0,0,0
"Aug 7, 01:00 am",92685.7,0,0,0
"Aug 7, 02:00 am",-607.2,0,0,0
"Aug 7, 03:00 am",-607.2,0,0,0
"Aug 7, 04:00 am",-607.2,0,0,0
"Aug 7, 05:00 am",-607.2,0,0,0
"Aug 7, 06:00 am",-607.2,0,0,0
"Aug 7, 07:00 am",-1614.62,0,145,0
"Aug 7, 08:00 am",-2945.83,0,293,0
"Aug 7, 09:00 am",-3762.03,0,389,0
"Aug 7, 10:00 am",73437.6,449.742,678,0
"Aug 7, 11:00 am",98518.8,504.516,738,0
"Aug 7, 12:00 pm",97579.9,536.812,772,0
"Aug 7, 01:00 pm",97346.3,533.288,763,0
"Aug 7, 02:00 pm",97342.7,527.71,763,0
"Aug 7, 03:00 pm",97792,502.452,741,0
"Aug 7, 04:00 pm",98543.2,454.249,692,0
"Aug 7, 05:00 pm",99587.4,379.584,614,0
"Aug 7, 06:00 pm",100909,256.044,474,0
"Aug 7, 07:00 pm",104894,0,221,0
"Aug 7, 08:00 pm",107922,0,0,0
"Aug 7, 09:00 pm",109323,0,0,0
"Aug 7, 10:00 pm",110343,0,0,0
"Aug 7, 11:00 pm",111299,0,0,0
"Aug 8, 12:00 am",14774,0,0,0
"Aug 8, 01:00 am",-607.2,0,0,0
"Aug 8, 02:00 am",-607.2,0,0,0
"Aug 8, 03:00 am",-607.2,0,0,0
"Aug 8, 04:00 am",-607.2,0,0,0
"Aug 8, 05:00 am",-607.2,0,0,0
"Aug 8, 06:00 am",-607.2,0,0,0
"Aug 8, 07:00 am",-3006.93,0,422,0
"Aug 8, 08:00 am",44622.9,0,695,0
"Aug 8, 09:00 am",105248,522.7,826,0
"Aug 8, 10:00 am",101645,599.638,897,0
"Aug 8, 11:00 am",98623.9,646.868,940,0
"Aug 8, 12:00 pm",96185.9,673.377,962,0
"Aug 8, 01:00 pm",95546.7,681.749,966,0
"Aug 8, 02:00 pm",95641.8,672.516,961,0
"Aug 8, 03:00 pm",96220.3,649.307,944,0
"Aug 8, 04:00 pm",97658.1,607.608,909,0
"Aug 8, 05:00 pm",101577,538.638,851,0
"Aug 8, 06:00 pm",103376,420.082,747,0
"Aug 8, 07:00 pm",106698,187.867,526,0
"Aug 8, 08:00 pm",111003,0,0,0
"Aug 8, 09:00 pm",112025,0,0,0
"Aug 8, 10:00 pm",112704,0,0,0
"Aug 8, 11:00 pm",113427,0,0,0
"Aug 9, 12:00 am",113711,0,0,0
"Aug 9, 01:00 am",114583,0,0,0
"Aug 9, 02:00 am",114934,0,0,0
"Aug 9, 03:00 am",115190,0,0,0
"Aug 9, 04:00 am",115358,0,0,0
"Aug 9, 05:00 am",13198.1,0,0,0
"Aug 9, 06:00 am",-607.2,0,0,0
"Aug 9, 07:00 am",-3438.8,0,515,0
"Aug 9, 08:00 am",59843,418.233,742,0
"Aug 9, 09:00 am",105433,541.918,850,0
"Aug 9, 10:00 am",101880,610.452,907,0
"Aug 9, 11:00 am",99319.8,651.279,941,0
"Aug 9, 12:00 pm",97357.8,673.884,958,0
"Aug 9, 01:00 pm",96759,655.943,927,0
"Aug 9, 02:00 pm",96659.8,643.535,918,0
"Aug 9, 03:00 pm",97199.8,616.649,896,0
"Aug 9, 04:00 pm",98029.7,577.462,864,0
"Aug 9, 05:00 pm",101921,502.963,796,0
"Aug 9, 06:00 pm",103744,376.571,674,0
"Aug 9, 07:00 pm",109261,0,429,0
"Aug 9, 08:00 pm",111616,0,0,0
"Aug 9, 09:00 pm",112404,0,0,0
"Aug 9, 10:00 pm",112877,0,0,0
"Aug 9, 11:00 pm",113312,0,0,0
"Aug 10, 12:00 am",113548,0,0,0
"Aug 10, 01:00 am",114120,0,0,0
"Aug 10, 02:00 am",114339,0,0,0
"Aug 10, 03:00 am",114549,0,0,0
"Aug 10, 04:00 am",55672.1,0,0,0
"Aug 10, 05:00 am",-607.2,0,0,0
"Aug 10, 06:00 am",-607.2,0,0,0
"Aug 10, 07:00 am",-3072.56,0,446,0
"Aug 10, 08:00 am",46082.8,0,685,0
"Aug 10, 09:00 am",105963,505.603,802,0
"Aug 10, 10:00 am",102256,581.533,870,0
"Aug 10, 11:00 am",99401.8,625.708,908,0
"Aug 10, 12:00 pm",97295.5,651.501,929,0
"Aug 10, 01:00 pm",96357.6,654.933,926,0
"Aug 10, 02:00 pm",96400.9,645.711,920,0
"Aug 10, 03:00 pm",96923.2,619.091,897,0
"Aug 10, 04:00 pm",97851.3,574.852,857,0
"Aug 10, 05:00 pm",99516,501.974,791,0
"Aug 10, 06:00 pm",102846,377.284,674,0
"Aug 10, 07:00 pm",108397,0,432,0
"Aug 10, 08:00 pm",111031,0,0,0
"Aug 10, 09:00 pm",112070,0,0,0
"Aug 10, 10:00 pm",112936,0,0,0
"Aug 10, 11:00 pm",113535,0,0,0
"Aug 11, 12:00 am",113761,0,0,0
"Aug 11, 01:00 am",114068,0,0,0
"Aug 11, 02:00 am",114242,0,0,0
"Aug 11, 03:00 am",114460,0,0,0
"Aug 11, 04:00 am",55669.8,0,0,0
"Aug 11, 05:00 am",-607.2,0,0,0
"Aug 11, 06:00 am",-607.2,0,0,0
"Aug 11, 07:00 am",-2811.55,0,391,0
"Aug 11, 08:00 am",39668.1,0,645,0
"Aug 11, 09:00 am",106249,489.718,775,0
"Aug 11, 10:00 am",102794,566.115,847,0
"Aug 11, 11:00 am",99757.8,613.539,891,0
"Aug 11, 12:00 pm",97428,641.279,915,0
"Aug 11, 01:00 pm",96582.8,642.512,909,0
"Aug 11, 02:00 pm",96547.4,634.033,904,0
"Aug 11, 03:00 pm",96899,612.688,888,0
"Aug 11, 04:00 pm",97984.7,556.423,831,0
"Aug 11, 05:00 pm",99222.6,483.567,764,0
"Aug 11, 06:00 pm",101317,357.659,643,0
"Aug 11, 07:00 pm",107401,0,391,0
"Aug 11, 08:00 pm",109937,0,0,0
"Aug 11, 09:00 pm",111145,0,0,0
"Aug 11, 10:00 pm",112097,0,0,0
"Aug 11, 11:00 pm",112889,0,0,0
"Aug 12, 12:00 am",113198,0,0,0
"Aug 12, 01:00 am",113903,0,0,0
"Aug 12, 02:00 am",114079,0,0,0
"Aug 12, 03:00 am",114206,0,0,0
"Aug 12, 04:00 am",34052.9,0,0,0
"Aug 12, 05:00 am",-607.2,0,0,0
"Aug 12, 06:00 am",-607.2,0,0,0
"Aug 12, 07:00 am",-2794.15,0,389,0
"Aug 12, 08:00 am",38959.8,0,642,0
"Aug 12, 09:00 am",105189,485.567,768,0
"Aug 12, 10:00 am",101484,562.721,841,0
"Aug 12, 11:00 am",98442.3,607.907,882,0
"Aug 12, 12:00 pm",96750.9,633.796,904,0
"Aug 12, 01:00 pm",96123,647.902,916,0
"Aug 12, 02:00 pm",96085.7,640.411,913,0
"Aug 12, 03:00 pm",96581,615.128,892,0
"Aug 12, 04:00 pm",97747.3,556.338,832,0
"Aug 12, 05:00 pm",99090.9,479.723,760,0
"Aug 12, 06:00 pm",100861,346.628,628,0
"Aug 12, 07:00 pm",106927,0,365,0
"Aug 12, 08:00 pm",109849,0,0,0
"Aug 12, 09:00 pm",111358,0,0,0
"Aug 12, 10:00 pm",112548,0,0,0
"Aug 12, 11:00 pm",113293,0,0,0
"Aug 13, 12:00 am",113471,0,0,0
"Aug 13, 01:00 am",113737,0,0,0
"Aug 13, 02:00 am",113918,0,0,0
"Aug 13, 03:00 am",114097,0,0,0
"Aug 13, 04:00 am",25597.3,0,0,0
"Aug 13, 05:00 am",-607.2,0,0,0
"Aug 13, 06:00 am",-607.2,0,0,0
"Aug 13, 07:00 am",-2615.05,0,357,0
"Aug 13, 08:00 am",33562.3,0,613,0
"Aug 13, 09:00 am",104836,465.968,739,0
"Aug 13, 10:00 am",101235,535.918,803,0
"Aug 13, 11:00 am",98202.2,580.921,845,0
"Aug 13, 12:00 pm",97151.7,606.278,867,0
"Aug 13, 01:00 pm",96181.1,638.483,904,0
"Aug 13, 02:00 pm",96243.5,627.166,896,0
"Aug 13, 03:00 pm",96792.9,600.434,873,0
"Aug 13, 04:00 pm",98176.6,528.951,795,0
"Aug 13, 05:00 pm",99519.3,447.956,715,0
"Aug 13, 06:00 pm",101433,314.061,577,0
"Aug 13, 07:00 pm",106983,0,303,0
"Aug 13, 08:00 pm",109559,0,0,0
"Aug 13, 09:00 pm",110943,0,0,0
"Aug 13, 10:00 pm",112039,0,0,0
"Aug 13, 11:00 pm",112703,0,0,0
"Aug 14, 12:00 am",112949,0,0,0
"Aug 14, 01:00 am",113387,0,0,0
"Aug 14, 02:00 am",113600,0,0,0
"Aug 14, 03:00 am",43622.5,0,0,0
"Aug 14, 04:00 am",-607.2,0,0,0
"Aug 14, 05:00 am",-607.2,0,0,0
"Aug 14, 06:00 am",-607.2,0,0,0
"Aug 14, 07:00 am",-1998.44,0,235,0
"Aug 14, 08:00 am",7777.8,0,511,0
"Aug 14, 09:00 am",106116,410.815,659,0
"Aug 14, 10:00 am",103099,491.807,742,0
"Aug 14, 11:00 am",100250,540.702,790,0
"Aug 14, 12:00 pm",98224.9,565.873,812,0
"Aug 14, 01:00 pm",97177.2,605.095,859,0
"Aug 14, 02:00 pm",97168.6,596.235,854,0
"Aug 14, 03:00 pm",97607.4,569.273,830,0
"Aug 14, 04:00 pm",98524.3,516.039,777,0
"Aug 14, 05:00 pm",99791.6,434.821,696,0
"Aug 14, 06:00 pm",101885,295.426,548,0
"Aug 14, 07:00 pm",106984,0,265,0
"Aug 14, 08:00 pm",109458,0,0,0
"Aug 14, 09:00 pm",110835,0,0,0
"Aug 14, 10:00 pm",111785,0,0,0
"Aug 14, 11:00 pm",112383,0,0,0
"Aug 15, 12:00 am",112613,0,0,0
"Aug 15, 01:00 am",113181,0,0,0
"Aug 15, 02:00 am",14908.8,0,0,0
"Aug 15, 03:00 am",-607.2,0,0,0
"Aug 15, 04:00 am",-607.2,0,0,0
"Aug 15, 05:00 am",-607.2,0,0,0
"Aug 15, 06:00 am",-607.2,0,0,0
"Aug 15, 07:00 am",-1707.37,0,174,0
"Aug 15, 08:00 am",-3623.1,0,446,0
"Aug 15, 09:00 am",93545.2,381.06,611,0
"Aug 15, 10:00 am",101981,473.743,713,0
"Aug 15, 11:00 am",98773.4,531.769,775,0
"Aug 15, 12:00 pm",97722.2,567.129,812,0
"Aug 15, 01:00 pm",96638.8,610.936,866,0
"Aug 15, 02:00 pm",96741.3,604.493,865,0
"Aug 15, 03:00 pm",100301,318.415,482,0
"Aug 15, 04:00 pm",97949.8,535.073,805,0
"Aug 15, 05:00 pm",99115.1,455.713,728,0
"Aug 15, 06:00 pm",100929,314.588,580,0
"Aug 15, 07:00 pm",106501,0,279,0
"Aug 15, 08:00 pm",108836,0,0,0
"Aug 15, 09:00 pm",109471,0,0,0
"Aug 15, 10:00 pm",110135,0,0,0
"Aug 15, 11:00 pm",111031,0,0,0
"Aug 16, 12:00 am",111343,0,0,0
"Aug 16, 01:00 am",37397.5,0,0,0
"Aug 16, 02:00 am",-607.2,0,0,0
"Aug 16, 03:00 am",-607.2,0,0,0
"Aug 16, 04:00 am",-607.2,0,0,0
"Aug 16, 05:00 am",-607.2,0,0,0
"Aug 16, 06:00 am",-607.2,0,0,0
"Aug 16, 07:00 am",-2127.34,0,269,0
"Aug 16, 08:00 am",17658.8,0,567,0
"Aug 16, 09:00 am",104150,457.837,727,0
"Aug 16, 10:00 am",99708.3,549.132,821,0
"Aug 16, 11:00 am",97183.9,606.104,879,0
"Aug 16, 12:00 pm",95970.2,640.819,914,0
"Aug 16, 01:00 pm",95623.4,640.209,907,0
"Aug 16, 02:00 pm",95611.7,633.105,905,0
"Aug 16, 03:00 pm",96070.7,611.484,889,0
"Aug 16, 04:00 pm",97164.5,559.941,840,0
"Aug 16, 05:00 pm",98634.8,479.916,764,0
"Aug 16, 06:00 pm",100711,340.489,625,0
"Aug 16, 07:00 pm",107023,0,347,0
"Aug 16, 08:00 pm",109834,0,0,0
"Aug 16, 09:00 pm",110816,0,0,0
"Aug 16, 10:00 pm",111297,0,0,0
"Aug 16, 11:00 pm",111677,0,0,0
"Aug 17, 12:00 am",111900,0,0,0
"Aug 17, 01:00 am",112845,0,0,0
"Aug 17, 02:00 am",113269,0,0,0
"Aug 17, 03:00 am",106386,0,0,0
"Aug 17, 04:00 am",-607.2,0,0,0
"Aug 17, 05:00 am",-607.2,0,0,0
"Aug 17, 06:00 am",-607.2,0,0,0
"Aug 17, 07:00 am",-2637.2,0,373,0
"Aug 17, 08:00 am",34232.6,0,638,0
"Aug 17, 09:00 am",102656,485.388,768,0
"Aug 17, 10:00 am",98321.6,562.68,840,0
"Aug 17, 11:00 am",96874.1,608.07,881,0
"Aug 17, 12:00 pm",95901,633.535,903,0
"Aug 17, 01:00 pm",95594.5,634.581,898,0
"Aug 17, 02:00 pm",95670,624.525,892,0
"Aug 17, 03:00 pm",96231.3,596.95,868,0
"Aug 17, 04:00 pm",97266.8,548.023,823,0
"Aug 17, 05:00 pm",98747.3,465.975,744,0
"Aug 17, 06:00 pm",100750,325.288,603,0
"Aug 17, 07:00 pm",106612,0,316,0
"Aug 17, 08:00 pm",109737,0,0,0
"Aug 17, 09:00 pm",111181,0,0,0
"Aug 17, 10:00 pm",112057,0,0,0
"Aug 17, 11:00 pm",112663,0,0,0
"Aug 18, 12:00 am",112858,0,0,0
"Aug 18, 01:00 am",113371,0,0,0
"Aug 18, 02:00 am",113555,0,0,0
"Aug 18, 03:00 am",109649,0,0,0
"Aug 18, 04:00 am",-607.2,0,0,0
"Aug 18, 05:00 am",-607.2,0,0,0
"Aug 18, 06:00 am",-607.2,0,0,0
"Aug 18, 07:00 am",-2400.39,0,326,0
"Aug 18, 08:00 am",27100.9,0,600,0
"Aug 18, 09:00 am",104431,463.904,736,0
"Aug 18, 10:00 am",100333,541.467,810,0
"Aug 18, 11:00 am",97498.6,589.217,855,0
"Aug 18, 12:00 pm",96374.8,616.567,880,0
"Aug 18, 01:00 pm",96250.7,604.671,858,0
"Aug 18, 02:00 pm",96237.8,594.914,852,0
"Aug 18, 03:00 pm",96723.2,564.824,824,0
"Aug 18, 04:00 pm",97533,522.998,788,0
"Aug 18, 05:00 pm",98897.8,440.626,707,0
"Aug 18, 06:00 pm",100721,300.321,563,0
"Aug 18, 07:00 pm",105380,0,285,0
"Aug 18, 08:00 pm",108584,0,0,0
"Aug 18, 09:00 pm",109985,0,0,0
"Aug 18, 10:00 pm",110795,0,0,0
"Aug 18, 11:00 pm",111405,0,0,0
"Aug 19, 12:00 am",111623,0,0,0
"Aug 19, 01:00 am",112396,0,0,0
"Aug 19, 02:00 am",112863,0,0,0
"Aug 19, 03:00 am",3204.86,0,0,0
"Aug 19, 04:00 am",-607.2,0,0,0
"Aug 19, 05:00 am",-607.2,0,0,0
"Aug 19, 06:00 am",-607.2,0,0,0
"Aug 19, 07:00 am",-607.2,0,359,0
"Aug 19, 08:00 am",-2166.07,0,177,0
"Aug 19, 09:00 am",-2240.94,0,246,0
"Aug 19, 10:00 am",-3482.24,0,306,0
"Aug 19, 11:00 am",54020,607.246,880,0
"Aug 19, 12:00 pm",95608.5,632.375,902,0
"Aug 19, 01:00 pm",95332.9,631.559,895,0
"Aug 19, 02:00 pm",95402.7,622.831,891,0
"Aug 19, 03:00 pm",96033.6,596.178,869,0
"Aug 19, 04:00 pm",97074.5,552.503,832,0
"Aug 19, 05:00 pm",98641.3,472.204,757,0
"Aug 19, 06:00 pm",100657,334.26,625,0
"Aug 19, 07:00 pm",106005,0,250,0
"Aug 19, 08:00 pm",109194,0,0,0
"Aug 19, 09:00 pm",110676,0,0,0
"Aug 19, 10:00 pm",111570,0,0,0
"Aug 19, 11:00 pm",112118,0,0,0
"Aug 20, 12:00 am",112359,0,0,0
"Aug 20, 01:00 am",113010,0,0,0
"Aug 20, 02:00 am",19184.2,0,0,0
"Aug 20, 03:00 am",-607.2,0,0,0
"Aug 20, 04:00 am",-607.2,0,0,0
"Aug 20, 05:00 am",-607.2,0,0,0
"Aug 20, 06:00 am",-607.2,0,0,0
"Aug 20, 07:00 am",-607.2,0,302,0
"Aug 20, 08:00 am",-4338.75,0,582,0
"Aug 20, 09:00 am",100329,448.955,716,0
"Aug 20, 10:00 am",99465.2,523.442,787,0
"Aug 20, 11:00 am",97796.9,564.093,823,0
"Aug 20, 12:00 pm",96944.1,584.919,840,0
"Aug 20, 01:00 pm",96347.7,598.558,853,0
"Aug 20, 02:00 pm",96436.3,584.609,841,0
"Aug 20, 03:00 pm",97009.5,553.234,811,0
"Aug 20, 04:00 pm",98091.9,493.425,749,0
"Aug 20, 05:00 pm",99487,408.11,662,0
"Aug 20, 06:00 pm",101157,264.311,508,0
"Aug 20, 07:00 pm",105784,0,211,0
"Aug 20, 08:00 pm",108486,0,0,0
"Aug 20, 09:00 pm",110121,0,0,0
"Aug 20, 10:00 pm",111200,0,0,0
"Aug 20, 11:00 pm",111968,0,0,0
"Aug 21, 12:00 am",112216,0,0,0
"Aug 21, 01:00 am",112823,0,0,0
"Aug 21, 02:00 am",21520.1,0,0,0
"Aug 21, 03:00 am",-607.2,0,0,0
"Aug 21, 04:00 am",-607.2,0,0,0
"Aug 21, 05:00 am",-607.2,0,0,0
"Aug 21, 06:00 am",-607.2,0,0,0
"Aug 21, 07:00 am",-607.2,0,216,0
"Aug 21, 08:00 am",-4029.48,0,515,0
"Aug 21, 09:00 am",92334.5,417.293,671,0
"Aug 21, 10:00 am",101598,503.284,759,0
"Aug 21, 11:00 am",98431,556.434,812,0
"Aug 21, 12:00 pm",97373.7,589.406,845,0
"Aug 21, 01:00 pm",96587.6,612.005,870,0
"Aug 21, 02:00 pm",96559.2,603.843,866,0
"Aug 21, 03:00 pm",96976.3,578.736,845,0
"Aug 21, 04:00 pm",98122.1,517.824,783,0
"Aug 21, 05:00 pm",99500.3,433.028,699,0
"Aug 21, 06:00 pm",101234,287.143,548,0
"Aug 21, 07:00 pm",106581,0,232,0
"Aug 21, 08:00 pm",109183,0,0,0
"Aug 21, 09:00 pm",110665,0,0,0
"Aug 21, 10:00 pm",111698,0,0,0
"Aug 21, 11:00 pm",112368,0,0,0
"Aug 22, 12:00 am",112604,0,0,0
"Aug 22, 01:00 am",113132,0,0,0
"Aug 22, 02:00 am",43967.2,0,0,0
"Aug 22, 03:00 am",-607.2,0,0,0
"Aug 22, 04:00 am",-607.2,0,0,0
"Aug 22, 05:00 am",-607.2,0,0,0
"Aug 22, 06:00 am",-607.2,0,0,0
"Aug 22, 07:00 am",-607.2,0,254,0
"Aug 22, 08:00 am",-4232.02,0,561,0
"Aug 22, 09:00 am",98616.1,447.866,715,0
"Aug 22, 10:00 am",101309,531.031,797,0
"Aug 22, 11:00 am",98175.5,582.523,847,0
"Aug 22, 12:00 pm",97054.5,609.98,872,0
"Aug 22, 01:00 pm",96219.9,632.081,896,0
"Aug 22, 02:00 pm",96227.7,620.277,887,0
"Aug 22, 03:00 pm",96651.5,593.451,864,0
"Aug 22, 04:00 pm",97856.1,526.673,794,0
"Aug 22, 05:00 pm",99157.1,444.925,716,0
"Aug 22, 06:00 pm",101002,300.482,572,0
"Aug 22, 07:00 pm",106434,0,265,0
"Aug 22, 08:00 pm",109318,0,0,0
"Aug 22, 09:00 pm",110645,0,0,0
"Aug 22, 10:00 pm",111483,0,0,0
"Aug 22, 11:00 pm",111983,0,0,0
"Aug 23, 12:00 am",112186,0,0,0
"Aug 23, 01:00 am",112784,0,0,0
"Aug 23, 02:00 am",113058,0,0,0
"Aug 23, 03:00 am",9120.31,0,0,0
"Aug 23, 04:00 am",-607.2,0,0,0
"Aug 23, 05:00 am",-607.2,0,0,0
"Aug 23, 06:00 am",-607.2,0,0,0
"Aug 23, 07:00 am",-607.2,0,270,0
"Aug 23, 08:00 am",-4211.45,0,556,0
"Aug 23, 09:00 am",97481.9,436.513,697,0
"Aug 23, 10:00 am",99900.2,515.46,774,0
"Aug 23, 11:00 am",97922.4,562.766,819,0
"Aug 23, 12:00 pm",97010.6,587.251,841,0
"Aug 23, 01:00 pm",96687.8,588.132,837,0
"Aug 23, 02:00 pm",96766.6,572.666,823,0
"Aug 23, 03:00 pm",97335.8,538.159,789,0
"Aug 23, 04:00 pm",98327.3,481.8,733,0
"Aug 23, 05:00 pm",99709.4,393.4,643,0
"Aug 23, 06:00 pm",101308,244.398,482,0
"Aug 23, 07:00 pm",106088,0,172,0
"Aug 23, 08:00 pm",108573,0,0,0
"Aug 23, 09:00 pm",109879,0,0,0
"Aug 23, 10:00 pm",110754,0,0,0
"Aug 23, 11:00 pm",111482,0,0,0
"Aug 24, 12:00 am",111735,0,0,0
"Aug 24, 01:00 am",98930.6,0,0,0
"Aug 24, 02:00 am",-607.2,0,0,0
"Aug 24, 03:00 am",-607.2,0,0,0
"Aug 24, 04:00 am",-607.2,0,0,0
"Aug 24, 05:00 am",-607.2,0,0,0
"Aug 24, 06:00 am",-607.2,0,0,0
"Aug 24, 07:00 am",-607.2,0,120,0
"Aug 24, 08:00 am",-3574.43,0,396,0
"Aug 24, 09:00 am",67036.4,344.736,560,0
"Aug 24, 10:00 am",102651,432.594,657,0
"Aug 24, 11:00 am",99468.9,485.127,713,0
"Aug 24, 12:00 pm",100399,356.915,528,0
"Aug 24, 01:00 pm",99982.5,368.903,542,0
"Aug 24, 02:00 pm",98126,521.072,756,0
"Aug 24, 03:00 pm",98500.4,494.139,731,0
"Aug 24, 04:00 pm",99336,438.218,673,0
"Aug 24, 05:00 pm",100337,364.368,600,0
"Aug 24, 06:00 pm",101993,225.269,448,0
"Aug 24, 07:00 pm",106915,0,134,0
"Aug 24, 08:00 pm",109391,0,0,0
"Aug 24, 09:00 pm",110525,0,0,0
"Aug 24, 10:00 pm",89076.3,0,0,0
"Aug 24, 11:00 pm",-607.2,0,0,0
"Aug 25, 12:00 am",-607.2,0,0,0
"Aug 25, 01:00 am",-607.2,0,0,0
"Aug 25, 02:00 am",-607.2,0,0,0
"Aug 25, 03:00 am",-607.2,0,0,0
"Aug 25, 04:00 am",-607.2,0,0,0
"Aug 25, 05:00 am",-607.2,0,0,0
"Aug 25, 06:00 am",-607.2,0,0,0
"Aug 25, 07:00 am",-607.2,0,0,0
"Aug 25, 08:00 am",-607.2,0,46,0
"Aug 25, 09:00 am",-2354.12,0,181,0
"Aug 25, 10:00 am",-3453.35,0,326,0
"Aug 25, 11:00 am",-818.16,0,62,0
"Aug 25, 12:00 pm",-2369.82,0,168,0
"Aug 25, 01:00 pm",31819.9,0,732,0
"Aug 25, 02:00 pm",57694.8,0,246,0
"Aug 25, 03:00 pm",-2741.63,0,214,0
"Aug 25, 04:00 pm",18075.1,0,399,0
"Aug 25, 05:00 pm",43833,162.897,296,0
"Aug 25, 06:00 pm",44143.3,159.485,333,0
"Aug 25, 07:00 pm",-818.16,0,52,0
"Aug 25, 08:00 pm",-607.2,0,0,0
"Aug 25, 09:00 pm",-607.2,0,0,0
"Aug 25, 10:00 pm",-607.2,0,0,0
"Aug 25, 11:00 pm",-607.2,0,0,0
"Aug 26, 12:00 am",-607.2,0,0,0
"Aug 26, 01:00 am",-607.2,0,0,0
"Aug 26, 02:00 am",-607.2,0,0,0
"Aug 26, 03:00 am",-607.2,0,0,0
"Aug 26, 04:00 am",-607.2,0,0,0
"Aug 26, 05:00 am",-607.2,0,0,0
"Aug 26, 06:00 am",-607.2,0,0,0
"Aug 26, 07:00 am",-607.2,0,60,0
"Aug 26, 08:00 am",-2250.63,0,194,0
"Aug 26, 09:00 am",-818.16,0,20,0
"Aug 26, 10:00 am",-607.2,0,4,0
"Aug 26, 11:00 am",-3009.57,0,240,0
"Aug 26, 12:00 pm",-818.16,0,28,0
"Aug 26, 01:00 pm",-607.2,0,41,0
"Aug 26, 02:00 pm",-607.2,0,10,0
"Aug 26, 03:00 pm",-3605.53,0,332,0
"Aug 26, 04:00 pm",-818.16,0,63,0
"Aug 26, 05:00 pm",-607.2,0,0,0
"Aug 26, 06:00 pm",-607.2,0,0,0
"Aug 26, 07:00 pm",-607.2,0,0,0
"Aug 26, 08:00 pm",-607.2,0,0,0
"Aug 26, 09:00 pm",-607.2,0,0,0
"Aug 26, 10:00 pm",-607.2,0,0,0
"Aug 26, 11:00 pm",-607.2,0,0,0
"Aug 27, 12:00 am",-607.2,0,0,0
"Aug 27, 01:00 am",-607.2,0,0,0
"Aug 27, 02:00 am",-607.2,0,0,0
"Aug 27, 03:00 am",-607.2,0,0,0
"Aug 27, 04:00 am",-607.2,0,0,0
"Aug 27, 05:00 am",-607.2,0,0,0
"Aug 27, 06:00 am",-607.2,0,0,0
"Aug 27, 07:00 am",-607.2,0,44,0
"Aug 27, 08:00 am",-607.2,0,0,0
"Aug 27, 09:00 am",-2919,0,250,0
"Aug 27, 10:00 am",-818.16,0,23,0
"Aug 27, 11:00 am",-1808.19,0,114,0
"Aug 27, 12:00 pm",-3407.71,0,325,0
"Aug 27, 01:00 pm",-818.16,0,51,0
"Aug 27, 02:00 pm",-3388.53,0,285,0
"Aug 27, 03:00 pm",-818.16,0,145,0
"Aug 27, 04:00 pm",-3475.54,0,319,0
"Aug 27, 05:00 pm",60432.3,288.523,491,0
"Aug 27, 06:00 pm",77814.4,221.601,453,0
"Aug 27, 07:00 pm",-818.16,0,149,0
"Aug 27, 08:00 pm",-607.2,0,0,0
"Aug 27, 09:00 pm",-607.2,0,0,0
"Aug 27, 10:00 pm",-607.2,0,0,0
"Aug 27, 11:00 pm",-607.2,0,0,0
"Aug 28, 12:00 am",-607.2,0,0,0
"Aug 28, 01:00 am",-607.2,0,0,0
"Aug 28, 02:00 am",-607.2,0,0,0
"Aug 28, 03:00 am",-607.2,0,0,0
"Aug 28, 04:00 am",-607.2,0,0,0
"Aug 28, 05:00 am",-607.2,0,0,0
"Aug 28, 06:00 am",-607.2,0,0,0
"Aug 28, 07:00 am",-607.2,0,65,0
"Aug 28, 08:00 am",-2588.64,0,241,0
"Aug 28, 09:00 am",-3408.03,0,326,0
"Aug 28, 10:00 am",-818.16,0,124,0
"Aug 28, 11:00 am",17183.6,0,890,0
"Aug 28, 12:00 pm",102317,638.295,917,0
"Aug 28, 01:00 pm",102135,630.665,903,0
"Aug 28, 02:00 pm",104873,0,193,0
"Aug 28, 03:00 pm",102171,0,875,0
"Aug 28, 04:00 pm",108004,267.24,433,0
"Aug 28, 05:00 pm",109350,298.1,506,0
"Aug 28, 06:00 pm",110388,303.396,603,0
"Aug 28, 07:00 pm",110233,0,264,0
"Aug 28, 08:00 pm",110790,0,0,0
"Aug 28, 09:00 pm",51128.1,0,0,0
"Aug 28, 10:00 pm",-607.2,0,0,0
"Aug 28, 11:00 pm",-607.2,0,0,0
"Aug 29, 12:00 am",-607.2,0,0,0
"Aug 29, 01:00 am",-607.2,0,0,0
"Aug 29, 02:00 am",-607.2,0,0,0
"Aug 29, 03:00 am",-607.2,0,0,0
"Aug 29, 04:00 am",-607.2,0,0,0
"Aug 29, 05:00 am",-607.2,0,0,0
"Aug 29, 06:00 am",-607.2,0,0,0
"Aug 29, 07:00 am",-607.2,0,0,0
"Aug 29, 08:00 am",-607.2,0,0,0
"Aug 29, 09:00 am",-607.2,0,0,0
"Aug 29, 10:00 am",-3393.32,0,286,0
"Aug 29, 11:00 am",-818.16,0,192,0
"Aug 29, 12:00 pm",-1554.74,0,78,0
"Aug 29, 01:00 pm",-818.16,0,0,0
"Aug 29, 02:00 pm",-607.2,0,0,0
"Aug 29, 03:00 pm",-607.2,0,8,0
"Aug 29, 04:00 pm",9342.08,0,700,0
"Aug 29, 05:00 pm",108867,363.304,602,0
"Aug 29, 06:00 pm",57029.3,0,308,0
"Aug 29, 07:00 pm",-607.2,0,124,0
"Aug 29, 08:00 pm",-607.2,0,0,0
"Aug 29, 09:00 pm",-607.2,0,0,0
"Aug 29, 10:00 pm",-607.2,0,0,0
"Aug 29, 11:00 pm",-607.2,0,0,0
"Aug 30, 12:00 am",-607.2,0,0,0
"Aug 30, 01:00 am",-607.2,0,0,0
"Aug 30, 02:00 am",-607.2,0,0,0
"Aug 30, 03:00 am",-607.2,0,0,0
"Aug 30, 04:00 am",-607.2,0,0,0
"Aug 30, 05:00 am",-607.2,0,0,0
"Aug 30, 06:00 am",-607.2,0,0,0
"Aug 30, 07:00 am",-607.2,0,233,0
"Aug 30, 08:00 am",-4094.14,0,541,0
"Aug 30, 09:00 am",99275.4,433.134,696,0
"Aug 30, 10:00 am",107269,521.634,785,0
"Aug 30, 11:00 am",104966,573.243,835,0
"Aug 30, 12:00 pm",103267,600.924,861,0
"Aug 30, 01:00 pm",101773,632.326,899,0
"Aug 30, 02:00 pm",101346,622.829,893,0
"Aug 30, 03:00 pm",101617,595.161,869,0
"Aug 30, 04:00 pm",105273,303.038,476,0
"Aug 30, 05:00 pm",104816,439.218,716,0
"Aug 30, 06:00 pm",107433,277.116,555,0
"Aug 30, 07:00 pm",110861,0,208,0
"Aug 30, 08:00 pm",112304,0,0,0
"Aug 30, 09:00 pm",112983,0,0,0
"Aug 30, 10:00 pm",113438,0,0,0
"Aug 30, 11:00 pm",113701,0,0,0
"Aug 31, 12:00 am",113788,0,0,0
"Aug 31, 01:00 am",112647,0,0,0
"Aug 31, 02:00 am",-607.2,0,0,0
"Aug 31, 03:00 am",-607.2,0,0,0
"Aug 31, 04:00 am",-607.2,0,0,0
"Aug 31, 05:00 am",-607.2,0,0,0
"Aug 31, 06:00 am",-607.2,0,0,0
"Aug 31, 07:00 am",-607.2,0,296,0
"Aug 31, 08:00 am",-4361.03,0,606,0
"Aug 31, 09:00 am",103495,466.833,749,0
"Aug 31, 10:00 am",103464,553.266,832,0
"Aug 31, 11:00 am",101191,600.927,875,0
"Aug 31, 12:00 pm",99414.6,626.3,897,0
"Aug 31, 01:00 pm",98160,637.494,907,0
"Aug 31, 02:00 pm",97886.7,626.009,898,0
"Aug 31, 03:00 pm",98237.7,597.618,873,0
"Aug 31, 04:00 pm",99572.5,545.513,826,0
"Aug 31, 05:00 pm",101601,455.935,743,0
"Aug 31, 06:00 pm",104885,293.08,588,0
"Aug 31, 07:00 pm",109575,0,232,0
"Aug 31, 08:00 pm",111427,0,0,0
"Aug 31, 09:00 pm",112339,0,0,0
"Aug 31, 10:00 pm",112797,0,0,0
"Aug 31, 11:00 pm",113047,0,0,0
"Sep 1, 12:00 am",113218,0,0,0
"Sep 1, 01:00 am",113982,0,0,0
"Sep 1, 02:00 am",114251,0,0,0
"Sep 1, 03:00 am",50975.4,0,0,0
"Sep 1, 04:00 am",-607.2,0,0,0
"Sep 1, 05:00 am",-607.2,0,0,0
"Sep 1, 06:00 am",-607.2,0,0,0
"Sep 1, 07:00 am",-607.2,0,267,0
"Sep 1, 08:00 am",-4261.28,0,582,0
"Sep 1, 09:00 am",100083,456.216,732,0
"Sep 1, 10:00 am",102275,542.868,816,0
"Sep 1, 11:00 am",99519,595.246,866,0
"Sep 1, 12:00 pm",97515,622.661,891,0
"Sep 1, 01:00 pm",97074.1,621.022,884,0
"Sep 1, 02:00 pm",97131.1,610.948,877,0
"Sep 1, 03:00 pm",97649.4,582.638,852,0
"Sep 1, 04:00 pm",99069.4,497.357,757,0
"Sep 1, 05:00 pm",100409,401.138,660,0
"Sep 1, 06:00 pm",103909,230.091,476,0
"Sep 1, 07:00 pm",108884,0,109,0
"Sep 1, 08:00 pm",110757,0,0,0
"Sep 1, 09:00 pm",111663,0,0,0
"Sep 1, 10:00 pm",112355,0,0,0
"Sep 1, 11:00 pm",112918,0,0,0
"Sep 2, 12:00 am",113138,0,0,0
"Sep 2, 01:00 am",113689,0,0,0
"Sep 2, 02:00 am",72444.4,0,0,0
"Sep 2, 03:00 am",-607.2,0,0,0
"Sep 2, 04:00 am",-607.2,0,0,0
"Sep 2, 05:00 am",-607.2,0,0,0
"Sep 2, 06:00 am",-607.2,0,0,0
"Sep 2, 07:00 am",-607.2,0,205,0
"Sep 2, 08:00 am",-4039.97,0,531,0
"Sep 2, 09:00 am",93839.2,428.91,692,0
"Sep 2, 10:00 am",103216,516.309,779,0
"Sep 2, 11:00 am",100623,567.426,828,0
"Sep 2, 12:00 pm",98617.8,594.415,853,0
"Sep 2, 01:00 pm",97390.8,610.957,871,0
"Sep 2, 02:00 pm",97471.1,599.43,862,0
"Sep 2, 03:00 pm",98027.5,567.578,832,0
"Sep 2, 04:00 pm",99020.9,509.931,777,0
"Sep 2, 05:00 pm",100708,412.672,681,0
"Sep 2, 06:00 pm",103912,226.567,475,0
"Sep 2, 07:00 pm",108411,0,144,0
"Sep 2, 08:00 pm",110254,0,0,0
"Sep 2, 09:00 pm",111334,0,0,0
"Sep 2, 10:00 pm",112174,0,0,0
"Sep 2, 11:00 pm",112740,0,0,0
"Sep 3, 12:00 am",112955,0,0,0
"Sep 3, 01:00 am",113225,0,0,0
"Sep 3, 02:00 am",16411.5,0,0,0
"Sep 3, 03:00 am",-607.2,0,0,0
"Sep 3, 04:00 am",-607.2,0,0,0
"Sep 3, 05:00 am",-607.2,0,0,0
"Sep 3, 06:00 am",-607.2,0,0,0
"Sep 3, 07:00 am",-607.2,0,0,0
"Sep 3, 08:00 am",-1958.18,0,154,0
"Sep 3, 09:00 am",-3291.99,0,312,0
"Sep 3, 10:00 am",78946.3,298.951,467,0
"Sep 3, 11:00 am",103077,301.263,457,0
"Sep 3, 12:00 pm",101000,393.503,577,0
"Sep 3, 01:00 pm",101304,316.793,470,0
"Sep 3, 02:00 pm",101776,295.748,446,0
"Sep 3, 03:00 pm",102076,273.713,424,0
"Sep 3, 04:00 pm",29994.5,0,159,0
"Sep 3, 05:00 pm",-1858.34,0,127,0
"Sep 3, 06:00 pm",-2634.73,0,309,0
"Sep 3, 07:00 pm",-607.2,0,137,0
"Sep 3, 08:00 pm",-607.2,0,0,0
"Sep 3, 09:00 pm",-607.2,0,0,0
"Sep 3, 10:00 pm",-607.2,0,0,0
"Sep 3, 11:00 pm",-607.2,0,0,0
"Sep 4, 12:00 am",-607.2,0,0,0
"Sep 4, 01:00 am",-607.2,0,0,0
"Sep 4, 02:00 am",-607.2,0,0,0
"Sep 4, 03:00 am",-607.2,0,0,0
"Sep 4, 04:00 am",-607.2,0,0,0
"Sep 4, 05:00 am",-607.2,0,0,0
"Sep 4, 06:00 am",-607.2,0,0,0
"Sep 4, 07:00 am",-607.2,0,399,0
"Sep 4, 08:00 am",-136.97,0,697,0
"Sep 4, 09:00 am",106421,511.036,822,0
"Sep 4, 10:00 am",102921,589.741,888,0
"Sep 4, 11:00 am",100140,633.696,924,0
"Sep 4, 12:00 pm",98134.6,656.203,942,0
"Sep 4, 01:00 pm",97142.2,649.687,929,0
"Sep 4, 02:00 pm",96813.4,639.691,923,0
"Sep 4, 03:00 pm",97354.9,613.456,902,0
"Sep 4, 04:00 pm",98535.6,563.083,860,0
"Sep 4, 05:00 pm",100780,474.075,783,0
"Sep 4, 06:00 pm",104525,305.263,633,0
"Sep 4, 07:00 pm",109561,0,258,0
"Sep 4, 08:00 pm",111241,0,0,0
"Sep 4, 09:00 pm",111825,0,0,0
"Sep 4, 10:00 pm",112304,0,0,0
"Sep 4, 11:00 pm",112745,0,0,0
"Sep 5, 12:00 am",112984,0,0,0
"Sep 5, 01:00 am",113614,0,0,0
"Sep 5, 02:00 am",113831,0,0,0
"Sep 5, 03:00 am",113950,0,0,0
"Sep 5, 04:00 am",36934.1,0,0,0
"Sep 5, 05:00 am",-607.2,0,0,0
"Sep 5, 06:00 am",-607.2,0,0,0
"Sep 5, 07:00 am",-607.2,0,370,0
"Sep 5, 08:00 am",-1739.47,0,676,0
"Sep 5, 09:00 am",105312,501.63,805,0
"Sep 5, 10:00 am",101826,580.369,872,0
"Sep 5, 11:00 am",99272.5,622.217,905,0
"Sep 5, 12:00 pm",97255.1,644.144,922,0
"Sep 5, 01:00 pm",96509.3,647.525,922,0
"Sep 5, 02:00 pm",96664.9,632.958,909,0
"Sep 5, 03:00 pm",97235,603.179,883,0
"Sep 5, 04:00 pm",98491.3,534.33,814,0
"Sep 5, 05:00 pm",99981.4,438.237,725,0
"Sep 5, 06:00 pm",103596,259.421,550,0
"Sep 5, 07:00 pm",109022,0,150,0
"Sep 5, 08:00 pm",111186,0,0,0
"Sep 5, 09:00 pm",112133,0,0,0
"Sep 5, 10:00 pm",112677,0,0,0
"Sep 5, 11:00 pm",113115,0,0,0
"Sep 6, 12:00 am",113292,0,0,0
"Sep 6, 01:00 am",113554,0,0,0
"Sep 6, 02:00 am",113622,0,0,0
"Sep 6, 03:00 am",88912.7,0,0,0
"Sep 6, 04:00 am",-607.2,0,0,0
"Sep 6, 05:00 am",-607.2,0,0,0
"Sep 6, 06:00 am",-607.2,0,0,0
"Sep 6, 07:00 am",-607.2,0,271,0
"Sep 6, 08:00 am",-4291.64,0,598,0
"Sep 6, 09:00 am",100444,462.763,745,0
"Sep 6, 10:00 am",101369,546.283,822,0
"Sep 6, 11:00 am",97959.6,594.076,865,0
"Sep 6, 12:00 pm",96959,618.313,886,0
"Sep 6, 01:00 pm",96621.4,622.077,887,0
"Sep 6, 02:00 pm",96713.6,611.255,879,0
"Sep 6, 03:00 pm",97295.5,580.916,852,0
"Sep 6, 04:00 pm",98447.3,515.929,788,0
"Sep 6, 05:00 pm",99950.8,412.11,686,0
"Sep 6, 06:00 pm",102511,227.211,493,0
"Sep 6, 07:00 pm",107680,0,101,0
"Sep 6, 08:00 pm",109927,0,0,0
"Sep 6, 09:00 pm",110973,0,0,0
"Sep 6, 10:00 pm",111718,0,0,0
"Sep 6, 11:00 pm",112204,0,0,0
"Sep 7, 12:00 am",112395,0,0,0
"Sep 7, 01:00 am",112850,0,0,0
"Sep 7, 02:00 am",89335.1,0,0,0
"Sep 7, 03:00 am",-607.2,0,0,0
"Sep 7, 04:00 am",-607.2,0,0,0
"Sep 7, 05:00 am",-607.2,0,0,0
"Sep 7, 06:00 am",-607.2,0,0,0
"Sep 7, 07:00 am",-607.2,0,180,0
"Sep 7, 08:00 am",-3853.21,0,491,0
"Sep 7, 09:00 am",83688,404.414,657,0
"Sep 7, 10:00 am",102545,498.628,754,0
"Sep 7, 11:00 am",99199.1,554.432,810,0
"Sep 7, 12:00 pm",97693.2,583.156,838,0
"Sep 7, 01:00 pm",97379.6,584.815,837,0
"Sep 7, 02:00 pm",97480,571.843,826,0
"Sep 7, 03:00 pm",98018.4,539.202,795,0
"Sep 7, 04:00 pm",99195.2,462.38,712,0
"Sep 7, 05:00 pm",100549,354.358,598,0
"Sep 7, 06:00 pm",103334,178.437,403,0
"Sep 7, 07:00 pm",108523,0,70,0
"Sep 7, 08:00 pm",110647,0,0,0
"Sep 7, 09:00 pm",111746,0,0,0
"Sep 7, 10:00 pm",112469,0,0,0
"Sep 7, 11:00 pm",112811,0,0,0
"Sep 8, 12:00 am",112863,0,0,0
"Sep 8, 01:00 am",14499,0,0,0
"Sep 8, 02:00 am",-607.2,0,0,0
"Sep 8, 03:00 am",-607.2,0,0,0
"Sep 8, 04:00 am",-607.2,0,0,0
"Sep 8, 05:00 am",-607.2,0,0,0
"Sep 8, 06:00 am",-607.2,0,0,0
"Sep 8, 07:00 am",-607.2,0,124,0
"Sep 8, 08:00 am",-3495.4,0,390,0
"Sep 8, 09:00 am",63271,338.836,558,0
"Sep 8, 10:00 am",104770,433.826,662,0
"Sep 8, 11:00 am",101467,490.35,722,0
"Sep 8, 12:00 pm",99079.8,512.528,743,0
"Sep 8, 01:00 pm",98289.6,546.968,788,0
"Sep 8, 02:00 pm",98643.5,518.582,756,0
"Sep 8, 03:00 pm",99262,476.199,711,0
"Sep 8, 04:00 pm",99718.4,450.534,700,0
"Sep 8, 05:00 pm",101740,344.598,589,0
"Sep 8, 06:00 pm",105566,172.842,399,0
"Sep 8, 07:00 pm",110611,0,70,0
"Sep 8, 08:00 pm",112446,0,0,0
"Sep 8, 09:00 pm",113236,0,0,0
"Sep 8, 10:00 pm",113804,0,0,0
"Sep 8, 11:00 pm",71923.2,0,0,0
"Sep 9, 12:00 am",-607.2,0,0,0
"Sep 9, 01:00 am",-607.2,0,0,0
"Sep 9, 02:00 am",-607.2,0,0,0
"Sep 9, 03:00 am",-607.2,0,0,0
"Sep 9, 04:00 am",-607.2,0,0,0
"Sep 9, 05:00 am",-607.2,0,0,0
"Sep 9, 06:00 am",-607.2,0,0,0
"Sep 9, 07:00 am",-607.2,0,0,0
"Sep 9, 08:00 am",-607.2,0,0,0
"Sep 9, 09:00 am",-2837.44,0,248,0
"Sep 9, 10:00 am",-1628.61,0,117,0
"Sep 9, 11:00 am",-3121.14,0,256,0
"Sep 9, 12:00 pm",25587.8,0,370,0
"Sep 9, 01:00 pm",72995,216.791,342,0
"Sep 9, 02:00 pm",102701,582.441,849,0
"Sep 9, 03:00 pm",103016,548.177,818,0
"Sep 9, 04:00 pm",104358,491.16,766,0
"Sep 9, 05:00 pm",106592,395.067,677,0
"Sep 9, 06:00 pm",108900,212.317,492,0
"Sep 9, 07:00 pm",111687,0,85,0
"Sep 9, 08:00 pm",112807,0,0,0
"Sep 9, 09:00 pm",63237.1,0,0,0
"Sep 9, 10:00 pm",-607.2,0,0,0
"Sep 9, 11:00 pm",-607.2,0,0,0
"Sep 10, 12:00 am",-607.2,0,0,0
"Sep 10, 01:00 am",-607.2,0,0,0
"Sep 10, 02:00 am",-607.2,0,0,0
"Sep 10, 03:00 am",-607.2,0,0,0
"Sep 10, 04:00 am",-607.2,0,0,0
"Sep 10, 05:00 am",-607.2,0,0,0
"Sep 10, 06:00 am",-607.2,0,0,0
"Sep 10, 07:00 am",-607.2,0,307,0
"Sep 10, 08:00 am",-4461.19,0,655,0
"Sep 10, 09:00 am",109308,498.786,808,0
"Sep 10, 10:00 am",107073,590.152,889,0
"Sep 10, 11:00 am",104638,640.385,932,0
"Sep 10, 12:00 pm",102713,665.56,953,0
"Sep 10, 01:00 pm",101633,659.2,940,0
"Sep 10, 02:00 pm",101022,648.071,932,0
"Sep 10, 03:00 pm",101249,616.801,905,0
"Sep 10, 04:00 pm",102508,552.401,845,0
"Sep 10, 05:00 pm",104730,446.331,748,0
"Sep 10, 06:00 pm",108356,246.425,553,0
"Sep 10, 07:00 pm",112741,0,100,0
"Sep 10, 08:00 pm",113963,0,0,0
"Sep 10, 09:00 pm",114416,0,0,0
"Sep 10, 10:00 pm",114728,0,0,0
"Sep 10, 11:00 pm",114969,0,0,0
"Sep 11, 12:00 am",115034,0,0,0
"Sep 11, 01:00 am",115189,0,0,0
"Sep 11, 02:00 am",115268,0,0,0
"Sep 11, 03:00 am",115288,0,0,0
"Sep 11, 04:00 am",-607.2,0,0,0
"Sep 11, 05:00 am",-607.2,0,0,0
"Sep 11, 06:00 am",-607.2,0,0,0
"Sep 11, 07:00 am",-607.2,0,330,0
"Sep 11, 08:00 am",-4008.96,0,540,0
"Sep 11, 09:00 am",92142.8,490.49,792,0
"Sep 11, 10:00 am",102407,587.847,884,0
"Sep 11, 11:00 am",99580.2,635.759,925,0
"Sep 11, 12:00 pm",97271.3,661.142,947,0
"Sep 11, 01:00 pm",96413.5,652.891,932,0
"Sep 11, 02:00 pm",96535.4,640.234,922,0
"Sep 11, 03:00 pm",97158,608.804,895,0
"Sep 11, 04:00 pm",98286.8,551.989,846,0
"Sep 11, 05:00 pm",99958.1,452.125,760,0
"Sep 11, 06:00 pm",104585,258.32,584,0
"Sep 11, 07:00 pm",109944,0,125,0
"Sep 11, 08:00 pm",111486,0,0,0
"Sep 11, 09:00 pm",112077,0,0,0
"Sep 11, 10:00 pm",112437,0,0,0
"Sep 11, 11:00 pm",112832,0,0,0
"Sep 12, 12:00 am",113021,0,0,0
"Sep 12, 01:00 am",113679,0,0,0
"Sep 12, 02:00 am",114049,0,0,0
"Sep 12, 03:00 am",108846,0,0,0
"Sep 12, 04:00 am",-607.2,0,0,0
"Sep 12, 05:00 am",-607.2,0,0,0
"Sep 12, 06:00 am",-607.2,0,0,0
"Sep 12, 07:00 am",-607.2,0,366,0
"Sep 12, 08:00 am",-1661.9,0,699,0
"Sep 12, 09:00 am",105510,515.434,836,0
"Sep 12, 10:00 am",101162,601.106,907,0
"Sep 12, 11:00 am",97847.7,645.004,940,0
"Sep 12, 12:00 pm",95962,667.771,958,0
"Sep 12, 01:00 pm",95637.3,669.574,957,0
"Sep 12, 02:00 pm",95830.4,655.626,946,0
"Sep 12, 03:00 pm",96545.6,625.553,922,0
"Sep 12, 04:00 pm",98487.8,529.145,817,0
"Sep 12, 05:00 pm",100189,420.772,716,0
"Sep 12, 06:00 pm",104851,216.791,508,0
"Sep 12, 07:00 pm",110053,0,0,0
"Sep 12, 08:00 pm",111587,0,0,0
"Sep 12, 09:00 pm",112308,0,0,0
"Sep 12, 10:00 pm",112965,0,0,0
"Sep 12, 11:00 pm",113501,0,0,0
"Sep 13, 12:00 am",113669,0,0,0
"Sep 13, 01:00 am",114269,0,0,0
"Sep 13, 02:00 am",114595,0,0,0
"Sep 13, 03:00 am",114755,0,0,0
"Sep 13, 04:00 am",7371.38,0,0,0
"Sep 13, 05:00 am",-607.2,0,0,0
"Sep 13, 06:00 am",-607.2,0,0,0
"Sep 13, 07:00 am",-607.2,0,237,0
"Sep 13, 08:00 am",-4290.07,0,614,0
"Sep 13, 09:00 am",101793,478.082,775,0
"Sep 13, 10:00 am",102449,570.633,860,0
"Sep 13, 11:00 am",99114.2,624.974,910,0
"Sep 13, 12:00 pm",96725.2,651.808,934,0
"Sep 13, 01:00 pm",96112.2,658.874,940,0
"Sep 13, 02:00 pm",96193.9,648.11,933,0
"Sep 13, 03:00 pm",96846.6,617.517,908,0
"Sep 13, 04:00 pm",98241.5,549.914,845,0
"Sep 13, 05:00 pm",100094,439.838,746,0
"Sep 13, 06:00 pm",104782,234.535,551,0
"Sep 13, 07:00 pm",110277,0,0,0
"Sep 13, 08:00 pm",112057,0,0,0
"Sep 13, 09:00 pm",112984,0,0,0
"Sep 13, 10:00 pm",113634,0,0,0
"Sep 13, 11:00 pm",114164,0,0,0
"Sep 14, 12:00 am",114402,0,0,0
"Sep 14, 01:00 am",114938,0,0,0
"Sep 14, 02:00 am",115151,0,0,0
"Sep 14, 03:00 am",86408,0,0,0
"Sep 14, 04:00 am",-607.2,0,0,0
"Sep 14, 05:00 am",-607.2,0,0,0
"Sep 14, 06:00 am",-607.2,0,0,0
"Sep 14, 07:00 am",-607.2,0,218,0
"Sep 14, 08:00 am",-4182.82,0,590,0
"Sep 14, 09:00 am",-818.16,0,152,0
"Sep 14, 10:00 am",-2685.81,0,210,0
"Sep 14, 11:00 am",35369,0,523,0
"Sep 14, 12:00 pm",75549.8,163.736,264,0
"Sep 14, 01:00 pm",103389,387.858,570,0
"Sep 14, 02:00 pm",102296,352.544,526,0
"Sep 14, 03:00 pm",102438,320.938,492,0
"Sep 14, 04:00 pm",57097.2,0,208,0
"Sep 14, 05:00 pm",-607.2,0,57,0
"Sep 14, 06:00 pm",-607.2,0,0,0
"Sep 14, 07:00 pm",-607.2,0,0,0
"Sep 14, 08:00 pm",-607.2,0,0,0
"Sep 14, 09:00 pm",-607.2,0,0,0
"Sep 14, 10:00 pm",-607.2,0,0,0
"Sep 14, 11:00 pm",-607.2,0,0,0
"Sep 15, 12:00 am",-607.2,0,0,0
"Sep 15, 01:00 am",-607.2,0,0,0
"Sep 15, 02:00 am",-607.2,0,0,0
"Sep 15, 03:00 am",-607.2,0,0,0
"Sep 15, 04:00 am",-607.2,0,0,0
"Sep 15, 05:00 am",-607.2,0,0,0
"Sep 15, 06:00 am",-607.2,0,0,0
"Sep 15, 07:00 am",-607.2,0,279,0
"Sep 15, 08:00 am",-4470.91,0,668,0
"Sep 15, 09:00 am",109161,510.02,831,0
"Sep 15, 10:00 am",106140,603.506,913,0
"Sep 15, 11:00 am",103301,653.78,956,0
"Sep 15, 12:00 pm",101527,676.817,975,0
"Sep 15, 01:00 pm",101236,657.509,946,0
"Sep 15, 02:00 pm",101282,644.362,936,0
"Sep 15, 03:00 pm",102035,613.422,911,0
"Sep 15, 04:00 pm",103957,538.627,838,0
"Sep 15, 05:00 pm",106491,422.489,730,0
"Sep 15, 06:00 pm",109721,201.539,501,0
"Sep 15, 07:00 pm",113323,0,0,0
"Sep 15, 08:00 pm",114255,0,0,0
"Sep 15, 09:00 pm",114617,0,0,0
"Sep 15, 10:00 pm",114977,0,0,0
"Sep 15, 11:00 pm",115317,0,0,0
"Sep 16, 12:00 am",115481,0,0,0
"Sep 16, 01:00 am",115842,0,0,0
"Sep 16, 02:00 am",115899,0,0,0
"Sep 16, 03:00 am",103661,0,0,0
"Sep 16, 04:00 am",-607.2,0,0,0
"Sep 16, 05:00 am",-607.2,0,0,0
"Sep 16, 06:00 am",-607.2,0,0,0
"Sep 16, 07:00 am",-607.2,0,295,0
"Sep 16, 08:00 am",-4117.29,0,676,0
"Sep 16, 09:00 am",109173,509.777,827,0
"Sep 16, 10:00 am",106281,598.701,902,0
"Sep 16, 11:00 am",104133,648.938,945,0
"Sep 16, 12:00 pm",102610,674.465,967,0
"Sep 16, 01:00 pm",101895,674.417,964,0
"Sep 16, 02:00 pm",101975,658.059,950,0
"Sep 16, 03:00 pm",102690,626.771,925,0
"Sep 16, 04:00 pm",104244,567.054,875,0
"Sep 16, 05:00 pm",106800,453.265,776,0
"Sep 16, 06:00 pm",110291,235.074,576,0
"Sep 16, 07:00 pm",114366,0,0,0
"Sep 16, 08:00 pm",115349,0,0,0
"Sep 16, 09:00 pm",115771,0,0,0
"Sep 16, 10:00 pm",116008,0,0,0
"Sep 16, 11:00 pm",116161,0,0,0
"Sep 17, 12:00 am",116192,0,0,0
"Sep 17, 01:00 am",116134,0,0,0
"Sep 17, 02:00 am",116057,0,0,0
"Sep 17, 03:00 am",115990,0,0,0
"Sep 17, 04:00 am",32583.2,0,0,0
"Sep 17, 05:00 am",-607.2,0,0,0
"Sep 17, 06:00 am",-607.2,0,0,0
"Sep 17, 07:00 am",-607.2,0,272,0
"Sep 17, 08:00 am",-4389.05,0,649,0
"Sep 17, 09:00 am",107393,493.427,803,0
"Sep 17, 10:00 am",106806,580.596,877,0
"Sep 17, 11:00 am",104515,628.725,918,0
"Sep 17, 12:00 pm",107268,354.135,527,0
"Sep 17, 01:00 pm",102182,652.93,936,0
"Sep 17, 02:00 pm",102151,639.599,926,0
"Sep 17, 03:00 pm",102868,605.569,897,0
"Sep 17, 04:00 pm",104764,529.09,822,0
"Sep 17, 05:00 pm",107205,412.317,715,0
"Sep 17, 06:00 pm",110231,192.215,493,0
"Sep 17, 07:00 pm",113926,0,0,0
"Sep 17, 08:00 pm",115016,0,0,0
"Sep 17, 09:00 pm",115542,0,0,0
"Sep 17, 10:00 pm",115872,0,0,0
"Sep 17, 11:00 pm",116038,0,0,0
"Sep 18, 12:00 am",116042,0,0,0
"Sep 18, 01:00 am",116133,0,0,0
"Sep 18, 02:00 am",41887,0,0,0
"Sep 18, 03:00 am",-607.2,0,0,0
"Sep 18, 04:00 am",-607.2,0,0,0
"Sep 18, 05:00 am",-607.2,0,0,0
"Sep 18, 06:00 am",-607.2,0,0,0
"Sep 18, 07:00 am",-607.2,0,246,0
"Sep 18, 08:00 am",-4215.83,0,614,0
"Sep 18, 09:00 am",103407,465.319,765,0
"Sep 18, 10:00 am",107379,550.584,838,0
"Sep 18, 11:00 am",104905,595.012,875,0
"Sep 18, 12:00 pm",103151,616.732,893,0
"Sep 18, 01:00 pm",102325,615.454,889,0
"Sep 18, 02:00 pm",102443,596.364,871,0
"Sep 18, 03:00 pm",103195,558.795,836,0
"Sep 18, 04:00 pm",104612,491.62,772,0
"Sep 18, 05:00 pm",106861,374.274,659,0
"Sep 18, 06:00 pm",109654,164.552,439,0
"Sep 18, 07:00 pm",113226,0,0,0
"Sep 18, 08:00 pm",114141,0,0,0
"Sep 18, 09:00 pm",114574,0,0,0
"Sep 18, 10:00 pm",114906,0,0,0
"Sep 18, 11:00 pm",115230,0,0,0
"Sep 19, 12:00 am",115322,0,0,0
"Sep 19, 01:00 am",115597,0,0,0
"Sep 19, 02:00 am",13208.5,0,0,0
"Sep 19, 03:00 am",-607.2,0,0,0
"Sep 19, 04:00 am",-607.2,0,0,0
"Sep 19, 05:00 am",-607.2,0,0,0
"Sep 19, 06:00 am",-607.2,0,0,0
"Sep 19, 07:00 am",-607.2,0,169,0
"Sep 19, 08:00 am",-3892.17,0,530,0
"Sep 19, 09:00 am",88977.4,426.309,702,0
"Sep 19, 10:00 am",106534,522.993,794,0
"Sep 19, 11:00 am",103786,579.125,848,0
"Sep 19, 12:00 pm",101989,606.049,873,0
"Sep 19, 01:00 pm",101119,593.657,853,0
"Sep 19, 02:00 pm",100753,577.073,837,0
"Sep 19, 03:00 pm",101100,538.175,799,0
"Sep 19, 04:00 pm",102516,462.931,722,0
"Sep 19, 05:00 pm",104817,340.879,599,0
"Sep 19, 06:00 pm",110118,0,369,0
"Sep 19, 07:00 pm",112724,0,0,0
"Sep 19, 08:00 pm",113961,0,0,0
"Sep 19, 09:00 pm",114656,0,0,0
"Sep 19, 10:00 pm",115032,0,0,0
"Sep 19, 11:00 pm",115197,0,0,0
"Sep 20, 12:00 am",98701.2,0,0,0
"Sep 20, 01:00 am",-607.2,0,0,0
"Sep 20, 02:00 am",-607.2,0,0,0
"Sep 20, 03:00 am",-607.2,0,0,0
"Sep 20, 04:00 am",-607.2,0,0,0
"Sep 20, 05:00 am",-607.2,0,0,0
"Sep 20, 06:00 am",-607.2,0,0,0
"Sep 20, 07:00 am",-607.2,0,122,0
"Sep 20, 08:00 am",-3703.48,0,476,0
"Sep 20, 09:00 am",77781.7,396.331,656,0
"Sep 20, 10:00 am",106597,491.895,750,0
"Sep 20, 11:00 am",104168,546.31,803,0
"Sep 20, 12:00 pm",102400,574.148,830,0
"Sep 20, 01:00 pm",101505,572.497,825,0
"Sep 20, 02:00 pm",103820,348.871,522,0
"Sep 20, 03:00 pm",101939,521.488,777,0
"Sep 20, 04:00 pm",103448,439.65,690,0
"Sep 20, 05:00 pm",106118,217.142,401,0
"Sep 20, 06:00 pm",110437,0,354,0
"Sep 20, 07:00 pm",112619,0,0,0
"Sep 20, 08:00 pm",113560,0,0,0
"Sep 20, 09:00 pm",114202,0,0,0
"Sep 20, 10:00 pm",114565,0,0,0
"Sep 20, 11:00 pm",-607.2,0,0,0
"Sep 21, 12:00 am",-607.2,0,0,0
"Sep 21, 01:00 am",-607.2,0,0,0
"Sep 21, 02:00 am",-607.2,0,0,0
"Sep 21, 03:00 am",-607.2,0,0,0
"Sep 21, 04:00 am",-607.2,0,0,0
"Sep 21, 05:00 am",-607.2,0,0,0
"Sep 21, 06:00 am",-607.2,0,0,0
"Sep 21, 07:00 am",-607.2,0,131,0
"Sep 21, 08:00 am",-3763.87,0,496,0
"Sep 21, 09:00 am",81138.5,404.966,670,0
"Sep 21, 10:00 am",106404,500.942,763,0
"Sep 21, 11:00 am",104266,555.736,816,0
"Sep 21, 12:00 pm",105808,339.318,506,0
"Sep 21, 01:00 pm",101884,602.198,866,0
"Sep 21, 02:00 pm",101774,588.877,855,0
"Sep 21, 03:00 pm",102503,551.88,821,0
"Sep 21, 04:00 pm",104440,448.024,704,0
"Sep 21, 05:00 pm",109019,0,91,0
"Sep 21, 06:00 pm",110895,0,22,0
"Sep 21, 07:00 pm",112445,0,0,0
"Sep 21, 08:00 pm",113395,0,0,0
"Sep 21, 09:00 pm",114037,0,0,0
"Sep 21, 10:00 pm",67870.5,0,0,0
"Sep 21, 11:00 pm",-607.2,0,0,0
"Sep 22, 12:00 am",-607.2,0,0,0
"Sep 22, 01:00 am",-607.2,0,0,0
"Sep 22, 02:00 am",-607.2,0,0,0
"Sep 22, 03:00 am",-607.2,0,0,0
"Sep 22, 04:00 am",-607.2,0,0,0
"Sep 22, 05:00 am",-607.2,0,0,0
"Sep 22, 06:00 am",-607.2,0,0,0
"Sep 22, 07:00 am",-607.2,0,148,0
"Sep 22, 08:00 am",-3929.56,0,547,0
"Sep 22, 09:00 am",90393.4,438.528,724,0
"Sep 22, 10:00 am",105764,535.488,814,0
"Sep 22, 11:00 am",103218,587.383,861,0
"Sep 22, 12:00 pm",101525,615.895,888,0
"Sep 22, 01:00 pm",100522,624.323,897,0
"Sep 22, 02:00 pm",100387,612.349,888,0
"Sep 22, 03:00 pm",101138,577.817,858,0
"Sep 22, 04:00 pm",103020,497.753,778,0
"Sep 22, 05:00 pm",106380,226.151,419,0
"Sep 22, 06:00 pm",110930,0,141,0
"Sep 22, 07:00 pm",113167,0,0,0
"Sep 22, 08:00 pm",114075,0,0,0
"Sep 22, 09:00 pm",114616,0,0,0
"Sep 22, 10:00 pm",114916,0,0,0
"Sep 22, 11:00 pm",115020,0,0,0
"Sep 23, 12:00 am",114994,0,0,0
"Sep 23, 01:00 am",5344.27,0,0,0
"Sep 23, 02:00 am",-607.2,0,0,0
"Sep 23, 03:00 am",-607.2,0,0,0
"Sep 23, 04:00 am",-607.2,0,0,0
"Sep 23, 05:00 am",-607.2,0,0,0
"Sep 23, 06:00 am",-607.2,0,0,0
"Sep 23, 07:00 am",-607.2,0,109,0
"Sep 23, 08:00 am",-3760.24,0,501,0
"Sep 23, 09:00 am",32666.3,176.018,318,0
"Sep 23, 10:00 am",106354,504.58,771,0
"Sep 23, 11:00 am",104005,556.425,819,0
"Sep 23, 12:00 pm",105288,326.341,489,0
"Sep 23, 01:00 pm",100763,611.78,880,0
"Sep 23, 02:00 pm",100420,600.193,871,0
"Sep 23, 03:00 pm",100849,565.88,841,0
"Sep 23, 04:00 pm",102280,497.02,777,0
"Sep 23, 05:00 pm",104484,370.532,658,0
"Sep 23, 06:00 pm",109329,0,410,0
"Sep 23, 07:00 pm",111524,0,0,0
"Sep 23, 08:00 pm",112513,0,0,0
"Sep 23, 09:00 pm",113197,0,0,0
"Sep 23, 10:00 pm",113681,0,0,0
"Sep 23, 11:00 pm",85208.2,0,0,0
"Sep 24, 12:00 am",-607.2,0,0,0
"Sep 24, 01:00 am",-607.2,0,0,0
"Sep 24, 02:00 am",-607.2,0,0,0
"Sep 24, 03:00 am",-607.2,0,0,0
"Sep 24, 04:00 am",-607.2,0,0,0
"Sep 24, 05:00 am",-607.2,0,0,0
"Sep 24, 06:00 am",-607.2,0,0,0
"Sep 24, 07:00 am",-607.2,0,115,0
"Sep 24, 08:00 am",-3798.17,0,514,0
"Sep 24, 09:00 am",82355.5,423.513,702,0
"Sep 24, 10:00 am",105419,522.727,796,0
"Sep 24, 11:00 am",103028,578.523,849,0
"Sep 24, 12:00 pm",101169,606.233,875,0
"Sep 24, 01:00 pm",99859,618.29,889,0
"Sep 24, 02:00 pm",99429.2,604.934,878,0
"Sep 24, 03:00 pm",99886.2,569.596,847,0
"Sep 24, 04:00 pm",101583,481.934,756,0
"Sep 24, 05:00 pm",104087,351.413,630,0
"Sep 24, 06:00 pm",109347,0,371,0
"Sep 24, 07:00 pm",111906,0,0,0
"Sep 24, 08:00 pm",112992,0,0,0
"Sep 24, 09:00 pm",113713,0,0,0
"Sep 24, 10:00 pm",114150,0,0,0
"Sep 24, 11:00 pm",114432,0,0,0
"Sep 25, 12:00 am",114439,0,0,0
"Sep 25, 01:00 am",20122.6,0,0,0
"Sep 25, 02:00 am",-607.2,0,0,0
"Sep 25, 03:00 am",-607.2,0,0,0
"Sep 25, 04:00 am",-607.2,0,0,0
"Sep 25, 05:00 am",-607.2,0,0,0
"Sep 25, 06:00 am",-607.2,0,0,0
"Sep 25, 07:00 am",-607.2,0,0,0
"Sep 25, 08:00 am",-607.2,0,0,0
"Sep 25, 09:00 am",-607.2,0,32,0
"Sep 25, 10:00 am",-607.2,0,61,0
"Sep 25, 11:00 am",16114.1,0,868,0
"Sep 25, 12:00 pm",100253,618.1,894,0
"Sep 25, 01:00 pm",99079.3,626.595,904,0
"Sep 25, 02:00 pm",98866.8,613.096,894,0
"Sep 25, 03:00 pm",99772.5,576.074,862,0
"Sep 25, 04:00 pm",101481,505.121,797,0
"Sep 25, 05:00 pm",104160,376.147,678,0
"Sep 25, 06:00 pm",109855,0,420,0
"Sep 25, 07:00 pm",112427,0,0,0
"Sep 25, 08:00 pm",113423,0,0,0
"Sep 25, 09:00 pm",114027,0,0,0
"Sep 25, 10:00 pm",114442,0,0,0
"Sep 25, 11:00 pm",114637,0,0,0
"Sep 26, 12:00 am",4991.05,0,0,0
"Sep 26, 01:00 am",-607.2,0,0,0
"Sep 26, 02:00 am",-607.2,0,0,0
"Sep 26, 03:00 am",-607.2,0,0,0
"Sep 26, 04:00 am",-607.2,0,0,0
"Sep 26, 05:00 am",-607.2,0,0,0
"Sep 26, 06:00 am",-607.2,0,0,0
"Sep 26, 07:00 am",-607.2,0,212,0
"Sep 26, 08:00 am",-4261.03,0,649,0
"Sep 26, 09:00 am",103000,491.893,812,0
"Sep 26, 10:00 am",104882,588.128,892,0
"Sep 26, 11:00 am",101988,639.229,935,0
"Sep 26, 12:00 pm",99992.1,667.115,960,0
"Sep 26, 01:00 pm",99132.1,663.73,953,0
"Sep 26, 02:00 pm",99083,649.481,942,0
"Sep 26, 03:00 pm",100092,611.783,910,0
"Sep 26, 04:00 pm",102307,528.707,830,0
"Sep 26, 05:00 pm",108789,0,19,0
"Sep 26, 06:00 pm",111625,0,0,0
"Sep 26, 07:00 pm",113792,0,0,0
"Sep 26, 08:00 pm",114843,0,0,0
"Sep 26, 09:00 pm",115445,0,0,0
"Sep 26, 10:00 pm",115736,0,0,0
"Sep 26, 11:00 pm",115836,0,0,0
"Sep 27, 12:00 am",115787,0,0,0
"Sep 27, 01:00 am",59033.6,0,0,0
"Sep 27, 02:00 am",-607.2,0,0,0
"Sep 27, 03:00 am",-607.2,0,0,0
"Sep 27, 04:00 am",-607.2,0,0,0
"Sep 27, 05:00 am",-607.2,0,0,0
"Sep 27, 06:00 am",-607.2,0,0,0
"Sep 27, 07:00 am",-607.2,0,0,0
"Sep 27, 08:00 am",-607.2,0,0,0
"Sep 27, 09:00 am",-607.2,0,0,0
"Sep 27, 10:00 am",-607.2,0,0,0
"Sep 27, 11:00 am",-607.2,0,0,0
"Sep 27, 12:00 pm",-607.2,0,12,0
"Sep 27, 01:00 pm",-607.2,0,35,0
"Sep 27, 02:00 pm",-607.2,0,0,0
"Sep 27, 03:00 pm",-607.2,0,0,0
"Sep 27, 04:00 pm",-607.2,0,0,0
"Sep 27, 05:00 pm",-607.2,0,0,0
"Sep 27, 06:00 pm",-607.2,0,0,0
"Sep 27, 07:00 pm",-607.2,0,0,0
"Sep 27, 08:00 pm",-607.2,0,0,0
"Sep 27, 09:00 pm",-607.2,0,0,0
"Sep 27, 10:00 pm",-607.2,0,0,0
"Sep 27, 11:00 pm",-607.2,0,0,0
"Sep 28, 12:00 am",-607.2,0,0,0
"Sep 28, 01:00 am",-607.2,0,0,0
"Sep 28, 02:00 am",-607.2,0,0,0
"Sep 28, 03:00 am",-607.2,0,0,0
"Sep 28, 04:00 am",-607.2,0,0,0
"Sep 28, 05:00 am",-607.2,0,0,0
"Sep 28, 06:00 am",-607.2,0,0,0
"Sep 28, 07:00 am",-607.2,0,0,0
"Sep 28, 08:00 am",-607.2,0,0,0
"Sep 28, 09:00 am",-607.2,0,0,0
"Sep 28, 10:00 am",-607.2,0,28,0
"Sep 28, 11:00 am",-2956.97,0,236,0
"Sep 28, 12:00 pm",-1268.21,0,217,0
"Sep 28, 01:00 pm",-2818.57,0,218,0
"Sep 28, 02:00 pm",-2493.54,0,294,0
"Sep 28, 03:00 pm",103573,476.366,720,0
"Sep 28, 04:00 pm",104857,417.199,667,0
"Sep 28, 05:00 pm",106563,276.86,517,0
"Sep 28, 06:00 pm",105309,0,227,0
"Sep 28, 07:00 pm",-607.2,0,0,0
"Sep 28, 08:00 pm",-607.2,0,0,0
"Sep 28, 09:00 pm",-607.2,0,0,0
"Sep 28, 10:00 pm",-607.2,0,0,0
"Sep 28, 11:00 pm",-607.2,0,0,0
"Sep 29, 12:00 am",-607.2,0,0,0
"Sep 29, 01:00 am",-607.2,0,0,0
"Sep 29, 02:00 am",-607.2,0,0,0
"Sep 29, 03:00 am",-607.2,0,0,0
"Sep 29, 04:00 am",-607.2,0,0,0
"Sep 29, 05:00 am",-607.2,0,0,0
"Sep 29, 06:00 am",-607.2,0,0,0
"Sep 29, 07:00 am",-607.2,0,11,0
"Sep 29, 08:00 am",-3009.28,0,338,0
"Sep 29, 09:00 am",43896.8,0,550,0
"Sep 29, 10:00 am",106783,431.845,667,0
"Sep 29, 11:00 am",104296,496.377,736,0
"Sep 29, 12:00 pm",102416,528.601,770,0
"Sep 29, 01:00 pm",100882,559.046,810,0
"Sep 29, 02:00 pm",100631,543.107,795,0
"Sep 29, 03:00 pm",101138,500.799,753,0
"Sep 29, 04:00 pm",102567,422.527,674,0
"Sep 29, 05:00 pm",104902,282.752,528,0
"Sep 29, 06:00 pm",108480,0,235,0
"Sep 29, 07:00 pm",110710,0,0,0
"Sep 29, 08:00 pm",111843,0,0,0
"Sep 29, 09:00 pm",112580,0,0,0
"Sep 29, 10:00 pm",108421,0,0,0
"Sep 29, 11:00 pm",-607.2,0,0,0
"Sep 30, 12:00 am",-607.2,0,0,0
"Sep 30, 01:00 am",-607.2,0,0,0
"Sep 30, 02:00 am",-607.2,0,0,0
"Sep 30, 03:00 am",-607.2,0,0,0
"Sep 30, 04:00 am",-607.2,0,0,0
"Sep 30, 05:00 am",-607.2,0,0,0
"Sep 30, 06:00 am",-607.2,0,0,0
"Sep 30, 07:00 am",-607.2,0,45,0
"Sep 30, 08:00 am",-3560.15,0,458,0
"Sep 30, 09:00 am",-818.16,0,250,0
"Sep 30, 10:00 am",-3662.42,0,358,0
"Sep 30, 11:00 am",72946.9,335.446,510,0
"Sep 30, 12:00 pm",99180.6,234.009,362,0
"Sep 30, 01:00 pm",98839.1,275.974,419,0
"Sep 30, 02:00 pm",43113.1,161.679,264,0
"Sep 30, 03:00 pm",101354,506.97,763,0
"Sep 30, 04:00 pm",103139,404.499,649,0
"Sep 30, 05:00 pm",105023,220.413,425,0
"Sep 30, 06:00 pm",93144.4,0,201,0
"Sep 30, 07:00 pm",-607.2,0,0,0
"Sep 30, 08:00 pm",-607.2,0,0,0
"Sep 30, 09:00 pm",-607.2,0,0,0
"Sep 30, 10:00 pm",-607.2,0,0,0
"Sep 30, 11:00 pm",-607.2,0,0,0
"Oct 1, 12:00 am",-607.2,0,0,0
"Oct 1, 01:00 am",-607.2,0,0,0
"Oct 1, 02:00 am",-607.2,0,0,0
"Oct 1, 03:00 am",-607.2,0,0,0
"Oct 1, 04:00 am",-607.2,0,0,0
"Oct 1, 05:00 am",-607.2,0,0,0
"Oct 1, 06:00 am",-607.2,0,0,0
"Oct 1, 07:00 am",-607.2,0,44,0
"Oct 1, 08:00 am",-2685.06,0,295,0
"Oct 1, 09:00 am",-1576.93,0,264,0
"Oct 1, 10:00 am",1077.11,0,585,0
"Oct 1, 11:00 am",103190,554.639,819,0
"Oct 1, 12:00 pm",103462,357.217,533,0
"Oct 1, 01:00 pm",102450,304.83,459,0
"Oct 1, 02:00 pm",101724,268.814,413,0
"Oct 1, 03:00 pm",101753,277.229,435,0
"Oct 1, 04:00 pm",101920,212.592,361,0
"Oct 1, 05:00 pm",103324,218.995,424,0
"Oct 1, 06:00 pm",64898.1,0,260,0
"Oct 1, 07:00 pm",-607.2,0,0,0
"Oct 1, 08:00 pm",-607.2,0,0,0
"Oct 1, 09:00 pm",-607.2,0,0,0
"Oct 1, 10:00 pm",-607.2,0,0,0
"Oct 1, 11:00 pm",-607.2,0,0,0
"Oct 2, 12:00 am",-607.2,0,0,0
"Oct 2, 01:00 am",-607.2,0,0,0
"Oct 2, 02:00 am",-607.2,0,0,0
"Oct 2, 03:00 am",-607.2,0,0,0
"Oct 2, 04:00 am",-607.2,0,0,0
"Oct 2, 05:00 am",-607.2,0,0,0
"Oct 2, 06:00 am",-607.2,0,0,0
"Oct 2, 07:00 am",-607.2,0,92,0
"Oct 2, 08:00 am",-3808.08,0,548,0
"Oct 2, 09:00 am",83014.9,434.019,732,0
"Oct 2, 10:00 am",105108,534.353,822,0
"Oct 2, 11:00 am",102473,586.796,869,0
"Oct 2, 12:00 pm",100496,613.236,893,0
"Oct 2, 01:00 pm",99206.7,622.798,904,0
"Oct 2, 02:00 pm",98780.2,609.058,893,0
"Oct 2, 03:00 pm",99285.4,570.343,859,0
"Oct 2, 04:00 pm",100652,500.516,799,0
"Oct 2, 05:00 pm",103412,363.519,678,0
"Oct 2, 06:00 pm",108399,0,396,0
"Oct 2, 07:00 pm",110707,0,0,0
"Oct 2, 08:00 pm",111571,0,0,0
"Oct 2, 09:00 pm",112287,0,0,0
"Oct 2, 10:00 pm",113083,0,0,0
"Oct 2, 11:00 pm",113717,0,0,0
"Oct 3, 12:00 am",113927,0,0,0
"Oct 3, 01:00 am",46866.9,0,0,0
"Oct 3, 02:00 am",-607.2,0,0,0
"Oct 3, 03:00 am",-607.2,0,0,0
"Oct 3, 04:00 am",-607.2,0,0,0
"Oct 3, 05:00 am",-607.2,0,0,0
"Oct 3, 06:00 am",-607.2,0,0,0
"Oct 3, 07:00 am",-607.2,0,98,0
"Oct 3, 08:00 am",-3836.83,0,560,0
"Oct 3, 09:00 am",75422.5,263.597,463,0
"Oct 3, 10:00 am",105378,541.312,831,0
"Oct 3, 11:00 am",102370,595.962,880,0
"Oct 3, 12:00 pm",100304,621.321,902,0
"Oct 3, 01:00 pm",98995.6,626.811,907,0
"Oct 3, 02:00 pm",98457.2,613.137,896,0
"Oct 3, 03:00 pm",99080.5,574.891,863,0
"Oct 3, 04:00 pm",100691,489.24,781,0
"Oct 3, 05:00 pm",103449,346.562,651,0
"Oct 3, 06:00 pm",108757,0,345,0
"Oct 3, 07:00 pm",111070,0,0,0
"Oct 3, 08:00 pm",112132,0,0,0
"Oct 3, 09:00 pm",113001,0,0,0
"Oct 3, 10:00 pm",113649,0,0,0
"Oct 3, 11:00 pm",114109,0,0,0
"Oct 4, 12:00 am",114245,0,0,0
"Oct 4, 01:00 am",-607.2,0,0,0
"Oct 4, 02:00 am",-607.2,0,0,0
"Oct 4, 03:00 am",-607.2,0,0,0
"Oct 4, 04:00 am",-607.2,0,0,0
"Oct 4, 05:00 am",-607.2,0,0,0
"Oct 4, 06:00 am",-607.2,0,0,0
"Oct 4, 07:00 am",-607.2,0,0,0
"Oct 4, 08:00 am",-3708.69,0,522,0
"Oct 4, 09:00 am",77670.1,422.044,715,0
"Oct 4, 10:00 am",105902,525.957,809,0
"Oct 4, 11:00 am",102802,581.312,859,0
"Oct 4, 12:00 pm",100552,608.144,883,0
"Oct 4, 01:00 pm",99227.7,614.909,890,0
"Oct 4, 02:00 pm",98860.3,598.04,875,0
"Oct 4, 03:00 pm",99608.8,556.079,837,0
"Oct 4, 04:00 pm",101376,474.253,761,0
"Oct 4, 05:00 pm",104111,323.355,616,0
"Oct 4, 06:00 pm",108692,0,307,0
"Oct 4, 07:00 pm",110797,0,0,0
"Oct 4, 08:00 pm",112023,0,0,0
"Oct 4, 09:00 pm",113082,0,0,0
"Oct 4, 10:00 pm",113725,0,0,0
"Oct 4, 11:00 pm",114088,0,0,0
"Oct 5, 12:00 am",114144,0,0,0
"Oct 5, 01:00 am",6775.44,0,0,0
"Oct 5, 02:00 am",-607.2,0,0,0
"Oct 5, 03:00 am",-607.2,0,0,0
"Oct 5, 04:00 am",-607.2,0,0,0
"Oct 5, 05:00 am",-607.2,0,0,0
"Oct 5, 06:00 am",-607.2,0,0,0
"Oct 5, 07:00 am",-607.2,0,0,0
"Oct 5, 08:00 am",-3746.04,0,541,0
"Oct 5, 09:00 am",79275.4,434.268,738,0
"Oct 5, 10:00 am",104922,539.813,832,0
"Oct 5, 11:00 am",101908,595.956,883,0
"Oct 5, 12:00 pm",99762.9,622.856,907,0
"Oct 5, 01:00 pm",98533.3,628.906,913,0
"Oct 5, 02:00 pm",98254,612.865,899,0
"Oct 5, 03:00 pm",99012.6,572.179,863,0
"Oct 5, 04:00 pm",100887,481.028,774,0
"Oct 5, 05:00 pm",103956,331.224,633,0
"Oct 5, 06:00 pm",109407,0,306,0
"Oct 5, 07:00 pm",111627,0,0,0
"Oct 5, 08:00 pm",112699,0,0,0
"Oct 5, 09:00 pm",113621,0,0,0
"Oct 5, 10:00 pm",114314,0,0,0
"Oct 5, 11:00 pm",114675,0,0,0
"Oct 6, 12:00 am",114729,0,0,0
"Oct 6, 01:00 am",47101.8,0,0,0
"Oct 6, 02:00 am",-607.2,0,0,0
"Oct 6, 03:00 am",-607.2,0,0,0
"Oct 6, 04:00 am",-607.2,0,0,0
"Oct 6, 05:00 am",-607.2,0,0,0
"Oct 6, 06:00 am",-607.2,0,0,0
"Oct 6, 07:00 am",-607.2,0,0,0
"Oct 6, 08:00 am",-3801.98,0,560,0
"Oct 6, 09:00 am",82750.5,442.379,749,0
"Oct 6, 10:00 am",104645,547.376,840,0
"Oct 6, 11:00 am",100781,601.41,887,0
"Oct 6, 12:00 pm",98078.7,626.224,908,0
"Oct 6, 01:00 pm",96960,632.051,914,0
"Oct 6, 02:00 pm",97286.2,611.987,895,0
"Oct 6, 03:00 pm",98101.4,569.262,857,0
"Oct 6, 04:00 pm",99517.2,488.489,785,0
"Oct 6, 05:00 pm",102826,336.086,645,0
"Oct 6, 06:00 pm",108752,0,314,0
"Oct 6, 07:00 pm",111583,0,0,0
"Oct 6, 08:00 pm",112906,0,0,0
"Oct 6, 09:00 pm",113594,0,0,0
"Oct 6, 10:00 pm",114006,0,0,0
"Oct 6, 11:00 pm",114130,0,0,0
"Oct 7, 12:00 am",114124,0,0,0
"Oct 7, 01:00 am",61090.2,0,0,0
"Oct 7, 02:00 am",-607.2,0,0,0
"Oct 7, 03:00 am",-607.2,0,0,0
"Oct 7, 04:00 am",-607.2,0,0,0
"Oct 7, 05:00 am",-607.2,0,0,0
"Oct 7, 06:00 am",-607.2,0,0,0
"Oct 7, 07:00 am",-607.2,0,0,0
"Oct 7, 08:00 am",-3751.81,0,553,0
"Oct 7, 09:00 am",80119.3,438.353,747,0
"Oct 7, 10:00 am",105690,544.95,839,0
"Oct 7, 11:00 am",102665,598.115,884,0
"Oct 7, 12:00 pm",100338,623.129,905,0
"Oct 7, 01:00 pm",99379.4,612.283,888,0
"Oct 7, 02:00 pm",99190.8,591.418,868,0
"Oct 7, 03:00 pm",100169,546.582,827,0
"Oct 7, 04:00 pm",102287,448.501,728,0
"Oct 7, 05:00 pm",105251,292.217,573,0
"Oct 7, 06:00 pm",110269,0,225,0
"Oct 7, 07:00 pm",112348,0,0,0
"Oct 7, 08:00 pm",113323,0,0,0
"Oct 7, 09:00 pm",114061,0,0,0
"Oct 7, 10:00 pm",114553,0,0,0
"Oct 7, 11:00 pm",114836,0,0,0
"Oct 8, 12:00 am",114817,0,0,0
"Oct 8, 01:00 am",-607.2,0,0,0
"Oct 8, 02:00 am",-607.2,0,0,0
"Oct 8, 03:00 am",-607.2,0,0,0
"Oct 8, 04:00 am",-607.2,0,0,0
"Oct 8, 05:00 am",-607.2,0,0,0
"Oct 8, 06:00 am",-607.2,0,0,0
"Oct 8, 07:00 am",-607.2,0,0,0
"Oct 8, 08:00 am",-3459.16,0,451,0
"Oct 8, 09:00 am",61826.9,388.55,667,0
"Oct 8, 10:00 am",107334,500.131,773,0
"Oct 8, 11:00 am",104587,560.724,831,0
"Oct 8, 12:00 pm",102316,588.668,857,0
"Oct 8, 01:00 pm",100670,597.289,867,0
"Oct 8, 02:00 pm",100119,578.831,850,0
"Oct 8, 03:00 pm",100623,536.548,812,0
"Oct 8, 04:00 pm",102043,460.367,746,0
"Oct 8, 05:00 pm",105095,302.503,593,0
"Oct 8, 06:00 pm",110192,0,240,0
"Oct 8, 07:00 pm",112267,0,0,0
"Oct 8, 08:00 pm",113125,0,0,0
"Oct 8, 09:00 pm",113716,0,0,0
"Oct 8, 10:00 pm",114087,0,0,0
"Oct 8, 11:00 pm",114296,0,0,0
"Oct 9, 12:00 am",42644.7,0,0,0
"Oct 9, 01:00 am",-607.2,0,0,0
"Oct 9, 02:00 am",-607.2,0,0,0
"Oct 9, 03:00 am",-607.2,0,0,0
"Oct 9, 04:00 am",-607.2,0,0,0
"Oct 9, 05:00 am",-607.2,0,0,0
"Oct 9, 06:00 am",-607.2,0,0,0
"Oct 9, 07:00 am",-607.2,0,0,0
"Oct 9, 08:00 am",-3560.71,0,493,0
"Oct 9, 09:00 am",68329.4,414.01,709,0
"Oct 9, 10:00 am",106272,510.68,789,0
"Oct 9, 11:00 am",102776,573.167,849,0
"Oct 9, 12:00 pm",100468,602.725,877,0
"Oct 9, 01:00 pm",99847.3,588.239,855,0
"Oct 9, 02:00 pm",100035,566.692,834,0
"Oct 9, 03:00 pm",101026,515.935,784,0
"Oct 9, 04:00 pm",102643,434.213,709,0
"Oct 9, 05:00 pm",105803,268.046,536,0
"Oct 9, 06:00 pm",110910,0,161,0
"Oct 9, 07:00 pm",112854,0,0,0
"Oct 9, 08:00 pm",113640,0,0,0
"Oct 9, 09:00 pm",114177,0,0,0
"Oct 9, 10:00 pm",114498,0,0,0
"Oct 9, 11:00 pm",114663,0,0,0
"Oct 10, 12:00 am",23834.4,0,0,0
"Oct 10, 01:00 am",-607.2,0,0,0
"Oct 10, 02:00 am",-607.2,0,0,0
"Oct 10, 03:00 am",-607.2,0,0,0
"Oct 10, 04:00 am",-607.2,0,0,0
"Oct 10, 05:00 am",-607.2,0,0,0
"Oct 10, 06:00 am",-607.2,0,0,0
"Oct 10, 07:00 am",-607.2,0,0,0
"Oct 10, 08:00 am",-3098.53,0,384,0
"Oct 10, 09:00 am",47264,0,623,0
"Oct 10, 10:00 am",107540,479.172,744,0
"Oct 10, 11:00 am",104112,544.753,810,0
"Oct 10, 12:00 pm",102050,578.812,845,0
"Oct 10, 01:00 pm",101684,550.632,804,0
"Oct 10, 02:00 pm",101540,535.306,791,0
"Oct 10, 03:00 pm",102256,491.601,750,0
"Oct 10, 04:00 pm",103872,398.022,655,0
"Oct 10, 05:00 pm",106756,237.163,483,0
"Oct 10, 06:00 pm",111356,0,121,0
"Oct 10, 07:00 pm",113187,0,0,0
"Oct 10, 08:00 pm",113860,0,0,0
"Oct 10, 09:00 pm",114336,0,0,0
"Oct 10, 10:00 pm",114585,0,0,0
"Oct 10, 11:00 pm",22625.4,0,0,0
"Oct 11, 12:00 am",-607.2,0,0,0
"Oct 11, 01:00 am",-607.2,0,0,0
"Oct 11, 02:00 am",-607.2,0,0,0
"Oct 11, 03:00 am",-607.2,0,0,0
"Oct 11, 04:00 am",-607.2,0,0,0
"Oct 11, 05:00 am",-607.2,0,0,0
"Oct 11, 06:00 am",-607.2,0,0,0
"Oct 11, 07:00 am",-607.2,0,0,0
"Oct 11, 08:00 am",-2828.68,0,346,0
"Oct 11, 09:00 am",40063,0,586,0
"Oct 11, 10:00 am",107800,451.556,706,0
"Oct 11, 11:00 am",104742,513.78,768,0
"Oct 11, 12:00 pm",102387,542.28,795,0
"Oct 11, 01:00 pm",100694,551.05,805,0
"Oct 11, 02:00 pm",100253,528.014,781,0
"Oct 11, 03:00 pm",100866,474.907,726,0
"Oct 11, 04:00 pm",102667,368.044,610,0
"Oct 11, 05:00 pm",107361,0,267,0
"Oct 11, 06:00 pm",110044,0,49,0
"Oct 11, 07:00 pm",111427,0,0,0
"Oct 11, 08:00 pm",112117,0,0,0
"Oct 11, 09:00 pm",95738.4,0,0,0
"Oct 11, 10:00 pm",-607.2,0,0,0
"Oct 11, 11:00 pm",-607.2,0,0,0
"Oct 12, 12:00 am",-607.2,0,0,0
"Oct 12, 01:00 am",-607.2,0,0,0
"Oct 12, 02:00 am",-607.2,0,0,0
"Oct 12, 03:00 am",-607.2,0,0,0
"Oct 12, 04:00 am",-607.2,0,0,0
"Oct 12, 05:00 am",-607.2,0,0,0
"Oct 12, 06:00 am",-607.2,0,0,0
"Oct 12, 07:00 am",-607.2,0,0,0
"Oct 12, 08:00 am",-607.2,0,97,0
"Oct 12, 09:00 am",-2511.85,0,217,0
"Oct 12, 10:00 am",-3242.7,0,287,0
"Oct 12, 11:00 am",-818.16,0,146,0
"Oct 12, 12:00 pm",-2372.74,0,174,0
"Oct 12, 01:00 pm",32352.9,0,746,0
"Oct 12, 02:00 pm",102476,489.422,733,0
"Oct 12, 03:00 pm",103087,438.093,680,0
"Oct 12, 04:00 pm",104638,340.526,575,0
"Oct 12, 05:00 pm",106359,190.781,408,0
"Oct 12, 06:00 pm",109866,0,62,0
"Oct 12, 07:00 pm",63006,0,0,0
"Oct 12, 08:00 pm",-607.2,0,0,0
"Oct 12, 09:00 pm",-607.2,0,0,0
"Oct 12, 10:00 pm",-607.2,0,0,0
"Oct 12, 11:00 pm",-607.2,0,0,0
"Oct 13, 12:00 am",-607.2,0,0,0
"Oct 13, 01:00 am",-607.2,0,0,0
"Oct 13, 02:00 am",-607.2,0,0,0
"Oct 13, 03:00 am",-607.2,0,0,0
"Oct 13, 04:00 am",-607.2,0,0,0
"Oct 13, 05:00 am",-607.2,0,0,0
"Oct 13, 06:00 am",-607.2,0,0,0
"Oct 13, 07:00 am",-607.2,0,0,0
"Oct 13, 08:00 am",-607.2,0,0,0
"Oct 13, 09:00 am",-607.2,0,0,0
"Oct 13, 10:00 am",-607.2,0,0,0
"Oct 13, 11:00 am",-3610.52,0,338,0
"Oct 13, 12:00 pm",67275,473.627,700,0
"Oct 13, 01:00 pm",103111,234.446,366,0
"Oct 13, 02:00 pm",25111.5,0,109,0
"Oct 13, 03:00 pm",-2705.38,0,216,0
"Oct 13, 04:00 pm",-1544.28,0,278,0
"Oct 13, 05:00 pm",-2375.36,0,228,0
"Oct 13, 06:00 pm",-818.16,0,3,0
"Oct 13, 07:00 pm",-607.2,0,0,0
"Oct 13, 08:00 pm",-607.2,0,0,0
"Oct 13, 09:00 pm",-607.2,0,0,0
"Oct 13, 10:00 pm",-607.2,0,0,0
"Oct 13, 11:00 pm",-607.2,0,0,0
"Oct 14, 12:00 am",-607.2,0,0,0
"Oct 14, 01:00 am",-607.2,0,0,0
"Oct 14, 02:00 am",-607.2,0,0,0
"Oct 14, 03:00 am",-607.2,0,0,0
"Oct 14, 04:00 am",-607.2,0,0,0
"Oct 14, 05:00 am",-607.2,0,0,0
"Oct 14, 06:00 am",-607.2,0,0,0
"Oct 14, 07:00 am",-607.2,0,0,0
"Oct 14, 08:00 am",-607.2,0,0,0
"Oct 14, 09:00 am",-607.2,0,0,0
"Oct 14, 10:00 am",-1743.09,0,104,0
"Oct 14, 11:00 am",-1638.21,0,112,0
"Oct 14, 12:00 pm",22761.4,0,465,0
"Oct 14, 01:00 pm",60378,181.13,291,0
"Oct 14, 02:00 pm",87720.2,250.569,392,0
"Oct 14, 03:00 pm",-818.16,0,259,0
"Oct 14, 04:00 pm",-3975.08,0,457,0
"Oct 14, 05:00 pm",-818.16,0,126,0
"Oct 14, 06:00 pm",-607.2,0,0,0
"Oct 14, 07:00 pm",-607.2,0,0,0
"Oct 14, 08:00 pm",-607.2,0,0,0
"Oct 14, 09:00 pm",-607.2,0,0,0
"Oct 14, 10:00 pm",-607.2,0,0,0
"Oct 14, 11:00 pm",-607.2,0,0,0
"Oct 15, 12:00 am",-607.2,0,0,0
"Oct 15, 01:00 am",-607.2,0,0,0
"Oct 15, 02:00 am",-607.2,0,0,0
"Oct 15, 03:00 am",-607.2,0,0,0
"Oct 15, 04:00 am",-607.2,0,0,0
"Oct 15, 05:00 am",-607.2,0,0,0
"Oct 15, 06:00 am",-607.2,0,0,0
"Oct 15, 07:00 am",-607.2,0,0,0
"Oct 15, 08:00 am",-2229.96,0,257,0
"Oct 15, 09:00 am",18505.5,0,514,0
"Oct 15, 10:00 am",107454,410.632,652,0
"Oct 15, 11:00 am",103924,478.449,725,0
"Oct 15, 12:00 pm",101365,515.029,765,0
"Oct 15, 01:00 pm",99777.1,547.247,809,0
"Oct 15, 02:00 pm",99836.5,529.611,794,0
"Oct 15, 03:00 pm",100896,481.977,749,0
"Oct 15, 04:00 pm",102970,391.559,663,0
"Oct 15, 05:00 pm",105567,223.691,485,0
"Oct 15, 06:00 pm",108846,0,86,0
"Oct 15, 07:00 pm",110922,0,0,0
"Oct 15, 08:00 pm",111851,0,0,0
"Oct 15, 09:00 pm",112488,0,0,0
"Oct 15, 10:00 pm",15552.2,0,0,0
"Oct 15, 11:00 pm",-607.2,0,0,0
"Oct 16, 12:00 am",-607.2,0,0,0
"Oct 16, 01:00 am",-607.2,0,0,0
"Oct 16, 02:00 am",-607.2,0,0,0
"Oct 16, 03:00 am",-607.2,0,0,0
"Oct 16, 04:00 am",-607.2,0,0,0
"Oct 16, 05:00 am",-607.2,0,0,0
"Oct 16, 06:00 am",-607.2,0,0,0
"Oct 16, 07:00 am",-607.2,0,0,0
"Oct 16, 08:00 am",-2681.9,0,344,0
"Oct 16, 09:00 am",36385.9,0,588,0
"Oct 16, 10:00 am",109718,413.337,658,0
"Oct 16, 11:00 am",108480,218.843,356,0
"Oct 16, 12:00 pm",107520,244.502,386,0
"Oct 16, 01:00 pm",66710.3,171.157,283,0
"Oct 16, 02:00 pm",58125.1,185.166,306,0
"Oct 16, 03:00 pm",59163.8,186.274,317,0
"Oct 16, 04:00 pm",52506,169.847,315,0
"Oct 16, 05:00 pm",-818.16,0,0,0
"Oct 16, 06:00 pm",-607.2,0,0,0
"Oct 16, 07:00 pm",-607.2,0,0,0
"Oct 16, 08:00 pm",-607.2,0,0,0
"Oct 16, 09:00 pm",-607.2,0,0,0
"Oct 16, 10:00 pm",-607.2,0,0,0
"Oct 16, 11:00 pm",-607.2,0,0,0
"Oct 17, 12:00 am",-607.2,0,0,0
"Oct 17, 01:00 am",-607.2,0,0,0
"Oct 17, 02:00 am",-607.2,0,0,0
"Oct 17, 03:00 am",-607.2,0,0,0
"Oct 17, 04:00 am",-607.2,0,0,0
"Oct 17, 05:00 am",-607.2,0,0,0
"Oct 17, 06:00 am",-607.2,0,0,0
"Oct 17, 07:00 am",-607.2,0,0,0
"Oct 17, 08:00 am",-607.2,0,0,0
"Oct 17, 09:00 am",-607.2,0,0,0
"Oct 17, 10:00 am",-607.2,0,0,0
"Oct 17, 11:00 am",-607.2,0,0,0
"Oct 17, 12:00 pm",-607.2,0,0,0
"Oct 17, 01:00 pm",-607.2,0,0,0
"Oct 17, 02:00 pm",-607.2,0,6,0
"Oct 17, 03:00 pm",-607.2,0,32,0
"Oct 17, 04:00 pm",-3332.47,0,314,0
"Oct 17, 05:00 pm",-818.16,0,0,0
"Oct 17, 06:00 pm",-607.2,0,27,0
"Oct 17, 07:00 pm",-607.2,0,0,0
"Oct 17, 08:00 pm",-607.2,0,0,0
"Oct 17, 09:00 pm",-607.2,0,0,0
"Oct 17, 10:00 pm",-607.2,0,0,0
"Oct 17, 11:00 pm",-607.2,0,0,0
"Oct 18, 12:00 am",-607.2,0,0,0
"Oct 18, 01:00 am",-607.2,0,0,0
"Oct 18, 02:00 am",-607.2,0,0,0
"Oct 18, 03:00 am",-607.2,0,0,0
"Oct 18, 04:00 am",-607.2,0,0,0
"Oct 18, 05:00 am",-607.2,0,0,0
"Oct 18, 06:00 am",-607.2,0,0,0
"Oct 18, 07:00 am",-607.2,0,0,0
"Oct 18, 08:00 am",-607.2,0,0,0
"Oct 18, 09:00 am",-1943.57,0,148,0
"Oct 18, 10:00 am",-818.16,0,0,0
"Oct 18, 11:00 am",-607.2,0,22,0
"Oct 18, 12:00 pm",-607.2,0,21,0
"Oct 18, 01:00 pm",-607.2,0,6,0
"Oct 18, 02:00 pm",-607.2,0,14,0
"Oct 18, 03:00 pm",14265.9,0,811,0
"Oct 18, 04:00 pm",108062,171.954,323,0
"Oct 18, 05:00 pm",7442.1,0,53,0
"Oct 18, 06:00 pm",-607.2,0,0,0
"Oct 18, 07:00 pm",-607.2,0,0,0
"Oct 18, 08:00 pm",-607.2,0,0,0
"Oct 18, 09:00 pm",-607.2,0,0,0
"Oct 18, 10:00 pm",-607.2,0,0,0
"Oct 18, 11:00 pm",-607.2,0,0,0
"Oct 19, 12:00 am",-607.2,0,0,0
"Oct 19, 01:00 am",-607.2,0,0,0
"Oct 19, 02:00 am",-607.2,0,0,0
"Oct 19, 03:00 am",-607.2,0,0,0
"Oct 19, 04:00 am",-607.2,0,0,0
"Oct 19, 05:00 am",-607.2,0,0,0
"Oct 19, 06:00 am",-607.2,0,0,0
"Oct 19, 07:00 am",-607.2,0,0,0
"Oct 19, 08:00 am",-607.2,0,28,0
"Oct 19, 09:00 am",-607.2,0,37,0
"Oct 19, 10:00 am",11596,0,749,0
"Oct 19, 11:00 am",34425.2,0,17,0
"Oct 19, 12:00 pm",-607.2,0,6,0
"Oct 19, 01:00 pm",-2742.35,0,214,0
"Oct 19, 02:00 pm",-818.16,0,0,0
"Oct 19, 03:00 pm",13630.8,0,796,0
"Oct 19, 04:00 pm",45904.4,0,173,0
"Oct 19, 05:00 pm",-607.2,0,0,0
"Oct 19, 06:00 pm",-607.2,0,0,0
"Oct 19, 07:00 pm",-607.2,0,0,0
"Oct 19, 08:00 pm",-607.2,0,0,0
"Oct 19, 09:00 pm",-607.2,0,0,0
"Oct 19, 10:00 pm",-607.2,0,0,0
"Oct 19, 11:00 pm",-607.2,0,0,0
"Oct 20, 12:00 am",-607.2,0,0,0
"Oct 20, 01:00 am",-607.2,0,0,0
"Oct 20, 02:00 am",-607.2,0,0,0
"Oct 20, 03:00 am",-607.2,0,0,0
"Oct 20, 04:00 am",-607.2,0,0,0
"Oct 20, 05:00 am",-607.2,0,0,0
"Oct 20, 06:00 am",-607.2,0,0,0
"Oct 20, 07:00 am",-607.2,0,0,0
"Oct 20, 08:00 am",-3379.28,0,489,0
"Oct 20, 09:00 am",55772,404.586,718,0
"Oct 20, 10:00 am",31372.6,0,35,0
"Oct 20, 11:00 am",-607.2,0,60,0
"Oct 20, 12:00 pm",-1853.73,0,112,0
"Oct 20, 01:00 pm",26906.9,0,873,0
"Oct 20, 02:00 pm",105574,578.823,860,0
"Oct 20, 03:00 pm",106228,532.916,821,0
"Oct 20, 04:00 pm",107742,440.163,742,0
"Oct 20, 05:00 pm",109991,258.214,571,0
"Oct 20, 06:00 pm",112189,0,128,0
"Oct 20, 07:00 pm",113099,0,0,0
"Oct 20, 08:00 pm",110185,0,0,0
"Oct 20, 09:00 pm",-607.2,0,0,0
"Oct 20, 10:00 pm",-607.2,0,0,0
"Oct 20, 11:00 pm",-607.2,0,0,0
"Oct 21, 12:00 am",-607.2,0,0,0
"Oct 21, 01:00 am",-607.2,0,0,0
"Oct 21, 02:00 am",-607.2,0,0,0
"Oct 21, 03:00 am",-607.2,0,0,0
"Oct 21, 04:00 am",-607.2,0,0,0
"Oct 21, 05:00 am",-607.2,0,0,0
"Oct 21, 06:00 am",-607.2,0,0,0
"Oct 21, 07:00 am",-607.2,0,0,0
"Oct 21, 08:00 am",-3153.53,0,458,0
"Oct 21, 09:00 am",49332.8,0,694,0
"Oct 21, 10:00 am",108613,509.874,802,0
"Oct 21, 11:00 am",106566,576.117,863,0
"Oct 21, 12:00 pm",105043,610.712,897,0
"Oct 21, 01:00 pm",109667,0,217,0
"Oct 21, 02:00 pm",106852,0,333,0
"Oct 21, 03:00 pm",108187,250.308,409,0
"Oct 21, 04:00 pm",108793,214.434,387,0
"Oct 21, 05:00 pm",85841.5,0,0,0
"Oct 21, 06:00 pm",-607.2,0,56,0
"Oct 21, 07:00 pm",-607.2,0,0,0
"Oct 21, 08:00 pm",-607.2,0,0,0
"Oct 21, 09:00 pm",-607.2,0,0,0
"Oct 21, 10:00 pm",-607.2,0,0,0
"Oct 21, 11:00 pm",-607.2,0,0,0
"Oct 22, 12:00 am",-607.2,0,0,0
"Oct 22, 01:00 am",-607.2,0,0,0
"Oct 22, 02:00 am",-607.2,0,0,0
"Oct 22, 03:00 am",-607.2,0,0,0
"Oct 22, 04:00 am",-607.2,0,0,0
"Oct 22, 05:00 am",-607.2,0,0,0
"Oct 22, 06:00 am",-607.2,0,0,0
"Oct 22, 07:00 am",-607.2,0,0,0
"Oct 22, 08:00 am",-3461.88,0,546,0
"Oct 22, 09:00 am",-818.16,0,262,0
"Oct 22, 10:00 am",15961.5,0,870,0
"Oct 22, 11:00 am",106673,616.517,922,0
"Oct 22, 12:00 pm",109003,371.3,561,0
"Oct 22, 01:00 pm",104486,643.68,942,0
"Oct 22, 02:00 pm",104516,621.957,923,0
"Oct 22, 03:00 pm",105410,574.127,884,0
"Oct 22, 04:00 pm",107327,476.007,804,0
"Oct 22, 05:00 pm",110315,279.805,629,0
"Oct 22, 06:00 pm",113418,0,153,0
"Oct 22, 07:00 pm",114315,0,0,0
"Oct 22, 08:00 pm",114842,0,0,0
"Oct 22, 09:00 pm",115189,0,0,0
"Oct 22, 10:00 pm",115350,0,0,0
"Oct 22, 11:00 pm",89976.4,0,0,0
"Oct 23, 12:00 am",-607.2,0,0,0
"Oct 23, 01:00 am",-607.2,0,0,0
"Oct 23, 02:00 am",-607.2,0,0,0
"Oct 23, 03:00 am",-607.2,0,0,0
"Oct 23, 04:00 am",-607.2,0,0,0
"Oct 23, 05:00 am",-607.2,0,0,0
"Oct 23, 06:00 am",-607.2,0,0,0
"Oct 23, 07:00 am",-607.2,0,0,0
"Oct 23, 08:00 am",-3258.3,0,491,0
"Oct 23, 09:00 am",51668.2,0,729,0
"Oct 23, 10:00 am",109257,530.034,836,0
"Oct 23, 11:00 am",106863,592.719,890,0
"Oct 23, 12:00 pm",105326,622.101,916,0
"Oct 23, 01:00 pm",104508,627.728,922,0
"Oct 23, 02:00 pm",104546,607.626,905,0
"Oct 23, 03:00 pm",105433,557.899,863,0
"Oct 23, 04:00 pm",107453,452.234,770,0
"Oct 23, 05:00 pm",110534,256.82,590,0
"Oct 23, 06:00 pm",114189,0,0,0
"Oct 23, 07:00 pm",115069,0,0,0
"Oct 23, 08:00 pm",115414,0,0,0
"Oct 23, 09:00 pm",115668,0,0,0
"Oct 23, 10:00 pm",115875,0,0,0
"Oct 23, 11:00 pm",115963,0,0,0
"Oct 24, 12:00 am",95606.9,0,0,0
"Oct 24, 01:00 am",-607.2,0,0,0
"Oct 24, 02:00 am",-607.2,0,0,0
"Oct 24, 03:00 am",-607.2,0,0,0
"Oct 24, 04:00 am",-607.2,0,0,0
"Oct 24, 05:00 am",-607.2,0,0,0
"Oct 24, 06:00 am",-607.2,0,0,0
"Oct 24, 07:00 am",-607.2,0,0,0
"Oct 24, 08:00 am",-3154.13,0,478,0
"Oct 24, 09:00 am",49337.8,0,731,0
"Oct 24, 10:00 am",109398,532.591,843,0
"Oct 24, 11:00 am",107011,596.508,898,0
"Oct 24, 12:00 pm",105223,625.896,923,0
"Oct 24, 01:00 pm",104115,634.557,933,0
"Oct 24, 02:00 pm",104011,614.443,916,0
"Oct 24, 03:00 pm",104857,564.314,874,0
"Oct 24, 04:00 pm",106969,462.253,789,0
"Oct 24, 05:00 pm",110642,262.015,609,0
"Oct 24, 06:00 pm",114739,0,0,0
"Oct 24, 07:00 pm",115663,0,0,0
"Oct 24, 08:00 pm",115995,0,0,0
"Oct 24, 09:00 pm",116205,0,0,0
"Oct 24, 10:00 pm",116317,0,0,0
"Oct 24, 11:00 pm",116385,0,0,0
"Oct 25, 12:00 am",115169,0,0,0
"Oct 25, 01:00 am",-607.2,0,0,0
"Oct 25, 02:00 am",-607.2,0,0,0
"Oct 25, 03:00 am",-607.2,0,0,0
"Oct 25, 04:00 am",-607.2,0,0,0
"Oct 25, 05:00 am",-607.2,0,0,0
"Oct 25, 06:00 am",-607.2,0,0,0
"Oct 25, 07:00 am",-607.2,0,0,0
"Oct 25, 08:00 am",-3376.63,0,528,0
"Oct 25, 09:00 am",54355.4,420.906,763,0
"Oct 25, 10:00 am",109659,546.601,865,0
"Oct 25, 11:00 am",107114,605.403,911,0
"Oct 25, 12:00 pm",105195,632.864,933,0
"Oct 25, 01:00 pm",104160,635.229,934,0
"Oct 25, 02:00 pm",104016,613.577,915,0
"Oct 25, 03:00 pm",105023,558.504,866,0
"Oct 25, 04:00 pm",107230,445.534,764,0
"Oct 25, 05:00 pm",110674,237.11,564,0
"Oct 25, 06:00 pm",114507,0,0,0
"Oct 25, 07:00 pm",115389,0,0,0
"Oct 25, 08:00 pm",115671,0,0,0
"Oct 25, 09:00 pm",115799,0,0,0
"Oct 25, 10:00 pm",115848,0,0,0
"Oct 25, 11:00 pm",115945,0,0,0
"Oct 26, 12:00 am",115917,0,0,0
"Oct 26, 01:00 am",-607.2,0,0,0
"Oct 26, 02:00 am",-607.2,0,0,0
"Oct 26, 03:00 am",-607.2,0,0,0
"Oct 26, 04:00 am",-607.2,0,0,0
"Oct 26, 05:00 am",-607.2,0,0,0
"Oct 26, 06:00 am",-607.2,0,0,0
"Oct 26, 07:00 am",-607.2,0,0,0
"Oct 26, 08:00 am",-607.2,0,496,0
"Oct 26, 09:00 am",5364.44,0,745,0
"Oct 26, 10:00 am",108917,537.976,854,0
"Oct 26, 11:00 am",106236,601.091,907,0
"Oct 26, 12:00 pm",104274,629.719,931,0
"Oct 26, 01:00 pm",103164,631.309,931,0
"Oct 26, 02:00 pm",102984,612.489,916,0
"Oct 26, 03:00 pm",103937,560.604,872,0
"Oct 26, 04:00 pm",106387,446.573,769,0
"Oct 26, 05:00 pm",110116,239.363,577,0
"Oct 26, 06:00 pm",113887,0,0,0
"Oct 26, 07:00 pm",114665,0,0,0
"Oct 26, 08:00 pm",115030,0,0,0
"Oct 26, 09:00 pm",115410,0,0,0
"Oct 26, 10:00 pm",115681,0,0,0
"Oct 26, 11:00 pm",115910,0,0,0
"Oct 27, 12:00 am",89108,0,0,0
"Oct 27, 01:00 am",-607.2,0,0,0
"Oct 27, 02:00 am",-607.2,0,0,0
"Oct 27, 03:00 am",-607.2,0,0,0
"Oct 27, 04:00 am",-607.2,0,0,0
"Oct 27, 05:00 am",-607.2,0,0,0
"Oct 27, 06:00 am",-607.2,0,0,0
"Oct 27, 07:00 am",-607.2,0,0,0
"Oct 27, 08:00 am",-607.2,0,492,0
"Oct 27, 09:00 am",5347.52,0,746,0
"Oct 27, 10:00 am",109163,538.234,854,0
"Oct 27, 11:00 am",106278,602.41,907,0
"Oct 27, 12:00 pm",104264,630.465,930,0
"Oct 27, 01:00 pm",103052,640.284,942,0
"Oct 27, 02:00 pm",103190,618.915,924,0
"Oct 27, 03:00 pm",104346,565.867,879,0
"Oct 27, 04:00 pm",106929,459.053,791,0
"Oct 27, 05:00 pm",110221,245.521,599,0
"Oct 27, 06:00 pm",113479,0,0,0
"Oct 27, 07:00 pm",114403,0,0,0
"Oct 27, 08:00 pm",114958,0,0,0
"Oct 27, 09:00 pm",115283,0,0,0
"Oct 27, 10:00 pm",115319,0,0,0
"Oct 27, 11:00 pm",115263,0,0,0
"Oct 28, 12:00 am",104943,0,0,0
"Oct 28, 01:00 am",-607.2,0,0,0
"Oct 28, 02:00 am",-607.2,0,0,0
"Oct 28, 03:00 am",-607.2,0,0,0
"Oct 28, 04:00 am",-607.2,0,0,0
"Oct 28, 05:00 am",-607.2,0,0,0
"Oct 28, 06:00 am",-607.2,0,0,0
"Oct 28, 07:00 am",-607.2,0,0,0
"Oct 28, 08:00 am",-607.2,0,409,0
"Oct 28, 09:00 am",1062.77,0,692,0
"Oct 28, 10:00 am",109141,508.483,815,0
"Oct 28, 11:00 am",106539,577.899,877,0
"Oct 28, 12:00 pm",104607,610.348,905,0
"Oct 28, 01:00 pm",103483,620.306,916,0
"Oct 28, 02:00 pm",103488,599.782,898,0
"Oct 28, 03:00 pm",104663,546.405,852,0
"Oct 28, 04:00 pm",107243,423.37,736,0
"Oct 28, 05:00 pm",110799,208.981,527,0
"Oct 28, 06:00 pm",114566,0,0,0
"Oct 28, 07:00 pm",115449,0,0,0
"Oct 28, 08:00 pm",115796,0,0,0
"Oct 28, 09:00 pm",115976,0,0,0
"Oct 28, 10:00 pm",115985,0,0,0
"Oct 28, 11:00 pm",115878,0,0,0
"Oct 29, 12:00 am",9811.32,0,0,0
"Oct 29, 01:00 am",-607.2,0,0,0
"Oct 29, 02:00 am",-607.2,0,0,0
"Oct 29, 03:00 am",-607.2,0,0,0
"Oct 29, 04:00 am",-607.2,0,0,0
"Oct 29, 05:00 am",-607.2,0,0,0
"Oct 29, 06:00 am",-607.2,0,0,0
"Oct 29, 07:00 am",-607.2,0,0,0
"Oct 29, 08:00 am",-607.2,0,430,0
"Oct 29, 09:00 am",1799.41,0,698,0
"Oct 29, 10:00 am",109916,512.171,816,0
"Oct 29, 11:00 am",107539,579.7,875,0
"Oct 29, 12:00 pm",105813,613.014,906,0
"Oct 29, 01:00 pm",104853,619.872,914,0
"Oct 29, 02:00 pm",104550,602.029,901,0
"Oct 29, 03:00 pm",105239,549.964,858,0
"Oct 29, 04:00 pm",107094,444.457,773,0
"Oct 29, 05:00 pm",110260,228.9,580,0
"Oct 29, 06:00 pm",114061,0,0,0
"Oct 29, 07:00 pm",115116,0,0,0
"Oct 29, 08:00 pm",115576,0,0,0
"Oct 29, 09:00 pm",115807,0,0,0
"Oct 29, 10:00 pm",115863,0,0,0
"Oct 29, 11:00 pm",115863,0,0,0
"Oct 30, 12:00 am",29663.2,0,0,0
"Oct 30, 01:00 am",-607.2,0,0,0
"Oct 30, 02:00 am",-607.2,0,0,0
"Oct 30, 03:00 am",-607.2,0,0,0
"Oct 30, 04:00 am",-607.2,0,0,0
"Oct 30, 05:00 am",-607.2,0,0,0
"Oct 30, 06:00 am",-607.2,0,0,0
"Oct 30, 07:00 am",-607.2,0,0,0
"Oct 30, 08:00 am",-607.2,0,441,0
"Oct 30, 09:00 am",2163.42,0,706,0
"Oct 30, 10:00 am",14449.9,0,176,0
"Oct 30, 11:00 am",17176.6,0,881,0
"Oct 30, 12:00 pm",107071,613.755,908,0
"Oct 30, 01:00 pm",106187,617.06,911,0
"Oct 30, 02:00 pm",106201,593.567,890,0
"Oct 30, 03:00 pm",107116,539.473,844,0
"Oct 30, 04:00 pm",109085,416.999,731,0
"Oct 30, 05:00 pm",111776,199.071,521,0
"Oct 30, 06:00 pm",115003,0,0,0
"Oct 30, 07:00 pm",115648,0,0,0
"Oct 30, 08:00 pm",115835,0,0,0
"Oct 30, 09:00 pm",115918,0,0,0
"Oct 30, 10:00 pm",100897,0,0,0
"Oct 30, 11:00 pm",-607.2,0,0,0
"Oct 31, 12:00 am",-607.2,0,0,0
"Oct 31, 01:00 am",-607.2,0,0,0
"Oct 31, 02:00 am",-607.2,0,0,0
"Oct 31, 03:00 am",-607.2,0,0,0
"Oct 31, 04:00 am",-607.2,0,0,0
"Oct 31, 05:00 am",-607.2,0,0,0
"Oct 31, 06:00 am",-607.2,0,0,0
"Oct 31, 07:00 am",-607.2,0,0,0
"Oct 31, 08:00 am",-607.2,0,385,0
"Oct 31, 09:00 am",-1356.78,0,665,0
"Oct 31, 10:00 am",110591,493.114,792,0
"Oct 31, 11:00 am",108531,562.791,855,0
"Oct 31, 12:00 pm",107056,594.051,883,0
"Oct 31, 01:00 pm",106328,600.404,890,0
"Oct 31, 02:00 pm",106363,577.268,869,0
"Oct 31, 03:00 pm",107343,519.624,817,0
"Oct 31, 04:00 pm",109310,393.56,696,0
"Oct 31, 05:00 pm",111845,172.655,468,0
"Oct 31, 06:00 pm",115005,0,0,0
"Oct 31, 07:00 pm",115643,0,0,0
"Oct 31, 08:00 pm",115859,0,0,0
"Oct 31, 09:00 pm",116027,0,0,0
"Oct 31, 10:00 pm",116088,0,0,0
"Oct 31, 11:00 pm",46528.2,0,0,0
"Nov 1, 12:00 am",-607.2,0,0,0
"Nov 1, 01:00 am",-607.2,0,0,0
"Nov 1, 02:00 am",-607.2,0,0,0
"Nov 1, 03:00 am",-607.2,0,0,0
"Nov 1, 04:00 am",-607.2,0,0,0
"Nov 1, 05:00 am",-607.2,0,0,0
"Nov 1, 06:00 am",-607.2,0,0,0
"Nov 1, 07:00 am",-607.2,0,0,0
"Nov 1, 08:00 am",-607.2,0,411,0
"Nov 1, 09:00 am",442.866,0,693,0
"Nov 1, 10:00 am",110421,496.975,802,0
"Nov 1, 11:00 am",108243,561.437,856,0
"Nov 1, 12:00 pm",106801,588.454,878,0
"Nov 1, 01:00 pm",108882,384.448,588,0
"Nov 1, 02:00 pm",109590,210.999,348,0
"Nov 1, 03:00 pm",109669,299.915,495,0
"Nov 1, 04:00 pm",110426,234.334,440,0
"Nov 1, 05:00 pm",113362,0,281,0
"Nov 1, 06:00 pm",114652,0,0,0
"Nov 1, 07:00 pm",67209.7,0,0,0
"Nov 1, 08:00 pm",-607.2,0,0,0
"Nov 1, 09:00 pm",-607.2,0,0,0
"Nov 1, 10:00 pm",-607.2,0,0,0
"Nov 1, 11:00 pm",-607.2,0,0,0
"Nov 2, 12:00 am",-607.2,0,0,0
"Nov 2, 01:00 am",-607.2,0,0,0
"Nov 2, 02:00 am",-607.2,0,0,0
"Nov 2, 03:00 am",-607.2,0,0,0
"Nov 2, 04:00 am",-607.2,0,0,0
"Nov 2, 05:00 am",-607.2,0,0,0
"Nov 2, 06:00 am",-607.2,0,0,0
"Nov 2, 07:00 am",-607.2,0,0,0
"Nov 2, 08:00 am",-607.2,0,0,0
"Nov 2, 09:00 am",-607.2,0,0,0
"Nov 2, 10:00 am",-607.2,0,0,0
"Nov 2, 11:00 am",-607.2,0,0,0
"Nov 2, 12:00 pm",-607.2,0,0,0
"Nov 2, 01:00 pm",-607.2,0,0,0
"Nov 2, 02:00 pm",-607.2,0,75,0
"Nov 2, 03:00 pm",-607.2,0,66,0
"Nov 2, 04:00 pm",-607.2,0,0,0
"Nov 2, 05:00 pm",-607.2,0,0,0
"Nov 2, 06:00 pm",-607.2,0,0,0
"Nov 2, 07:00 pm",-607.2,0,0,0
"Nov 2, 08:00 pm",-607.2,0,0,0
"Nov 2, 09:00 pm",-607.2,0,0,0
"Nov 2, 10:00 pm",-607.2,0,0,0
"Nov 2, 11:00 pm",-607.2,0,0,0
"Nov 3, 12:00 am",-607.2,0,0,0
"Nov 3, 01:00 am",-607.2,0,0,0
"Nov 3, 02:00 am",-607.2,0,0,0
"Nov 3, 03:00 am",-607.2,0,0,0
"Nov 3, 04:00 am",-607.2,0,0,0
"Nov 3, 05:00 am",-607.2,0,0,0
"Nov 3, 06:00 am",-607.2,0,0,0
"Nov 3, 07:00 am",-607.2,0,0,0
"Nov 3, 08:00 am",-607.2,0,0,0
"Nov 3, 09:00 am",-607.2,0,18,0
"Nov 3, 10:00 am",-607.2,0,0,0
"Nov 3, 11:00 am",-607.2,0,28,0
"Nov 3, 12:00 pm",-2814.42,0,225,0
"Nov 3, 01:00 pm",-818.16,0,16,0
"Nov 3, 02:00 pm",-4054.31,0,443,0
"Nov 3, 03:00 pm",-818.16,0,203,0
"Nov 3, 04:00 pm",-607.2,0,0,0
"Nov 3, 05:00 pm",-3388.16,0,492,0
"Nov 3, 06:00 pm",-818.16,0,0,0
"Nov 3, 07:00 pm",-607.2,0,0,0
"Nov 3, 08:00 pm",-607.2,0,0,0
"Nov 3, 09:00 pm",-607.2,0,0,0
"Nov 3, 10:00 pm",-607.2,0,0,0
"Nov 3, 11:00 pm",-607.2,0,0,0
"Nov 4, 12:00 am",-607.2,0,0,0
"Nov 4, 01:00 am",-607.2,0,0,0
"Nov 4, 02:00 am",-607.2,0,0,0
"Nov 4, 03:00 am",-607.2,0,0,0
"Nov 4, 04:00 am",-607.2,0,0,0
"Nov 4, 05:00 am",-607.2,0,0,0
"Nov 4, 06:00 am",-607.2,0,0,0
"Nov 4, 07:00 am",-607.2,0,0,0
"Nov 4, 08:00 am",-607.2,0,316,0
"Nov 4, 09:00 am",-607.2,0,0,0
"Nov 4, 10:00 am",-1844.51,0,127,0
"Nov 4, 11:00 am",27045.4,0,865,0
"Nov 4, 12:00 pm",72670.4,0,18,0
"Nov 4, 01:00 pm",16209.3,0,838,0
"Nov 4, 02:00 pm",64423.2,0,258,0
"Nov 4, 03:00 pm",-607.2,0,0,0
"Nov 4, 04:00 pm",-2199.84,0,188,0
"Nov 4, 05:00 pm",-2160.98,0,430,0
"Nov 4, 06:00 pm",-607.2,0,0,0
"Nov 4, 07:00 pm",-607.2,0,0,0
"Nov 4, 08:00 pm",-607.2,0,0,0
"Nov 4, 09:00 pm",-607.2,0,0,0
"Nov 4, 10:00 pm",-607.2,0,0,0
"Nov 4, 11:00 pm",-607.2,0,0,0
"Nov 5, 12:00 am",-607.2,0,0,0
"Nov 5, 01:00 am",-607.2,0,0,0
"Nov 5, 02:00 am",-607.2,0,0,0
"Nov 5, 03:00 am",-607.2,0,0,0
"Nov 5, 04:00 am",-607.2,0,0,0
"Nov 5, 05:00 am",-607.2,0,0,0
"Nov 5, 06:00 am",-607.2,0,0,0
"Nov 5, 07:00 am",-607.2,0,0,0
"Nov 5, 08:00 am",-607.2,0,392,0
"Nov 5, 09:00 am",-1216.26,0,684,0
"Nov 5, 10:00 am",111708,500.61,812,0
"Nov 5, 11:00 am",109642,574.321,876,0
"Nov 5, 12:00 pm",108252,607.913,906,0
"Nov 5, 01:00 pm",107824,607.724,904,0
"Nov 5, 02:00 pm",107992,587.72,889,0
"Nov 5, 03:00 pm",108975,533.57,846,0
"Nov 5, 04:00 pm",113141,0,64,0
"Nov 5, 05:00 pm",111697,0,548,0
"Nov 5, 06:00 pm",115008,0,0,0
"Nov 5, 07:00 pm",115416,0,0,0
"Nov 5, 08:00 pm",115449,0,0,0
"Nov 5, 09:00 pm",86273.7,0,0,0
"Nov 5, 10:00 pm",-607.2,0,0,0
"Nov 5, 11:00 pm",-607.2,0,0,0
"Nov 6, 12:00 am",-607.2,0,0,0
"Nov 6, 01:00 am",-607.2,0,0,0
"Nov 6, 02:00 am",-607.2,0,0,0
"Nov 6, 03:00 am",-607.2,0,0,0
"Nov 6, 04:00 am",-607.2,0,0,0
"Nov 6, 05:00 am",-607.2,0,0,0
"Nov 6, 06:00 am",-607.2,0,0,0
"Nov 6, 07:00 am",-607.2,0,0,0
"Nov 6, 08:00 am",-607.2,0,460,0
"Nov 6, 09:00 am",2419.63,0,743,0
"Nov 6, 10:00 am",111504,523.784,860,0
"Nov 6, 11:00 am",109757,594.508,918,0
"Nov 6, 12:00 pm",108643,625.744,943,0
"Nov 6, 01:00 pm",108463,617.484,928,0
"Nov 6, 02:00 pm",108691,597.357,912,0
"Nov 6, 03:00 pm",109655,543.078,868,0
"Nov 6, 04:00 pm",111666,412.563,750,0
"Nov 6, 05:00 pm",113814,177.639,531,0
"Nov 6, 06:00 pm",116219,0,0,0
"Nov 6, 07:00 pm",116544,0,0,0
"Nov 6, 08:00 pm",116564,0,0,0
"Nov 6, 09:00 pm",116561,0,0,0
"Nov 6, 10:00 pm",116520,0,0,0
"Nov 6, 11:00 pm",117142,0,0,0
"Nov 7, 12:00 am",5849.51,0,0,0
"Nov 7, 01:00 am",-607.2,0,0,0
"Nov 7, 02:00 am",-607.2,0,0,0
"Nov 7, 03:00 am",-607.2,0,0,0
"Nov 7, 04:00 am",-607.2,0,0,0
"Nov 7, 05:00 am",-607.2,0,0,0
"Nov 7, 06:00 am",-607.2,0,0,0
"Nov 7, 07:00 am",-607.2,0,0,0
"Nov 7, 08:00 am",-607.2,0,460,0
"Nov 7, 09:00 am",2827.77,0,750,0
"Nov 7, 10:00 am",111550,531.479,868,0
"Nov 7, 11:00 am",109644,603.93,926,0
"Nov 7, 12:00 pm",108313,636.341,952,0
"Nov 7, 01:00 pm",107914,630.527,941,0
"Nov 7, 02:00 pm",108034,609.253,924,0
"Nov 7, 03:00 pm",108980,553.617,880,0
"Nov 7, 04:00 pm",111032,435.118,787,0
"Nov 7, 05:00 pm",113631,193.037,577,0
"Nov 7, 06:00 pm",116293,0,0,0
"Nov 7, 07:00 pm",116721,0,0,0
"Nov 7, 08:00 pm",116794,0,0,0
"Nov 7, 09:00 pm",116797,0,0,0
"Nov 7, 10:00 pm",117483,0,0,0
"Nov 7, 11:00 pm",117379,0,0,0
"Nov 8, 12:00 am",48304.8,0,0,0
"Nov 8, 01:00 am",-607.2,0,0,0
"Nov 8, 02:00 am",-607.2,0,0,0
"Nov 8, 03:00 am",-607.2,0,0,0
"Nov 8, 04:00 am",-607.2,0,0,0
"Nov 8, 05:00 am",-607.2,0,0,0
"Nov 8, 06:00 am",-607.2,0,0,0
"Nov 8, 07:00 am",-607.2,0,0,0
"Nov 8, 08:00 am",-607.2,0,460,0
"Nov 8, 09:00 am",2480.3,0,746,0
"Nov 8, 10:00 am",111261,528.843,862,0
"Nov 8, 11:00 am",109130,599.827,917,0
"Nov 8, 12:00 pm",107743,631.87,943,0
"Nov 8, 01:00 pm",107175,636.027,947,0
"Nov 8, 02:00 pm",107504,610.615,925,0
"Nov 8, 03:00 pm",108641,552.91,879,0
"Nov 8, 04:00 pm",111102,397.273,725,0
"Nov 8, 05:00 pm",115373,0,481,0
"Nov 8, 06:00 pm",116354,0,0,0
"Nov 8, 07:00 pm",116591,0,0,0
"Nov 8, 08:00 pm",116626,0,0,0
"Nov 8, 09:00 pm",116659,0,0,0
"Nov 8, 10:00 pm",116636,0,0,0
"Nov 8, 11:00 pm",73871.3,0,0,0
"Nov 9, 12:00 am",-607.2,0,0,0
"Nov 9, 01:00 am",-607.2,0,0,0
"Nov 9, 02:00 am",-607.2,0,0,0
"Nov 9, 03:00 am",-607.2,0,0,0
"Nov 9, 04:00 am",-607.2,0,0,0
"Nov 9, 05:00 am",-607.2,0,0,0
"Nov 9, 06:00 am",-607.2,0,0,0
"Nov 9, 07:00 am",-607.2,0,0,0
"Nov 9, 08:00 am",-607.2,0,463,0
"Nov 9, 09:00 am",2518.65,0,760,0
"Nov 9, 10:00 am",111772,530.416,879,0
"Nov 9, 11:00 am",110161,603.906,937,0
"Nov 9, 12:00 pm",109169,636.039,962,0
"Nov 9, 01:00 pm",108965,633.807,955,0
"Nov 9, 02:00 pm",109279,613.09,939,0
"Nov 9, 03:00 pm",110397,554.629,892,0
"Nov 9, 04:00 pm",112336,425.274,783,0
"Nov 9, 05:00 pm",114385,175.779,553,0
"Nov 9, 06:00 pm",116701,0,0,0
"Nov 9, 07:00 pm",117668,0,0,0
"Nov 9, 08:00 pm",117627,0,0,0
"Nov 9, 09:00 pm",117574,0,0,0
"Nov 9, 10:00 pm",117503,0,0,0
"Nov 9, 11:00 pm",117396,0,0,0
"Nov 10, 12:00 am",39902.1,0,0,0
"Nov 10, 01:00 am",-607.2,0,0,0
"Nov 10, 02:00 am",-607.2,0,0,0
"Nov 10, 03:00 am",-607.2,0,0,0
"Nov 10, 04:00 am",-607.2,0,0,0
"Nov 10, 05:00 am",-607.2,0,0,0
"Nov 10, 06:00 am",-607.2,0,0,0
"Nov 10, 07:00 am",-607.2,0,0,0
"Nov 10, 08:00 am",-607.2,0,439,0
"Nov 10, 09:00 am",1045.86,0,738,0
"Nov 10, 10:00 am",111891,523.093,863,0
"Nov 10, 11:00 am",110178,593.68,918,0
"Nov 10, 12:00 pm",108986,626.888,946,0
"Nov 10, 01:00 pm",108677,622.266,938,0
"Nov 10, 02:00 pm",108876,598.872,918,0
"Nov 10, 03:00 pm",109860,544.227,876,0
"Nov 10, 04:00 pm",111974,399.115,739,0
"Nov 10, 05:00 pm",116015,0,505,0
"Nov 10, 06:00 pm",116728,0,0,0
"Nov 10, 07:00 pm",116819,0,0,0
"Nov 10, 08:00 pm",116817,0,0,0
"Nov 10, 09:00 pm",117515,0,0,0
"Nov 10, 10:00 pm",117412,0,0,0
"Nov 10, 11:00 pm",49730.3,0,0,0
"Nov 11, 12:00 am",-607.2,0,0,0
"Nov 11, 01:00 am",-607.2,0,0,0
"Nov 11, 02:00 am",-607.2,0,0,0
"Nov 11, 03:00 am",-607.2,0,0,0
"Nov 11, 04:00 am",-607.2,0,0,0
"Nov 11, 05:00 am",-607.2,0,0,0
"Nov 11, 06:00 am",-607.2,0,0,0
"Nov 11, 07:00 am",-607.2,0,0,0
"Nov 11, 08:00 am",-607.2,0,424,0
"Nov 11, 09:00 am",382.409,0,731,0
"Nov 11, 10:00 am",111420,519.457,855,0
"Nov 11, 11:00 am",109311,592.01,911,0
"Nov 11, 12:00 pm",107839,625.073,938,0
"Nov 11, 01:00 pm",107346,623.202,933,0
"Nov 11, 02:00 pm",107420,603.986,920,0
"Nov 11, 03:00 pm",108470,547.107,876,0
"Nov 11, 04:00 pm",110805,413.487,762,0
"Nov 11, 05:00 pm",115234,0,536,0
"Nov 11, 06:00 pm",116168,0,0,0
"Nov 11, 07:00 pm",116468,0,0,0
"Nov 11, 08:00 pm",116659,0,0,0
"Nov 11, 09:00 pm",116695,0,0,0
"Nov 11, 10:00 pm",116646,0,0,0
"Nov 11, 11:00 pm",55098.4,0,0,0
"Nov 12, 12:00 am",-607.2,0,0,0
"Nov 12, 01:00 am",-607.2,0,0,0
"Nov 12, 02:00 am",-607.2,0,0,0
"Nov 12, 03:00 am",-607.2,0,0,0
"Nov 12, 04:00 am",-607.2,0,0,0
"Nov 12, 05:00 am",-607.2,0,0,0
"Nov 12, 06:00 am",-607.2,0,0,0
"Nov 12, 07:00 am",-607.2,0,0,0
"Nov 12, 08:00 am",-607.2,0,421,0
"Nov 12, 09:00 am",370.207,0,733,0
"Nov 12, 10:00 am",111343,519.754,856,0
"Nov 12, 11:00 am",109077,594.588,914,0
"Nov 12, 12:00 pm",107452,627.753,941,0
"Nov 12, 01:00 pm",106664,630.399,943,0
"Nov 12, 02:00 pm",106729,607.852,926,0
"Nov 12, 03:00 pm",107826,549.28,881,0
"Nov 12, 04:00 pm",110399,424.813,785,0
"Nov 12, 05:00 pm",115403,0,560,0
"Nov 12, 06:00 pm",116417,0,0,0
"Nov 12, 07:00 pm",116588,0,0,0
"Nov 12, 08:00 pm",116645,0,0,0
"Nov 12, 09:00 pm",116648,0,0,0
"Nov 12, 10:00 pm",116591,0,0,0
"Nov 12, 11:00 pm",68252.4,0,0,0
"Nov 13, 12:00 am",-607.2,0,0,0
"Nov 13, 01:00 am",-607.2,0,0,0
"Nov 13, 02:00 am",-607.2,0,0,0
"Nov 13, 03:00 am",-607.2,0,0,0
"Nov 13, 04:00 am",-607.2,0,0,0
"Nov 13, 05:00 am",-607.2,0,0,0
"Nov 13, 06:00 am",-607.2,0,0,0
"Nov 13, 07:00 am",-607.2,0,0,0
"Nov 13, 08:00 am",-607.2,0,433,0
"Nov 13, 09:00 am",-87.7492,0,735,0
"Nov 13, 10:00 am",111625,517.025,856,0
"Nov 13, 11:00 am",109391,591.782,913,0
"Nov 13, 12:00 pm",107919,621.407,934,0
"Nov 13, 01:00 pm",107503,618.207,927,0
"Nov 13, 02:00 pm",107683,595.968,910,0
"Nov 13, 03:00 pm",108796,536.375,863,0
"Nov 13, 04:00 pm",111087,398.828,743,0
"Nov 13, 05:00 pm",115381,0,507,0
"Nov 13, 06:00 pm",116355,0,0,0
"Nov 13, 07:00 pm",116606,0,0,0
"Nov 13, 08:00 pm",116677,0,0,0
"Nov 13, 09:00 pm",116688,0,0,0
"Nov 13, 10:00 pm",117361,0,0,0
"Nov 13, 11:00 pm",34444.4,0,0,0
"Nov 14, 12:00 am",-607.2,0,0,0
"Nov 14, 01:00 am",-607.2,0,0,0
"Nov 14, 02:00 am",-607.2,0,0,0
"Nov 14, 03:00 am",-607.2,0,0,0
"Nov 14, 04:00 am",-607.2,0,0,0
"Nov 14, 05:00 am",-607.2,0,0,0
"Nov 14, 06:00 am",-607.2,0,0,0
"Nov 14, 07:00 am",-607.2,0,0,0
"Nov 14, 08:00 am",-607.2,0,454,0
"Nov 14, 09:00 am",1021.41,0,760,0
"Nov 14, 10:00 am",112014,524.511,876,0
"Nov 14, 11:00 am",110373,598.916,929,0
"Nov 14, 12:00 pm",109251,632.341,954,0
"Nov 14, 01:00 pm",108962,626.929,943,0
"Nov 14, 02:00 pm",109213,603.232,924,0
"Nov 14, 03:00 pm",110257,543.075,877,0
"Nov 14, 04:00 pm",112227,416.353,778,0
"Nov 14, 05:00 pm",116302,0,547,0
"Nov 14, 06:00 pm",116866,0,0,0
"Nov 14, 07:00 pm",117624,0,0,0
"Nov 14, 08:00 pm",117577,0,0,0
"Nov 14, 09:00 pm",117512,0,0,0
"Nov 14, 10:00 pm",117415,0,0,0
"Nov 14, 11:00 pm",65244.4,0,0,0
"Nov 15, 12:00 am",-607.2,0,0,0
"Nov 15, 01:00 am",-607.2,0,0,0
"Nov 15, 02:00 am",-607.2,0,0,0
"Nov 15, 03:00 am",-607.2,0,0,0
"Nov 15, 04:00 am",-607.2,0,0,0
"Nov 15, 05:00 am",-607.2,0,0,0
"Nov 15, 06:00 am",-607.2,0,0,0
"Nov 15, 07:00 am",-607.2,0,0,0
"Nov 15, 08:00 am",-607.2,0,276,0
"Nov 15, 09:00 am",-4292.06,0,641,0
"Nov 15, 10:00 am",107456,475.102,794,0
"Nov 15, 11:00 am",110651,559.59,867,0
"Nov 15, 12:00 pm",109500,600.007,904,0
"Nov 15, 01:00 pm",109001,608.213,913,0
"Nov 15, 02:00 pm",109323,583.24,892,0
"Nov 15, 03:00 pm",110344,522.303,843,0
"Nov 15, 04:00 pm",112302,378.212,712,0
"Nov 15, 05:00 pm",115631,0,456,0
"Nov 15, 06:00 pm",116200,0,0,0
"Nov 15, 07:00 pm",116351,0,0,0
"Nov 15, 08:00 pm",116425,0,0,0
"Nov 15, 09:00 pm",116452,0,0,0
"Nov 15, 10:00 pm",83754.1,0,0,0
"Nov 15, 11:00 pm",-607.2,0,0,0
"Nov 16, 12:00 am",-607.2,0,0,0
"Nov 16, 01:00 am",-607.2,0,0,0
"Nov 16, 02:00 am",-607.2,0,0,0
"Nov 16, 03:00 am",-607.2,0,0,0
"Nov 16, 04:00 am",-607.2,0,0,0
"Nov 16, 05:00 am",-607.2,0,0,0
"Nov 16, 06:00 am",-607.2,0,0,0
"Nov 16, 07:00 am",-607.2,0,0,0
"Nov 16, 08:00 am",-607.2,0,304,0
"Nov 16, 09:00 am",-4364.8,0,664,0
"Nov 16, 10:00 am",109354,481.98,807,0
"Nov 16, 11:00 am",110520,564.455,875,0
"Nov 16, 12:00 pm",109270,600.17,905,0
"Nov 16, 01:00 pm",108727,606.779,912,0
"Nov 16, 02:00 pm",108936,582.542,892,0
"Nov 16, 03:00 pm",109929,520.638,842,0
"Nov 16, 04:00 pm",111890,384.029,725,0
"Nov 16, 05:00 pm",115460,0,477,0
"Nov 16, 06:00 pm",116068,0,0,0
"Nov 16, 07:00 pm",116159,0,0,0
"Nov 16, 08:00 pm",116149,0,0,0
"Nov 16, 09:00 pm",116180,0,0,0
"Nov 16, 10:00 pm",91636.7,0,0,0
"Nov 16, 11:00 pm",-607.2,0,0,0
"Nov 17, 12:00 am",-607.2,0,0,0
"Nov 17, 01:00 am",-607.2,0,0,0
"Nov 17, 02:00 am",-607.2,0,0,0
"Nov 17, 03:00 am",-607.2,0,0,0
"Nov 17, 04:00 am",-607.2,0,0,0
"Nov 17, 05:00 am",-607.2,0,0,0
"Nov 17, 06:00 am",-607.2,0,0,0
"Nov 17, 07:00 am",-607.2,0,0,0
"Nov 17, 08:00 am",-607.2,0,317,0
"Nov 17, 09:00 am",-4384.04,0,674,0
"Nov 17, 10:00 am",109803,478.417,804,0
"Nov 17, 11:00 am",110411,562.675,874,0
"Nov 17, 12:00 pm",108964,600.655,907,0
"Nov 17, 01:00 pm",108287,610.065,918,0
"Nov 17, 02:00 pm",108549,584.24,896,0
"Nov 17, 03:00 pm",109590,522.618,847,0
"Nov 17, 04:00 pm",111773,379.6,720,0
"Nov 17, 05:00 pm",115338,0,464,0
"Nov 17, 06:00 pm",115902,0,0,0
"Nov 17, 07:00 pm",115993,0,0,0
"Nov 17, 08:00 pm",116129,0,0,0
"Nov 17, 09:00 pm",116259,0,0,0
"Nov 17, 10:00 pm",91129,0,0,0
"Nov 17, 11:00 pm",-607.2,0,0,0
"Nov 18, 12:00 am",-607.2,0,0,0
"Nov 18, 01:00 am",-607.2,0,0,0
"Nov 18, 02:00 am",-607.2,0,0,0
"Nov 18, 03:00 am",-607.2,0,0,0
"Nov 18, 04:00 am",-607.2,0,0,0
"Nov 18, 05:00 am",-607.2,0,0,0
"Nov 18, 06:00 am",-607.2,0,0,0
"Nov 18, 07:00 am",-607.2,0,0,0
"Nov 18, 08:00 am",-607.2,0,299,0
"Nov 18, 09:00 am",-4299.55,0,658,0
"Nov 18, 10:00 am",107607,475.211,801,0
"Nov 18, 11:00 am",110327,558.815,869,0
"Nov 18, 12:00 pm",108834,594.922,899,0
"Nov 18, 01:00 pm",108151,603.008,908,0
"Nov 18, 02:00 pm",108311,578.536,888,0
"Nov 18, 03:00 pm",109314,514.882,836,0
"Nov 18, 04:00 pm",114161,0,223,0
"Nov 18, 05:00 pm",115161,0,461,0
"Nov 18, 06:00 pm",115633,0,0,0
"Nov 18, 07:00 pm",115867,0,0,0
"Nov 18, 08:00 pm",115960,0,0,0
"Nov 18, 09:00 pm",36757.5,0,0,0
"Nov 18, 10:00 pm",-607.2,0,0,0
"Nov 18, 11:00 pm",-607.2,0,0,0
"Nov 19, 12:00 am",-607.2,0,0,0
"Nov 19, 01:00 am",-607.2,0,0,0
"Nov 19, 02:00 am",-607.2,0,0,0
"Nov 19, 03:00 am",-607.2,0,0,0
"Nov 19, 04:00 am",-607.2,0,0,0
"Nov 19, 05:00 am",-607.2,0,0,0
"Nov 19, 06:00 am",-607.2,0,0,0
"Nov 19, 07:00 am",-607.2,0,0,0
"Nov 19, 08:00 am",-607.2,0,291,0
"Nov 19, 09:00 am",-4272.49,0,658,0
"Nov 19, 10:00 am",106877,471.746,799,0
"Nov 19, 11:00 am",110357,557.231,869,0
"Nov 19, 12:00 pm",108896,596.166,903,0
"Nov 19, 01:00 pm",108222,604.402,912,0
"Nov 19, 02:00 pm",108428,580.548,893,0
"Nov 19, 03:00 pm",109481,517.187,842,0
"Nov 19, 04:00 pm",111610,384.347,734,0
"Nov 19, 05:00 pm",115211,0,484,0
"Nov 19, 06:00 pm",115756,0,0,0
"Nov 19, 07:00 pm",115881,0,0,0
"Nov 19, 08:00 pm",116020,0,0,0
"Nov 19, 09:00 pm",116120,0,0,0
"Nov 19, 10:00 pm",75170,0,0,0
"Nov 19, 11:00 pm",-607.2,0,0,0
"Nov 20, 12:00 am",-607.2,0,0,0
"Nov 20, 01:00 am",-607.2,0,0,0
"Nov 20, 02:00 am",-607.2,0,0,0
"Nov 20, 03:00 am",-607.2,0,0,0
"Nov 20, 04:00 am",-607.2,0,0,0
"Nov 20, 05:00 am",-607.2,0,0,0
"Nov 20, 06:00 am",-607.2,0,0,0
"Nov 20, 07:00 am",-607.2,0,0,0
"Nov 20, 08:00 am",-607.2,0,326,0
"Nov 20, 09:00 am",-4391.98,0,697,0
"Nov 20, 10:00 am",109780,493.743,838,0
"Nov 20, 11:00 am",110011,579.364,904,0
"Nov 20, 12:00 pm",108381,616.196,933,0
"Nov 20, 01:00 pm",107523,620.014,935,0
"Nov 20, 02:00 pm",107636,595.939,916,0
"Nov 20, 03:00 pm",108766,531.649,865,0
"Nov 20, 04:00 pm",111143,377.312,724,0
"Nov 20, 05:00 pm",114890,0,452,0
"Nov 20, 06:00 pm",115648,0,0,0
"Nov 20, 07:00 pm",115875,0,0,0
"Nov 20, 08:00 pm",115977,0,0,0
"Nov 20, 09:00 pm",115996,0,0,0
"Nov 20, 10:00 pm",115976,0,0,0
"Nov 20, 11:00 pm",-607.2,0,0,0
"Nov 21, 12:00 am",-607.2,0,0,0
"Nov 21, 01:00 am",-607.2,0,0,0
"Nov 21, 02:00 am",-607.2,0,0,0
"Nov 21, 03:00 am",-607.2,0,0,0
"Nov 21, 04:00 am",-607.2,0,0,0
"Nov 21, 05:00 am",-607.2,0,0,0
"Nov 21, 06:00 am",-607.2,0,0,0
"Nov 21, 07:00 am",-607.2,0,0,0
"Nov 21, 08:00 am",-607.2,0,242,0
"Nov 21, 09:00 am",-4199.34,0,650,0
"Nov 21, 10:00 am",104678,472.913,806,0
"Nov 21, 11:00 am",110234,562.497,879,0
"Nov 21, 12:00 pm",108493,601.608,912,0
"Nov 21, 01:00 pm",107537,611.415,923,0
"Nov 21, 02:00 pm",107747,586.675,903,0
"Nov 21, 03:00 pm",109022,520.996,850,0
"Nov 21, 04:00 pm",111533,383.589,738,0
"Nov 21, 05:00 pm",115546,0,463,0
"Nov 21, 06:00 pm",116230,0,0,0
"Nov 21, 07:00 pm",116306,0,0,0
"Nov 21, 08:00 pm",116273,0,0,0
"Nov 21, 09:00 pm",116180,0,0,0
"Nov 21, 10:00 pm",91845.4,0,0,0
"Nov 21, 11:00 pm",-607.2,0,0,0
"Nov 22, 12:00 am",-607.2,0,0,0
"Nov 22, 01:00 am",-607.2,0,0,0
"Nov 22, 02:00 am",-607.2,0,0,0
"Nov 22, 03:00 am",-607.2,0,0,0
"Nov 22, 04:00 am",-607.2,0,0,0
"Nov 22, 05:00 am",-607.2,0,0,0
"Nov 22, 06:00 am",-607.2,0,0,0
"Nov 22, 07:00 am",-607.2,0,0,0
"Nov 22, 08:00 am",-607.2,0,244,0
"Nov 22, 09:00 am",-4183.8,0,651,0
"Nov 22, 10:00 am",104304,468.7,801,0
"Nov 22, 11:00 am",113275,256.328,424,0
"Nov 22, 12:00 pm",112313,202.572,335,0
"Nov 22, 01:00 pm",90473.1,185.676,310,0
"Nov 22, 02:00 pm",-818.16,0,127,0
"Nov 22, 03:00 pm",11652.8,0,790,0
"Nov 22, 04:00 pm",112770,328.258,642,0
"Nov 22, 05:00 pm",58893.9,0,348,0
"Nov 22, 06:00 pm",-607.2,0,0,0
"Nov 22, 07:00 pm",-607.2,0,0,0
"Nov 22, 08:00 pm",-607.2,0,0,0
"Nov 22, 09:00 pm",-607.2,0,0,0
"Nov 22, 10:00 pm",-607.2,0,0,0
"Nov 22, 11:00 pm",-607.2,0,0,0
"Nov 23, 12:00 am",-607.2,0,0,0
"Nov 23, 01:00 am",-607.2,0,0,0
"Nov 23, 02:00 am",-607.2,0,0,0
"Nov 23, 03:00 am",-607.2,0,0,0
"Nov 23, 04:00 am",-607.2,0,0,0
"Nov 23, 05:00 am",-607.2,0,0,0
"Nov 23, 06:00 am",-607.2,0,0,0
"Nov 23, 07:00 am",-607.2,0,0,0
"Nov 23, 08:00 am",-607.2,0,0,0
"Nov 23, 09:00 am",-607.2,0,0,0
"Nov 23, 10:00 am",-607.2,0,0,0
"Nov 23, 11:00 am",-3347.35,0,293,0
"Nov 23, 12:00 pm",41804.5,0,412,0
"Nov 23, 01:00 pm",111741,343.51,541,0
"Nov 23, 02:00 pm",111851,316.919,512,0
"Nov 23, 03:00 pm",111540,250.929,437,0
"Nov 23, 04:00 pm",101306,231.377,470,0
"Nov 23, 05:00 pm",-818.16,0,0,0
"Nov 23, 06:00 pm",-607.2,0,0,0
"Nov 23, 07:00 pm",-607.2,0,0,0
"Nov 23, 08:00 pm",-607.2,0,0,0
"Nov 23, 09:00 pm",-607.2,0,0,0
"Nov 23, 10:00 pm",-607.2,0,0,0
"Nov 23, 11:00 pm",-607.2,0,0,0
"Nov 24, 12:00 am",-607.2,0,0,0
"Nov 24, 01:00 am",-607.2,0,0,0
"Nov 24, 02:00 am",-607.2,0,0,0
"Nov 24, 03:00 am",-607.2,0,0,0
"Nov 24, 04:00 am",-607.2,0,0,0
"Nov 24, 05:00 am",-607.2,0,0,0
"Nov 24, 06:00 am",-607.2,0,0,0
"Nov 24, 07:00 am",-607.2,0,0,0
"Nov 24, 08:00 am",-607.2,0,0,0
"Nov 24, 09:00 am",-607.2,0,87,0
"Nov 24, 10:00 am",-3054.01,0,284,0
"Nov 24, 11:00 am",21354.8,0,378,0
"Nov 24, 12:00 pm",111850,310.644,493,0
"Nov 24, 01:00 pm",108210,570.893,869,0
"Nov 24, 02:00 pm",108492,540.133,840,0
"Nov 24, 03:00 pm",109864,465.057,769,0
"Nov 24, 04:00 pm",112432,279.155,557,0
"Nov 24, 05:00 pm",112950,0,239,0
"Nov 24, 06:00 pm",113441,0,0,0
"Nov 24, 07:00 pm",34486.7,0,0,0
"Nov 24, 08:00 pm",-607.2,0,0,0
"Nov 24, 09:00 pm",-607.2,0,0,0
"Nov 24, 10:00 pm",-607.2,0,0,0
"Nov 24, 11:00 pm",-607.2,0,0,0
"Nov 25, 12:00 am",-607.2,0,0,0
"Nov 25, 01:00 am",-607.2,0,0,0
"Nov 25, 02:00 am",-607.2,0,0,0
"Nov 25, 03:00 am",-607.2,0,0,0
"Nov 25, 04:00 am",-607.2,0,0,0
"Nov 25, 05:00 am",-607.2,0,0,0
"Nov 25, 06:00 am",-607.2,0,0,0
"Nov 25, 07:00 am",-607.2,0,0,0
"Nov 25, 08:00 am",-607.2,0,0,0
"Nov 25, 09:00 am",-607.2,0,0,0
"Nov 25, 10:00 am",-607.2,0,0,0
"Nov 25, 11:00 am",-607.2,0,0,0
"Nov 25, 12:00 pm",-607.2,0,0,0
"Nov 25, 01:00 pm",-2217.24,0,160,0
"Nov 25, 02:00 pm",-818.16,0,72,0
"Nov 25, 03:00 pm",-3492.66,0,342,0
"Nov 25, 04:00 pm",-818.16,0,84,0
"Nov 25, 05:00 pm",-607.2,0,20,0
"Nov 25, 06:00 pm",-607.2,0,0,0
"Nov 25, 07:00 pm",-607.2,0,0,0
"Nov 25, 08:00 pm",-607.2,0,0,0
"Nov 25, 09:00 pm",-607.2,0,0,0
"Nov 25, 10:00 pm",-607.2,0,0,0
"Nov 25, 11:00 pm",-607.2,0,0,0
"Nov 26, 12:00 am",-607.2,0,0,0
"Nov 26, 01:00 am",-607.2,0,0,0
"Nov 26, 02:00 am",-607.2,0,0,0
"Nov 26, 03:00 am",-607.2,0,0,0
"Nov 26, 04:00 am",-607.2,0,0,0
"Nov 26, 05:00 am",-607.2,0,0,0
"Nov 26, 06:00 am",-607.2,0,0,0
"Nov 26, 07:00 am",-607.2,0,0,0
"Nov 26, 08:00 am",-607.2,0,0,0
"Nov 26, 09:00 am",-607.2,0,0,0
"Nov 26, 10:00 am",-2747.52,0,253,0
"Nov 26, 11:00 am",-1480.75,0,277,0
"Nov 26, 12:00 pm",15247,0,826,0
"Nov 26, 01:00 pm",109125,552.313,843,0
"Nov 26, 02:00 pm",109996,174.379,300,0
"Nov 26, 03:00 pm",108930,0,0,0
"Nov 26, 04:00 pm",2013.49,0,179,0
"Nov 26, 05:00 pm",-818.16,0,48,0
"Nov 26, 06:00 pm",-607.2,0,0,0
"Nov 26, 07:00 pm",-607.2,0,0,0
"Nov 26, 08:00 pm",-607.2,0,0,0
"Nov 26, 09:00 pm",-607.2,0,0,0
"Nov 26, 10:00 pm",-607.2,0,0,0
"Nov 26, 11:00 pm",-607.2,0,0,0
"Nov 27, 12:00 am",-607.2,0,0,0
"Nov 27, 01:00 am",-607.2,0,0,0
"Nov 27, 02:00 am",-607.2,0,0,0
"Nov 27, 03:00 am",-607.2,0,0,0
"Nov 27, 04:00 am",-607.2,0,0,0
"Nov 27, 05:00 am",-607.2,0,0,0
"Nov 27, 06:00 am",-607.2,0,0,0
"Nov 27, 07:00 am",-607.2,0,0,0
"Nov 27, 08:00 am",-607.2,0,0,0
"Nov 27, 09:00 am",-607.2,0,0,0
"Nov 27, 10:00 am",-607.2,0,0,0
"Nov 27, 11:00 am",-1708.78,0,103,0
"Nov 27, 12:00 pm",-818.16,0,0,0
"Nov 27, 01:00 pm",-607.2,0,23,0
"Nov 27, 02:00 pm",-2150.89,0,155,0
"Nov 27, 03:00 pm",-1522.82,0,110,0
"Nov 27, 04:00 pm",-1613.09,0,307,0
"Nov 27, 05:00 pm",-607.2,0,161,0
"Nov 27, 06:00 pm",-607.2,0,0,0
"Nov 27, 07:00 pm",-607.2,0,0,0
"Nov 27, 08:00 pm",-607.2,0,0,0
"Nov 27, 09:00 pm",-607.2,0,0,0
"Nov 27, 10:00 pm",-607.2,0,0,0
"Nov 27, 11:00 pm",-607.2,0,0,0
"Nov 28, 12:00 am",-607.2,0,0,0
"Nov 28, 01:00 am",-607.2,0,0,0
"Nov 28, 02:00 am",-607.2,0,0,0
"Nov 28, 03:00 am",-607.2,0,0,0
"Nov 28, 04:00 am",-607.2,0,0,0
"Nov 28, 05:00 am",-607.2,0,0,0
"Nov 28, 06:00 am",-607.2,0,0,0
"Nov 28, 07:00 am",-607.2,0,0,0
"Nov 28, 08:00 am",-607.2,0,0,0
"Nov 28, 09:00 am",-607.2,0,0,0
"Nov 28, 10:00 am",-607.2,0,0,0
"Nov 28, 11:00 am",-607.2,0,0,0
"Nov 28, 12:00 pm",-607.2,0,0,0
"Nov 28, 01:00 pm",-607.2,0,0,0
"Nov 28, 02:00 pm",-607.2,0,0,0
"Nov 28, 03:00 pm",-607.2,0,0,0
"Nov 28, 04:00 pm",-607.2,0,0,0
"Nov 28, 05:00 pm",-607.2,0,0,0
"Nov 28, 06:00 pm",-607.2,0,0,0
"Nov 28, 07:00 pm",-607.2,0,0,0
"Nov 28, 08:00 pm",-607.2,0,0,0
"Nov 28, 09:00 pm",-607.2,0,0,0
"Nov 28, 10:00 pm",-607.2,0,0,0
"Nov 28, 11:00 pm",-607.2,0,0,0
"Nov 29, 12:00 am",-607.2,0,0,0
"Nov 29, 01:00 am",-607.2,0,0,0
"Nov 29, 02:00 am",-607.2,0,0,0
"Nov 29, 03:00 am",-607.2,0,0,0
"Nov 29, 04:00 am",-607.2,0,0,0
"Nov 29, 05:00 am",-607.2,0,0,0
"Nov 29, 06:00 am",-607.2,0,0,0
"Nov 29, 07:00 am",-607.2,0,0,0
"Nov 29, 08:00 am",-607.2,0,0,0
"Nov 29, 09:00 am",-607.2,0,0,0
"Nov 29, 10:00 am",-607.2,0,0,0
"Nov 29, 11:00 am",-607.2,0,0,0
"Nov 29, 12:00 pm",-607.2,0,18,0
"Nov 29, 01:00 pm",-607.2,0,0,0
"Nov 29, 02:00 pm",-607.2,0,9,0
"Nov 29, 03:00 pm",9666.57,0,756,0
"Nov 29, 04:00 pm",112996,327.408,655,0
"Nov 29, 05:00 pm",35300.5,0,372,0
"Nov 29, 06:00 pm",-607.2,0,0,0
"Nov 29, 07:00 pm",-607.2,0,0,0
"Nov 29, 08:00 pm",-607.2,0,0,0
"Nov 29, 09:00 pm",-607.2,0,0,0
"Nov 29, 10:00 pm",-607.2,0,0,0
"Nov 29, 11:00 pm",-607.2,0,0,0
"Nov 30, 12:00 am",-607.2,0,0,0
"Nov 30, 01:00 am",-607.2,0,0,0
"Nov 30, 02:00 am",-607.2,0,0,0
"Nov 30, 03:00 am",-607.2,0,0,0
"Nov 30, 04:00 am",-607.2,0,0,0
"Nov 30, 05:00 am",-607.2,0,0,0
"Nov 30, 06:00 am",-607.2,0,0,0
"Nov 30, 07:00 am",-607.2,0,0,0
"Nov 30, 08:00 am",-607.2,0,240,0
"Nov 30, 09:00 am",-607.2,0,55,0
"Nov 30, 10:00 am",-1838.9,0,143,0
"Nov 30, 11:00 am",27843.7,0,925,0
"Nov 30, 12:00 pm",110249,619.064,957,0
"Nov 30, 01:00 pm",110220,613.755,944,0
"Nov 30, 02:00 pm",110545,593.573,931,0
"Nov 30, 03:00 pm",111565,535.418,894,0
"Nov 30, 04:00 pm",113398,397.256,792,0
"Nov 30, 05:00 pm",115007,0,537,0
"Nov 30, 06:00 pm",115192,0,0,0
"Nov 30, 07:00 pm",115138,0,0,0
"Nov 30, 08:00 pm",115060,0,0,0
"Nov 30, 09:00 pm",114934,0,0,0
"Nov 30, 10:00 pm",6511.52,0,0,0
"Nov 30, 11:00 pm",-607.2,0,0,0
"Dec 1, 12:00 am",-607.2,0,0,0
"Dec 1, 01:00 am",-607.2,0,0,0
"Dec 1, 02:00 am",-607.2,0,0,0
"Dec 1, 03:00 am",-607.2,0,0,0
"Dec 1, 04:00 am",-607.2,0,0,0
"Dec 1, 05:00 am",-607.2,0,0,0
"Dec 1, 06:00 am",-607.2,0,0,0
"Dec 1, 07:00 am",-607.2,0,0,0
"Dec 1, 08:00 am",-607.2,0,263,0
"Dec 1, 09:00 am",-4107.11,0,698,0
"Dec 1, 10:00 am",103025,483.654,853,0
"Dec 1, 11:00 am",111251,576.155,917,0
"Dec 1, 12:00 pm",110237,617.096,949,0
"Dec 1, 01:00 pm",110112,616.66,944,0
"Dec 1, 02:00 pm",110504,593.433,928,0
"Dec 1, 03:00 pm",111692,523.521,874,0
"Dec 1, 04:00 pm",113704,359.558,722,0
"Dec 1, 05:00 pm",117061,0,449,0
"Dec 1, 06:00 pm",117252,0,0,0
"Dec 1, 07:00 pm",117207,0,0,0
"Dec 1, 08:00 pm",117145,0,0,0
"Dec 1, 09:00 pm",117055,0,0,0
"Dec 1, 10:00 pm",92702.4,0,0,0
"Dec 1, 11:00 pm",-607.2,0,0,0
"Dec 2, 12:00 am",-607.2,0,0,0
"Dec 2, 01:00 am",-607.2,0,0,0
"Dec 2, 02:00 am",-607.2,0,0,0
"Dec 2, 03:00 am",-607.2,0,0,0
"Dec 2, 04:00 am",-607.2,0,0,0
"Dec 2, 05:00 am",-607.2,0,0,0
"Dec 2, 06:00 am",-607.2,0,0,0
"Dec 2, 07:00 am",-607.2,0,0,0
"Dec 2, 08:00 am",-607.2,0,257,0
"Dec 2, 09:00 am",-4082.01,0,702,0
"Dec 2, 10:00 am",101947,482.361,858,0
"Dec 2, 11:00 am",111984,581.416,929,0
"Dec 2, 12:00 pm",110373,623.391,960,0
"Dec 2, 01:00 pm",110363,618.243,947,0
"Dec 2, 02:00 pm",110748,595.98,931,0
"Dec 2, 03:00 pm",111876,529.763,882,0
"Dec 2, 04:00 pm",113734,383.179,764,0
"Dec 2, 05:00 pm",117377,0,503,0
"Dec 2, 06:00 pm",117569,0,0,0
"Dec 2, 07:00 pm",117524,0,0,0
"Dec 2, 08:00 pm",117464,0,0,0
"Dec 2, 09:00 pm",117378,0,0,0
"Dec 2, 10:00 pm",114481,0,0,0
"Dec 2, 11:00 pm",-607.2,0,0,0
"Dec 3, 12:00 am",-607.2,0,0,0
"Dec 3, 01:00 am",-607.2,0,0,0
"Dec 3, 02:00 am",-607.2,0,0,0
"Dec 3, 03:00 am",-607.2,0,0,0
"Dec 3, 04:00 am",-607.2,0,0,0
"Dec 3, 05:00 am",-607.2,0,0,0
"Dec 3, 06:00 am",-607.2,0,0,0
"Dec 3, 07:00 am",-607.2,0,0,0
"Dec 3, 08:00 am",-607.2,0,0,0
"Dec 3, 09:00 am",-4051.76,0,702,0
"Dec 3, 10:00 am",100671,487.977,873,0
"Dec 3, 11:00 am",111846,588.43,945,0
"Dec 3, 12:00 pm",110248,630.898,976,0
"Dec 3, 01:00 pm",110053,636.066,978,0
"Dec 3, 02:00 pm",110493,612.62,961,0
"Dec 3, 03:00 pm",111682,546.519,914,0
"Dec 3, 04:00 pm",113736,387.174,776,0
"Dec 3, 05:00 pm",117453,0,492,0
"Dec 3, 06:00 pm",117648,0,0,0
"Dec 3, 07:00 pm",117605,0,0,0
"Dec 3, 08:00 pm",117550,0,0,0
"Dec 3, 09:00 pm",117473,0,0,0
"Dec 3, 10:00 pm",117354,0,0,0
"Dec 3, 11:00 pm",20987.2,0,0,0
"Dec 4, 12:00 am",-607.2,0,0,0
"Dec 4, 01:00 am",-607.2,0,0,0
"Dec 4, 02:00 am",-607.2,0,0,0
"Dec 4, 03:00 am",-607.2,0,0,0
"Dec 4, 04:00 am",-607.2,0,0,0
"Dec 4, 05:00 am",-607.2,0,0,0
"Dec 4, 06:00 am",-607.2,0,0,0
"Dec 4, 07:00 am",-607.2,0,0,0
"Dec 4, 08:00 am",-607.2,0,0,0
"Dec 4, 09:00 am",-3839.58,0,642,0
"Dec 4, 10:00 am",88919.5,451.7,814,0
"Dec 4, 11:00 am",112422,554.655,892,0
"Dec 4, 12:00 pm",110730,599.701,928,0
"Dec 4, 01:00 pm",110355,609.129,936,0
"Dec 4, 02:00 pm",110788,581.044,911,0
"Dec 4, 03:00 pm",111860,514.497,860,0
"Dec 4, 04:00 pm",113843,356.377,717,0
"Dec 4, 05:00 pm",117364,0,431,0
"Dec 4, 06:00 pm",117551,0,0,0
"Dec 4, 07:00 pm",117502,0,0,0
"Dec 4, 08:00 pm",117433,0,0,0
"Dec 4, 09:00 pm",117331,0,0,0
"Dec 4, 10:00 pm",52009.3,0,0,0
"Dec 4, 11:00 pm",-607.2,0,0,0
"Dec 5, 12:00 am",-607.2,0,0,0
"Dec 5, 01:00 am",-607.2,0,0,0
"Dec 5, 02:00 am",-607.2,0,0,0
"Dec 5, 03:00 am",-607.2,0,0,0
"Dec 5, 04:00 am",-607.2,0,0,0
"Dec 5, 05:00 am",-607.2,0,0,0
"Dec 5, 06:00 am",-607.2,0,0,0
"Dec 5, 07:00 am",-607.2,0,0,0
"Dec 5, 08:00 am",-607.2,0,0,0
"Dec 5, 09:00 am",-3771.91,0,622,0
"Dec 5, 10:00 am",84812.3,447.131,806,0
"Dec 5, 11:00 am",111608,552.412,887,0
"Dec 5, 12:00 pm",110544,597.907,923,0
"Dec 5, 01:00 pm",110317,599.79,920,0
"Dec 5, 02:00 pm",110667,575.305,900,0
"Dec 5, 03:00 pm",111756,506.162,845,0
"Dec 5, 04:00 pm",113622,361.829,727,0
"Dec 5, 05:00 pm",117305,0,442,0
"Dec 5, 06:00 pm",117490,0,0,0
"Dec 5, 07:00 pm",117441,0,0,0
"Dec 5, 08:00 pm",117371,0,0,0
"Dec 5, 09:00 pm",117264,0,0,0
"Dec 5, 10:00 pm",39908.3,0,0,0
"Dec 5, 11:00 pm",-607.2,0,0,0
"Dec 6, 12:00 am",-607.2,0,0,0
"Dec 6, 01:00 am",-607.2,0,0,0
"Dec 6, 02:00 am",-607.2,0,0,0
"Dec 6, 03:00 am",-607.2,0,0,0
"Dec 6, 04:00 am",-607.2,0,0,0
"Dec 6, 05:00 am",-607.2,0,0,0
"Dec 6, 06:00 am",-607.2,0,0,0
"Dec 6, 07:00 am",-607.2,0,0,0
"Dec 6, 08:00 am",-607.2,0,0,0
"Dec 6, 09:00 am",-3682.4,0,594,0
"Dec 6, 10:00 am",79271.9,432.69,783,0
"Dec 6, 11:00 am",111797,540.424,869,0
"Dec 6, 12:00 pm",110719,588.596,909,0
"Dec 6, 01:00 pm",110376,597.726,916,0
"Dec 6, 02:00 pm",113950,203.808,346,0
"Dec 6, 03:00 pm",115600,0,181,0
"Dec 6, 04:00 pm",114812,0,136,0
"Dec 6, 05:00 pm",115936,0,18,0
"Dec 6, 06:00 pm",-607.2,0,0,0
"Dec 6, 07:00 pm",-607.2,0,0,0
"Dec 6, 08:00 pm",-607.2,0,0,0
"Dec 6, 09:00 pm",-607.2,0,0,0
"Dec 6, 10:00 pm",-607.2,0,0,0
"Dec 6, 11:00 pm",-607.2,0,0,0
"Dec 7, 12:00 am",-607.2,0,0,0
"Dec 7, 01:00 am",-607.2,0,0,0
"Dec 7, 02:00 am",-607.2,0,0,0
"Dec 7, 03:00 am",-607.2,0,0,0
"Dec 7, 04:00 am",-607.2,0,0,0
"Dec 7, 05:00 am",-607.2,0,0,0
"Dec 7, 06:00 am",-607.2,0,0,0
"Dec 7, 07:00 am",-607.2,0,0,0
"Dec 7, 08:00 am",-607.2,0,0,0
"Dec 7, 09:00 am",-3495,0,524,0
"Dec 7, 10:00 am",-818.16,0,19,0
"Dec 7, 11:00 am",-3288.28,0,292,0
"Dec 7, 12:00 pm",51053.1,0,866,0
"Dec 7, 01:00 pm",110188,0,268,0
"Dec 7, 02:00 pm",16307,0,868,0
"Dec 7, 03:00 pm",111986,487.293,815,0
"Dec 7, 04:00 pm",113606,345.648,698,0
"Dec 7, 05:00 pm",115676,0,407,0
"Dec 7, 06:00 pm",50187.5,0,0,0
"Dec 7, 07:00 pm",-607.2,0,0,0
"Dec 7, 08:00 pm",-607.2,0,0,0
"Dec 7, 09:00 pm",-607.2,0,0,0
"Dec 7, 10:00 pm",-607.2,0,0,0
"Dec 7, 11:00 pm",-607.2,0,0,0
"Dec 8, 12:00 am",-607.2,0,0,0
"Dec 8, 01:00 am",-607.2,0,0,0
"Dec 8, 02:00 am",-607.2,0,0,0
"Dec 8, 03:00 am",-607.2,0,0,0
"Dec 8, 04:00 am",-607.2,0,0,0
"Dec 8, 05:00 am",-607.2,0,0,0
"Dec 8, 06:00 am",-607.2,0,0,0
"Dec 8, 07:00 am",-607.2,0,0,0
"Dec 8, 08:00 am",-607.2,0,0,0
"Dec 8, 09:00 am",-3631.32,0,584,0
"Dec 8, 10:00 am",76225,417.823,760,0
"Dec 8, 11:00 am",111896,520.56,839,0
"Dec 8, 12:00 pm",110772,562.466,871,0
"Dec 8, 01:00 pm",110426,557.207,858,0
"Dec 8, 02:00 pm",110574,531.657,836,0
"Dec 8, 03:00 pm",111522,462,777,0
"Dec 8, 04:00 pm",113545,289.87,595,0
"Dec 8, 05:00 pm",115800,0,288,0
"Dec 8, 06:00 pm",116184,0,0,0
"Dec 8, 07:00 pm",116166,0,0,0
"Dec 8, 08:00 pm",116088,0,0,0
"Dec 8, 09:00 pm",35762,0,0,0
"Dec 8, 10:00 pm",-607.2,0,0,0
"Dec 8, 11:00 pm",-607.2,0,0,0
"Dec 9, 12:00 am",-607.2,0,0,0
"Dec 9, 01:00 am",-607.2,0,0,0
"Dec 9, 02:00 am",-607.2,0,0,0
"Dec 9, 03:00 am",-607.2,0,0,0
"Dec 9, 04:00 am",-607.2,0,0,0
"Dec 9, 05:00 am",-607.2,0,0,0
"Dec 9, 06:00 am",-607.2,0,0,0
"Dec 9, 07:00 am",-607.2,0,0,0
"Dec 9, 08:00 am",-607.2,0,0,0
"Dec 9, 09:00 am",-607.2,0,0,0
"Dec 9, 10:00 am",-607.2,0,0,0
"Dec 9, 11:00 am",-607.2,0,0,0
"Dec 9, 12:00 pm",-607.2,0,0,0
"Dec 9, 01:00 pm",-607.2,0,33,0
"Dec 9, 02:00 pm",-2223.02,0,168,0
"Dec 9, 03:00 pm",-818.16,0,0,0
"Dec 9, 04:00 pm",-607.2,0,0,0
"Dec 9, 05:00 pm",-607.2,0,361,0
"Dec 9, 06:00 pm",-607.2,0,0,0
"Dec 9, 07:00 pm",-607.2,0,0,0
"Dec 9, 08:00 pm",-607.2,0,0,0
"Dec 9, 09:00 pm",-607.2,0,0,0
"Dec 9, 10:00 pm",-607.2,0,0,0
"Dec 9, 11:00 pm",-607.2,0,0,0
"Dec 10, 12:00 am",-607.2,0,0,0
"Dec 10, 01:00 am",-607.2,0,0,0
"Dec 10, 02:00 am",-607.2,0,0,0
"Dec 10, 03:00 am",-607.2,0,0,0
"Dec 10, 04:00 am",-607.2,0,0,0
"Dec 10, 05:00 am",-607.2,0,0,0
"Dec 10, 06:00 am",-607.2,0,0,0
"Dec 10, 07:00 am",-607.2,0,0,0
"Dec 10, 08:00 am",-607.2,0,0,0
"Dec 10, 09:00 am",-3456,0,524,0
"Dec 10, 10:00 am",-818.16,0,0,0
"Dec 10, 11:00 am",-607.2,0,0,0
"Dec 10, 12:00 pm",-607.2,0,4,0
"Dec 10, 01:00 pm",-607.2,0,47,0
"Dec 10, 02:00 pm",-1960.83,0,144,0
"Dec 10, 03:00 pm",-818.16,0,86,0
"Dec 10, 04:00 pm",-607.2,0,17,0
"Dec 10, 05:00 pm",-607.2,0,0,0
"Dec 10, 06:00 pm",-607.2,0,0,0
"Dec 10, 07:00 pm",-607.2,0,0,0
"Dec 10, 08:00 pm",-607.2,0,0,0
"Dec 10, 09:00 pm",-607.2,0,0,0
"Dec 10, 10:00 pm",-607.2,0,0,0
"Dec 10, 11:00 pm",-607.2,0,0,0
"Dec 11, 12:00 am",-607.2,0,0,0
"Dec 11, 01:00 am",-607.2,0,0,0
"Dec 11, 02:00 am",-607.2,0,0,0
"Dec 11, 03:00 am",-607.2,0,0,0
"Dec 11, 04:00 am",-607.2,0,0,0
"Dec 11, 05:00 am",-607.2,0,0,0
"Dec 11, 06:00 am",-607.2,0,0,0
"Dec 11, 07:00 am",-607.2,0,0,0
"Dec 11, 08:00 am",-607.2,0,0,0
"Dec 11, 09:00 am",-607.2,0,0,0
"Dec 11, 10:00 am",-607.2,0,0,0
"Dec 11, 11:00 am",-1457.33,0,89,0
"Dec 11, 12:00 pm",16572.4,0,774,0
"Dec 11, 01:00 pm",111471,549.15,856,0
"Dec 11, 02:00 pm",111690,531.646,845,0
"Dec 11, 03:00 pm",111477,0,83,0
"Dec 11, 04:00 pm",111684,0,11,0
"Dec 11, 05:00 pm",8491.35,0,215,0
"Dec 11, 06:00 pm",-607.2,0,0,0
"Dec 11, 07:00 pm",-607.2,0,0,0
"Dec 11, 08:00 pm",-607.2,0,0,0
"Dec 11, 09:00 pm",-607.2,0,0,0
"Dec 11, 10:00 pm",-607.2,0,0,0
"Dec 11, 11:00 pm",-607.2,0,0,0
"Dec 12, 12:00 am",-607.2,0,0,0
"Dec 12, 01:00 am",-607.2,0,0,0
"Dec 12, 02:00 am",-607.2,0,0,0
"Dec 12, 03:00 am",-607.2,0,0,0
"Dec 12, 04:00 am",-607.2,0,0,0
"Dec 12, 05:00 am",-607.2,0,0,0
"Dec 12, 06:00 am",-607.2,0,0,0
"Dec 12, 07:00 am",-607.2,0,0,0
"Dec 12, 08:00 am",-607.2,0,0,0
"Dec 12, 09:00 am",-3680.64,0,638,0
"Dec 12, 10:00 am",79495.3,446.412,823,0
"Dec 12, 11:00 am",111640,558.333,906,0
"Dec 12, 12:00 pm",110671,602.285,936,0
"Dec 12, 01:00 pm",110616,597.583,922,0
"Dec 12, 02:00 pm",110931,576.435,907,0
"Dec 12, 03:00 pm",112032,507.514,853,0
"Dec 12, 04:00 pm",113870,356.483,722,0
"Dec 12, 05:00 pm",116522,0,450,0
"Dec 12, 06:00 pm",116707,0,0,0
"Dec 12, 07:00 pm",116655,0,0,0
"Dec 12, 08:00 pm",116583,0,0,0
"Dec 12, 09:00 pm",116472,0,0,0
"Dec 12, 10:00 pm",35546.5,0,0,0
"Dec 12, 11:00 pm",-607.2,0,0,0
"Dec 13, 12:00 am",-607.2,0,0,0
"Dec 13, 01:00 am",-607.2,0,0,0
"Dec 13, 02:00 am",-607.2,0,0,0
"Dec 13, 03:00 am",-607.2,0,0,0
"Dec 13, 04:00 am",-607.2,0,0,0
"Dec 13, 05:00 am",-607.2,0,0,0
"Dec 13, 06:00 am",-607.2,0,0,0
"Dec 13, 07:00 am",-607.2,0,0,0
"Dec 13, 08:00 am",-607.2,0,0,0
"Dec 13, 09:00 am",-3635.42,0,619,0
"Dec 13, 10:00 am",76383.3,436.562,804,0
"Dec 13, 11:00 am",111758,548.569,887,0
"Dec 13, 12:00 pm",110683,592.715,918,0
"Dec 13, 01:00 pm",110547,584.51,899,0
"Dec 13, 02:00 pm",110757,563.744,884,0
"Dec 13, 03:00 pm",111743,498.786,835,0
"Dec 13, 04:00 pm",113590,343.326,695,0
"Dec 13, 05:00 pm",116248,0,414,0
"Dec 13, 06:00 pm",117309,0,0,0
"Dec 13, 07:00 pm",117261,0,0,0
"Dec 13, 08:00 pm",117188,0,0,0
"Dec 13, 09:00 pm",117067,0,0,0
"Dec 13, 10:00 pm",9030.41,0,0,0
"Dec 13, 11:00 pm",-607.2,0,0,0
"Dec 14, 12:00 am",-607.2,0,0,0
"Dec 14, 01:00 am",-607.2,0,0,0
"Dec 14, 02:00 am",-607.2,0,0,0
"Dec 14, 03:00 am",-607.2,0,0,0
"Dec 14, 04:00 am",-607.2,0,0,0
"Dec 14, 05:00 am",-607.2,0,0,0
"Dec 14, 06:00 am",-607.2,0,0,0
"Dec 14, 07:00 am",-607.2,0,0,0
"Dec 14, 08:00 am",-607.2,0,0,0
"Dec 14, 09:00 am",-607.2,0,0,0
"Dec 14, 10:00 am",-607.2,0,0,0
"Dec 14, 11:00 am",-607.2,0,13,0
"Dec 14, 12:00 pm",-2576.58,0,207,0
"Dec 14, 01:00 pm",-818.16,0,54,0
"Dec 14, 02:00 pm",-607.2,0,44,0
"Dec 14, 03:00 pm",-607.2,0,0,0
"Dec 14, 04:00 pm",-607.2,0,0,0
"Dec 14, 05:00 pm",-607.2,0,0,0
"Dec 14, 06:00 pm",-607.2,0,0,0
"Dec 14, 07:00 pm",-607.2,0,0,0
"Dec 14, 08:00 pm",-607.2,0,0,0
"Dec 14, 09:00 pm",-607.2,0,0,0
"Dec 14, 10:00 pm",-607.2,0,0,0
"Dec 14, 11:00 pm",-607.2,0,0,0
"Dec 15, 12:00 am",-607.2,0,0,0
"Dec 15, 01:00 am",-607.2,0,0,0
"Dec 15, 02:00 am",-607.2,0,0,0
"Dec 15, 03:00 am",-607.2,0,0,0
"Dec 15, 04:00 am",-607.2,0,0,0
"Dec 15, 05:00 am",-607.2,0,0,0
"Dec 15, 06:00 am",-607.2,0,0,0
"Dec 15, 07:00 am",-607.2,0,0,0
"Dec 15, 08:00 am",-607.2,0,0,0
"Dec 15, 09:00 am",-3377.13,0,514,0
"Dec 15, 10:00 am",-818.16,0,0,0
"Dec 15, 11:00 am",-2013.75,0,149,0
"Dec 15, 12:00 pm",-818.16,0,0,0
"Dec 15, 01:00 pm",-607.2,0,14,0
"Dec 15, 02:00 pm",-607.2,0,49,0
"Dec 15, 03:00 pm",-607.2,0,0,0
"Dec 15, 04:00 pm",-607.2,0,0,0
"Dec 15, 05:00 pm",-607.2,0,0,0
"Dec 15, 06:00 pm",-607.2,0,0,0
"Dec 15, 07:00 pm",-607.2,0,0,0
"Dec 15, 08:00 pm",-607.2,0,0,0
"Dec 15, 09:00 pm",-607.2,0,0,0
"Dec 15, 10:00 pm",-607.2,0,0,0
"Dec 15, 11:00 pm",-607.2,0,0,0
"Dec 16, 12:00 am",-607.2,0,0,0
"Dec 16, 01:00 am",-607.2,0,0,0
"Dec 16, 02:00 am",-607.2,0,0,0
"Dec 16, 03:00 am",-607.2,0,0,0
"Dec 16, 04:00 am",-607.2,0,0,0
"Dec 16, 05:00 am",-607.2,0,0,0
"Dec 16, 06:00 am",-607.2,0,0,0
"Dec 16, 07:00 am",-607.2,0,0,0
"Dec 16, 08:00 am",-607.2,0,0,0
"Dec 16, 09:00 am",-3566.76,0,614,0
"Dec 16, 10:00 am",71929.1,427.049,799,0
"Dec 16, 11:00 am",111873,539.13,882,0
"Dec 16, 12:00 pm",110788,589.311,921,0
"Dec 16, 01:00 pm",110589,592.171,917,0
"Dec 16, 02:00 pm",110916,570.564,900,0
"Dec 16, 03:00 pm",111947,506.003,851,0
"Dec 16, 04:00 pm",114387,0,0,0
"Dec 16, 05:00 pm",115494,0,504,0
"Dec 16, 06:00 pm",115449,0,0,0
"Dec 16, 07:00 pm",115365,0,0,0
"Dec 16, 08:00 pm",109374,0,0,0
"Dec 16, 09:00 pm",-607.2,0,0,0
"Dec 16, 10:00 pm",-607.2,0,0,0
"Dec 16, 11:00 pm",-607.2,0,0,0
"Dec 17, 12:00 am",-607.2,0,0,0
"Dec 17, 01:00 am",-607.2,0,0,0
"Dec 17, 02:00 am",-607.2,0,0,0
"Dec 17, 03:00 am",-607.2,0,0,0
"Dec 17, 04:00 am",-607.2,0,0,0
"Dec 17, 05:00 am",-607.2,0,0,0
"Dec 17, 06:00 am",-607.2,0,0,0
"Dec 17, 07:00 am",-607.2,0,0,0
"Dec 17, 08:00 am",-607.2,0,0,0
"Dec 17, 09:00 am",-3568.1,0,622,0
"Dec 17, 10:00 am",71754.7,436.108,820,0
"Dec 17, 11:00 am",111767,549.92,903,0
"Dec 17, 12:00 pm",110733,600.744,941,0
"Dec 17, 01:00 pm",110530,605.955,940,0
"Dec 17, 02:00 pm",110965,580.239,917,0
"Dec 17, 03:00 pm",112044,515.299,868,0
"Dec 17, 04:00 pm",113917,359.96,728,0
"Dec 17, 05:00 pm",117008,0,461,0
"Dec 17, 06:00 pm",117194,0,0,0
"Dec 17, 07:00 pm",117142,0,0,0
"Dec 17, 08:00 pm",117070,0,0,0
"Dec 17, 09:00 pm",116961,0,0,0
"Dec 17, 10:00 pm",40679.4,0,0,0
"Dec 17, 11:00 pm",-607.2,0,0,0
"Dec 18, 12:00 am",-607.2,0,0,0
"Dec 18, 01:00 am",-607.2,0,0,0
"Dec 18, 02:00 am",-607.2,0,0,0
"Dec 18, 03:00 am",-607.2,0,0,0
"Dec 18, 04:00 am",-607.2,0,0,0
"Dec 18, 05:00 am",-607.2,0,0,0
"Dec 18, 06:00 am",-607.2,0,0,0
"Dec 18, 07:00 am",-607.2,0,0,0
"Dec 18, 08:00 am",-607.2,0,0,0
"Dec 18, 09:00 am",-3289.25,0,515,0
"Dec 18, 10:00 am",53332.1,0,733,0
"Dec 18, 11:00 am",112393,506.962,830,0
"Dec 18, 12:00 pm",111328,561.823,877,0
"Dec 18, 01:00 pm",110969,572.316,885,0
"Dec 18, 02:00 pm",111206,553.929,873,0
"Dec 18, 03:00 pm",112099,496.176,833,0
"Dec 18, 04:00 pm",113829,358.332,721,0
"Dec 18, 05:00 pm",117150,0,467,0
"Dec 18, 06:00 pm",117327,0,0,0
"Dec 18, 07:00 pm",117266,0,0,0
"Dec 18, 08:00 pm",117174,0,0,0
"Dec 18, 09:00 pm",81814.9,0,0,0
"Dec 18, 10:00 pm",-607.2,0,0,0
"Dec 18, 11:00 pm",-607.2,0,0,0
"Dec 19, 12:00 am",-607.2,0,0,0
"Dec 19, 01:00 am",-607.2,0,0,0
"Dec 19, 02:00 am",-607.2,0,0,0
"Dec 19, 03:00 am",-607.2,0,0,0
"Dec 19, 04:00 am",-607.2,0,0,0
"Dec 19, 05:00 am",-607.2,0,0,0
"Dec 19, 06:00 am",-607.2,0,0,0
"Dec 19, 07:00 am",-607.2,0,0,0
"Dec 19, 08:00 am",-607.2,0,0,0
"Dec 19, 09:00 am",-3448.58,0,570,0
"Dec 19, 10:00 am",62901.7,409.087,772,0
"Dec 19, 11:00 am",111708,529.906,870,0
"Dec 19, 12:00 pm",110460,586.145,918,0
"Dec 19, 01:00 pm",110014,600.32,930,0
"Dec 19, 02:00 pm",110320,580.955,916,0
"Dec 19, 03:00 pm",111455,517.447,868,0
"Dec 19, 04:00 pm",113522,368.318,739,0
"Dec 19, 05:00 pm",117226,0,472,0
"Dec 19, 06:00 pm",117409,0,0,0
"Dec 19, 07:00 pm",117355,0,0,0
"Dec 19, 08:00 pm",117281,0,0,0
"Dec 19, 09:00 pm",117163,0,0,0
"Dec 19, 10:00 pm",18055.9,0,0,0
"Dec 19, 11:00 pm",-607.2,0,0,0
"Dec 20, 12:00 am",-607.2,0,0,0
"Dec 20, 01:00 am",-607.2,0,0,0
"Dec 20, 02:00 am",-607.2,0,0,0
"Dec 20, 03:00 am",-607.2,0,0,0
"Dec 20, 04:00 am",-607.2,0,0,0
"Dec 20, 05:00 am",-607.2,0,0,0
"Dec 20, 06:00 am",-607.2,0,0,0
"Dec 20, 07:00 am",-607.2,0,0,0
"Dec 20, 08:00 am",-607.2,0,0,0
"Dec 20, 09:00 am",-3420.18,0,555,0
"Dec 20, 10:00 am",60950.8,404.411,761,0
"Dec 20, 11:00 am",111974,523.194,854,0
"Dec 20, 12:00 pm",110804,573.272,892,0
"Dec 20, 01:00 pm",110371,584.958,901,0
"Dec 20, 02:00 pm",110568,564.971,886,0
"Dec 20, 03:00 pm",111541,499.941,835,0
"Dec 20, 04:00 pm",113402,354.971,711,0
"Dec 20, 05:00 pm",116259,0,445,0
"Dec 20, 06:00 pm",116616,0,0,0
"Dec 20, 07:00 pm",117314,0,0,0
"Dec 20, 08:00 pm",117235,0,0,0
"Dec 20, 09:00 pm",110349,0,0,0
"Dec 20, 10:00 pm",-607.2,0,0,0
"Dec 20, 11:00 pm",-607.2,0,0,0
"Dec 21, 12:00 am",-607.2,0,0,0
"Dec 21, 01:00 am",-607.2,0,0,0
"Dec 21, 02:00 am",-607.2,0,0,0
"Dec 21, 03:00 am",-607.2,0,0,0
"Dec 21, 04:00 am",-607.2,0,0,0
"Dec 21, 05:00 am",-607.2,0,0,0
"Dec 21, 06:00 am",-607.2,0,0,0
"Dec 21, 07:00 am",-607.2,0,0,0
"Dec 21, 08:00 am",-607.2,0,0,0
"Dec 21, 09:00 am",-3438.75,0,572,0
"Dec 21, 10:00 am",62567.2,408.784,772,0
"Dec 21, 11:00 am",112013,523.719,857,0
"Dec 21, 12:00 pm",110855,575.393,897,0
"Dec 21, 01:00 pm",110418,582.161,898,0
"Dec 21, 02:00 pm",110630,561.099,881,0
"Dec 21, 03:00 pm",111651,497.36,831,0
"Dec 21, 04:00 pm",113376,362.705,724,0
"Dec 21, 05:00 pm",116149,0,470,0
"Dec 21, 06:00 pm",116421,0,0,0
"Dec 21, 07:00 pm",116429,0,0,0
"Dec 21, 08:00 pm",116425,0,0,0
"Dec 21, 09:00 pm",112268,0,0,0
"Dec 21, 10:00 pm",-607.2,0,0,0
"Dec 21, 11:00 pm",-607.2,0,0,0
"Dec 22, 12:00 am",-607.2,0,0,0
"Dec 22, 01:00 am",-607.2,0,0,0
"Dec 22, 02:00 am",-607.2,0,0,0
"Dec 22, 03:00 am",-607.2,0,0,0
"Dec 22, 04:00 am",-607.2,0,0,0
"Dec 22, 05:00 am",-607.2,0,0,0
"Dec 22, 06:00 am",-607.2,0,0,0
"Dec 22, 07:00 am",-607.2,0,0,0
"Dec 22, 08:00 am",-607.2,0,0,0
"Dec 22, 09:00 am",-3390.08,0,545,0
"Dec 22, 10:00 am",56865.2,398.557,752,0
"Dec 22, 11:00 am",111954,516.847,845,0
"Dec 22, 12:00 pm",110686,569.375,887,0
"Dec 22, 01:00 pm",110119,577.971,891,0
"Dec 22, 02:00 pm",110209,558.437,876,0
"Dec 22, 03:00 pm",111113,497.033,829,0
"Dec 22, 04:00 pm",113125,350.153,699,0
"Dec 22, 05:00 pm",116097,0,437,0
"Dec 22, 06:00 pm",116538,0,0,0
"Dec 22, 07:00 pm",117272,0,0,0
"Dec 22, 08:00 pm",117189,0,0,0
"Dec 22, 09:00 pm",95986.8,0,0,0
"Dec 22, 10:00 pm",-607.2,0,0,0
"Dec 22, 11:00 pm",-607.2,0,0,0
"Dec 23, 12:00 am",-607.2,0,0,0
"Dec 23, 01:00 am",-607.2,0,0,0
"Dec 23, 02:00 am",-607.2,0,0,0
"Dec 23, 03:00 am",-607.2,0,0,0
"Dec 23, 04:00 am",-607.2,0,0,0
"Dec 23, 05:00 am",-607.2,0,0,0
"Dec 23, 06:00 am",-607.2,0,0,0
"Dec 23, 07:00 am",-607.2,0,0,0
"Dec 23, 08:00 am",-607.2,0,0,0
"Dec 23, 09:00 am",-3282.35,0,529,0
"Dec 23, 10:00 am",53085,0,743,0
"Dec 23, 11:00 am",112154,511.304,838,0
"Dec 23, 12:00 pm",110993,564.248,880,0
"Dec 23, 01:00 pm",110719,563.413,870,0
"Dec 23, 02:00 pm",111057,537.467,845,0
"Dec 23, 03:00 pm",112098,469.772,786,0
"Dec 23, 04:00 pm",113774,328.122,657,0
"Dec 23, 05:00 pm",116253,0,376,0
"Dec 23, 06:00 pm",117251,0,0,0
"Dec 23, 07:00 pm",117185,0,0,0
"Dec 23, 08:00 pm",117086,0,0,0
"Dec 23, 09:00 pm",50345.1,0,0,0
"Dec 23, 10:00 pm",-607.2,0,0,0
"Dec 23, 11:00 pm",-607.2,0,0,0
"Dec 24, 12:00 am",-607.2,0,0,0
"Dec 24, 01:00 am",-607.2,0,0,0
"Dec 24, 02:00 am",-607.2,0,0,0
"Dec 24, 03:00 am",-607.2,0,0,0
"Dec 24, 04:00 am",-607.2,0,0,0
"Dec 24, 05:00 am",-607.2,0,0,0
"Dec 24, 06:00 am",-607.2,0,0,0
"Dec 24, 07:00 am",-607.2,0,0,0
"Dec 24, 08:00 am",-607.2,0,0,0
"Dec 24, 09:00 am",-607.2,0,462,0
"Dec 24, 10:00 am",-71.4341,0,696,0
"Dec 24, 11:00 am",112372,485.799,801,0
"Dec 24, 12:00 pm",111210,542.585,850,0
"Dec 24, 01:00 pm",110785,554.973,859,0
"Dec 24, 02:00 pm",110984,537.32,845,0
"Dec 24, 03:00 pm",111914,472.711,790,0
"Dec 24, 04:00 pm",113701,315.501,632,0
"Dec 24, 05:00 pm",115931,0,347,0
"Dec 24, 06:00 pm",116217,0,0,0
"Dec 24, 07:00 pm",116214,0,0,0
"Dec 24, 08:00 pm",116134,0,0,0
"Dec 24, 09:00 pm",3174.64,0,0,0
"Dec 24, 10:00 pm",-607.2,0,0,0
"Dec 24, 11:00 pm",-607.2,0,0,0
"Dec 25, 12:00 am",-607.2,0,0,0
"Dec 25, 01:00 am",-607.2,0,0,0
"Dec 25, 02:00 am",-607.2,0,0,0
"Dec 25, 03:00 am",-607.2,0,0,0
"Dec 25, 04:00 am",-607.2,0,0,0
"Dec 25, 05:00 am",-607.2,0,0,0
"Dec 25, 06:00 am",-607.2,0,0,0
"Dec 25, 07:00 am",-607.2,0,0,0
"Dec 25, 08:00 am",-607.2,0,0,0
"Dec 25, 09:00 am",-607.2,0,0,0
"Dec 25, 10:00 am",-607.2,0,0,0
"Dec 25, 11:00 am",-607.2,0,0,0
"Dec 25, 12:00 pm",-607.2,0,51,0
"Dec 25, 01:00 pm",-607.2,0,0,0
"Dec 25, 02:00 pm",-607.2,0,18,0
"Dec 25, 03:00 pm",-1676.88,0,106,0
"Dec 25, 04:00 pm",-818.16,0,0,0
"Dec 25, 05:00 pm",-607.2,0,0,0
"Dec 25, 06:00 pm",-607.2,0,0,0
"Dec 25, 07:00 pm",-607.2,0,0,0
"Dec 25, 08:00 pm",-607.2,0,0,0
"Dec 25, 09:00 pm",-607.2,0,0,0
"Dec 25, 10:00 pm",-607.2,0,0,0
"Dec 25, 11:00 pm",-607.2,0,0,0
"Dec 26, 12:00 am",-607.2,0,0,0
"Dec 26, 01:00 am",-607.2,0,0,0
"Dec 26, 02:00 am",-607.2,0,0,0
"Dec 26, 03:00 am",-607.2,0,0,0
"Dec 26, 04:00 am",-607.2,0,0,0
"Dec 26, 05:00 am",-607.2,0,0,0
"Dec 26, 06:00 am",-607.2,0,0,0
"Dec 26, 07:00 am",-607.2,0,0,0
"Dec 26, 08:00 am",-607.2,0,0,0
"Dec 26, 09:00 am",-607.2,0,543,0
"Dec 26, 10:00 am",4873.6,0,764,0
"Dec 26, 11:00 am",16650.2,0,0,0
"Dec 26, 12:00 pm",-607.2,0,12,0
"Dec 26, 01:00 pm",-1552.07,0,87,0
"Dec 26, 02:00 pm",-818.16,0,0,0
"Dec 26, 03:00 pm",-1626.14,0,100,0
"Dec 26, 04:00 pm",-818.16,0,0,0
"Dec 26, 05:00 pm",-607.2,0,0,0
"Dec 26, 06:00 pm",-607.2,0,0,0
"Dec 26, 07:00 pm",-607.2,0,0,0
"Dec 26, 08:00 pm",-607.2,0,0,0
"Dec 26, 09:00 pm",-607.2,0,0,0
"Dec 26, 10:00 pm",-607.2,0,0,0
"Dec 26, 11:00 pm",-607.2,0,0,0
"Dec 27, 12:00 am",-607.2,0,0,0
"Dec 27, 01:00 am",-607.2,0,0,0
"Dec 27, 02:00 am",-607.2,0,0,0
"Dec 27, 03:00 am",-607.2,0,0,0
"Dec 27, 04:00 am",-607.2,0,0,0
"Dec 27, 05:00 am",-607.2,0,0,0
"Dec 27, 06:00 am",-607.2,0,0,0
"Dec 27, 07:00 am",-607.2,0,0,0
"Dec 27, 08:00 am",-607.2,0,0,0
"Dec 27, 09:00 am",-607.2,0,0,0
"Dec 27, 10:00 am",-607.2,0,0,0
"Dec 27, 11:00 am",-607.2,0,69,0
"Dec 27, 12:00 pm",-607.2,0,0,0
"Dec 27, 01:00 pm",-607.2,0,0,0
"Dec 27, 02:00 pm",-607.2,0,0,0
"Dec 27, 03:00 pm",-607.2,0,0,0
"Dec 27, 04:00 pm",-607.2,0,0,0
"Dec 27, 05:00 pm",-607.2,0,292,0
"Dec 27, 06:00 pm",-607.2,0,0,0
"Dec 27, 07:00 pm",-607.2,0,0,0
"Dec 27, 08:00 pm",-607.2,0,0,0
"Dec 27, 09:00 pm",-607.2,0,0,0
"Dec 27, 10:00 pm",-607.2,0,0,0
"Dec 27, 11:00 pm",-607.2,0,0,0
"Dec 28, 12:00 am",-607.2,0,0,0
"Dec 28, 01:00 am",-607.2,0,0,0
"Dec 28, 02:00 am",-607.2,0,0,0
"Dec 28, 03:00 am",-607.2,0,0,0
"Dec 28, 04:00 am",-607.2,0,0,0
"Dec 28, 05:00 am",-607.2,0,0,0
"Dec 28, 06:00 am",-607.2,0,0,0
"Dec 28, 07:00 am",-607.2,0,0,0
"Dec 28, 08:00 am",-607.2,0,0,0
"Dec 28, 09:00 am",-607.2,0,0,0
"Dec 28, 10:00 am",-607.2,0,0,0
"Dec 28, 11:00 am",-607.2,0,0,0
"Dec 28, 12:00 pm",-607.2,0,20,0
"Dec 28, 01:00 pm",-1620.96,0,101,0
"Dec 28, 02:00 pm",-818.16,0,0,0
"Dec 28, 03:00 pm",-607.2,0,0,0
"Dec 28, 04:00 pm",-2742.52,0,686,0
"Dec 28, 05:00 pm",4621.82,0,431,0
"Dec 28, 06:00 pm",-607.2,0,0,0
"Dec 28, 07:00 pm",-607.2,0,0,0
"Dec 28, 08:00 pm",-607.2,0,0,0
"Dec 28, 09:00 pm",-607.2,0,0,0
"Dec 28, 10:00 pm",-607.2,0,0,0
"Dec 28, 11:00 pm",-607.2,0,0,0
"Dec 29, 12:00 am",-607.2,0,0,0
"Dec 29, 01:00 am",-607.2,0,0,0
"Dec 29, 02:00 am",-607.2,0,0,0
"Dec 29, 03:00 am",-607.2,0,0,0
"Dec 29, 04:00 am",-607.2,0,0,0
"Dec 29, 05:00 am",-607.2,0,0,0
"Dec 29, 06:00 am",-607.2,0,0,0
"Dec 29, 07:00 am",-607.2,0,0,0
"Dec 29, 08:00 am",-607.2,0,0,0
"Dec 29, 09:00 am",-607.2,0,500,0
"Dec 29, 10:00 am",-607.2,0,0,0
"Dec 29, 11:00 am",-607.2,0,0,0
"Dec 29, 12:00 pm",-607.2,0,0,0
"Dec 29, 01:00 pm",-607.2,0,0,0
"Dec 29, 02:00 pm",-607.2,0,30,0
"Dec 29, 03:00 pm",-607.2,0,0,0
"Dec 29, 04:00 pm",-3908.93,0,664,0
"Dec 29, 05:00 pm",3515.52,0,429,0
"Dec 29, 06:00 pm",-607.2,0,0,0
"Dec 29, 07:00 pm",-607.2,0,0,0
"Dec 29, 08:00 pm",-607.2,0,0,0
"Dec 29, 09:00 pm",-607.2,0,0,0
"Dec 29, 10:00 pm",-607.2,0,0,0
"Dec 29, 11:00 pm",-607.2,0,0,0
"Dec 30, 12:00 am",-607.2,0,0,0
"Dec 30, 01:00 am",-607.2,0,0,0
"Dec 30, 02:00 am",-607.2,0,0,0
"Dec 30, 03:00 am",-607.2,0,0,0
"Dec 30, 04:00 am",-607.2,0,0,0
"Dec 30, 05:00 am",-607.2,0,0,0
"Dec 30, 06:00 am",-607.2,0,0,0
"Dec 30, 07:00 am",-607.2,0,0,0
"Dec 30, 08:00 am",-607.2,0,0,0
"Dec 30, 09:00 am",-607.2,0,516,0
"Dec 30, 10:00 am",3386.45,0,743,0
"Dec 30, 11:00 am",111382,514.346,843,0
"Dec 30, 12:00 pm",110046,571.874,890,0
"Dec 30, 01:00 pm",109515,586.983,902,0
"Dec 30, 02:00 pm",109636,571.343,891,0
"Dec 30, 03:00 pm",110582,513.787,847,0
"Dec 30, 04:00 pm",112374,385.852,747,0
"Dec 30, 05:00 pm",112003,0,513,0
"Dec 30, 06:00 pm",112560,0,0,0
"Dec 30, 07:00 pm",112739,0,0,0
"Dec 30, 08:00 pm",112783,0,0,0
"Dec 30, 09:00 pm",95014.1,0,0,0
"Dec 30, 10:00 pm",-607.2,0,0,0
"Dec 30, 11:00 pm",-607.2,0,0,0
"Dec 31, 12:00 am",-607.2,0,0,0
"Dec 31, 01:00 am",-607.2,0,0,0
"Dec 31, 02:00 am",-607.2,0,0,0
"Dec 31, 03:00 am",-607.2,0,0,0
"Dec 31, 04:00 am",-607.2,0,0,0
"Dec 31, 05:00 am",-607.2,0,0,0
"Dec 31, 06:00 am",-607.2,0,0,0
"Dec 31, 07:00 am",-607.2,0,0,0
"Dec 31, 08:00 am",-607.2,0,0,0
"Dec 31, 09:00 am",-607.2,0,0,0
"Dec 31, 10:00 am",-607.2,0,0,0
"Dec 31, 11:00 am",-607.2,0,0,0
"Dec 31, 12:00 pm",-607.2,0,0,0
"Dec 31, 01:00 pm",-607.2,0,0,0
"Dec 31, 02:00 pm",-3763.76,0,399,0
"Dec 31, 03:00 pm",-818.16,0,78,0
"Dec 31, 04:00 pm",-607.2,0,0,0
"Dec 31, 05:00 pm",-607.2,0,0,0
"Dec 31, 06:00 pm",-607.2,0,0,0
"Dec 31, 07:00 pm",-607.2,0,0,0
"Dec 31, 08:00 pm",-607.2,0,0,0
"Dec 31, 09:00 pm",-607.2,0,0,0
"Dec 31, 10:00 pm",-607.2,0,0,0
"Dec 31, 11:00 pm",-0,0,0,0
